<?xml version="1.0" encoding="UTF-8"?>
<alto xmlns:xsi="http://www.w3.org/2001/XMLSchema-instance"
      xmlns="http://www.loc.gov/standards/alto/ns-v4#"
      xsi:schemaLocation="http://www.loc.gov/standards/alto/ns-v4# http://www.loc.gov/standards/alto/v4/alto-4-2.xsd">
  <Description>
    <MeasurementUnit>pixel</MeasurementUnit>
    <sourceImageInformation>
      <fileName>bsb10313792_00099.jpg</fileName>
    </sourceImageInformation>
  </Description>
  <Tags>
    <OtherTag ID="BT7" LABEL="CustomZone" DESCRIPTION="block type CustomZone"/><OtherTag ID="BT8" LABEL="DamageZone" DESCRIPTION="block type DamageZone"/><OtherTag ID="BT9" LABEL="DigitizationArtefactZone" DESCRIPTION="block type DigitizationArtefactZone"/><OtherTag ID="BT10" LABEL="DropCapitalZone" DESCRIPTION="block type DropCapitalZone"/><OtherTag ID="BT11" LABEL="GraphicZone" DESCRIPTION="block type GraphicZone"/><OtherTag ID="BT12" LABEL="MainZone" DESCRIPTION="block type MainZone"/><OtherTag ID="BT13" LABEL="MarginTextZone" DESCRIPTION="block type MarginTextZone"/><OtherTag ID="BT14" LABEL="MusicZone" DESCRIPTION="block type MusicZone"/><OtherTag ID="BT15" LABEL="NumberingZone" DESCRIPTION="block type NumberingZone"/><OtherTag ID="BT17" LABEL="QuireMarksZone" DESCRIPTION="block type QuireMarksZone"/><OtherTag ID="BT18" LABEL="RunningTitleZone" DESCRIPTION="block type RunningTitleZone"/><OtherTag ID="BT19" LABEL="SealZone" DESCRIPTION="block type SealZone"/><OtherTag ID="BT20" LABEL="StampZone" DESCRIPTION="block type StampZone"/><OtherTag ID="BT21" LABEL="TableZone" DESCRIPTION="block type TableZone"/><OtherTag ID="BT22" LABEL="TitlePageZone" DESCRIPTION="block type TitlePageZone"/><OtherTag ID="BT1851" LABEL="MainZone-P" DESCRIPTION="block type MainZone-P"/><OtherTag ID="BT1852" LABEL="MainZone-Head" DESCRIPTION="block type MainZone-Head"/><OtherTag ID="BT1853" LABEL="MainZone-P-Continued" DESCRIPTION="block type MainZone-P-Continued"/><OtherTag ID="BT1854" LABEL="MarginTextZone-ManuscriptAddendum" DESCRIPTION="block type MarginTextZone-ManuscriptAddendum"/><OtherTag ID="BT1855" LABEL="text" DESCRIPTION="block type text"/><OtherTag ID="BT1856" LABEL="MainZone-Entry" DESCRIPTION="block type MainZone-Entry"/><OtherTag ID="BT1857" LABEL="MainZone-Entry-Continued" DESCRIPTION="block type MainZone-Entry-Continued"/><OtherTag ID="BT1877" LABEL="GraphicZone-Decoration" DESCRIPTION="block type GraphicZone-Decoration"/><OtherTag ID="BT1894" LABEL="MainZone-Other" DESCRIPTION="block type MainZone-Other"/>
    <OtherTag ID="LT7" LABEL="CustomLine" DESCRIPTION="line type CustomLine"/><OtherTag ID="LT8" LABEL="DefaultLine" DESCRIPTION="line type DefaultLine"/><OtherTag ID="LT9" LABEL="DropCapitalLine" DESCRIPTION="line type DropCapitalLine"/><OtherTag ID="LT10" LABEL="HeadingLine" DESCRIPTION="line type HeadingLine"/><OtherTag ID="LT11" LABEL="InterlinearLine" DESCRIPTION="line type InterlinearLine"/><OtherTag ID="LT12" LABEL="MusicLine" DESCRIPTION="line type MusicLine"/><OtherTag ID="LT636" LABEL="default" DESCRIPTION="line type default"/>
  </Tags>
  <Layout>
    <Page WIDTH="1068"
          HEIGHT="1758"
          PHYSICAL_IMG_NR="83"
          ID="eSc_dummypage_">
      <PrintSpace HPOS="0"
                  VPOS="0"
                  WIDTH="1068"
                  HEIGHT="1758">
        <TextBlock HPOS="145"
                   VPOS="68"
                   WIDTH="642"
                   HEIGHT="47"
                   ID="block_0"
                   TAGREFS="BT18">
          <Shape><Polygon POINTS="787 68 787 115 145 115 145 68"/></Shape>
          <TextLine ID="line_0"
                    TAGREFS="LT10"
                    BASELINE="148 103 784 103" 
                    HPOS="147"
                    VPOS="68"
                    WIDTH="636"
                    HEIGHT="56">
            <Shape><Polygon POINTS="147 112 175 123 177 123 178 123 180 123 199 114 200 114 262 123 263 123 265 123 266 123 276 115 284 123 285 123 287 123 288 124 344 124 344 123 345 123 347 123 347 121 353 115 356 114 373 117 423 123 424 123 426 123 446 117 460 114 487 118 523 123 524 123 783 121 783 102 783 70 147 68 147 102"/></Shape>
	    <String CONTENT="IN I. EPIST. AD TIMOTH."
                    HPOS="147"
                    VPOS="68"
                    WIDTH="636"
                    HEIGHT="56"
                    WC="0.9995290300120478"></String>
          </TextLine>
        </TextBlock>
        <TextBlock HPOS="832"
                   VPOS="84"
                   WIDTH="46"
                   HEIGHT="38"
                   ID="eSc_textblock_77ae5057"
                   TAGREFS="BT15">
          <Shape><Polygon POINTS="832 84 832 122 878 122 878 84"/></Shape>
          <TextLine ID="eSc_line_38aed331"
                    TAGREFS="LT8"
                    BASELINE="841 105 868 103" 
                    HPOS="837"
                    VPOS="60"
                    WIDTH="30"
                    HEIGHT="68">
            <Shape><Polygon POINTS="840 104 843 128 867 121 867 102 864 65 837 60 840 104"/></Shape>
	    <String CONTENT="91"
                    HPOS="837"
                    VPOS="60"
                    WIDTH="30"
                    HEIGHT="68"
                    WC="0.9997993409633636"></String>
          </TextLine>
        </TextBlock>
        <TextBlock HPOS="53"
                   VPOS="112"
                   WIDTH="825"
                   HEIGHT="1004"
                   ID="block_2"
                   TAGREFS="BT1853">
          <Shape><Polygon POINTS="878 117 878 1116 77 1116 53 112"/></Shape>
          <TextLine ID="line_1"
                    TAGREFS="LT8"
                    BASELINE="85 160 869 158" 
                    HPOS="84"
                    VPOS="114"
                    WIDTH="785"
                    HEIGHT="62">
            <Shape><Polygon POINTS="818 114 792 116 709 122 698 117 692 114 691 114 690 114 663 117 640 120 632 118 619 114 618 114 617 114 582 118 573 119 569 118 549 114 548 114 510 119 502 120 498 119 477 114 476 114 475 114 474 114 458 120 451 122 441 120 417 115 416 115 415 115 395 121 385 123 366 121 330 117 329 117 328 117 327 117 322 122 319 124 237 124 235 123 223 115 222 115 221 115 220 115 219 115 207 121 168 115 167 115 84 124 85 160 85 176 113 170 233 175 234 175 263 170 308 175 309 175 310 176 379 176 379 175 380 175 381 175 387 170 488 174 490 174 491 174 492 174 504 169 867 172 869 158 865 115 845 122 824 115 820 114 819 114"/></Shape>
	    <String CONTENT="μετάληψις : ergo ab vſu hoc non ſunt exclu¬"
                    HPOS="84"
                    VPOS="114"
                    WIDTH="785"
                    HEIGHT="62"></String>
          </TextLine>
          <TextLine ID="line_2"
                    TAGREFS="LT8"
                    BASELINE="84 209 870 209" 
                    HPOS="84.0"
                    VPOS="168.0"
                    WIDTH="786.0"
                    HEIGHT="59.0">
            <Shape><Polygon POINTS="84 209 84 225 124 226 125 226 126 226 128 225 143 219 188 224 189 224 190 224 201 219 248 219 256 224 256 224 257 224 258 224 321 219 333 224 338 226 339 226 340 227 368 227 368 226 369 226 373 224 384 219 414 219 420 224 423 226 424 226 425 226 426 227 547 227 547 226 565 223 589 219 623 219 627 223 631 226 632 226 633 226 634 226 679 222 723 219 775 222 849 226 850 226 870 221 870 209 869 168 837 173 756 169 725 168 724 168 723 168 722 168 720 170 706 179 684 179 674 170 671 168 670 168 669 168 668 168 667 168 659 171 645 175 640 171 637 168 636 168 635 168 613 168 612 168 611 168 603 171 590 178 530 172 481 168 480 168 479 168 459 173 441 179 384 179 376 175 365 170 364 170 363 170 338 175 324 178 319 175 304 168 303 168 302 168 301 168 278 176 271 179 194 179 192 177 180 168 179 168 178 168 146 168 145 168 144 168 119 178 106 169 105 169 104 169 103 169 102 169 84 178 84 209"/></Shape>
	    <String CONTENT="dendi. Μετάληψιν intelligo iudicium de cibis"
                    HPOS="84.0"
                    VPOS="168.0"
                    WIDTH="786.0"
                    HEIGHT="59.0"></String>
          </TextLine>
          <TextLine ID="line_3"
                    TAGREFS="LT8"
                    BASELINE="82 259 868 257" 
                    HPOS="81.0"
                    VPOS="219.0"
                    WIDTH="787.0"
                    HEIGHT="56.0">
            <Shape><Polygon POINTS="82 259 82 268 147 273 148 273 217 269 237 268 241 269 257 275 258 275 259 275 260 275 283 269 288 268 294 269 323 275 324 275 325 275 341 269 344 268 348 269 364 275 365 275 366 275 420 269 435 268 437 269 444 274 445 274 446 274 447 274 448 274 465 269 475 267 494 270 526 274 527 274 528 274 544 270 554 267 559 270 569 274 570 274 571 274 649 270 708 267 731 270 759 274 760 274 867 270 868 257 866 230 852 230 840 220 839 220 838 220 837 220 791 229 751 219 750 219 749 219 619 227 602 219 601 219 600 219 599 219 588 224 554 219 553 219 552 219 517 229 474 219 473 219 413 230 412 231 347 231 347 230 339 225 338 225 337 225 336 225 335 225 317 230 298 222 297 222 296 222 295 222 278 231 251 231 233 220 232 220 231 220 206 220 205 220 204 220 203 220 188 231 121 231 95 224 94 224 93 224 92 224 81 229 82 259"/></Shape>
	    <String CONTENT="noxiis &amp; innoxiis ex creaturis, quaſi dicat, ca¬"
                    HPOS="81.0"
                    VPOS="219.0"
                    WIDTH="787.0"
                    HEIGHT="56.0"
                    WC="0.9945808028181394"></String>
          </TextLine>
          <TextLine ID="line_4"
                    TAGREFS="LT8"
                    BASELINE="76 308 868 306" 
                    HPOS="75.0"
                    VPOS="267.0"
                    WIDTH="793.0"
                    HEIGHT="60.0">
            <Shape><Polygon POINTS="76 308 76 326 131 320 271 320 278 325 279 326 280 326 281 326 282 326 283 326 288 325 302 320 330 324 342 326 343 327 383 327 383 326 384 326 384 326 387 324 393 320 410 324 423 326 424 326 448 323 469 321 524 322 609 325 610 325 611 325 620 322 628 319 653 321 691 325 692 325 729 321 746 319 750 321 761 325 762 325 763 325 764 325 774 320 776 320 781 320 818 325 819 325 867 319 868 306 866 276 791 267 790 267 741 272 729 267 728 267 727 267 726 267 726 267 714 276 666 276 641 267 640 267 640 267 639 267 616 275 553 275 497 267 496 267 495 267 480 275 462 268 461 268 460 268 425 276 420 277 329 277 326 276 301 268 300 268 299 268 299 268 276 276 274 276 272 276 260 270 259 270 258 270 257 270 242 275 223 268 222 268 126 268 125 268 124 268 108 276 106 276 75 276 76 308"/></Shape>
	    <String CONTENT="ro, fructus arborum, herbæ, radices, &amp;c. ideo"
                    HPOS="75.0"
                    VPOS="267.0"
                    WIDTH="793.0"
                    HEIGHT="60.0"
                    WC="0.9978609244028728"></String>
          </TextLine>
          <TextLine ID="line_5"
                    TAGREFS="LT8"
                    BASELINE="75 356 865 356" 
                    HPOS="75.0"
                    VPOS="318.0"
                    WIDTH="790.0"
                    HEIGHT="55.0">
            <Shape><Polygon POINTS="75 356 75 368 377 368 378 368 384 373 385 373 386 373 387 373 865 368 865 356 864 323 817 326 798 323 769 318 768 318 768 318 749 323 738 326 728 323 712 318 711 318 620 318 619 318 618 318 596 324 587 326 572 324 533 318 532 318 531 318 511 324 505 326 499 324 478 318 477 318 476 318 475 318 474 318 465 325 461 327 405 327 402 325 393 318 392 318 391 318 349 318 348 318 347 318 332 325 330 327 280 327 274 326 224 318 223 318 222 318 208 326 207 327 160 327 159 326 147 318 146 318 145 318 110 318 109 318 75 326 75 356"/></Shape>
	    <String CONTENT="cõditæ ſunt vt hinc cibus homini deproma¬"
                    HPOS="75.0"
                    VPOS="318.0"
                    WIDTH="790.0"
                    HEIGHT="55.0"
                    WC="0.985847749880382"></String>
          </TextLine>
          <TextLine ID="line_6"
                    TAGREFS="LT8"
                    BASELINE="75 405 866 407" 
                    HPOS="74.0"
                    VPOS="365.0"
                    WIDTH="792.0"
                    HEIGHT="59.0">
            <Shape><Polygon POINTS="75 405 74 415 93 423 94 423 95 423 187 418 251 423 252 423 253 423 273 417 274 417 276 417 311 423 312 423 381 418 396 417 402 418 423 423 424 423 425 423 475 418 488 418 532 418 536 418 546 423 547 423 548 423 549 423 561 419 567 418 678 418 684 420 694 424 695 424 696 424 727 420 755 418 864 421 866 407 866 376 833 366 832 366 831 366 682 375 677 375 676 375 648 366 647 366 567 366 566 366 565 366 535 375 532 376 482 376 481 375 461 365 460 365 459 365 369 373 343 365 342 365 341 365 341 365 318 374 318 375 171 375 170 374 159 369 158 369 157 369 75 373 75 405"/></Shape>
	    <String CONTENT="tur. Peccant igitur qui carnis vſum prohibẽt."
                    HPOS="74.0"
                    VPOS="365.0"
                    WIDTH="792.0"
                    HEIGHT="59.0"
                    WC="0.9817631076211515"></String>
          </TextLine>
          <TextLine ID="line_7"
                    TAGREFS="LT8"
                    BASELINE="75 456 865 454" 
                    HPOS="74.0"
                    VPOS="414.0"
                    WIDTH="791.0"
                    HEIGHT="57.0">
            <Shape><Polygon POINTS="75 456 75 465 105 471 106 471 107 471 118 466 166 471 167 471 168 471 169 471 175 466 465 471 466 471 556 465 839 470 840 470 841 470 865 463 865 454 863 423 816 414 772 414 771 414 770 414 769 414 759 422 756 424 620 424 614 420 607 418 606 418 605 418 582 420 555 423 543 419 523 414 522 414 470 414 469 414 445 418 432 421 427 418 420 415 419 415 368 415 367 415 366 415 357 418 341 424 316 418 308 416 307 416 255 415 254 415 253 415 247 417 229 425 199 425 177 417 172 415 171 415 170 415 170 415 165 417 154 419 131 416 123 415 122 415 121 415 118 416 103 421 74 416 75 456"/></Shape>
	    <String CONTENT="Iudicium hoc indidit Deus naturæ, vt intel¬"
                    HPOS="74.0"
                    VPOS="414.0"
                    WIDTH="791.0"
                    HEIGHT="57.0"
                    WC="0.9865428777628167"></String>
          </TextLine>
          <TextLine ID="line_8"
                    TAGREFS="LT8"
                    BASELINE="81 504 866 502" 
                    HPOS="80.0"
                    VPOS="462.0"
                    WIDTH="786.0"
                    HEIGHT="59.0">
            <Shape><Polygon POINTS="81 504 81 518 294 516 306 518 328 521 329 521 330 521 331 521 335 517 338 515 463 515 477 516 510 520 511 520 512 520 522 516 526 515 534 516 564 520 565 520 595 515 605 514 612 515 629 519 630 520 850 520 850 519 851 519 866 513 866 502 863 466 754 469 742 466 733 463 732 463 731 463 730 463 729 463 726 466 720 470 659 470 648 466 638 462 637 462 636 462 635 462 634 462 630 466 626 469 585 470 564 466 552 463 464 463 463 463 462 463 456 466 445 470 430 466 426 464 425 464 424 464 423 464 422 464 420 466 412 471 379 471 356 466 342 463 341 463 341 463 340 463 336 466 332 468 309 466 295 464 294 464 293 464 290 466 278 471 240 466 227 464 226 464 225 464 222 466 212 472 163 472 142 466 136 464 135 464 134 464 133 464 132 464 130 466 123 471 115 466 115 465 114 465 113 465 112 465 80 465 81 504"/></Shape>
	    <String CONTENT="ligat quid ad cibum vtile ſit: alia enim con¬"
                    HPOS="80.0"
                    VPOS="462.0"
                    WIDTH="786.0"
                    HEIGHT="59.0"
                    WC="0.9761707146962484"></String>
          </TextLine>
          <TextLine ID="line_9"
                    TAGREFS="LT8"
                    BASELINE="85 551 866 554" 
                    HPOS="84.0"
                    VPOS="512.0"
                    WIDTH="782.0"
                    HEIGHT="59.0">
            <Shape><Polygon POINTS="84 562 138 569 139 569 327 564 348 570 349 570 350 570 351 570 363 565 380 570 381 570 382 570 638 566 654 571 655 571 656 571 692 566 845 571 846 571 847 571 865 565 866 554 865 516 850 515 849 515 848 515 847 515 837 523 810 515 808 515 807 515 763 515 762 515 761 515 760 515 746 525 692 519 691 519 649 525 624 515 623 515 622 515 621 515 600 524 553 514 551 514 550 514 548 514 497 524 433 524 413 514 412 514 360 514 359 514 318 523 275 513 274 513 273 513 272 513 260 523 173 523 158 513 157 513 156 513 155 513 154 513 128 523 85 512 85 551 84 562"/></Shape>
	    <String CONTENT="dita ſunt ad medicinam, alia ad artes, alia ad"
                    HPOS="84.0"
                    VPOS="512.0"
                    WIDTH="782.0"
                    HEIGHT="59.0"
                    WC="0.9924849414307139"></String>
          </TextLine>
          <TextLine ID="line_10"
                    TAGREFS="LT8"
                    BASELINE="85 601 864 603" 
                    HPOS="84.0"
                    VPOS="562.0"
                    WIDTH="780.0"
                    HEIGHT="57.0">
            <Shape><Polygon POINTS="85 601 84 611 128 618 129 618 404 613 413 618 414 618 415 618 416 618 460 614 484 619 485 619 863 613 864 603 863 576 803 563 802 563 801 563 783 569 761 565 760 565 759 565 758 565 751 571 734 563 733 563 732 563 673 568 645 563 644 563 643 563 621 573 616 576 603 576 599 573 588 563 587 563 586 563 571 563 570 563 569 563 568 563 556 572 553 575 436 575 422 571 383 562 340 562 339 562 338 562 322 570 317 572 308 570 284 563 283 563 282 563 281 563 280 563 271 569 264 575 162 575 154 568 146 562 145 562 144 562 143 562 85 567 85 601"/></Shape>
	    <String CONTENT="veſtitum, a lia ad ornatum, alia ad cibum, &amp;c."
                    HPOS="84.0"
                    VPOS="562.0"
                    WIDTH="780.0"
                    HEIGHT="57.0"
                    WC="0.9830207837664563"></String>
          </TextLine>
          <TextLine ID="line_11"
                    TAGREFS="LT8"
                    BASELINE="87 652 865 652" 
                    HPOS="87.0"
                    VPOS="611.0"
                    WIDTH="778.0"
                    HEIGHT="58.0">
            <Shape><Polygon POINTS="87 652 87 663 113 669 114 669 212 664 224 664 227 664 243 669 244 669 245 669 279 665 287 664 291 665 304 669 305 669 306 669 307 669 316 665 318 664 384 664 387 665 392 669 393 669 394 669 395 669 423 666 438 664 864 668 865 652 865 624 830 618 829 618 803 623 800 623 784 612 783 612 782 612 781 612 780 612 765 617 750 611 749 611 748 611 716 618 707 612 706 612 705 612 704 612 703 612 678 620 669 616 668 616 667 616 666 616 665 616 658 621 655 624 597 624 586 620 555 611 554 611 553 611 493 616 427 611 427 611 426 611 425 611 418 616 412 611 411 611 410 611 335 611 334 611 333 611 321 617 310 624 280 624 267 617 257 611 256 611 256 611 219 615 218 615 217 615 216 616 205 624 127 624 116 615 111 611 110 611 109 611 108 611 87 614 87 652"/></Shape>
	    <String CONTENT="Et quæ cibi cauſa condita ſunt, non debent"
                    HPOS="87.0"
                    VPOS="611.0"
                    WIDTH="778.0"
                    HEIGHT="58.0"
                    WC="0.9844240021137964"></String>
          </TextLine>
          <TextLine ID="line_12"
                    TAGREFS="LT8"
                    BASELINE="85 699 865 701" 
                    HPOS="85.0"
                    VPOS="656.0"
                    WIDTH="780.0"
                    HEIGHT="63.0">
            <Shape><Polygon POINTS="862 661 850 667 831 661 825 659 824 659 823 659 811 661 773 666 754 660 750 659 749 659 674 659 673 659 672 659 669 660 639 668 607 659 602 658 601 658 600 658 594 659 557 668 538 661 537 661 536 661 535 661 520 666 472 658 468 658 467 658 463 658 433 663 380 658 378 658 377 658 376 658 375 658 363 666 351 659 350 659 317 657 296 657 295 657 294 657 293 657 263 668 115 668 85 656 85 699 85 715 128 711 204 715 245 717 246 717 260 715 284 711 305 715 320 717 321 717 334 714 351 711 457 711 473 714 495 718 496 718 546 714 556 713 558 714 567 718 568 718 569 719 630 719 630 718 631 718 643 713 648 712 661 713 701 718 702 718 725 713 730 712 804 712 810 713 840 718 841 718 864 712 865 701 862 661"/></Shape>
	    <String CONTENT="homini prohiberi. Præterea fideliũ hoc ſcire"
                    HPOS="85.0"
                    VPOS="656.0"
                    WIDTH="780.0"
                    HEIGHT="63.0"
                    WC="0.9922938479317559"></String>
          </TextLine>
          <TextLine ID="line_13"
                    TAGREFS="LT8"
                    BASELINE="86 749 862 751" 
                    HPOS="85.0"
                    VPOS="707.0"
                    WIDTH="777.0"
                    HEIGHT="61.0">
            <Shape><Polygon POINTS="86 749 85 759 100 767 101 767 102 767 156 762 213 767 214 767 215 767 237 760 257 767 258 767 259 767 286 761 307 767 308 767 309 767 310 767 311 767 323 760 346 760 363 766 364 766 365 766 472 763 479 768 480 768 481 768 482 768 529 761 545 768 546 768 547 768 605 762 626 768 627 768 628 768 629 768 649 761 696 767 697 767 746 761 766 768 767 768 768 768 768 768 769 768 780 761 804 766 805 766 861 760 862 751 861 709 827 713 816 709 814 708 813 708 772 708 771 708 765 709 739 714 730 709 728 708 727 708 726 708 726 708 718 709 682 717 568 710 527 708 526 708 525 708 517 711 508 713 493 711 478 708 477 708 476 708 469 711 462 713 453 711 440 707 439 707 438 707 437 707 427 711 426 711 425 711 420 707 419 707 418 707 374 707 373 707 372 707 371 707 365 711 357 716 326 711 294 707 293 707 292 707 280 711 269 716 257 711 251 710 250 710 249 710 248 710 242 712 232 716 86 713 86 749"/></Shape>
	    <String CONTENT="imprimis intereſt. Ideo addit, CVM GRA¬"
                    HPOS="85.0"
                    VPOS="707.0"
                    WIDTH="777.0"
                    HEIGHT="61.0"
                    WC="0.9955809972225091"></String>
          </TextLine>
          <TextLine ID="line_14"
                    TAGREFS="LT8"
                    BASELINE="88 797 859 803" 
                    HPOS="87"
                    VPOS="757"
                    WIDTH="772"
                    HEIGHT="61">
            <Shape><Polygon POINTS="87 812 250 814 251 814 257 813 293 808 306 814 307 814 308 814 309 814 323 814 412 809 419 814 420 815 421 815 422 815 423 815 432 814 470 810 476 815 477 816 478 816 479 816 480 816 496 815 531 811 547 815 552 816 553 816 554 816 555 816 557 815 567 810 580 815 583 816 584 816 585 816 599 815 650 811 729 811 743 816 749 818 750 818 751 818 752 818 757 816 765 812 857 816 859 803 858 762 771 759 770 759 769 759 768 759 765 762 762 764 747 762 714 758 713 758 692 763 665 769 657 763 651 758 650 758 649 758 648 758 621 762 571 757 570 757 569 757 549 764 543 765 535 764 515 760 514 760 513 760 507 764 499 768 491 764 478 758 477 758 395 757 394 757 393 757 372 765 371 765 369 765 357 760 356 760 355 760 354 760 353 760 346 765 338 770 121 770 116 766 110 762 109 762 108 762 107 762 88 766 88 797"/></Shape>
	    <String CONTENT="TIARVM ACTIONE FIDELIBVS,"
                    HPOS="87"
                    VPOS="757"
                    WIDTH="772"
                    HEIGHT="61"
                    WC="0.9989495253562928"></String>
          </TextLine>
          <TextLine ID="line_15"
                    TAGREFS="LT8"
                    BASELINE="85 848 343 852 855 848" 
                    HPOS="85.0"
                    VPOS="809.0"
                    WIDTH="770.0"
                    HEIGHT="55.0">
            <Shape><Polygon POINTS="854 820 836 812 835 812 834 812 833 812 832 812 824 817 754 811 753 811 752 811 732 816 724 810 723 810 722 810 721 810 720 810 689 819 685 820 683 819 665 809 664 809 663 809 662 809 642 819 640 821 603 821 600 819 585 809 584 809 583 809 582 809 581 809 580 809 566 819 565 819 563 819 535 809 534 809 473 809 472 809 471 809 460 816 451 809 450 809 449 809 448 809 303 810 302 810 301 810 291 817 284 821 85 817 85 848 86 864 94 858 185 858 193 863 196 864 197 864 198 864 213 863 257 858 283 858 289 862 291 864 292 864 293 864 294 864 323 862 358 859 368 861 378 864 379 864 380 864 410 861 431 859 447 861 465 863 466 863 467 863 468 863 470 861 474 857 484 860 492 863 493 863 494 863 854 857 855 848 854 820"/></Shape>
	    <String CONTENT="ET HIS QVI NOVERVNT VERI¬"
                    HPOS="85.0"
                    VPOS="809.0"
                    WIDTH="770.0"
                    HEIGHT="55.0"
                    WC="0.9970810103416443"></String>
          </TextLine>
          <TextLine ID="line_16"
                    TAGREFS="LT8"
                    BASELINE="85 898 860 898" 
                    HPOS="85.0"
                    VPOS="854.0"
                    WIDTH="775.0"
                    HEIGHT="61.0">
            <Shape><Polygon POINTS="85 908 194 915 195 915 315 911 340 910 341 911 347 914 348 914 349 914 350 914 357 911 361 909 384 911 422 915 423 915 424 915 430 912 437 908 444 912 449 914 450 914 451 914 452 914 460 912 473 908 483 912 491 915 492 915 493 915 494 915 495 915 499 912 506 908 578 908 591 913 597 915 598 915 598 915 599 915 606 913 622 908 629 913 630 914 631 914 632 914 633 914 634 914 636 913 646 908 730 908 788 915 794 915 795 915 799 915 836 908 858 915 860 898 860 858 812 854 811 854 811 854 804 857 791 864 783 857 779 854 778 854 777 854 776 854 727 857 701 859 698 857 691 854 690 854 689 854 674 857 661 860 654 857 645 854 644 854 643 854 642 854 641 854 637 857 634 859 607 857 574 855 573 855 572 855 571 855 568 857 555 867 542 857 541 856 540 856 539 856 538 856 537 856 534 857 526 861 505 857 485 854 484 854 483 854 482 854 477 857 471 860 323 857 303 857 302 857 301 857 278 868 115 868 85 857 85 898 85 908"/></Shape>
	    <String CONTENT="TATEM, q. d. impiis omnia immunda eſſe,"
                    HPOS="85.0"
                    VPOS="854.0"
                    WIDTH="775.0"
                    HEIGHT="61.0"
                    WC="0.9889262135212238"></String>
          </TextLine>
          <TextLine ID="line_17"
                    TAGREFS="LT8"
                    BASELINE="76 946 857 944" 
                    HPOS="75.0"
                    VPOS="903.0"
                    WIDTH="782.0"
                    HEIGHT="57.0">
            <Shape><Polygon POINTS="76 946 76 960 856 955 857 944 855 909 651 903 650 903 617 909 590 903 589 903 588 903 570 909 555 903 555 903 500 903 499 903 450 912 438 915 367 915 360 913 318 904 317 904 316 904 298 914 296 915 223 915 222 914 212 906 211 906 210 906 162 904 161 904 160 904 131 914 75 915 76 946"/></Shape>
	    <String CONTENT="mundis contrà omnia eſſe munda. Et Eu¬"
                    HPOS="75.0"
                    VPOS="903.0"
                    WIDTH="782.0"
                    HEIGHT="57.0"
                    WC="0.9998557781561827"></String>
          </TextLine>
          <TextLine ID="line_18"
                    TAGREFS="LT8"
                    BASELINE="77 996 859 992" 
                    HPOS="76.0"
                    VPOS="951.0"
                    WIDTH="783.0"
                    HEIGHT="64.0">
            <Shape><Polygon POINTS="77 996 77 1008 198 1015 199 1015 231 1009 275 1013 276 1013 277 1013 291 1007 293 1007 297 1007 338 1014 339 1015 425 1015 425 1014 426 1014 446 1008 502 1013 503 1013 504 1013 505 1013 514 1006 515 1006 521 1006 600 1013 601 1013 632 1006 634 1006 764 1012 765 1012 766 1012 777 1005 785 1010 786 1010 787 1010 788 1010 789 1010 790 1010 796 1005 820 1010 821 1010 858 1004 859 992 857 962 835 962 834 962 819 954 818 954 817 954 816 954 815 954 806 962 805 962 797 962 763 960 728 951 706 951 705 951 704 951 703 951 695 958 663 951 662 951 661 951 636 960 633 961 630 960 611 954 610 954 609 954 569 960 557 961 551 959 530 953 529 953 439 953 438 953 437 953 436 953 430 958 421 953 420 953 419 953 418 953 401 958 399 958 395 958 361 953 360 953 340 957 326 960 321 957 317 954 316 954 315 954 314 954 313 954 312 954 309 957 300 963 270 965 211 965 155 955 145 954 144 954 143 954 140 955 120 964 107 955 106 954 105 954 104 954 103 954 76 954 77 996"/></Shape>
	    <String CONTENT="chariſtiam accipio hîc pro precibus quæ ſo¬"
                    HPOS="76.0"
                    VPOS="951.0"
                    WIDTH="783.0"
                    HEIGHT="64.0"
                    WC="0.9943987645886161"></String>
          </TextLine>
          <TextLine ID="line_19"
                    TAGREFS="LT8"
                    BASELINE="73 1046 860 1044" 
                    HPOS="72.0"
                    VPOS="1003.0"
                    WIDTH="788.0"
                    HEIGHT="66.0">
            <Shape><Polygon POINTS="73 1046 73 1069 118 1068 119 1068 141 1057 277 1057 297 1064 298 1064 299 1064 299 1064 300 1064 308 1058 343 1063 344 1063 345 1063 369 1056 389 1067 391 1068 392 1068 393 1068 398 1067 431 1059 459 1067 464 1068 465 1068 466 1068 467 1068 470 1067 508 1053 559 1062 560 1062 561 1062 578 1056 612 1065 613 1065 614 1065 680 1053 741 1063 742 1063 811 1053 821 1060 822 1060 823 1060 824 1060 825 1060 839 1055 857 1064 860 1044 857 1004 811 1008 801 1004 797 1003 796 1003 795 1003 794 1003 789 1004 768 1012 758 1004 756 1003 755 1003 754 1003 753 1003 752 1003 748 1004 733 1011 709 1004 706 1004 705 1004 610 1003 609 1003 599 1004 562 1012 553 1004 551 1003 550 1003 549 1003 548 1003 534 1004 516 1007 512 1004 510 1003 509 1003 508 1003 507 1003 506 1003 505 1003 503 1004 491 1012 466 1004 465 1004 464 1004 463 1004 462 1004 461 1004 447 1013 408 1004 405 1004 404 1004 403 1004 402 1004 378 1014 346 1014 333 1004 332 1004 331 1004 330 1004 329 1004 265 1004 264 1004 263 1004 252 1014 118 1014 107 1005 106 1005 105 1005 72 1005 73 1046"/></Shape>
	    <String CONTENT="lent recitari à ſumpturis cibos, ante cibos &amp;"
                    HPOS="72.0"
                    VPOS="1003.0"
                    WIDTH="788.0"
                    HEIGHT="66.0"
                    WC="0.9890330926231716"></String>
          </TextLine>
          <TextLine ID="line_20"
                    TAGREFS="LT8"
                    BASELINE="87 1094 713 1093" 
                    HPOS="86"
                    VPOS="1048"
                    WIDTH="626"
                    HEIGHT="71">
            <Shape><Polygon POINTS="86 1092 89 1117 104 1109 191 1119 300 1119 328 1109 358 1117 629 1109 656 1117 688 1109 709 1117 712 1092 710 1050 556 1057 476 1051 468 1059 426 1050 394 1059 375 1048 303 1048 287 1059 125 1048 86 1054 86 1092"/></Shape>
	    <String CONTENT="poſt cibos, quod propriè faciunt pii."
                    HPOS="86"
                    VPOS="1048"
                    WIDTH="626"
                    HEIGHT="71"
                    WC="0.984125698867597"></String>
          </TextLine>
        </TextBlock>
        <TextBlock HPOS="117"
                   VPOS="1117"
                   WIDTH="712"
                   HEIGHT="49"
                   ID="block_1"
                   TAGREFS="BT1852">
          <Shape><Polygon POINTS="829 1117 829 1166 117 1166 117 1117"/></Shape>
          <TextLine ID="line_21"
                    TAGREFS="LT8"
                    BASELINE="128 1150 812 1152" 
                    HPOS="125"
                    VPOS="1117"
                    WIDTH="685"
                    HEIGHT="55">
            <Shape><Polygon POINTS="801 1117 127 1117 125 1170 306 1172 322 1160 377 1167 407 1158 417 1166 448 1158 544 1170 602 1160 684 1160 697 1167 744 1161 758 1169 810 1158 808 1117 801 1117"/></Shape>
	    <String CONTENT="4 Quia omnis creatura Dei bona, &amp;c"
                    HPOS="125"
                    VPOS="1117"
                    WIDTH="685"
                    HEIGHT="55"
                    WC="0.9910007417201996"></String>
          </TextLine>
        </TextBlock>
        <TextBlock HPOS="72"
                   VPOS="1168"
                   WIDTH="802"
                   HEIGHT="397"
                   ID="block_4"
                   TAGREFS="BT1851">
          <Shape><Polygon POINTS="874 1168 874 1565 72 1565 72 1168"/></Shape>
          <TextLine ID="line_22"
                    TAGREFS="LT8"
                    BASELINE="142 1203 859 1197" 
                    HPOS="141.0"
                    VPOS="1159.0"
                    WIDTH="718.0"
                    HEIGHT="58.0">
            <Shape><Polygon POINTS="142 1203 142 1212 318 1211 325 1211 369 1217 370 1217 371 1217 372 1217 383 1211 384 1210 400 1211 469 1216 470 1216 518 1210 523 1210 524 1210 534 1214 535 1214 536 1214 537 1214 555 1210 557 1210 563 1214 564 1214 565 1214 566 1214 586 1211 619 1215 620 1215 858 1208 859 1197 858 1172 827 1159 826 1159 786 1159 785 1159 784 1159 763 1170 740 1166 739 1166 738 1166 726 1172 648 1171 634 1163 633 1163 632 1163 631 1163 630 1163 630 1164 622 1170 600 1167 599 1167 598 1167 577 1172 567 1165 566 1165 565 1165 536 1161 535 1161 534 1161 498 1174 396 1174 359 1163 358 1163 304 1163 303 1163 302 1163 281 1174 262 1168 261 1168 260 1168 202 1175 165 1164 164 1164 163 1164 162 1164 161 1164 141 1174 142 1203"/></Shape>
	    <String CONTENT="A toto ad ſpeciem totius argumentatur."
                    HPOS="141.0"
                    VPOS="1159.0"
                    WIDTH="718.0"
                    HEIGHT="58.0"
                    WC="0.9987541233238421"></String>
          </TextLine>
          <TextLine ID="line_23"
                    TAGREFS="LT8"
                    BASELINE="79 1248 860 1246" 
                    HPOS="78.0"
                    VPOS="1211.0"
                    WIDTH="782.0"
                    HEIGHT="54.0">
            <Shape><Polygon POINTS="79 1248 79 1257 152 1258 159 1264 160 1264 161 1264 162 1264 194 1259 294 1264 295 1264 296 1264 321 1257 322 1257 324 1257 376 1263 377 1263 492 1258 501 1265 502 1265 503 1265 504 1265 505 1265 522 1260 584 1265 585 1265 586 1265 599 1259 796 1265 797 1265 798 1265 813 1257 859 1255 860 1246 859 1220 836 1213 835 1213 834 1213 833 1213 821 1218 811 1211 811 1211 810 1211 783 1211 782 1211 781 1211 760 1219 756 1221 624 1221 609 1217 595 1214 594 1214 593 1214 586 1217 578 1220 570 1217 566 1215 565 1215 564 1215 563 1215 562 1215 560 1217 555 1221 490 1221 481 1216 479 1215 478 1215 477 1215 476 1215 475 1215 475 1216 467 1221 455 1215 444 1212 443 1212 385 1212 384 1212 384 1212 374 1215 357 1221 328 1214 325 1214 324 1214 323 1214 322 1214 313 1221 295 1216 294 1216 293 1216 292 1216 291 1216 284 1222 244 1222 215 1213 214 1213 213 1213 78 1213 79 1248"/></Shape>
	    <String CONTENT="Omnis creatura eſt bona, ergo caro quoq. bo¬"
                    HPOS="78.0"
                    VPOS="1211.0"
                    WIDTH="782.0"
                    HEIGHT="54.0"
                    WC="0.9987403831698678"></String>
          </TextLine>
          <TextLine ID="line_24"
                    TAGREFS="LT8"
                    BASELINE="71 1297 859 1296" 
                    HPOS="70.0"
                    VPOS="1261.0"
                    WIDTH="789.0"
                    HEIGHT="53.0">
            <Shape><Polygon POINTS="71 1297 71 1310 98 1314 99 1314 129 1310 149 1308 169 1310 206 1314 207 1314 237 1310 251 1308 399 1308 408 1309 449 1314 450 1314 451 1314 464 1308 468 1307 470 1308 482 1313 483 1313 484 1314 522 1314 522 1313 523 1313 524 1313 531 1308 533 1307 535 1308 544 1312 545 1312 546 1312 579 1308 580 1308 581 1308 587 1313 588 1313 589 1313 590 1314 640 1314 640 1313 641 1313 662 1308 696 1313 697 1313 771 1307 775 1307 776 1307 794 1313 795 1313 796 1313 858 1306 859 1296 855 1267 841 1272 826 1267 815 1263 814 1263 813 1263 812 1263 805 1267 795 1273 722 1273 712 1267 698 1261 697 1261 696 1261 695 1261 694 1261 686 1267 680 1273 553 1273 544 1268 540 1266 539 1266 538 1266 517 1268 505 1269 498 1268 465 1261 464 1261 409 1267 369 1264 368 1264 367 1264 358 1269 354 1271 350 1269 341 1262 340 1262 339 1262 338 1262 300 1269 298 1269 296 1269 279 1262 278 1262 277 1262 246 1269 226 1273 189 1269 124 1262 123 1262 70 1269 71 1297"/></Shape>
	    <String CONTENT="na edenti. Καλὸν accipio pro νόμιμον, h.e. con¬"
                    HPOS="70.0"
                    VPOS="1261.0"
                    WIDTH="789.0"
                    HEIGHT="53.0"
                    WC="0.9836878800878719"></String>
          </TextLine>
          <TextLine ID="line_25"
                    TAGREFS="LT8"
                    BASELINE="69 1345 860 1345" 
                    HPOS="69.0"
                    VPOS="1309.0"
                    WIDTH="791.0"
                    HEIGHT="56.0">
            <Shape><Polygon POINTS="69 1345 69 1356 159 1357 167 1363 168 1363 169 1363 170 1363 170 1363 183 1358 201 1364 202 1364 203 1364 204 1364 227 1357 254 1364 255 1364 256 1365 319 1365 319 1364 320 1364 347 1357 358 1362 359 1362 360 1362 507 1358 586 1364 587 1364 630 1358 638 1363 639 1363 640 1363 640 1363 641 1363 642 1363 651 1357 713 1357 721 1362 722 1362 723 1362 724 1362 758 1357 770 1363 771 1363 772 1363 773 1363 787 1357 860 1357 860 1345 860 1309 770 1309 769 1309 768 1309 767 1310 745 1320 697 1320 683 1312 682 1312 681 1312 680 1312 664 1320 614 1320 604 1312 600 1309 599 1309 598 1309 598 1309 583 1312 555 1320 458 1320 443 1314 430 1310 429 1310 428 1310 427 1310 427 1310 421 1315 417 1317 410 1315 391 1309 390 1309 389 1309 388 1309 364 1315 349 1320 283 1320 278 1317 268 1309 267 1309 266 1309 247 1309 246 1309 190 1318 180 1319 171 1318 115 1309 114 1309 113 1309 112 1309 98 1319 97 1320 69 1320 69 1345"/></Shape>
	    <String CONTENT="ceſſum &amp; legitimũ diuina authoritate. Huic"
                    HPOS="69.0"
                    VPOS="1309.0"
                    WIDTH="791.0"
                    HEIGHT="56.0"
                    WC="0.9887256844099178"></String>
          </TextLine>
          <TextLine ID="line_26"
                    TAGREFS="LT8"
                    BASELINE="68 1394 514 1397 860 1392" 
                    HPOS="67.0"
                    VPOS="1357.0"
                    WIDTH="793.0"
                    HEIGHT="56.0">
            <Shape><Polygon POINTS="68 1394 68 1405 83 1412 84 1412 85 1413 144 1413 144 1412 145 1412 146 1412 155 1405 157 1404 171 1405 231 1410 232 1410 256 1405 261 1404 285 1405 378 1409 379 1409 380 1409 388 1405 388 1404 389 1405 398 1412 399 1412 400 1412 401 1412 463 1407 474 1412 475 1412 476 1412 550 1411 551 1411 552 1411 557 1406 592 1412 593 1413 647 1413 647 1412 648 1412 664 1406 732 1411 733 1411 734 1411 744 1406 793 1412 794 1412 795 1412 812 1404 859 1404 860 1392 857 1365 798 1366 795 1365 791 1361 790 1361 789 1361 788 1361 787 1361 775 1365 765 1368 758 1365 749 1360 748 1360 747 1360 746 1360 737 1365 736 1365 735 1365 726 1357 725 1357 724 1357 674 1357 673 1357 672 1357 671 1357 659 1365 652 1369 645 1365 642 1362 641 1362 640 1362 640 1362 639 1362 633 1365 623 1369 612 1365 594 1357 593 1357 592 1357 591 1357 575 1365 568 1368 562 1365 552 1357 551 1357 550 1357 499 1357 498 1357 497 1357 496 1357 485 1365 477 1370 374 1370 364 1365 356 1361 355 1361 354 1361 353 1361 341 1365 338 1365 328 1357 327 1357 326 1357 307 1357 306 1357 305 1357 292 1365 283 1369 259 1365 231 1359 230 1359 229 1359 210 1365 193 1369 126 1368 122 1365 118 1361 117 1361 116 1361 115 1361 67 1364 68 1394"/></Shape>
	    <String CONTENT="opponit ἀπόβλητον, i. iudicio hominũ repro¬"
                    HPOS="67.0"
                    VPOS="1357.0"
                    WIDTH="793.0"
                    HEIGHT="56.0"></String>
          </TextLine>
          <TextLine ID="line_27"
                    TAGREFS="LT8"
                    BASELINE="68 1445 860 1442" 
                    HPOS="67.0"
                    VPOS="1402.0"
                    WIDTH="793.0"
                    HEIGHT="61.0">
            <Shape><Polygon POINTS="68 1445 68 1455 180 1455 199 1463 200 1463 201 1463 202 1463 227 1455 262 1455 277 1462 278 1462 313 1463 314 1463 315 1463 339 1455 348 1462 349 1462 350 1462 351 1462 399 1456 428 1462 429 1462 470 1457 597 1461 598 1461 636 1453 668 1461 669 1461 670 1462 764 1462 764 1461 765 1461 794 1453 811 1458 812 1458 813 1458 860 1451 860 1442 857 1402 822 1403 821 1403 800 1415 620 1415 588 1404 587 1404 586 1404 585 1404 564 1415 553 1406 552 1406 551 1406 528 1404 504 1402 503 1402 469 1403 468 1403 467 1403 466 1404 457 1410 432 1404 422 1402 421 1402 420 1402 419 1402 416 1404 401 1416 377 1416 361 1405 357 1402 356 1402 355 1402 354 1402 296 1403 295 1403 290 1405 279 1410 260 1405 249 1403 248 1403 247 1403 246 1403 243 1405 231 1415 219 1406 217 1404 216 1404 215 1404 214 1404 190 1406 172 1408 171 1408 170 1408 158 1416 141 1406 138 1405 137 1405 136 1405 135 1405 134 1405 133 1406 126 1413 101 1413 88 1407 82 1403 81 1403 80 1403 79 1403 67 1406 68 1445"/></Shape>
	    <String CONTENT="batũ. Habes ex antitheſi illuſtre argumentũ."
                    HPOS="67.0"
                    VPOS="1402.0"
                    WIDTH="793.0"
                    HEIGHT="61.0"
                    WC="0.9885832952416461"></String>
          </TextLine>
          <TextLine ID="line_28"
                    TAGREFS="LT8"
                    BASELINE="72 1493 858 1491" 
                    HPOS="71.0"
                    VPOS="1458.0"
                    WIDTH="787.0"
                    HEIGHT="54.0">
            <Shape><Polygon POINTS="72 1493 72 1504 92 1511 93 1511 94 1511 95 1511 96 1511 109 1504 112 1504 160 1511 161 1512 233 1512 233 1511 234 1511 235 1511 245 1504 267 1508 268 1508 293 1504 302 1511 303 1511 304 1511 305 1512 343 1512 343 1511 344 1511 345 1511 352 1506 369 1511 370 1511 371 1511 408 1506 437 1511 438 1511 466 1506 489 1510 490 1510 491 1510 505 1504 512 1508 513 1508 514 1508 547 1510 548 1510 549 1510 550 1510 557 1506 586 1510 587 1510 588 1510 620 1503 796 1508 797 1508 827 1504 842 1507 843 1507 844 1507 845 1507 858 1501 858 1491 856 1467 766 1467 764 1466 740 1458 739 1458 701 1458 700 1458 699 1458 681 1465 677 1466 671 1465 654 1461 653 1461 652 1461 651 1461 639 1465 632 1466 620 1465 602 1462 601 1462 580 1465 562 1466 549 1464 518 1458 517 1458 516 1458 515 1458 509 1464 504 1467 463 1468 446 1468 438 1463 432 1459 431 1459 430 1459 356 1459 355 1459 354 1459 342 1462 328 1465 294 1462 285 1461 284 1461 278 1462 243 1467 71 1460 72 1493"/></Shape>
	    <String CONTENT="Cibi piis conceſsi ſunt diuina authoritate."
                    HPOS="71.0"
                    VPOS="1458.0"
                    WIDTH="787.0"
                    HEIGHT="54.0"
                    WC="0.9770000743311505"></String>
          </TextLine>
          <TextLine ID="line_29"
                    TAGREFS="LT8"
                    BASELINE="76 1541 534 1545 859 1540" 
                    HPOS="75.0"
                    VPOS="1504.0"
                    WIDTH="784.0"
                    HEIGHT="71.0">
            <Shape><Polygon POINTS="76 1541 75 1558 102 1567 103 1567 104 1567 105 1567 106 1567 120 1559 231 1559 278 1574 279 1574 280 1575 319 1575 319 1574 320 1574 321 1574 343 1559 356 1566 357 1566 358 1566 359 1566 370 1562 391 1574 392 1574 393 1575 493 1575 493 1574 494 1574 495 1574 513 1562 527 1567 528 1567 529 1567 530 1567 560 1559 607 1568 608 1568 646 1564 665 1574 666 1574 667 1575 753 1575 753 1574 754 1574 755 1574 772 1562 858 1558 859 1540 857 1504 835 1504 834 1504 833 1504 811 1513 772 1506 771 1506 736 1513 724 1504 723 1504 722 1504 721 1504 677 1513 640 1508 640 1508 600 1513 578 1504 577 1504 576 1504 523 1512 506 1504 505 1504 472 1504 471 1504 470 1504 442 1514 369 1514 292 1504 291 1504 290 1504 266 1513 236 1508 235 1508 155 1513 128 1504 127 1504 76 1504 76 1541"/></Shape>
	    <String CONTENT="Hinc καλὸν dicitur: prohiberi autem hominũ"
                    HPOS="75.0"
                    VPOS="1504.0"
                    WIDTH="784.0"
                    HEIGHT="71.0"
                    WC="0.9886697381734848"></String>
          </TextLine>
        </TextBlock>
      </PrintSpace>
    </Page>
  </Layout>
</alto>
