<?xml version="1.0" encoding="UTF-8"?>
<alto xmlns:xsi="http://www.w3.org/2001/XMLSchema-instance"
      xmlns="http://www.loc.gov/standards/alto/ns-v4#"
      xsi:schemaLocation="http://www.loc.gov/standards/alto/ns-v4# http://www.loc.gov/standards/alto/v4/alto-4-2.xsd">
  <Description>
    <MeasurementUnit>pixel</MeasurementUnit>
    <sourceImageInformation>
      <fileName>bsb10313792_00030.jpg</fileName>
    </sourceImageInformation>
  </Description>
  <Tags>
    <OtherTag ID="BT7" LABEL="CustomZone" DESCRIPTION="block type CustomZone"/><OtherTag ID="BT8" LABEL="DamageZone" DESCRIPTION="block type DamageZone"/><OtherTag ID="BT9" LABEL="DigitizationArtefactZone" DESCRIPTION="block type DigitizationArtefactZone"/><OtherTag ID="BT10" LABEL="DropCapitalZone" DESCRIPTION="block type DropCapitalZone"/><OtherTag ID="BT11" LABEL="GraphicZone" DESCRIPTION="block type GraphicZone"/><OtherTag ID="BT12" LABEL="MainZone" DESCRIPTION="block type MainZone"/><OtherTag ID="BT13" LABEL="MarginTextZone" DESCRIPTION="block type MarginTextZone"/><OtherTag ID="BT14" LABEL="MusicZone" DESCRIPTION="block type MusicZone"/><OtherTag ID="BT15" LABEL="NumberingZone" DESCRIPTION="block type NumberingZone"/><OtherTag ID="BT17" LABEL="QuireMarksZone" DESCRIPTION="block type QuireMarksZone"/><OtherTag ID="BT18" LABEL="RunningTitleZone" DESCRIPTION="block type RunningTitleZone"/><OtherTag ID="BT19" LABEL="SealZone" DESCRIPTION="block type SealZone"/><OtherTag ID="BT20" LABEL="StampZone" DESCRIPTION="block type StampZone"/><OtherTag ID="BT21" LABEL="TableZone" DESCRIPTION="block type TableZone"/><OtherTag ID="BT22" LABEL="TitlePageZone" DESCRIPTION="block type TitlePageZone"/><OtherTag ID="BT1851" LABEL="MainZone-P" DESCRIPTION="block type MainZone-P"/><OtherTag ID="BT1852" LABEL="MainZone-Head" DESCRIPTION="block type MainZone-Head"/><OtherTag ID="BT1853" LABEL="MainZone-P-Continued" DESCRIPTION="block type MainZone-P-Continued"/><OtherTag ID="BT1854" LABEL="MarginTextZone-ManuscriptAddendum" DESCRIPTION="block type MarginTextZone-ManuscriptAddendum"/><OtherTag ID="BT1855" LABEL="text" DESCRIPTION="block type text"/><OtherTag ID="BT1856" LABEL="MainZone-Entry" DESCRIPTION="block type MainZone-Entry"/><OtherTag ID="BT1857" LABEL="MainZone-Entry-Continued" DESCRIPTION="block type MainZone-Entry-Continued"/><OtherTag ID="BT1877" LABEL="GraphicZone-Decoration" DESCRIPTION="block type GraphicZone-Decoration"/><OtherTag ID="BT1894" LABEL="MainZone-Other" DESCRIPTION="block type MainZone-Other"/>
    <OtherTag ID="LT7" LABEL="CustomLine" DESCRIPTION="line type CustomLine"/><OtherTag ID="LT8" LABEL="DefaultLine" DESCRIPTION="line type DefaultLine"/><OtherTag ID="LT9" LABEL="DropCapitalLine" DESCRIPTION="line type DropCapitalLine"/><OtherTag ID="LT10" LABEL="HeadingLine" DESCRIPTION="line type HeadingLine"/><OtherTag ID="LT11" LABEL="InterlinearLine" DESCRIPTION="line type InterlinearLine"/><OtherTag ID="LT12" LABEL="MusicLine" DESCRIPTION="line type MusicLine"/><OtherTag ID="LT636" LABEL="default" DESCRIPTION="line type default"/>
  </Tags>
  <Layout>
    <Page WIDTH="1078"
          HEIGHT="1728"
          PHYSICAL_IMG_NR="14"
          ID="eSc_dummypage_">
      <PrintSpace HPOS="0"
                  VPOS="0"
                  WIDTH="1078"
                  HEIGHT="1728">
        <TextBlock HPOS="217"
                   VPOS="53"
                   WIDTH="45"
                   HEIGHT="32"
                   ID="block_3"
                   TAGREFS="BT15">
          <Shape><Polygon POINTS="262 53 262 85 217 85 217 53"/></Shape>
          <TextLine ID="line_0"
                    TAGREFS="LT8"
                    BASELINE="220 75 264 73" 
                    HPOS="218.0"
                    VPOS="49.0"
                    WIDTH="46.0"
                    HEIGHT="42.0">
            <Shape><Polygon POINTS="246 50 237 50 227 50 219 50 218 51 220 75 220 91 264 81 264 73 262 50 246 49 246 50"/></Shape>
	    <String CONTENT="22"
                    HPOS="218.0"
                    VPOS="49.0"
                    WIDTH="46.0"
                    HEIGHT="42.0"
                    WC="0.9999772906303406"></String>
          </TextLine>
        </TextBlock>
        <TextBlock HPOS="434"
                   VPOS="40"
                   WIDTH="383"
                   HEIGHT="40"
                   ID="block_0"
                   TAGREFS="BT18">
          <Shape><Polygon POINTS="817 40 817 80 434 80 434 40"/></Shape>
          <TextLine ID="line_1"
                    TAGREFS="LT10"
                    BASELINE="430 72 814 68" 
                    HPOS="429"
                    VPOS="35"
                    WIDTH="385"
                    HEIGHT="52">
            <Shape><Polygon POINTS="775 38 765 38 756 38 746 38 736 38 729 38 728 39 693 39 691 38 688 38 679 38 669 38 660 38 650 38 643 38 637 39 628 38 621 38 612 38 602 38 592 38 583 38 573 38 567 38 563 40 558 38 554 38 544 38 535 38 534 38 527 40 493 38 487 38 477 38 467 38 458 38 448 38 439 38 436 38 429 41 430 72 430 81 447 87 448 87 449 87 450 87 471 82 491 87 492 87 493 87 583 86 615 82 632 80 641 82 656 85 657 85 658 85 659 85 659 84 660 84 661 82 663 79 813 82 814 68 812 38 784 35 784 36"/></Shape>
	    <String CONTENT="COMMENTARII"
                    HPOS="429"
                    VPOS="35"
                    WIDTH="385"
                    HEIGHT="52"
                    WC="0.972708295692097"></String>
          </TextLine>
        </TextBlock>
        <TextBlock HPOS="214"
                   VPOS="93"
                   WIDTH="814"
                   HEIGHT="1422"
                   ID="block_2"
                   TAGREFS="BT1853">
          <Shape><Polygon POINTS="1028 93 1028 1466 214 1515 214 93"/></Shape>
          <TextLine ID="line_2"
                    TAGREFS="LT8"
                    BASELINE="217 121 516 117 1005 120" 
                    HPOS="216"
                    VPOS="87"
                    WIDTH="789"
                    HEIGHT="51">
            <Shape><Polygon POINTS="975 89 965 89 955 89 954 89 944 91 939 93 903 93 901 91 896 89 888 89 879 89 869 89 859 89 850 89 840 89 831 89 821 89 811 89 802 89 800 89 791 91 785 93 701 93 693 91 684 89 677 89 667 89 658 89 652 89 647 91 642 92 627 91 609 89 600 89 590 89 581 89 571 89 566 89 555 90 537 92 528 90 523 89 514 89 504 89 494 89 491 89 489 90 483 92 468 90 461 89 456 89 446 89 437 89 427 89 417 89 408 89 403 89 396 90 381 92 375 90 372 89 369 89 362 89 361 90 358 92 348 90 343 89 341 89 331 89 321 89 312 89 302 89 293 89 283 89 273 89 264 89 254 89 216 89 217 121 217 133 257 130 271 134 285 137 286 137 287 137 288 137 289 137 293 134 301 127 327 134 342 137 343 138 486 138 486 137 487 137 494 134 509 127 517 134 518 134 519 134 520 134 524 134 560 128 567 134 571 137 572 137 573 137 574 138 603 138 603 137 604 137 605 137 610 134 621 127 664 132 665 132 690 127 846 127 888 134 906 137 930 134 971 129 1004 134 1005 120 1004 92 984 87 984 89"/></Shape>
	    <String CONTENT="rei, cuius gratia aliquid fit. Si finem igitur"
                    HPOS="216"
                    VPOS="87"
                    WIDTH="789"
                    HEIGHT="51"
                    WC="0.9959672508032426"></String>
          </TextLine>
          <TextLine ID="line_3"
                    TAGREFS="LT8"
                    BASELINE="218 170 722 166 1009 168" 
                    HPOS="217.0"
                    VPOS="128.0"
                    WIDTH="792.0"
                    HEIGHT="61.0">
            <Shape><Polygon POINTS="985 137 981 129 981 130 966 140 898 140 885 133 884 133 883 133 882 133 869 139 845 132 829 128 828 128 827 128 826 128 816 133 806 139 774 140 760 134 749 129 748 129 725 129 724 129 723 129 710 135 699 139 679 135 649 130 648 130 647 130 635 136 628 140 590 142 532 142 526 138 514 132 514 132 513 132 421 138 286 131 285 131 284 131 265 141 250 142 242 136 241 136 240 136 239 136 238 136 217 143 218 170 218 189 246 188 247 188 248 188 263 179 310 179 333 188 334 188 335 188 435 187 436 187 437 187 453 178 469 185 470 185 471 185 472 185 486 178 521 178 533 185 535 187 536 187 537 187 538 188 566 188 566 187 567 187 573 185 593 178 612 184 617 186 618 186 619 186 620 186 621 186 623 184 633 177 721 177 738 183 747 186 748 186 749 186 764 183 788 176 840 176 851 181 857 185 858 185 859 186 907 186 907 185 908 185 921 181 934 176 954 180 972 184 973 184 1008 179 1009 168 1008 130 989 128 985 137"/></Shape>
	    <String CONTENT="perfectionem accipias, tum finis Legis eſt"
                    HPOS="217.0"
                    VPOS="128.0"
                    WIDTH="792.0"
                    HEIGHT="61.0"
                    WC="0.9886959677650815"></String>
          </TextLine>
          <TextLine ID="line_4"
                    TAGREFS="LT8"
                    BASELINE="219 218 643 215 1009 217" 
                    HPOS="218.0"
                    VPOS="177.0"
                    WIDTH="791.0"
                    HEIGHT="58.0">
            <Shape><Polygon POINTS="219 218 219 235 264 234 265 234 285 227 314 232 315 232 316 232 317 232 325 226 339 232 340 232 341 232 342 232 360 226 377 234 378 234 379 234 380 234 381 234 382 234 396 225 434 230 435 230 487 226 503 233 507 234 508 234 509 235 540 235 540 234 541 234 545 232 556 226 574 232 575 232 576 232 577 232 578 232 579 232 600 225 610 231 611 231 612 231 612 231 613 231 626 225 663 225 676 231 683 234 684 234 685 234 686 234 695 231 710 225 732 230 740 232 741 232 759 230 807 224 819 229 827 233 828 233 829 233 850 229 861 227 869 229 882 233 883 233 884 233 885 233 894 229 902 225 935 226 937 228 943 233 944 233 945 233 946 233 1008 227 1009 217 1008 188 952 188 928 177 927 177 926 177 925 177 892 188 886 189 809 188 751 187 737 178 736 178 735 178 658 178 657 178 656 178 636 188 632 190 624 188 610 184 609 184 608 184 533 188 499 190 495 188 480 178 479 178 478 178 477 178 476 178 459 187 432 182 431 182 430 182 418 188 416 190 355 189 354 189 332 178 331 178 330 178 243 179 242 179 218 188 219 218"/></Shape>
	    <String CONTENT="Chriſtus, vt loquitur ad Rom.10.verſu 4."
                    HPOS="218.0"
                    VPOS="177.0"
                    WIDTH="791.0"
                    HEIGHT="58.0"></String>
          </TextLine>
          <TextLine ID="line_5"
                    TAGREFS="LT8"
                    BASELINE="219 268 1007 264" 
                    HPOS="218.0"
                    VPOS="225.0"
                    WIDTH="789.0"
                    HEIGHT="57.0">
            <Shape><Polygon POINTS="219 268 219 277 363 282 364 282 365 282 380 277 385 276 399 277 444 281 445 281 530 277 569 275 1005 275 1007 264 1004 233 958 235 954 233 940 225 939 225 938 225 937 225 921 233 917 235 877 235 870 233 850 225 849 225 848 225 815 231 769 226 768 226 767 226 750 233 743 236 738 233 725 226 724 226 695 226 694 226 693 226 692 226 684 233 678 237 613 234 580 232 579 232 578 232 574 234 567 238 470 238 460 234 455 232 454 232 453 232 452 232 451 232 449 234 442 239 392 239 386 234 378 229 377 229 376 229 323 229 322 229 321 229 320 229 313 234 307 238 301 234 291 229 290 229 289 229 288 229 274 234 265 238 249 235 233 231 232 231 218 234 219 268"/></Shape>
	    <String CONTENT="Sed eſt finis etiam intermedius, ſic finis Le¬"
                    HPOS="218.0"
                    VPOS="225.0"
                    WIDTH="789.0"
                    HEIGHT="57.0"
                    WC="0.9872872997885165"></String>
          </TextLine>
          <TextLine ID="line_6"
                    TAGREFS="LT8"
                    BASELINE="222 316 1005 312" 
                    HPOS="221.0"
                    VPOS="275.0"
                    WIDTH="784.0"
                    HEIGHT="56.0">
            <Shape><Polygon POINTS="222 316 222 325 371 325 389 331 390 331 391 331 392 331 392 331 402 325 417 330 418 330 419 331 511 331 511 330 512 330 522 325 524 324 531 325 562 330 563 331 606 331 606 330 607 330 608 330 612 325 614 324 631 325 685 329 686 329 733 325 761 323 771 325 786 329 787 329 788 329 827 325 851 323 856 325 860 328 861 328 862 328 877 325 889 323 897 325 905 328 906 328 906 328 907 328 913 325 921 322 1004 325 1005 312 1003 284 981 285 978 284 955 275 955 275 937 275 936 275 935 275 934 275 925 283 914 275 913 275 912 275 865 275 864 275 863 275 840 285 838 286 741 286 739 286 728 276 727 276 726 276 661 276 661 276 660 276 638 286 638 287 544 287 541 287 497 279 496 279 495 279 477 288 444 288 420 277 419 277 418 277 417 277 416 277 408 283 353 278 352 278 351 278 338 285 304 278 303 278 302 278 279 288 221 288 222 316"/></Shape>
	    <String CONTENT="gis eſt dilectio proximi. Eſt autem dilectio"
                    HPOS="221.0"
                    VPOS="275.0"
                    WIDTH="784.0"
                    HEIGHT="56.0"
                    WC="0.9945117072625593"></String>
          </TextLine>
          <TextLine ID="line_7"
                    TAGREFS="LT8"
                    BASELINE="219 367 1001 361" 
                    HPOS="218.0"
                    VPOS="327.0"
                    WIDTH="783.0"
                    HEIGHT="57.0">
            <Shape><Polygon POINTS="219 367 219 381 258 377 267 381 273 384 274 384 275 384 276 384 283 380 292 376 344 376 352 379 358 382 359 382 360 382 361 382 370 379 386 375 411 375 416 378 422 383 423 383 424 383 425 384 478 384 478 383 503 382 504 382 513 377 519 374 551 374 556 376 566 382 567 382 568 382 605 377 617 381 618 381 619 381 620 381 632 375 636 373 654 375 710 381 711 381 712 381 741 373 748 372 780 372 781 373 794 380 795 380 796 380 847 375 867 380 868 380 869 380 870 380 871 380 881 371 882 371 885 371 952 379 953 379 1001 369 1001 361 998 332 911 336 906 333 897 327 896 327 895 327 894 327 835 328 834 328 833 328 828 333 821 328 820 328 819 328 818 328 817 328 801 334 801 335 738 336 732 335 722 332 721 332 720 332 704 336 694 337 687 336 671 330 670 330 669 330 668 330 646 336 639 337 621 336 571 333 570 333 532 337 522 338 520 337 509 333 508 333 507 333 465 338 455 339 443 338 348 331 347 331 311 339 277 332 276 332 275 332 274 332 266 338 218 341 219 367"/></Shape>
	    <String CONTENT="beneuolentia qua proximum amplectimur"
                    HPOS="218.0"
                    VPOS="327.0"
                    WIDTH="783.0"
                    HEIGHT="57.0"
                    WC="0.9986326114551441"></String>
          </TextLine>
          <TextLine ID="line_8"
                    TAGREFS="LT8"
                    BASELINE="220 416 999 410" 
                    HPOS="219.0"
                    VPOS="372.0"
                    WIDTH="780.0"
                    HEIGHT="60.0">
            <Shape><Polygon POINTS="987 390 984 384 958 384 957 384 922 372 921 372 920 372 845 373 844 373 822 383 817 384 781 383 742 380 741 380 729 382 708 385 701 382 698 380 697 380 696 380 695 380 672 382 605 386 588 381 572 375 571 375 570 375 539 380 504 386 491 380 484 376 483 376 482 376 481 376 480 376 475 380 462 387 394 387 370 379 362 376 361 376 360 376 335 377 334 377 333 377 331 379 320 385 311 378 310 377 309 377 308 377 280 377 279 377 278 377 276 378 265 384 254 378 253 377 252 377 251 377 250 377 219 377 220 416 220 432 240 425 327 429 328 429 375 424 418 432 421 432 422 432 423 432 424 432 436 423 491 423 542 428 543 428 544 428 561 423 575 431 576 431 577 431 579 431 612 424 626 430 627 430 628 431 663 431 695 431 695 430 696 430 746 421 766 429 767 429 768 429 826 423 834 429 835 429 836 429 837 430 868 430 868 429 869 429 870 429 884 420 997 428 999 410 997 384 989 384 987 390"/></Shape>
	    <String CONTENT="ſtudio Dei, vel noſtri quærentes. Ad hanc"
                    HPOS="219.0"
                    VPOS="372.0"
                    WIDTH="780.0"
                    HEIGHT="60.0"
                    WC="0.9995254656163658"></String>
          </TextLine>
          <TextLine ID="line_9"
                    TAGREFS="LT8"
                    BASELINE="221 466 539 460 1002 462" 
                    HPOS="219"
                    VPOS="420"
                    WIDTH="782"
                    HEIGHT="62">
            <Shape><Polygon POINTS="220 465 220 480 554 473 576 482 611 472 730 472 749 480 768 473 802 480 815 472 843 480 939 472 998 478 1001 460 998 430 926 430 912 420 860 420 847 432 769 432 747 420 709 430 589 421 572 429 533 421 520 432 383 430 373 421 368 421 312 432 219 426 220 465"/></Shape>
	    <String CONTENT="beneuolentiam refertur tota lex, vt eſt Rom."
                    HPOS="219"
                    VPOS="420"
                    WIDTH="782"
                    HEIGHT="62"
                    WC="0.9876986850391735"></String>
          </TextLine>
          <TextLine ID="line_10"
                    TAGREFS="LT8"
                    BASELINE="220 513 1009 509" 
                    HPOS="220.0"
                    VPOS="474.0"
                    WIDTH="789.0"
                    HEIGHT="56.0">
            <Shape><Polygon POINTS="220 513 220 523 242 530 243 530 244 530 245 530 268 524 271 523 292 524 416 530 417 530 418 530 419 530 419 529 426 525 428 523 438 525 468 529 469 529 470 529 471 529 478 525 482 522 499 525 521 528 522 528 539 525 553 522 563 526 571 528 572 528 573 528 590 526 615 521 682 521 691 526 695 528 696 528 697 528 698 529 739 529 739 528 740 528 741 528 743 527 752 520 815 520 824 525 825 525 826 525 827 525 853 520 862 528 863 528 864 528 865 528 866 528 867 528 878 522 887 528 888 528 889 528 890 528 1008 528 1009 509 1007 482 975 482 962 474 961 474 960 474 938 474 937 474 936 474 921 482 864 482 811 474 810 474 769 482 718 477 717 477 686 482 676 475 675 475 674 475 657 475 656 475 655 475 641 482 597 483 578 476 577 476 546 476 545 476 544 476 531 482 475 476 474 476 473 476 449 483 411 479 410 479 373 484 363 477 362 477 361 477 336 477 335 477 334 477 318 484 295 480 294 480 220 485 220 513"/></Shape>
	    <String CONTENT="13.verſu 9.10. &amp; 1. Corinth.13. verſu 4.5. Ga¬"
                    HPOS="220.0"
                    VPOS="474.0"
                    WIDTH="789.0"
                    HEIGHT="56.0"></String>
          </TextLine>
          <TextLine ID="line_11"
                    TAGREFS="LT8"
                    BASELINE="219 563 1010 557" 
                    HPOS="218.0"
                    VPOS="520.0"
                    WIDTH="792.0"
                    HEIGHT="63.0">
            <Shape><Polygon POINTS="219 563 219 573 246 582 247 582 248 583 322 583 322 582 323 582 349 572 350 572 351 572 360 576 361 576 362 576 363 576 364 576 369 572 370 572 432 572 451 579 452 579 453 579 454 579 480 571 483 571 488 571 558 580 559 580 560 580 561 580 575 571 608 576 609 576 610 576 623 570 624 570 626 570 654 578 655 578 656 578 697 573 712 579 713 579 714 580 746 580 746 579 747 579 748 579 756 575 808 577 809 577 810 577 834 569 877 578 878 578 879 578 906 568 907 568 908 568 943 577 944 577 945 577 1009 567 1010 557 1007 531 866 531 863 529 850 520 849 520 848 520 799 520 798 520 797 520 778 529 773 531 765 529 747 524 746 524 745 524 744 524 729 528 720 531 710 528 681 521 680 521 657 521 656 521 655 521 654 521 645 528 636 521 635 521 634 521 633 521 592 522 591 522 569 528 564 528 557 528 516 522 515 522 514 522 500 528 480 535 428 535 415 527 409 523 408 523 407 523 383 523 382 523 381 523 380 523 375 527 367 531 343 526 340 526 339 526 338 526 337 526 321 532 218 526 219 563"/></Shape>
	    <String CONTENT="lat.5. verſu 14. Porrò alius poteſt hîc quo¬"
                    HPOS="218.0"
                    VPOS="520.0"
                    WIDTH="792.0"
                    HEIGHT="63.0"
                    WC="0.9964083536811497"></String>
          </TextLine>
          <TextLine ID="line_12"
                    TAGREFS="LT8"
                    BASELINE="220 609 1011 609" 
                    HPOS="220.0"
                    VPOS="574.0"
                    WIDTH="791.0"
                    HEIGHT="54.0">
            <Shape><Polygon POINTS="220 609 220 628 271 628 271 627 272 627 292 620 340 627 341 627 342 627 343 627 368 620 398 620 412 627 413 627 414 627 415 627 417 627 515 620 526 624 527 624 528 624 560 620 585 627 586 627 587 627 588 628 674 628 674 627 675 627 676 627 695 620 813 620 834 625 835 625 836 625 837 625 860 620 879 627 880 627 881 627 882 627 884 627 916 620 942 627 944 627 945 627 946 627 1011 626 1011 609 1011 585 930 585 929 584 920 578 919 578 918 578 917 578 916 578 915 578 908 584 898 579 897 579 896 579 895 579 882 583 864 576 863 576 862 576 861 576 860 576 848 583 831 574 830 574 789 574 788 574 787 574 767 583 763 584 759 583 730 574 729 574 709 574 708 574 707 574 706 574 694 582 692 584 654 585 628 585 622 582 608 574 607 574 586 574 585 574 584 574 583 574 571 581 565 584 468 583 465 580 456 574 455 574 454 574 432 574 431 574 430 574 429 574 420 580 416 583 410 580 392 574 392 574 326 574 325 574 324 574 307 579 294 584 220 579 220 609"/></Shape>
	    <String CONTENT="que eſſe ſenſus: nã παραγγελία videtur ſumi"
                    HPOS="220.0"
                    VPOS="574.0"
                    WIDTH="791.0"
                    HEIGHT="54.0"></String>
          </TextLine>
          <TextLine ID="line_13"
                    TAGREFS="LT8"
                    BASELINE="222 661 422 657 1008 658" 
                    HPOS="221.0"
                    VPOS="622.0"
                    WIDTH="787.0"
                    HEIGHT="57.0">
            <Shape><Polygon POINTS="222 661 222 679 320 669 352 673 353 673 382 670 396 677 399 678 400 678 401 679 429 679 429 678 430 678 434 676 451 669 464 669 474 676 477 678 478 678 479 678 480 679 523 679 523 678 524 678 531 675 544 669 603 669 618 673 626 676 627 676 628 676 629 676 630 676 634 673 641 669 648 673 654 678 655 678 656 678 657 679 689 679 689 678 690 678 691 678 698 672 705 669 775 669 783 672 800 678 801 678 802 678 803 678 814 672 823 678 824 678 825 678 826 678 862 671 870 669 877 670 906 678 907 678 908 679 955 679 955 678 1007 668 1008 658 1007 631 827 631 825 629 813 622 812 622 811 622 786 622 785 622 784 622 769 629 767 631 741 631 738 629 728 622 727 622 726 622 692 622 691 622 690 622 689 622 680 628 677 631 640 631 636 628 623 622 622 622 553 622 552 622 551 622 550 622 542 627 530 623 529 623 528 623 527 623 517 627 513 630 508 627 494 622 493 622 492 622 491 622 475 627 466 630 451 627 435 624 434 624 433 624 422 627 416 628 415 627 407 622 406 622 405 622 384 622 383 622 382 622 381 622 374 626 368 630 221 626 222 661"/></Shape>
	    <String CONTENT="pro mandato Apoſtolico, hoc eſt, interpre¬"
                    HPOS="221.0"
                    VPOS="622.0"
                    WIDTH="787.0"
                    HEIGHT="57.0"
                    WC="0.9884791203907558"></String>
          </TextLine>
          <TextLine ID="line_14"
                    TAGREFS="LT8"
                    BASELINE="219 710 573 706 1004 710" 
                    HPOS="219.0"
                    VPOS="671.0"
                    WIDTH="785.0"
                    HEIGHT="58.0">
            <Shape><Polygon POINTS="219 710 219 728 267 719 307 720 318 726 318 726 319 726 320 726 321 726 332 722 341 728 342 728 343 728 343 729 416 729 416 728 417 728 418 728 428 721 446 728 447 728 448 729 516 729 516 728 517 728 539 718 666 718 680 727 681 727 682 727 683 727 684 727 711 718 778 718 791 723 792 723 793 723 794 723 806 718 832 727 833 727 833 727 882 718 907 728 908 728 909 728 938 723 1003 728 1004 710 1004 680 976 673 975 673 974 673 973 673 962 680 900 680 882 671 882 671 803 671 802 671 773 677 759 672 759 672 758 672 757 672 736 679 695 679 683 672 682 672 681 672 680 672 661 680 596 680 585 671 584 671 583 671 540 671 539 671 539 671 538 671 523 680 476 680 437 671 436 671 435 671 434 671 420 680 372 680 358 671 357 671 356 671 300 671 299 671 298 671 297 671 284 680 219 680 219 710"/></Shape>
	    <String CONTENT="tandi formula, rectè interpretandi Legem,"
                    HPOS="219.0"
                    VPOS="671.0"
                    WIDTH="785.0"
                    HEIGHT="58.0"
                    WC="0.997945351260049"></String>
          </TextLine>
          <TextLine ID="line_15"
                    TAGREFS="LT8"
                    BASELINE="220 757 1004 757" 
                    HPOS="220.0"
                    VPOS="720.0"
                    WIDTH="784.0"
                    HEIGHT="57.0">
            <Shape><Polygon POINTS="220 757 220 765 250 776 251 776 252 777 364 777 364 776 405 768 453 776 454 776 455 776 456 776 464 770 495 772 496 772 497 772 519 766 521 766 690 766 693 767 707 770 708 770 709 770 800 767 806 767 807 767 821 776 822 776 823 776 824 776 873 768 889 776 890 776 891 776 892 776 910 767 911 767 913 767 949 776 950 776 951 776 1004 767 1004 757 1004 731 891 731 888 730 866 724 865 724 864 724 863 724 844 729 841 730 836 729 785 720 784 720 721 729 710 730 707 729 693 720 692 720 691 720 647 720 646 720 645 720 629 727 620 720 619 720 618 720 552 720 551 720 550 720 529 727 523 729 516 727 500 723 499 723 498 723 497 723 486 727 477 730 468 727 446 720 445 720 412 720 411 720 410 720 393 727 384 730 220 726 220 757"/></Shape>
	    <String CONTENT="quam poteſtatem dedit Timotheo, vt man¬"
                    HPOS="220.0"
                    VPOS="720.0"
                    WIDTH="784.0"
                    HEIGHT="57.0"
                    WC="0.9987511481994238"></String>
          </TextLine>
          <TextLine ID="line_16"
                    TAGREFS="LT8"
                    BASELINE="221 806 1004 804" 
                    HPOS="220.0"
                    VPOS="768.0"
                    WIDTH="784.0"
                    HEIGHT="55.0">
            <Shape><Polygon POINTS="221 806 221 819 227 823 228 823 229 823 230 823 231 823 251 817 259 823 260 823 261 823 262 823 287 818 387 823 388 823 389 823 406 816 408 816 410 816 438 823 439 823 440 823 441 823 451 816 452 816 533 816 535 816 570 823 571 823 572 823 573 823 583 816 602 820 603 820 628 816 633 816 635 816 645 821 646 821 647 821 648 821 649 821 656 816 656 816 659 816 680 820 681 820 682 820 693 816 694 816 703 822 704 822 705 822 706 822 707 822 724 816 725 816 727 816 738 820 739 820 740 820 823 816 831 816 835 816 909 822 910 822 1003 815 1004 804 1002 779 940 779 922 768 921 768 920 768 919 768 918 768 893 779 851 779 806 768 714 768 713 768 712 768 711 768 694 779 677 779 661 768 661 768 660 768 617 768 616 768 615 768 614 768 601 777 568 779 498 779 484 768 483 768 482 768 455 768 454 768 453 768 431 778 415 768 414 768 413 768 393 768 392 768 392 768 352 779 287 774 286 774 220 780 221 806"/></Shape>
	    <String CONTENT="daret quibuſdam ne aliam doctrinam doce¬"
                    HPOS="220.0"
                    VPOS="768.0"
                    WIDTH="784.0"
                    HEIGHT="55.0"
                    WC="0.994737608730793"></String>
          </TextLine>
          <TextLine ID="line_17"
                    TAGREFS="LT8"
                    BASELINE="219 858 1002 854" 
                    HPOS="218.0"
                    VPOS="816.0"
                    WIDTH="784.0"
                    HEIGHT="63.0">
            <Shape><Polygon POINTS="219 858 219 868 266 868 286 878 287 878 288 879 341 879 341 878 342 878 343 878 350 872 362 878 363 878 364 879 414 879 414 878 415 878 416 878 430 868 433 867 519 867 526 868 557 876 558 876 559 876 560 876 570 868 573 866 614 866 638 866 645 869 661 876 662 876 663 876 664 876 686 869 693 866 699 869 714 876 715 876 716 877 767 877 767 876 768 876 769 876 779 869 784 865 824 865 830 869 837 875 838 875 839 875 840 875 1002 869 1002 854 998 817 964 827 831 827 816 820 808 816 807 816 806 816 805 816 795 820 783 827 730 827 718 822 706 817 705 817 704 817 661 823 642 825 635 823 611 816 610 816 609 816 568 817 567 817 554 825 549 827 542 825 519 817 518 817 456 817 455 817 454 817 453 817 440 827 438 828 432 827 414 822 413 822 412 822 411 822 399 827 395 829 385 828 325 818 324 818 323 818 322 818 309 827 295 823 294 823 294 823 293 823 277 829 258 819 257 819 256 819 255 819 218 830 219 858"/></Shape>
	    <String CONTENT="rent. Itaque libẽter hîc non pro Lege, quod"
                    HPOS="218.0"
                    VPOS="816.0"
                    WIDTH="784.0"
                    HEIGHT="63.0"
                    WC="0.9959711750348409"></String>
          </TextLine>
          <TextLine ID="line_18"
                    TAGREFS="LT8"
                    BASELINE="220 908 998 904" 
                    HPOS="219.0"
                    VPOS="867.0"
                    WIDTH="779.0"
                    HEIGHT="56.0">
            <Shape><Polygon POINTS="220 908 220 917 231 923 232 923 233 923 267 917 274 916 292 917 387 923 388 923 389 923 400 917 433 921 434 921 435 921 436 921 443 916 446 915 490 915 496 915 533 922 534 922 535 922 546 915 547 915 551 915 607 922 608 922 656 921 657 921 658 921 667 914 668 914 674 914 725 921 726 921 727 921 740 914 741 914 745 914 785 918 786 918 844 913 854 913 855 913 864 920 865 920 866 920 867 920 898 915 937 920 938 920 997 912 998 904 996 878 966 875 956 867 955 867 955 867 936 867 935 867 934 867 933 867 918 878 861 878 850 870 849 870 848 870 847 870 846 870 833 875 804 867 803 867 802 867 761 869 760 869 738 878 710 868 710 868 638 868 637 868 637 868 636 868 622 879 607 879 559 872 558 872 557 872 533 879 521 871 520 871 519 871 480 869 479 869 478 869 450 879 392 880 379 872 378 872 377 872 376 872 375 872 374 872 364 880 340 875 339 875 338 875 337 875 328 881 219 881 220 908"/></Shape>
	    <String CONTENT="tamen omnes faciunt, ſed pro illo mandato"
                    HPOS="219.0"
                    VPOS="867.0"
                    WIDTH="779.0"
                    HEIGHT="56.0"
                    WC="0.999709872210898"></String>
          </TextLine>
          <TextLine ID="line_19"
                    TAGREFS="LT8"
                    BASELINE="221 956 1000 953" 
                    HPOS="220.0"
                    VPOS="915.0"
                    WIDTH="780.0"
                    HEIGHT="61.0">
            <Shape><Polygon POINTS="221 956 221 976 306 975 307 975 308 975 324 964 339 964 353 974 354 974 355 974 356 974 359 974 397 964 424 964 436 972 440 975 441 975 441 975 442 976 480 976 480 975 481 975 482 975 486 971 497 963 553 969 554 969 579 964 588 969 591 971 592 971 593 971 594 971 595 971 597 969 606 963 659 963 671 968 686 973 686 973 687 973 688 973 710 967 716 965 722 967 734 971 735 971 735 971 736 971 737 971 742 966 748 962 787 962 793 965 799 970 800 970 801 970 802 970 849 964 868 962 873 964 891 972 892 972 893 972 921 967 970 973 971 973 972 973 1000 961 1000 953 999 924 973 915 972 915 971 915 921 924 914 925 909 924 879 915 878 915 877 915 876 915 853 924 852 925 850 924 832 915 831 915 830 915 799 921 791 915 790 915 789 915 751 915 750 915 749 915 748 915 736 925 735 927 687 927 686 925 673 916 672 916 671 916 656 916 655 916 654 916 634 926 633 926 629 926 577 917 576 917 575 917 558 926 551 926 482 922 481 922 480 922 479 922 474 926 473 928 390 928 389 927 367 917 367 917 366 917 365 917 346 927 317 917 316 917 315 917 314 917 295 927 294 928 265 928 259 928 246 919 245 919 245 919 244 919 243 919 220 927 221 956"/></Shape>
	    <String CONTENT="Apoſtoli acciperem, vt hic eſſet ſenſus, Fi¬"
                    HPOS="220.0"
                    VPOS="915.0"
                    WIDTH="780.0"
                    HEIGHT="61.0"
                    WC="0.9988030980933796"></String>
          </TextLine>
          <TextLine ID="line_20"
                    TAGREFS="LT8"
                    BASELINE="219 1006 511 1002 1004 1004" 
                    HPOS="218.0"
                    VPOS="967.0"
                    WIDTH="786.0"
                    HEIGHT="53.0">
            <Shape><Polygon POINTS="219 1006 219 1020 261 1012 318 1012 326 1019 327 1019 328 1019 329 1019 332 1019 400 1011 433 1011 450 1018 454 1019 455 1019 456 1019 465 1017 494 1011 565 1011 574 1016 578 1019 579 1019 580 1019 581 1019 658 1018 659 1018 665 1015 676 1011 714 1015 743 1017 744 1017 765 1014 784 1011 796 1014 816 1019 817 1019 818 1019 889 1018 890 1018 909 1012 910 1012 911 1012 924 1019 925 1019 926 1020 987 1020 987 1019 988 1019 1004 1011 1004 1004 1002 975 871 977 865 975 848 969 847 969 846 969 845 969 829 975 819 967 818 967 817 967 778 967 777 967 776 967 775 967 767 973 725 967 724 967 723 967 701 974 637 967 637 967 636 967 615 975 573 967 572 967 571 967 570 967 560 975 519 977 513 977 512 977 498 967 497 967 496 967 461 967 460 967 414 977 245 973 244 973 218 978 219 1006"/></Shape>
	    <String CONTENT="nis autem mãdati veri de recta Legis inter¬"
                    HPOS="218.0"
                    VPOS="967.0"
                    WIDTH="786.0"
                    HEIGHT="53.0"
                    WC="0.9858399412848733"></String>
          </TextLine>
          <TextLine ID="line_21"
                    TAGREFS="LT8"
                    BASELINE="221 1053 1004 1051" 
                    HPOS="220.0"
                    VPOS="1014.0"
                    WIDTH="784.0"
                    HEIGHT="54.0">
            <Shape><Polygon POINTS="221 1053 221 1068 260 1061 370 1067 385 1067 386 1067 387 1067 388 1067 388 1066 398 1060 418 1066 422 1067 423 1067 424 1067 425 1067 426 1067 427 1066 436 1060 536 1060 545 1065 549 1066 550 1066 551 1066 552 1066 559 1065 577 1060 617 1064 633 1065 634 1065 635 1065 636 1065 637 1064 642 1059 649 1063 649 1064 650 1064 651 1064 652 1064 664 1063 713 1059 722 1063 730 1066 731 1066 732 1066 733 1066 742 1062 751 1059 832 1061 980 1066 980 1066 981 1066 1004 1059 1004 1051 1003 1025 956 1014 870 1014 869 1014 868 1014 867 1014 854 1025 808 1025 795 1014 794 1014 793 1014 686 1014 685 1014 684 1014 683 1014 668 1025 574 1025 499 1015 498 1015 497 1015 465 1026 327 1026 308 1019 307 1019 306 1019 305 1019 286 1026 220 1026 221 1053"/></Shape>
	    <String CONTENT="pretatione, ac ſinceritate doctrinæ eſt dile¬"
                    HPOS="220.0"
                    VPOS="1014.0"
                    WIDTH="784.0"
                    HEIGHT="54.0"
                    WC="0.9991909556918674"></String>
          </TextLine>
          <TextLine ID="line_22"
                    TAGREFS="LT8"
                    BASELINE="220 1099 1007 1104" 
                    HPOS="219.0"
                    VPOS="1063.0"
                    WIDTH="788.0"
                    HEIGHT="56.0">
            <Shape><Polygon POINTS="220 1099 219 1105 233 1113 234 1113 269 1114 270 1114 336 1107 337 1107 338 1107 383 1113 384 1113 433 1108 436 1108 437 1108 460 1115 461 1115 462 1115 463 1115 475 1108 477 1108 498 1109 612 1115 612 1115 644 1111 659 1109 667 1111 692 1118 693 1118 694 1119 766 1119 766 1118 767 1118 778 1112 784 1110 790 1113 805 1118 806 1118 885 1119 886 1119 887 1119 897 1114 902 1112 906 1114 915 1119 916 1119 917 1119 1006 1115 1007 1104 1007 1076 985 1067 984 1067 956 1067 955 1067 955 1067 936 1076 935 1076 852 1066 851 1066 850 1066 817 1076 808 1076 750 1076 750 1075 732 1066 731 1066 710 1066 709 1066 708 1066 707 1066 696 1074 684 1065 683 1065 682 1065 661 1065 660 1065 659 1065 658 1065 645 1074 391 1074 390 1073 367 1063 366 1063 327 1063 326 1063 325 1063 324 1063 312 1072 311 1073 261 1073 259 1072 246 1065 245 1065 245 1065 244 1065 220 1071 220 1099"/></Shape>
	    <String CONTENT="ctio: huc enim omnis doctrina referenda"
                    HPOS="219.0"
                    VPOS="1063.0"
                    WIDTH="788.0"
                    HEIGHT="56.0"
                    WC="0.974671068863991"></String>
          </TextLine>
          <TextLine ID="line_23"
                    TAGREFS="LT8"
                    BASELINE="220 1151 571 1148 1010 1152" 
                    HPOS="219.0"
                    VPOS="1111.0"
                    WIDTH="791.0"
                    HEIGHT="57.0">
            <Shape><Polygon POINTS="220 1151 219 1156 250 1167 251 1167 252 1168 277 1168 277 1167 278 1167 298 1157 330 1167 331 1167 332 1168 357 1168 357 1167 358 1167 377 1157 378 1157 379 1157 398 1164 399 1164 400 1164 434 1157 438 1157 439 1157 456 1167 457 1167 458 1168 514 1168 514 1167 515 1167 516 1167 528 1159 582 1164 583 1164 614 1158 618 1158 623 1158 649 1163 650 1163 752 1160 782 1167 783 1167 784 1167 798 1160 810 1159 835 1158 838 1160 842 1163 843 1163 844 1163 845 1163 846 1163 857 1160 861 1158 866 1160 885 1168 886 1168 887 1168 1009 1160 1010 1152 1010 1124 952 1124 951 1123 941 1117 940 1117 939 1117 938 1117 892 1123 878 1113 877 1113 876 1113 841 1112 745 1112 744 1112 743 1112 742 1112 727 1123 687 1112 686 1112 646 1112 645 1112 644 1112 643 1112 626 1123 624 1123 583 1118 582 1118 478 1121 449 1111 448 1111 403 1111 402 1111 401 1111 400 1111 388 1121 381 1116 380 1116 379 1116 378 1116 309 1122 254 1111 253 1111 252 1111 220 1122 220 1151"/></Shape>
	    <String CONTENT="eſt, vt proſit proximo. Ideo dilectionis gra¬"
                    HPOS="219.0"
                    VPOS="1111.0"
                    WIDTH="791.0"
                    HEIGHT="57.0"
                    WC="0.985112664434645"></String>
          </TextLine>
          <TextLine ID="line_24"
                    TAGREFS="LT8"
                    BASELINE="219 1197 1008 1202" 
                    HPOS="218.0"
                    VPOS="1162.0"
                    WIDTH="790.0"
                    HEIGHT="58.0">
            <Shape><Polygon POINTS="219 1197 218 1208 261 1214 262 1214 263 1214 280 1209 291 1207 349 1207 356 1210 360 1212 361 1212 362 1212 363 1212 368 1211 378 1208 387 1211 399 1215 400 1215 401 1215 402 1215 416 1211 429 1208 454 1212 482 1216 483 1217 518 1217 518 1216 519 1216 527 1213 536 1209 607 1214 614 1214 615 1214 620 1214 682 1210 703 1215 710 1217 710 1217 711 1217 736 1216 811 1211 837 1217 843 1218 844 1218 851 1217 882 1212 893 1218 894 1218 895 1218 896 1218 897 1218 898 1218 912 1212 926 1218 928 1219 929 1219 930 1220 1007 1220 1008 1202 1008 1175 999 1170 998 1170 997 1170 996 1170 906 1175 900 1175 897 1175 856 1166 855 1166 854 1166 839 1174 838 1174 830 1174 744 1165 743 1165 713 1171 704 1174 613 1174 589 1169 573 1166 572 1166 556 1168 530 1172 509 1167 502 1166 501 1166 500 1166 496 1167 482 1172 469 1166 462 1163 461 1163 396 1163 395 1163 387 1165 362 1171 315 1163 304 1162 303 1162 302 1162 298 1163 274 1170 256 1162 255 1162 254 1162 219 1162 219 1197"/></Shape>
	    <String CONTENT="dus ſeu cauſas primarias explicat, quæ ſunt"
                    HPOS="218.0"
                    VPOS="1162.0"
                    WIDTH="790.0"
                    HEIGHT="58.0"
                    WC="0.9859584459038668"></String>
          </TextLine>
          <TextLine ID="line_25"
                    TAGREFS="LT8"
                    BASELINE="219 1245 1008 1250" 
                    HPOS="218.0"
                    VPOS="1208.0"
                    WIDTH="790.0"
                    HEIGHT="59.0">
            <Shape><Polygon POINTS="219 1245 218 1256 283 1260 284 1260 310 1258 338 1255 344 1258 355 1263 356 1263 357 1264 443 1264 443 1263 444 1263 456 1260 467 1256 477 1260 481 1261 482 1261 483 1261 490 1260 505 1257 510 1260 515 1264 516 1264 517 1264 518 1264 519 1264 530 1260 538 1258 556 1261 565 1262 566 1262 576 1261 604 1257 610 1261 614 1265 615 1265 616 1265 617 1265 618 1265 629 1262 637 1259 675 1262 707 1265 708 1265 719 1263 743 1258 766 1263 779 1266 780 1266 807 1264 863 1259 877 1265 878 1265 879 1265 880 1265 882 1265 913 1260 935 1266 937 1266 938 1266 939 1267 1007 1267 1008 1250 1008 1224 931 1215 930 1215 929 1215 928 1215 916 1223 882 1223 846 1212 845 1212 844 1212 843 1212 825 1221 779 1216 778 1216 777 1216 760 1221 681 1221 612 1210 528 1210 527 1210 526 1210 496 1219 487 1214 486 1214 485 1214 370 1218 355 1218 344 1208 343 1208 343 1208 292 1208 291 1208 219 1217 219 1245"/></Shape>
	    <String CONTENT="cordis puritas. Dicitur cor cogitationum"
                    HPOS="218.0"
                    VPOS="1208.0"
                    WIDTH="790.0"
                    HEIGHT="59.0"
                    WC="0.9889876946806908"></String>
          </TextLine>
          <TextLine ID="line_26"
                    TAGREFS="LT8"
                    BASELINE="218 1294 1007 1300" 
                    HPOS="217.0"
                    VPOS="1255.0"
                    WIDTH="790.0"
                    HEIGHT="64.0">
            <Shape><Polygon POINTS="218 1294 217 1301 270 1302 280 1309 281 1309 282 1309 283 1309 311 1303 313 1303 316 1303 348 1311 349 1311 377 1306 398 1312 399 1312 400 1312 434 1305 441 1304 443 1306 457 1315 458 1315 459 1315 460 1316 539 1316 539 1315 539 1315 540 1315 551 1307 554 1305 561 1308 583 1316 584 1316 585 1317 633 1317 633 1316 634 1316 650 1309 654 1308 658 1309 671 1314 672 1314 673 1314 674 1314 685 1310 688 1308 692 1310 705 1317 706 1317 707 1317 708 1317 723 1310 729 1308 766 1308 772 1311 784 1318 785 1318 786 1319 836 1319 836 1318 837 1318 838 1318 845 1313 849 1310 860 1313 882 1318 882 1318 883 1318 893 1313 904 1309 1005 1315 1007 1300 1006 1267 964 1260 963 1260 962 1260 951 1266 935 1274 905 1274 891 1265 886 1262 885 1262 884 1262 883 1262 869 1265 834 1273 784 1273 739 1264 710 1258 709 1258 708 1258 697 1263 682 1272 557 1272 490 1264 486 1261 476 1256 475 1256 405 1256 404 1256 403 1256 395 1260 380 1269 365 1260 356 1255 355 1255 354 1255 218 1258 218 1294"/></Shape>
	    <String CONTENT="&amp; ſenſuum fons, is igitur fons purus eſſe"
                    HPOS="217.0"
                    VPOS="1255.0"
                    WIDTH="790.0"
                    HEIGHT="64.0"
                    WC="0.9954974971166471"></String>
          </TextLine>
          <TextLine ID="line_27"
                    TAGREFS="LT8"
                    BASELINE="218 1343 1003 1347" 
                    HPOS="217.0"
                    VPOS="1308.0"
                    WIDTH="786.0"
                    HEIGHT="59.0">
            <Shape><Polygon POINTS="218 1343 217 1353 260 1361 261 1361 336 1355 353 1363 354 1363 394 1364 395 1364 451 1356 491 1363 492 1363 531 1356 547 1365 548 1365 549 1365 660 1357 688 1366 689 1366 690 1366 763 1360 771 1366 772 1366 773 1366 845 1367 846 1367 878 1361 945 1366 946 1366 1002 1358 1003 1347 1000 1312 968 1320 936 1314 935 1314 899 1320 843 1312 837 1311 836 1311 835 1311 834 1311 834 1312 820 1320 749 1313 748 1313 747 1313 720 1320 699 1313 698 1313 697 1313 696 1313 676 1319 612 1314 611 1314 610 1314 609 1314 603 1319 592 1312 590 1310 589 1310 588 1310 588 1310 571 1312 540 1315 536 1312 533 1309 532 1309 531 1309 530 1309 493 1311 492 1311 491 1311 491 1312 484 1317 462 1312 458 1311 457 1311 456 1311 454 1312 440 1319 391 1319 371 1312 369 1311 368 1311 367 1311 362 1312 328 1317 316 1312 307 1308 306 1308 305 1308 218 1311 218 1343"/></Shape>
	    <String CONTENT="debet-vt puram hinc aquam proximus"
                    HPOS="217.0"
                    VPOS="1308.0"
                    WIDTH="786.0"
                    HEIGHT="59.0"
                    WC="0.9969045151682461"></String>
          </TextLine>
          <TextLine ID="line_28"
                    TAGREFS="LT8"
                    BASELINE="216 1392 1003 1396" 
                    HPOS="215.0"
                    VPOS="1356.0"
                    WIDTH="788.0"
                    HEIGHT="60.0">
            <Shape><Polygon POINTS="216 1392 215 1402 290 1403 311 1410 312 1410 313 1410 353 1404 364 1412 365 1412 366 1412 367 1412 408 1407 417 1413 418 1413 419 1413 420 1414 470 1414 470 1413 471 1413 472 1413 483 1405 534 1413 535 1413 536 1413 537 1413 548 1405 579 1413 580 1413 581 1413 609 1407 631 1414 632 1414 633 1414 669 1408 684 1414 685 1414 686 1414 721 1406 782 1406 811 1415 812 1415 813 1416 842 1416 842 1415 843 1415 844 1415 854 1408 903 1415 904 1415 905 1415 923 1407 975 1415 976 1415 977 1415 1002 1406 1003 1396 1003 1369 975 1369 974 1368 960 1362 959 1362 958 1362 957 1362 944 1368 942 1368 928 1368 874 1364 873 1364 850 1367 831 1368 825 1366 811 1359 810 1359 809 1359 808 1359 793 1366 787 1368 689 1368 683 1364 676 1358 675 1358 674 1358 673 1358 646 1363 622 1368 598 1362 588 1360 587 1360 586 1360 585 1360 582 1362 575 1367 534 1361 530 1361 529 1361 527 1361 503 1367 475 1360 462 1357 426 1357 425 1357 424 1357 416 1359 392 1366 338 1358 324 1356 323 1356 316 1357 278 1366 266 1356 265 1356 264 1356 216 1356 216 1392"/></Shape>
	    <String CONTENT="haurire poſſit : purum dicitur cor minimè"
                    HPOS="215.0"
                    VPOS="1356.0"
                    WIDTH="788.0"
                    HEIGHT="60.0"></String>
          </TextLine>
          <TextLine ID="line_29"
                    TAGREFS="LT8"
                    BASELINE="215 1442 1004 1446" 
                    HPOS="214.0"
                    VPOS="1401.0"
                    WIDTH="790.0"
                    HEIGHT="74.0">
            <Shape><Polygon POINTS="215 1442 214 1458 316 1459 317 1460 353 1472 354 1472 355 1472 356 1472 385 1461 389 1460 437 1460 440 1462 453 1467 454 1467 455 1467 456 1467 472 1462 477 1461 516 1461 521 1463 539 1470 539 1470 540 1470 606 1469 612 1474 612 1474 613 1474 614 1475 716 1475 716 1474 717 1474 735 1465 745 1462 764 1462 775 1466 789 1473 790 1473 791 1473 792 1473 793 1473 803 1466 805 1465 808 1466 825 1473 826 1473 827 1473 828 1473 829 1473 836 1467 843 1463 853 1467 870 1475 871 1475 872 1475 949 1469 950 1469 951 1469 951 1468 959 1464 976 1469 990 1474 991 1474 992 1474 993 1474 1004 1469 1004 1446 1004 1416 983 1405 982 1405 981 1405 980 1405 960 1415 855 1406 854 1406 853 1406 833 1413 828 1415 816 1413 770 1404 769 1404 676 1410 615 1414 596 1408 588 1406 587 1406 586 1406 585 1406 579 1408 565 1414 512 1414 496 1407 495 1407 494 1407 493 1407 469 1413 453 1406 449 1404 448 1404 447 1404 446 1404 443 1405 431 1412 417 1405 412 1402 411 1402 410 1402 409 1402 404 1405 391 1412 323 1403 314 1402 313 1402 308 1403 264 1412 215 1401 215 1442"/></Shape>
	    <String CONTENT="fucatum, dolo carens, candidè &amp; ingenuè"
                    HPOS="214.0"
                    VPOS="1401.0"
                    WIDTH="790.0"
                    HEIGHT="74.0"
                    WC="0.9974777175158989"></String>
          </TextLine>
          <TextLine ID="line_30"
                    TAGREFS="LT8"
                    BASELINE="219 1492 340 1492" 
                    HPOS="219"
                    VPOS="1455"
                    WIDTH="121"
                    HEIGHT="67">
            <Shape><Polygon POINTS="219 1492 219 1512 256 1521 257 1522 289 1522 289 1521 290 1521 291 1521 296 1516 300 1514 339 1518 340 1492 340 1461 284 1455 283 1455 282 1455 281 1455 281 1456 274 1462 273 1464 219 1464 219 1492"/></Shape>
	    <String CONTENT="agens."
                    HPOS="219"
                    VPOS="1455"
                    WIDTH="121"
                    HEIGHT="67"
                    WC="0.9998395641644796"></String>
          </TextLine>
        </TextBlock>
        <TextBlock HPOS="841"
                   VPOS="1502"
                   WIDTH="179"
                   HEIGHT="69"
                   ID="block_1"
                   TAGREFS="BT17">
          <Shape><Polygon POINTS="1020 1502 1020 1571 841 1571 841 1502"/></Shape>
          <TextLine ID="line_31"
                    TAGREFS="LT8"
                    BASELINE="851 1545 1010 1545" 
                    HPOS="851.0"
                    VPOS="1495.0"
                    WIDTH="159.0"
                    HEIGHT="70.0">
            <Shape><Polygon POINTS="851 1545 851 1559 865 1559 872 1564 872 1565 873 1565 874 1565 875 1565 935 1564 936 1564 937 1564 941 1561 946 1559 957 1562 969 1565 970 1565 971 1565 1010 1563 1010 1545 1010 1503 993 1495 992 1495 966 1495 965 1495 964 1495 963 1495 952 1502 945 1507 895 1507 882 1500 870 1495 869 1495 868 1495 867 1495 851 1499 851 1545"/></Shape>
	    <String CONTENT="Deinde"
                    HPOS="851.0"
                    VPOS="1495.0"
                    WIDTH="159.0"
                    HEIGHT="70.0"
                    WC="0.9997836252053579"></String>
          </TextLine>
        </TextBlock>
      </PrintSpace>
    </Page>
  </Layout>
</alto>
