<?xml version="1.0" encoding="UTF-8"?>
<alto xmlns:xsi="http://www.w3.org/2001/XMLSchema-instance"
      xmlns="http://www.loc.gov/standards/alto/ns-v4#"
      xsi:schemaLocation="http://www.loc.gov/standards/alto/ns-v4# http://www.loc.gov/standards/alto/v4/alto-4-2.xsd">
  <Description>
    <MeasurementUnit>pixel</MeasurementUnit>
    <sourceImageInformation>
      <fileName>bsb10313792_00023.jpg</fileName>
    </sourceImageInformation>
  </Description>
  <Tags>
    <OtherTag ID="BT7" LABEL="CustomZone" DESCRIPTION="block type CustomZone"/><OtherTag ID="BT8" LABEL="DamageZone" DESCRIPTION="block type DamageZone"/><OtherTag ID="BT9" LABEL="DigitizationArtefactZone" DESCRIPTION="block type DigitizationArtefactZone"/><OtherTag ID="BT10" LABEL="DropCapitalZone" DESCRIPTION="block type DropCapitalZone"/><OtherTag ID="BT11" LABEL="GraphicZone" DESCRIPTION="block type GraphicZone"/><OtherTag ID="BT12" LABEL="MainZone" DESCRIPTION="block type MainZone"/><OtherTag ID="BT13" LABEL="MarginTextZone" DESCRIPTION="block type MarginTextZone"/><OtherTag ID="BT14" LABEL="MusicZone" DESCRIPTION="block type MusicZone"/><OtherTag ID="BT15" LABEL="NumberingZone" DESCRIPTION="block type NumberingZone"/><OtherTag ID="BT17" LABEL="QuireMarksZone" DESCRIPTION="block type QuireMarksZone"/><OtherTag ID="BT18" LABEL="RunningTitleZone" DESCRIPTION="block type RunningTitleZone"/><OtherTag ID="BT19" LABEL="SealZone" DESCRIPTION="block type SealZone"/><OtherTag ID="BT20" LABEL="StampZone" DESCRIPTION="block type StampZone"/><OtherTag ID="BT21" LABEL="TableZone" DESCRIPTION="block type TableZone"/><OtherTag ID="BT22" LABEL="TitlePageZone" DESCRIPTION="block type TitlePageZone"/><OtherTag ID="BT1851" LABEL="MainZone-P" DESCRIPTION="block type MainZone-P"/><OtherTag ID="BT1852" LABEL="MainZone-Head" DESCRIPTION="block type MainZone-Head"/><OtherTag ID="BT1853" LABEL="MainZone-P-Continued" DESCRIPTION="block type MainZone-P-Continued"/><OtherTag ID="BT1854" LABEL="MarginTextZone-ManuscriptAddendum" DESCRIPTION="block type MarginTextZone-ManuscriptAddendum"/><OtherTag ID="BT1855" LABEL="text" DESCRIPTION="block type text"/><OtherTag ID="BT1856" LABEL="MainZone-Entry" DESCRIPTION="block type MainZone-Entry"/><OtherTag ID="BT1857" LABEL="MainZone-Entry-Continued" DESCRIPTION="block type MainZone-Entry-Continued"/><OtherTag ID="BT1877" LABEL="GraphicZone-Decoration" DESCRIPTION="block type GraphicZone-Decoration"/><OtherTag ID="BT1894" LABEL="MainZone-Other" DESCRIPTION="block type MainZone-Other"/>
    <OtherTag ID="LT7" LABEL="CustomLine" DESCRIPTION="line type CustomLine"/><OtherTag ID="LT8" LABEL="DefaultLine" DESCRIPTION="line type DefaultLine"/><OtherTag ID="LT9" LABEL="DropCapitalLine" DESCRIPTION="line type DropCapitalLine"/><OtherTag ID="LT10" LABEL="HeadingLine" DESCRIPTION="line type HeadingLine"/><OtherTag ID="LT11" LABEL="InterlinearLine" DESCRIPTION="line type InterlinearLine"/><OtherTag ID="LT12" LABEL="MusicLine" DESCRIPTION="line type MusicLine"/><OtherTag ID="LT636" LABEL="default" DESCRIPTION="line type default"/>
  </Tags>
  <Layout>
    <Page WIDTH="1103"
          HEIGHT="1743"
          PHYSICAL_IMG_NR="7"
          ID="eSc_dummypage_">
      <PrintSpace HPOS="0"
                  VPOS="0"
                  WIDTH="1103"
                  HEIGHT="1743">
        <TextBlock HPOS="158.06033325195312"
                   VPOS="61.07292175292969"
                   WIDTH="639.3922424316406"
                   HEIGHT="47.55945587158203"
                   ID="block_0"
                   TAGREFS="BT18">
          <Shape><Polygon POINTS="158.06 61.0729 797.453 61.0729 797.453 108.632 158.06 108.632 158.06 61.0729"/></Shape>
          <TextLine ID="line_0"
                    TAGREFS="LT10"
                    BASELINE="161 95 789 96" 
                    HPOS="158"
                    VPOS="62"
                    WIDTH="629"
                    HEIGHT="49">
            <Shape><Polygon POINTS="768 62 754 62 739 62 725 62 710 62 696 62 681 62 667 62 652 62 637 62 623 62 608 62 594 62 579 62 565 62 550 62 536 62 521 62 507 62 492 62 478 62 463 62 449 62 434 62 419 62 405 62 390 62 376 62 361 62 347 62 332 62 318 62 303 62 289 62 274 62 260 62 245 62 231 62 216 62 201 62 187 62 172 62 159 62 159 94 158 111 786 111 787 95 784 62 783 62"/></Shape>
	    <String CONTENT="IN I. EPIST. AD TIMOTH."
                    HPOS="158"
                    VPOS="62"
                    WIDTH="629"
                    HEIGHT="49"
                    WC="0.99907887759416"></String>
          </TextLine>
        </TextBlock>
        <TextBlock HPOS="848.6834716796875"
                   VPOS="70.18216705322266"
                   WIDTH="45.75299072265625"
                   HEIGHT="41.91706848144531"
                   ID="block_2"
                   TAGREFS="BT15">
          <Shape><Polygon POINTS="848.683 70.1822 894.436 70.1822 894.436 112.099 848.683 112.099 848.683 70.1822"/></Shape>
          <TextLine ID="line_1"
                    TAGREFS="LT8"
                    BASELINE="856 97 883 98" 
                    HPOS="854"
                    VPOS="71"
                    WIDTH="28"
                    HEIGHT="46">
            <Shape><Polygon POINTS="870 71 855 71 855 95 854 113 879 117 882 97 882 71 870 71"/></Shape>
	    <String CONTENT="15"
                    HPOS="854"
                    VPOS="71"
                    WIDTH="28"
                    HEIGHT="46"
                    WC="0.999952495098114"></String>
          </TextLine>
        </TextBlock>
        <TextBlock HPOS="90.59806823730469"
                   VPOS="118.47712707519531"
                   WIDTH="809.3515167236328"
                   HEIGHT="688.0786590576172"
                   ID="block_1"
                   TAGREFS="BT1853">
          <Shape><Polygon POINTS="90.5981 118.477 899.95 118.477 899.95 806.556 90.5981 806.556 90.5981 118.477"/></Shape>
          <TextLine ID="line_2"
                    TAGREFS="LT8"
                    BASELINE="82 158 311 152 887 154" 
                    HPOS="81.0"
                    VPOS="115.0"
                    WIDTH="806.0"
                    HEIGHT="54.0">
            <Shape><Polygon POINTS="846 115 836 115 829 115 806 124 724 124 706 117 702 115 701 115 691 115 681 115 672 115 662 115 652 115 643 115 633 115 623 115 613 115 604 115 597 115 592 119 587 122 579 119 568 115 565 115 555 115 546 115 536 115 526 115 517 115 507 115 497 115 488 115 478 115 474 115 464 120 457 124 439 124 432 121 427 118 426 118 425 118 403 121 396 122 395 121 386 115 381 115 371 115 362 115 352 115 342 115 333 115 300 122 293 123 286 122 257 115 255 115 245 115 236 115 214 123 214 123 213 123 202 118 201 118 200 118 199 118 198 118 191 123 190 124 166 124 166 123 152 117 151 117 150 117 149 117 134 124 81 124 82 158 82 169 207 169 207 168 208 168 209 168 216 163 232 168 233 168 234 168 235 169 235 168 236 168 237 168 253 163 278 168 282 168 283 168 284 168 285 168 301 163 320 168 324 168 325 168 326 168 327 168 338 163 457 163 465 167 467 168 468 168 469 168 476 167 496 163 611 163 618 166 622 168 623 168 624 168 625 168 631 166 643 163 659 166 669 168 670 168 679 166 695 163 886 165 887 154 885 115 859 118 850 115 846 115"/></Shape>
	    <String CONTENT="Rechem, commiſeratio, dolor de alieno malo¬"
                    HPOS="81.0"
                    VPOS="115.0"
                    WIDTH="806.0"
                    HEIGHT="54.0"
                    WC="0.9956031164457632"></String>
          </TextLine>
          <TextLine ID="line_3"
                    TAGREFS="LT8"
                    BASELINE="85 203 888 201" 
                    HPOS="84"
                    VPOS="165"
                    WIDTH="804"
                    HEIGHT="58">
            <Shape><Polygon POINTS="85 214 114 222 115 222 160 214 163 214 166 214 193 220 194 220 195 220 196 220 204 214 206 214 271 214 275 214 309 221 310 221 311 221 329 214 331 214 342 214 406 218 407 218 436 214 438 214 439 214 456 222 457 222 458 223 486 223 486 222 487 222 506 214 509 213 512 214 539 221 540 221 541 221 542 221 571 214 574 213 577 214 602 221 603 221 604 221 648 213 652 213 681 213 692 213 704 221 705 221 706 221 707 221 765 214 827 221 888 212 888 201 887 165 854 165 853 165 852 165 851 165 828 175 760 175 740 167 738 166 737 166 736 166 735 166 734 167 720 175 658 175 648 168 647 167 646 167 645 167 644 167 643 167 642 168 633 175 548 175 541 170 538 167 537 167 536 167 502 165 501 165 477 171 459 175 431 171 393 166 392 166 357 173 353 173 352 173 337 166 336 166 335 166 319 173 318 173 280 166 279 166 201 171 175 166 174 166 173 166 172 166 159 176 134 176 117 166 116 166 115 166 114 166 84 176 85 203"/></Shape>
	    <String CONTENT="quòd malum ad nos quoque pertingere poſ¬"
                    HPOS="84"
                    VPOS="165"
                    WIDTH="804"
                    HEIGHT="58"
                    WC="0.9929550333720881"></String>
          </TextLine>
          <TextLine ID="line_4"
                    TAGREFS="LT8"
                    BASELINE="85 254 405 250 888 252" 
                    HPOS="84.0"
                    VPOS="211.0"
                    WIDTH="804.0"
                    HEIGHT="59.0">
            <Shape><Polygon POINTS="85 254 85 265 113 269 114 269 115 269 129 265 141 262 146 265 152 269 153 269 153 269 154 269 183 265 203 262 208 265 215 269 216 269 217 270 244 270 244 269 245 269 245 269 252 265 257 262 336 262 340 264 348 268 349 268 350 268 351 268 352 268 358 264 362 262 420 262 423 264 429 269 430 269 431 269 432 270 563 270 563 269 564 269 565 269 573 263 575 262 582 263 619 268 620 268 653 263 658 262 662 263 685 269 686 269 687 270 761 270 761 269 799 262 801 262 802 262 860 269 861 269 862 269 888 261 888 252 888 219 852 211 851 211 850 211 792 219 772 211 771 211 770 211 709 219 697 211 696 211 695 211 694 211 658 215 596 211 595 211 594 211 572 220 520 220 497 211 496 211 495 211 494 211 493 211 481 220 450 220 433 212 432 212 431 212 430 212 415 217 402 212 401 212 400 212 399 212 387 215 354 211 353 211 352 211 351 211 337 220 317 220 303 213 302 213 270 211 269 211 268 211 252 217 177 211 176 211 175 211 158 219 99 215 98 215 97 215 84 220 85 254"/></Shape>
	    <String CONTENT="ſe videatur. Sic quidem Philoſophi defi¬"
                    HPOS="84.0"
                    VPOS="211.0"
                    WIDTH="804.0"
                    HEIGHT="59.0"
                    WC="0.9982213139533996"></String>
          </TextLine>
          <TextLine ID="line_5"
                    TAGREFS="LT8"
                    BASELINE="88 304 889 300" 
                    HPOS="87.0"
                    VPOS="259.0"
                    WIDTH="802.0"
                    HEIGHT="59.0">
            <Shape><Polygon POINTS="871 293 865 270 857 270 855 270 836 259 835 259 834 259 833 259 801 270 800 271 768 271 767 270 735 259 734 259 733 259 732 259 710 268 696 262 695 262 694 262 693 262 692 262 683 269 644 260 643 260 643 260 608 271 606 271 601 271 544 266 543 266 542 266 541 266 534 271 534 272 506 272 490 272 466 261 465 261 464 261 437 267 397 261 396 261 395 261 394 261 383 270 350 261 349 261 287 261 286 261 245 262 244 262 243 262 233 270 202 273 199 273 197 273 164 266 163 266 162 266 139 273 123 262 122 262 122 262 121 262 120 262 87 273 88 304 88 315 195 318 196 318 197 318 207 314 214 312 224 314 243 318 244 318 245 318 245 318 250 314 253 311 489 310 501 311 534 316 535 316 570 311 571 311 583 316 584 316 585 317 671 317 671 316 672 316 692 310 694 310 879 315 880 315 881 315 882 315 889 308 889 300 887 270 876 270 871 293"/></Shape>
	    <String CONTENT="niunt, ſed non ſatis commodè ad hunc lo¬"
                    HPOS="87.0"
                    VPOS="259.0"
                    WIDTH="802.0"
                    HEIGHT="59.0"
                    WC="0.9964155787374915"></String>
          </TextLine>
          <TextLine ID="line_6"
                    TAGREFS="LT8"
                    BASELINE="88 353 890 351" 
                    HPOS="87.0"
                    VPOS="309.0"
                    WIDTH="803.0"
                    HEIGHT="58.0">
            <Shape><Polygon POINTS="871 334 867 322 849 322 831 312 830 312 829 312 800 316 787 309 786 309 785 309 784 309 743 321 706 311 705 311 704 311 704 311 683 320 625 316 624 316 585 321 516 309 515 309 482 315 459 310 458 310 457 310 456 310 436 323 352 323 328 310 327 310 326 310 297 316 260 310 259 310 258 310 257 310 248 317 240 310 239 310 238 310 161 310 160 310 98 312 97 312 96 312 87 319 88 353 88 364 159 367 160 367 161 367 173 365 183 361 309 361 358 365 387 366 388 366 407 365 439 361 466 365 487 367 488 367 510 365 544 360 569 365 580 366 581 367 645 367 645 366 646 366 647 366 649 365 657 360 707 360 720 365 724 366 725 366 726 366 735 365 756 360 775 365 781 366 782 366 783 366 889 365 890 351 888 322 874 322 871 334"/></Shape>
	    <String CONTENT="cum. Malum enim humani generis nihil ad"
                    HPOS="87.0"
                    VPOS="309.0"
                    WIDTH="803.0"
                    HEIGHT="58.0"
                    WC="0.9991927467859708"></String>
          </TextLine>
          <TextLine ID="line_7"
                    TAGREFS="LT8"
                    BASELINE="88 402 888 398" 
                    HPOS="87.0"
                    VPOS="361.0"
                    WIDTH="801.0"
                    HEIGHT="62.0">
            <Shape><Polygon POINTS="871 393 865 370 783 370 769 368 735 364 734 364 733 364 723 368 718 370 712 368 706 366 705 366 704 366 678 367 621 371 612 367 608 366 607 366 606 366 605 366 600 367 590 370 550 366 488 361 487 361 486 361 475 366 468 369 463 366 459 362 458 362 457 362 422 362 421 362 403 366 375 371 367 365 363 362 362 362 361 362 360 362 336 365 290 370 245 364 235 363 234 363 233 363 232 363 231 364 221 371 193 373 143 364 87 363 88 402 88 417 158 413 166 418 172 422 173 422 174 422 175 422 176 422 186 418 218 423 219 423 220 423 234 417 239 415 246 417 275 423 276 423 277 423 291 416 299 412 454 412 469 414 497 418 498 418 499 418 512 413 519 411 522 413 528 418 529 418 530 418 531 418 532 418 551 413 559 411 564 413 582 421 583 421 584 422 630 422 630 421 631 421 653 412 654 411 698 410 701 411 712 420 713 420 714 420 715 421 751 421 751 420 752 420 753 420 765 410 767 410 786 410 788 410 799 418 800 418 801 418 866 420 867 420 868 420 888 409 888 398 886 370 876 370 871 393"/></Shape>
	    <String CONTENT="Deum, hoc eſt, non ad eum pertingere po¬"
                    HPOS="87.0"
                    VPOS="361.0"
                    WIDTH="801.0"
                    HEIGHT="62.0"
                    WC="0.9991138845682144"></String>
          </TextLine>
          <TextLine ID="line_8"
                    TAGREFS="LT8"
                    BASELINE="92 451 888 449" 
                    HPOS="92.0"
                    VPOS="411.0"
                    WIDTH="796.0"
                    HEIGHT="55.0">
            <Shape><Polygon POINTS="92 459 134 466 135 466 175 460 222 466 223 466 224 466 240 460 301 466 302 466 400 460 418 466 419 466 420 466 421 466 422 466 432 459 490 459 540 459 556 465 557 465 558 466 656 466 656 465 657 465 658 465 668 459 678 465 679 465 680 466 786 466 786 465 787 465 802 460 867 465 868 465 869 465 888 458 888 449 887 423 788 423 786 421 776 417 775 417 774 417 739 421 728 422 726 421 712 411 711 411 710 411 685 411 684 411 683 411 682 411 668 420 664 423 617 423 609 420 582 411 581 411 523 411 522 411 521 411 501 418 488 424 452 424 439 418 427 412 426 412 282 412 281 412 280 412 279 412 275 416 264 423 211 417 210 417 175 423 155 416 154 416 153 416 106 422 93 414 92 451 92 459"/></Shape>
	    <String CONTENT="terat vt eum læderet: ſed tota vis corrum¬"
                    HPOS="92.0"
                    VPOS="411.0"
                    WIDTH="796.0"
                    HEIGHT="55.0"
                    WC="0.9904622180121285"></String>
          </TextLine>
          <TextLine ID="line_9"
                    TAGREFS="LT8"
                    BASELINE="104 501 888 501" 
                    HPOS="104.0"
                    VPOS="458.0"
                    WIDTH="784.0"
                    HEIGHT="60.0">
            <Shape><Polygon POINTS="104 501 104 518 183 518 183 517 183 517 184 517 198 511 208 517 209 517 210 517 211 517 218 516 267 511 330 515 343 516 344 516 345 516 349 515 366 511 377 515 383 517 384 517 385 518 420 518 420 517 421 517 422 517 425 515 430 511 615 511 620 513 631 517 632 517 633 517 799 511 817 511 820 511 862 517 863 517 864 517 888 510 888 501 888 463 868 466 860 463 851 458 850 458 796 458 796 458 760 463 759 463 758 463 737 458 736 458 735 458 735 458 734 458 727 463 723 466 696 464 657 460 656 460 655 460 643 464 636 466 632 464 623 458 622 458 621 458 620 458 595 464 585 466 577 464 551 458 550 458 549 458 536 464 533 467 481 467 478 465 470 458 469 458 468 458 424 458 423 458 422 458 421 458 411 465 390 458 389 458 349 458 348 458 318 465 308 458 307 458 306 458 281 458 280 458 279 458 278 458 269 466 268 467 145 467 144 466 131 459 130 459 129 459 128 459 104 466 104 501"/></Shape>
	    <String CONTENT="pentis mali effundebatur in hominis ſolius"
                    HPOS="104.0"
                    VPOS="458.0"
                    WIDTH="784.0"
                    HEIGHT="60.0"
                    WC="0.9988806361243838"></String>
          </TextLine>
          <TextLine ID="line_10"
                    TAGREFS="LT8"
                    BASELINE="106 550 888 550" 
                    HPOS="106.0"
                    VPOS="510.0"
                    WIDTH="782.0"
                    HEIGHT="56.0">
            <Shape><Polygon POINTS="106 550 106 565 130 560 164 565 167 565 168 565 172 565 212 560 235 564 240 565 241 566 297 566 297 565 298 565 299 565 300 564 306 560 356 563 381 565 382 565 383 565 384 565 386 563 390 560 398 563 404 565 405 565 406 565 407 565 414 563 424 560 585 562 864 565 865 565 866 565 888 559 888 550 888 516 843 511 842 511 841 511 826 516 821 517 817 516 804 510 803 510 802 510 765 516 757 517 754 516 743 510 742 510 648 510 647 510 646 510 633 516 631 517 625 516 602 512 601 512 559 516 550 517 532 516 418 510 417 510 370 517 367 517 364 517 328 510 327 510 326 510 307 517 306 518 252 518 251 517 243 511 242 511 241 511 240 511 239 511 224 516 189 510 188 510 106 517 106 550"/></Shape>
	    <String CONTENT="perniciem: Interim Deus commiſerationis"
                    HPOS="106.0"
                    VPOS="510.0"
                    WIDTH="782.0"
                    HEIGHT="56.0"
                    WC="0.99951294140938"></String>
          </TextLine>
          <TextLine ID="line_11"
                    TAGREFS="LT8"
                    BASELINE="107 596 887 600" 
                    HPOS="106.0"
                    VPOS="556.0"
                    WIDTH="781.0"
                    HEIGHT="61.0">
            <Shape><Polygon POINTS="107 596 106 606 175 614 176 614 439 609 471 615 472 615 503 611 516 616 517 616 518 616 519 616 539 611 561 616 562 616 612 610 619 614 620 614 621 614 622 614 672 612 693 617 694 617 695 617 886 610 887 600 886 563 816 559 815 559 814 559 805 563 792 570 760 570 739 563 729 560 728 560 727 560 726 560 725 560 721 563 714 569 692 569 672 569 665 563 658 558 657 558 656 558 595 558 594 558 593 558 582 564 573 568 558 564 538 558 537 558 536 558 535 558 534 558 524 564 517 569 497 569 484 564 472 561 471 561 470 561 455 564 444 567 433 564 406 557 405 557 404 557 403 557 390 565 386 567 383 565 373 557 372 557 371 557 349 557 348 557 347 557 346 557 336 565 332 568 303 568 289 565 242 557 241 557 240 557 239 557 229 565 227 567 188 567 186 566 175 557 174 557 173 557 172 557 148 561 127 556 126 556 125 556 124 556 107 565 107 596"/></Shape>
	    <String CONTENT="ſenſu tactus eſt. Itaque ſic definiamus, Mi¬"
                    HPOS="106.0"
                    VPOS="556.0"
                    WIDTH="781.0"
                    HEIGHT="61.0"
                    WC="0.9897079833529212"></String>
          </TextLine>
          <TextLine ID="line_12"
                    TAGREFS="LT8"
                    BASELINE="107 645 888 648" 
                    HPOS="106.0"
                    VPOS="606.0"
                    WIDTH="782.0"
                    HEIGHT="62.0">
            <Shape><Polygon POINTS="107 645 106 654 208 665 209 665 356 656 371 666 372 666 373 666 374 667 390 667 390 666 391 666 392 666 402 657 420 663 421 663 422 663 504 657 562 666 563 666 627 660 691 667 692 668 761 668 761 667 762 667 763 667 775 658 787 667 788 667 789 667 790 667 791 667 824 658 850 664 851 664 887 657 888 648 888 618 869 612 868 612 867 612 866 612 851 617 850 617 823 609 822 609 821 609 820 609 800 616 797 618 739 618 727 615 689 609 688 609 687 609 686 609 677 614 674 617 668 614 657 610 656 610 655 610 654 610 644 614 643 614 641 614 626 610 625 610 624 610 623 610 622 610 617 613 614 615 595 613 548 608 547 608 517 611 486 616 476 611 469 608 468 608 467 608 449 611 420 616 407 611 402 608 401 608 367 607 366 607 365 607 358 610 346 613 317 609 304 607 303 607 302 607 301 607 299 609 290 613 225 608 224 608 223 608 222 608 210 616 152 616 137 607 136 607 135 607 107 606 107 645"/></Shape>
	    <String CONTENT="ſericordia eſt dolor de alieno malo, quod in¬"
                    HPOS="106.0"
                    VPOS="606.0"
                    WIDTH="782.0"
                    HEIGHT="62.0"
                    WC="0.9995258914099799"></String>
          </TextLine>
          <TextLine ID="line_13"
                    TAGREFS="LT8"
                    BASELINE="108 696 886 699" 
                    HPOS="107.0"
                    VPOS="658.0"
                    WIDTH="779.0"
                    HEIGHT="58.0">
            <Shape><Polygon POINTS="108 696 107 705 126 714 127 714 128 715 188 715 188 714 189 714 190 714 197 709 227 714 228 714 229 714 245 706 260 711 261 711 262 711 289 707 298 714 299 714 300 714 301 715 337 715 337 714 338 714 357 706 369 714 370 714 371 714 372 714 373 714 392 707 440 713 441 713 442 713 463 707 488 714 489 714 490 714 490 714 511 707 525 715 526 715 527 715 528 715 529 715 541 707 591 712 592 712 681 708 713 715 714 715 764 708 774 716 775 716 776 716 777 716 885 707 886 699 885 670 808 660 807 660 718 667 695 669 690 667 674 660 674 660 673 660 672 660 656 667 649 669 629 669 626 666 618 660 617 660 616 660 592 660 591 660 590 660 589 660 582 666 582 666 578 666 543 660 542 660 541 660 531 665 528 667 524 665 514 659 513 659 512 659 490 664 475 668 467 664 457 659 456 659 413 659 412 659 411 659 403 663 395 668 387 663 386 663 385 663 384 663 381 663 352 667 344 663 336 658 335 658 334 658 333 658 321 662 307 667 258 662 257 662 256 662 245 668 181 668 172 660 169 658 168 658 167 658 166 658 108 659 108 696"/></Shape>
	    <String CONTENT="dignum videtur Deo, vt totum homi¬"
                    HPOS="107.0"
                    VPOS="658.0"
                    WIDTH="779.0"
                    HEIGHT="58.0"
                    WC="0.990258968928281"></String>
          </TextLine>
          <TextLine ID="line_14"
                    TAGREFS="LT8"
                    BASELINE="107 744 887 748" 
                    HPOS="107.0"
                    VPOS="709.0"
                    WIDTH="780.0"
                    HEIGHT="60.0">
            <Shape><Polygon POINTS="107 744 108 764 127 758 187 758 236 764 257 765 258 765 273 763 301 758 311 763 318 766 319 766 320 767 357 767 357 766 358 766 359 766 364 763 369 759 379 763 390 766 391 766 392 767 434 767 434 766 435 766 445 763 454 759 473 762 504 767 505 767 532 762 544 760 559 762 582 764 582 764 583 764 584 764 588 762 591 760 606 762 629 764 630 764 631 764 642 762 647 760 649 762 657 767 658 767 659 767 660 768 705 768 705 767 706 767 723 761 724 761 725 761 736 768 737 768 738 768 739 768 740 768 741 768 751 762 773 768 774 768 775 769 831 769 831 768 886 760 887 748 886 720 842 720 842 719 821 711 820 711 819 711 818 711 817 711 805 719 804 720 782 720 775 719 691 710 690 710 689 710 688 710 675 718 674 719 619 719 617 718 606 710 605 710 604 710 603 710 546 715 518 711 517 711 516 711 497 717 496 717 478 709 477 709 476 709 385 714 377 709 376 709 375 709 374 709 373 709 357 715 347 709 346 709 345 709 344 709 294 716 288 716 107 715 107 744"/></Shape>
	    <String CONTENT="nemcorrumpat: ideo malo remedium pro¬"
                    HPOS="107.0"
                    VPOS="709.0"
                    WIDTH="780.0"
                    HEIGHT="60.0"
                    WC="0.9968963055997282"></String>
          </TextLine>
          <TextLine ID="line_15"
                    TAGREFS="LT8"
                    BASELINE="110 793 192 795" 
                    HPOS="107"
                    VPOS="752"
                    WIDTH="84"
                    HEIGHT="57">
            <Shape><Polygon POINTS="108 791 107 809 190 809 191 794 191 761 167 752 165 752 164 752 108 758 108 791"/></Shape>
	    <String CONTENT="tulit."
                    HPOS="107"
                    VPOS="752"
                    WIDTH="84"
                    HEIGHT="57"></String>
          </TextLine>
        </TextBlock>
        <TextBlock HPOS="92.73052215576172"
                   VPOS="806.5588989257812"
                   WIDTH="809.2378616333008"
                   HEIGHT="699.4389038085938"
                   ID="block_3"
                   TAGREFS="BT1851">
          <Shape><Polygon POINTS="92.7305 806.559 901.968 806.559 901.968 1506 92.7305 1506 92.7305 806.559"/></Shape>
          <TextLine ID="line_16"
                    TAGREFS="LT8"
                    BASELINE="136 848 888 845" 
                    HPOS="135.0"
                    VPOS="802.0"
                    WIDTH="753.0"
                    HEIGHT="62.0">
            <Shape><Polygon POINTS="871 839 866 813 853 814 845 812 818 802 817 802 763 802 762 802 761 802 726 812 718 815 644 815 642 813 630 807 629 807 628 807 627 807 616 813 614 814 612 813 598 804 597 804 596 804 512 803 511 803 510 803 494 811 470 804 469 804 468 804 467 804 450 813 448 815 446 813 435 805 434 805 433 805 432 805 399 810 379 804 378 804 377 804 376 804 362 810 332 807 331 807 330 807 329 807 319 814 317 816 275 816 273 814 261 804 260 804 259 804 246 804 245 804 245 804 244 804 231 814 228 817 181 817 178 815 161 804 160 804 159 804 158 804 157 804 135 813 136 848 136 857 337 864 338 864 339 864 340 864 348 857 361 863 362 863 363 863 389 856 393 856 403 856 489 863 490 863 490 863 491 863 499 856 500 856 523 856 529 856 636 863 637 863 715 862 716 862 729 856 731 856 803 856 816 860 817 860 818 860 888 855 888 845 886 812 873 812 871 839"/></Shape>
	    <String CONTENT="Pax eſt omnimoda felicitas, qua animus"
                    HPOS="135.0"
                    VPOS="802.0"
                    WIDTH="753.0"
                    HEIGHT="62.0"
                    WC="0.9993511767763841"></String>
          </TextLine>
          <TextLine ID="line_17"
                    TAGREFS="LT8"
                    BASELINE="92 895 889 893" 
                    HPOS="91.0"
                    VPOS="856.0"
                    WIDTH="798.0"
                    HEIGHT="56.0">
            <Shape><Polygon POINTS="92 895 92 909 479 910 480 910 481 910 497 905 532 910 533 910 534 910 535 910 542 905 606 911 612 911 613 911 614 911 615 911 626 905 665 911 668 911 669 911 670 911 671 911 680 905 754 905 764 911 765 911 765 911 766 912 817 912 817 911 818 911 832 905 841 911 842 911 843 911 844 912 888 912 889 893 888 865 721 856 720 856 719 856 696 865 626 865 616 857 615 857 614 857 546 856 545 856 490 865 477 857 476 857 475 857 474 857 430 864 340 857 339 857 338 857 313 866 206 866 194 857 193 857 192 857 139 857 138 857 91 866 92 895"/></Shape>
	    <String CONTENT="redditur pacatus: vult enim natura ſibi bene"
                    HPOS="91.0"
                    VPOS="856.0"
                    WIDTH="798.0"
                    HEIGHT="56.0"
                    WC="0.9979570250619542"></String>
          </TextLine>
          <TextLine ID="line_18"
                    TAGREFS="LT8"
                    BASELINE="92 946 890 943" 
                    HPOS="91.0"
                    VPOS="902.0"
                    WIDTH="799.0"
                    HEIGHT="64.0">
            <Shape><Polygon POINTS="92 946 92 960 158 957 165 961 172 965 173 965 174 965 175 966 218 966 218 965 290 961 376 956 415 961 435 964 436 964 437 964 443 961 456 956 475 961 478 962 479 962 480 962 490 961 548 956 563 962 570 964 571 964 572 964 573 964 580 962 596 956 614 962 622 964 623 964 624 964 662 962 769 955 803 962 808 963 809 963 890 962 890 943 888 912 841 902 840 902 745 911 731 904 730 904 729 904 663 907 624 902 623 902 566 912 535 906 534 906 505 912 474 903 473 903 472 903 471 903 470 903 456 913 410 913 385 903 384 903 383 903 382 903 356 913 325 904 324 904 300 904 299 904 298 904 280 914 233 914 211 904 210 904 209 904 208 904 207 904 194 913 122 904 121 904 120 904 91 914 92 946"/></Shape>
	    <String CONTENT="eſſe vt in actionibus ſit εὐπραξία, in conſiliis"
                    HPOS="91.0"
                    VPOS="902.0"
                    WIDTH="799.0"
                    HEIGHT="64.0"
                    WC="0.9647727739810944"></String>
          </TextLine>
          <TextLine ID="line_19"
                    TAGREFS="LT8"
                    BASELINE="98 992 237 996 888 991" 
                    HPOS="98.0"
                    VPOS="955.0"
                    WIDTH="790.0"
                    HEIGHT="58.0">
            <Shape><Polygon POINTS="98 1009 257 1013 258 1013 259 1013 274 1009 286 1007 386 1007 397 1009 408 1012 409 1012 410 1012 411 1012 423 1009 435 1006 440 1009 441 1010 442 1010 443 1010 444 1010 467 1009 502 1007 520 1009 538 1011 539 1011 574 1009 625 1005 634 1009 639 1010 640 1010 641 1011 754 1011 754 1010 765 1009 785 1005 825 1009 843 1009 844 1009 845 1009 849 1009 858 1004 887 1008 888 991 887 965 827 958 826 958 784 964 778 964 773 964 746 958 745 958 744 958 733 963 731 964 729 963 708 955 707 955 671 955 670 955 669 955 643 962 641 963 640 962 634 958 633 958 632 958 631 958 630 958 621 962 614 966 536 966 528 961 520 956 520 956 519 956 469 956 468 956 467 956 453 961 446 963 440 961 429 956 428 956 428 956 427 956 426 956 420 960 411 966 384 967 337 960 337 960 336 960 335 960 321 968 254 968 239 959 238 959 237 959 236 959 235 959 221 967 181 968 158 958 157 958 156 958 98 958 98 992 98 1009"/></Shape>
	    <String CONTENT="ὀρθότης, in vitæ neceſſariis εὐπορία, quæ om¬"
                    HPOS="98.0"
                    VPOS="955.0"
                    WIDTH="790.0"
                    HEIGHT="58.0"></String>
          </TextLine>
          <TextLine ID="line_20"
                    TAGREFS="LT8"
                    BASELINE="99 1040 888 1045" 
                    HPOS="98.0"
                    VPOS="1004.0"
                    WIDTH="790.0"
                    HEIGHT="60.0">
            <Shape><Polygon POINTS="99 1040 98 1051 125 1059 126 1059 127 1059 167 1053 195 1060 196 1060 197 1060 198 1060 212 1055 257 1061 258 1061 348 1055 383 1061 384 1061 441 1055 455 1061 456 1061 457 1061 458 1061 479 1055 493 1062 494 1062 495 1062 496 1062 511 1057 558 1062 559 1062 653 1056 663 1063 664 1063 665 1063 666 1063 732 1059 763 1064 764 1064 801 1057 819 1064 820 1064 821 1064 822 1064 823 1064 832 1057 834 1057 859 1062 860 1062 888 1057 888 1045 888 1012 750 1008 749 1008 748 1008 739 1012 734 1015 696 1015 690 1012 683 1007 682 1007 681 1007 660 1007 659 1007 658 1007 647 1012 643 1014 625 1012 589 1007 588 1007 587 1007 586 1007 579 1012 573 1015 535 1012 468 1006 467 1006 466 1006 454 1012 448 1015 416 1015 396 1012 342 1005 341 1005 340 1005 317 1012 314 1012 311 1012 281 1005 280 1005 279 1005 278 1005 268 1012 265 1013 262 1012 242 1004 241 1004 240 1004 239 1004 238 1004 226 1012 224 1012 99 1012 99 1040"/></Shape>
	    <String CONTENT="nia conſpirent in εὐδαιμονίαν quandam &amp;"
                    HPOS="98.0"
                    VPOS="1004.0"
                    WIDTH="790.0"
                    HEIGHT="60.0"></String>
          </TextLine>
          <TextLine ID="line_21"
                    TAGREFS="LT8"
                    BASELINE="102 1087 241 1093 888 1094" 
                    HPOS="102.0"
                    VPOS="1051.0"
                    WIDTH="786.0"
                    HEIGHT="60.0">
            <Shape><Polygon POINTS="102 1087 102 1103 150 1103 151 1103 163 1109 164 1109 165 1109 233 1104 237 1104 245 1104 360 1110 361 1110 385 1105 395 1104 405 1106 433 1110 434 1110 435 1110 436 1110 441 1106 445 1104 543 1104 574 1107 608 1111 609 1111 627 1108 643 1105 680 1105 688 1108 693 1111 694 1111 695 1111 696 1111 705 1109 720 1105 747 1105 755 1109 757 1111 758 1111 759 1111 760 1111 888 1110 888 1094 888 1066 788 1066 787 1065 770 1053 769 1053 768 1053 767 1053 766 1053 749 1062 729 1054 728 1054 727 1054 726 1054 725 1054 707 1065 706 1066 690 1066 689 1065 646 1053 645 1053 592 1052 563 1052 562 1052 561 1052 541 1061 475 1052 474 1052 473 1052 472 1052 461 1061 445 1061 432 1052 431 1052 430 1052 429 1052 398 1057 356 1052 355 1052 354 1052 333 1062 320 1052 319 1052 318 1052 300 1052 299 1052 298 1052 297 1052 280 1064 207 1064 180 1053 179 1053 178 1053 177 1053 176 1053 163 1061 133 1051 132 1051 131 1051 130 1051 102 1063 102 1087"/></Shape>
	    <String CONTENT="αὐτάρκειαν, huius ſenſus reddit animum pa¬"
                    HPOS="102.0"
                    VPOS="1051.0"
                    WIDTH="786.0"
                    HEIGHT="60.0"
                    WC="0.9847921634262259"></String>
          </TextLine>
          <TextLine ID="line_22"
                    TAGREFS="LT8"
                    BASELINE="103 1138 887 1145" 
                    HPOS="102.0"
                    VPOS="1101.0"
                    WIDTH="785.0"
                    HEIGHT="62.0">
            <Shape><Polygon POINTS="103 1138 102 1149 184 1150 186 1151 215 1158 216 1158 320 1154 322 1154 332 1160 333 1160 334 1160 335 1160 396 1155 413 1154 420 1156 438 1161 439 1161 440 1161 473 1157 480 1156 489 1157 514 1160 515 1160 516 1160 524 1158 537 1154 566 1158 591 1162 592 1162 620 1159 661 1155 669 1160 670 1160 671 1160 672 1160 673 1160 694 1156 700 1161 701 1161 702 1161 703 1161 704 1161 704 1161 718 1157 730 1161 734 1162 735 1162 824 1163 825 1163 829 1162 857 1157 884 1163 887 1145 886 1115 739 1105 738 1105 737 1105 736 1105 726 1113 725 1115 702 1115 695 1113 664 1104 663 1104 662 1104 571 1113 551 1114 545 1112 512 1103 511 1103 481 1103 480 1103 479 1103 478 1103 463 1112 461 1113 459 1112 439 1102 438 1102 437 1102 352 1111 339 1112 317 1111 312 1111 294 1101 293 1101 251 1101 250 1101 249 1101 248 1101 233 1110 231 1111 170 1111 169 1110 154 1103 153 1103 153 1103 103 1109 103 1138"/></Shape>
	    <String CONTENT="catum. Ideo in ſolo Deo reperitur illa pax,"
                    HPOS="102.0"
                    VPOS="1101.0"
                    WIDTH="785.0"
                    HEIGHT="62.0"></String>
          </TextLine>
          <TextLine ID="line_23"
                    TAGREFS="LT8"
                    BASELINE="104 1188 889 1192" 
                    HPOS="103.0"
                    VPOS="1151.0"
                    WIDTH="786.0"
                    HEIGHT="58.0">
            <Shape><Polygon POINTS="104 1188 103 1198 122 1206 122 1206 123 1206 124 1206 143 1200 178 1206 179 1206 248 1201 302 1207 303 1208 356 1208 356 1207 357 1207 358 1207 366 1202 452 1207 453 1207 483 1202 489 1201 492 1202 507 1207 508 1207 509 1207 585 1203 603 1202 605 1203 611 1207 612 1207 612 1207 613 1207 640 1203 649 1202 655 1203 672 1208 673 1208 674 1208 709 1204 720 1203 734 1204 783 1209 784 1209 809 1205 821 1203 824 1205 828 1209 829 1209 830 1209 831 1209 888 1205 889 1192 888 1162 865 1163 860 1161 850 1154 849 1154 848 1154 847 1154 808 1161 790 1163 777 1161 765 1157 765 1157 683 1153 682 1153 681 1153 659 1159 657 1160 655 1159 643 1153 642 1153 641 1153 640 1153 639 1153 629 1159 623 1162 561 1159 535 1157 534 1157 525 1158 510 1161 499 1158 480 1152 479 1152 478 1152 434 1157 421 1152 420 1152 419 1152 418 1152 407 1157 397 1162 313 1162 306 1156 300 1151 299 1151 298 1151 297 1151 296 1151 282 1156 268 1162 214 1162 207 1155 202 1151 201 1151 200 1151 199 1151 104 1154 104 1188"/></Shape>
	    <String CONTENT="ob id prudenter hæc omnia ad Deum Pa¬"
                    HPOS="103.0"
                    VPOS="1151.0"
                    WIDTH="786.0"
                    HEIGHT="58.0"
                    WC="0.9997684665628381"></String>
          </TextLine>
          <TextLine ID="line_24"
                    TAGREFS="LT8"
                    BASELINE="102 1236 344 1242 890 1243" 
                    HPOS="101.0"
                    VPOS="1199.0"
                    WIDTH="789.0"
                    HEIGHT="59.0">
            <Shape><Polygon POINTS="102 1236 101 1249 539 1257 540 1258 599 1258 599 1257 600 1257 610 1253 684 1257 685 1257 686 1257 699 1253 760 1258 761 1258 837 1253 849 1258 850 1258 851 1258 889 1253 890 1243 889 1213 859 1206 858 1206 857 1206 842 1212 829 1202 828 1202 827 1202 827 1202 733 1206 732 1206 721 1211 718 1212 713 1211 671 1201 643 1201 642 1201 641 1201 613 1210 610 1212 539 1212 536 1209 522 1200 521 1200 520 1200 407 1200 406 1200 405 1200 386 1208 380 1210 332 1210 328 1208 314 1199 313 1199 312 1199 311 1199 255 1203 254 1203 253 1203 247 1207 244 1209 151 1209 146 1206 133 1199 132 1199 131 1199 102 1205 102 1236"/></Shape>
	    <String CONTENT="trem &amp; Ieſum Chriſtum mediatorẽ refert."
                    HPOS="101.0"
                    VPOS="1199.0"
                    WIDTH="789.0"
                    HEIGHT="59.0"
                    WC="0.9854980155825614"></String>
          </TextLine>
          <TextLine ID="line_25"
                    TAGREFS="LT8"
                    BASELINE="101 1286 890 1291" 
                    HPOS="100.0"
                    VPOS="1251.0"
                    WIDTH="790.0"
                    HEIGHT="57.0">
            <Shape><Polygon POINTS="101 1286 100 1297 158 1305 159 1305 243 1301 258 1306 259 1306 260 1306 360 1300 369 1306 370 1306 371 1306 372 1306 427 1301 452 1307 453 1307 454 1308 533 1308 533 1307 534 1307 555 1301 576 1308 577 1308 578 1308 889 1302 890 1291 890 1260 870 1253 869 1253 797 1253 796 1253 796 1253 795 1253 785 1258 780 1261 766 1258 738 1253 737 1253 736 1253 735 1253 728 1258 719 1264 666 1264 645 1257 628 1252 627 1252 626 1252 591 1256 581 1257 578 1256 566 1251 565 1251 564 1251 563 1251 548 1255 539 1258 524 1255 500 1251 499 1251 498 1251 490 1255 475 1263 418 1263 373 1253 357 1251 356 1251 332 1253 259 1261 188 1260 170 1251 169 1251 168 1251 101 1251 101 1286"/></Shape>
	    <String CONTENT="Pater reconciliatur nobis in filio, ideo filius"
                    HPOS="100.0"
                    VPOS="1251.0"
                    WIDTH="790.0"
                    HEIGHT="57.0"
                    WC="0.9922614351232001"></String>
          </TextLine>
          <TextLine ID="line_26"
                    TAGREFS="LT8"
                    BASELINE="92 1339 888 1339" 
                    HPOS="92.0"
                    VPOS="1300.0"
                    WIDTH="796.0"
                    HEIGHT="59.0">
            <Shape><Polygon POINTS="92 1339 92 1351 139 1351 155 1358 156 1358 157 1359 179 1359 179 1358 180 1358 181 1358 189 1351 190 1351 192 1351 239 1358 240 1358 287 1352 296 1351 331 1351 334 1352 345 1358 346 1358 347 1358 348 1358 359 1352 362 1351 377 1352 415 1356 416 1356 444 1353 459 1351 467 1353 484 1358 485 1358 486 1358 545 1357 546 1357 552 1353 557 1351 564 1353 576 1358 577 1358 578 1358 579 1358 587 1354 593 1351 601 1354 612 1358 613 1358 614 1358 657 1354 672 1353 694 1354 748 1358 749 1358 750 1358 762 1355 776 1351 888 1355 888 1339 888 1310 866 1310 856 1301 855 1301 854 1301 853 1301 852 1301 825 1310 739 1310 718 1300 717 1300 716 1300 645 1305 624 1300 623 1300 622 1300 571 1309 535 1300 534 1300 533 1300 486 1308 450 1300 380 1300 379 1300 378 1300 377 1300 365 1309 313 1304 312 1304 276 1309 234 1300 233 1300 187 1309 162 1300 161 1300 123 1300 122 1300 122 1300 92 1309 92 1339"/></Shape>
	    <String CONTENT="eſt pacificator. Hinc pii in mediis periculis"
                    HPOS="92.0"
                    VPOS="1300.0"
                    WIDTH="796.0"
                    HEIGHT="59.0"
                    WC="0.99370762374666"></String>
          </TextLine>
          <TextLine ID="line_27"
                    TAGREFS="LT8"
                    BASELINE="86 1387 889 1391" 
                    HPOS="85.0"
                    VPOS="1346.0"
                    WIDTH="804.0"
                    HEIGHT="61.0">
            <Shape><Polygon POINTS="86 1387 85 1397 299 1406 300 1406 379 1401 410 1400 438 1402 489 1406 490 1406 555 1404 617 1401 660 1405 688 1407 689 1407 690 1407 695 1406 703 1402 751 1402 775 1406 782 1407 783 1407 796 1406 857 1402 888 1407 889 1391 889 1361 827 1349 757 1349 756 1349 716 1359 714 1360 687 1360 686 1359 660 1348 659 1348 658 1348 625 1353 596 1349 595 1349 594 1349 572 1358 570 1358 569 1358 553 1353 552 1353 551 1353 502 1357 500 1357 485 1347 484 1347 483 1347 427 1347 426 1347 425 1347 424 1347 411 1356 410 1357 406 1356 371 1349 370 1349 369 1349 356 1356 354 1357 352 1356 337 1347 337 1347 336 1347 335 1347 334 1347 316 1356 312 1357 300 1355 233 1346 232 1346 231 1346 215 1355 213 1356 207 1355 183 1349 183 1349 182 1349 171 1354 167 1356 153 1354 113 1348 112 1348 86 1353 86 1387"/></Shape>
	    <String CONTENT="&amp; ærumnis ſeſe ad Deum hilares referunt,"
                    HPOS="85.0"
                    VPOS="1346.0"
                    WIDTH="804.0"
                    HEIGHT="61.0"
                    WC="0.9985095337033272"></String>
          </TextLine>
          <TextLine ID="line_28"
                    TAGREFS="LT8"
                    BASELINE="84 1440 889 1436" 
                    HPOS="83.0"
                    VPOS="1396.0"
                    WIDTH="806.0"
                    HEIGHT="67.0">
            <Shape><Polygon POINTS="84 1440 84 1463 121 1462 122 1462 122 1462 135 1453 159 1462 160 1462 161 1462 162 1463 197 1463 197 1462 198 1462 199 1462 200 1461 214 1451 230 1456 231 1456 232 1456 233 1456 245 1450 286 1459 296 1461 297 1461 307 1459 337 1451 405 1449 505 1455 520 1455 520 1455 521 1455 522 1455 523 1454 530 1450 542 1454 549 1456 550 1456 551 1456 571 1453 600 1449 607 1452 618 1459 619 1459 620 1460 707 1460 707 1459 708 1459 709 1459 716 1453 735 1458 735 1458 736 1458 737 1458 738 1458 750 1449 753 1447 760 1449 787 1458 788 1458 789 1459 828 1459 828 1458 829 1458 830 1458 838 1451 888 1446 889 1436 888 1405 724 1396 723 1396 722 1396 702 1403 657 1397 656 1397 655 1397 654 1397 642 1406 641 1406 500 1406 499 1406 482 1398 481 1398 480 1398 449 1403 401 1398 400 1398 399 1398 372 1405 351 1399 350 1399 349 1399 313 1406 303 1399 302 1399 301 1399 250 1399 249 1399 248 1399 234 1406 213 1400 212 1400 211 1400 210 1400 181 1408 83 1408 84 1440"/></Shape>
	    <String CONTENT="quia pax illa inuiolata manet, &amp; ex hac pro¬"
                    HPOS="83.0"
                    VPOS="1396.0"
                    WIDTH="806.0"
                    HEIGHT="67.0"
                    WC="0.9989382475614548"></String>
          </TextLine>
          <TextLine ID="line_29"
                    TAGREFS="LT8"
                    BASELINE="82 1491 624 1487" 
                    HPOS="81.0"
                    VPOS="1455.0"
                    WIDTH="543.0"
                    HEIGHT="50.0">
            <Shape><Polygon POINTS="604 1455 594 1455 584 1455 581 1455 579 1457 579 1458 532 1458 531 1457 527 1455 526 1455 517 1455 507 1455 497 1455 488 1455 478 1455 468 1455 467 1455 460 1458 459 1458 452 1455 449 1455 439 1455 429 1455 420 1455 410 1455 400 1455 391 1455 384 1455 376 1458 366 1455 362 1455 352 1455 342 1455 333 1455 323 1455 313 1455 304 1455 294 1455 292 1455 281 1459 276 1455 275 1455 265 1455 255 1455 245 1455 242 1455 235 1458 209 1455 207 1455 197 1455 195 1455 189 1460 188 1460 166 1460 154 1460 147 1455 139 1455 135 1455 125 1460 125 1461 81 1461 82 1491 82 1501 307 1505 308 1505 337 1499 350 1505 351 1505 352 1505 353 1505 365 1498 367 1498 435 1498 442 1498 481 1504 482 1504 483 1504 494 1498 511 1503 512 1503 513 1503 514 1503 515 1503 520 1498 528 1503 529 1503 530 1503 531 1504 596 1504 596 1503 597 1503 624 1496 624 1487 622 1457 611 1455 604 1455"/></Shape>
	    <String CONTENT="manans omnimoda felicitas."
                    HPOS="81.0"
                    VPOS="1455.0"
                    WIDTH="543.0"
                    HEIGHT="50.0"
                    WC="0.9930590964280642"></String>
          </TextLine>
        </TextBlock>
        <TextBlock HPOS="87.22457885742188"
                   VPOS="1502.6427001953125"
                   WIDTH="813.8507385253906"
                   HEIGHT="52.663330078125"
                   ID="block_4"
                   TAGREFS="BT1851">
          <Shape><Polygon POINTS="87.2246 1502.64 901.075 1502.64 901.075 1555.31 87.2246 1555.31 87.2246 1502.64"/></Shape>
          <TextLine ID="line_30"
                    TAGREFS="LT8"
                    BASELINE="115 1540 359 1535 891 1537" 
                    HPOS="114.0"
                    VPOS="1495.0"
                    WIDTH="777.0"
                    HEIGHT="73.0">
            <Shape><Polygon POINTS="115 1540 115 1557 245 1565 246 1565 247 1565 248 1565 261 1557 263 1557 310 1557 312 1557 337 1565 338 1565 339 1565 340 1565 358 1557 359 1557 409 1557 410 1557 430 1567 431 1567 432 1568 482 1568 482 1567 514 1560 542 1566 543 1566 544 1566 574 1557 594 1567 595 1567 596 1567 597 1567 598 1567 606 1561 649 1567 650 1567 651 1567 668 1560 678 1567 679 1567 680 1567 681 1567 713 1566 714 1566 715 1566 725 1559 785 1567 786 1567 787 1567 801 1559 813 1565 814 1565 815 1565 842 1561 856 1566 857 1566 857 1566 858 1566 891 1556 891 1537 889 1501 874 1503 862 1501 835 1495 834 1495 833 1495 832 1495 825 1501 822 1503 790 1504 781 1501 766 1495 765 1495 646 1495 645 1495 644 1495 625 1501 613 1504 602 1501 587 1497 586 1497 585 1497 555 1501 551 1501 547 1501 515 1495 514 1495 513 1495 498 1501 490 1505 438 1505 431 1501 421 1495 420 1495 419 1495 398 1495 397 1495 396 1495 379 1501 370 1505 245 1505 233 1501 218 1497 217 1497 216 1497 215 1497 202 1501 190 1504 178 1501 154 1495 153 1495 153 1495 114 1500 115 1540"/></Shape>
	    <String CONTENT="Hãc ſecuritatẽ animi &amp; ſummã felicitatem"
                    HPOS="114.0"
                    VPOS="1495.0"
                    WIDTH="777.0"
                    HEIGHT="73.0"
                    WC="0.9749771398167277"></String>
          </TextLine>
        </TextBlock>
      </PrintSpace>
    </Page>
  </Layout>
</alto>
