<?xml version="1.0" encoding="UTF-8"?>
<alto xmlns:xsi="http://www.w3.org/2001/XMLSchema-instance"
      xmlns="http://www.loc.gov/standards/alto/ns-v4#"
      xsi:schemaLocation="http://www.loc.gov/standards/alto/ns-v4# http://www.loc.gov/standards/alto/v4/alto-4-2.xsd">
  <Description>
    <MeasurementUnit>pixel</MeasurementUnit>
    <sourceImageInformation>
      <fileName>bsb10313792_00104.jpg</fileName>
    </sourceImageInformation>
  </Description>
  <Tags>
    <OtherTag ID="BT7" LABEL="CustomZone" DESCRIPTION="block type CustomZone"/><OtherTag ID="BT8" LABEL="DamageZone" DESCRIPTION="block type DamageZone"/><OtherTag ID="BT9" LABEL="DigitizationArtefactZone" DESCRIPTION="block type DigitizationArtefactZone"/><OtherTag ID="BT10" LABEL="DropCapitalZone" DESCRIPTION="block type DropCapitalZone"/><OtherTag ID="BT11" LABEL="GraphicZone" DESCRIPTION="block type GraphicZone"/><OtherTag ID="BT12" LABEL="MainZone" DESCRIPTION="block type MainZone"/><OtherTag ID="BT13" LABEL="MarginTextZone" DESCRIPTION="block type MarginTextZone"/><OtherTag ID="BT14" LABEL="MusicZone" DESCRIPTION="block type MusicZone"/><OtherTag ID="BT15" LABEL="NumberingZone" DESCRIPTION="block type NumberingZone"/><OtherTag ID="BT17" LABEL="QuireMarksZone" DESCRIPTION="block type QuireMarksZone"/><OtherTag ID="BT18" LABEL="RunningTitleZone" DESCRIPTION="block type RunningTitleZone"/><OtherTag ID="BT19" LABEL="SealZone" DESCRIPTION="block type SealZone"/><OtherTag ID="BT20" LABEL="StampZone" DESCRIPTION="block type StampZone"/><OtherTag ID="BT21" LABEL="TableZone" DESCRIPTION="block type TableZone"/><OtherTag ID="BT22" LABEL="TitlePageZone" DESCRIPTION="block type TitlePageZone"/><OtherTag ID="BT1851" LABEL="MainZone-P" DESCRIPTION="block type MainZone-P"/><OtherTag ID="BT1852" LABEL="MainZone-Head" DESCRIPTION="block type MainZone-Head"/><OtherTag ID="BT1853" LABEL="MainZone-P-Continued" DESCRIPTION="block type MainZone-P-Continued"/><OtherTag ID="BT1854" LABEL="MarginTextZone-ManuscriptAddendum" DESCRIPTION="block type MarginTextZone-ManuscriptAddendum"/><OtherTag ID="BT1855" LABEL="text" DESCRIPTION="block type text"/><OtherTag ID="BT1856" LABEL="MainZone-Entry" DESCRIPTION="block type MainZone-Entry"/><OtherTag ID="BT1857" LABEL="MainZone-Entry-Continued" DESCRIPTION="block type MainZone-Entry-Continued"/><OtherTag ID="BT1877" LABEL="GraphicZone-Decoration" DESCRIPTION="block type GraphicZone-Decoration"/><OtherTag ID="BT1894" LABEL="MainZone-Other" DESCRIPTION="block type MainZone-Other"/>
    <OtherTag ID="LT7" LABEL="CustomLine" DESCRIPTION="line type CustomLine"/><OtherTag ID="LT8" LABEL="DefaultLine" DESCRIPTION="line type DefaultLine"/><OtherTag ID="LT9" LABEL="DropCapitalLine" DESCRIPTION="line type DropCapitalLine"/><OtherTag ID="LT10" LABEL="HeadingLine" DESCRIPTION="line type HeadingLine"/><OtherTag ID="LT11" LABEL="InterlinearLine" DESCRIPTION="line type InterlinearLine"/><OtherTag ID="LT12" LABEL="MusicLine" DESCRIPTION="line type MusicLine"/><OtherTag ID="LT636" LABEL="default" DESCRIPTION="line type default"/>
  </Tags>
  <Layout>
    <Page WIDTH="1082"
          HEIGHT="1774"
          PHYSICAL_IMG_NR="88"
          ID="eSc_dummypage_">
      <PrintSpace HPOS="0"
                  VPOS="0"
                  WIDTH="1082"
                  HEIGHT="1774">
        <TextBlock HPOS="218"
                   VPOS="69"
                   WIDTH="53"
                   HEIGHT="43"
                   ID="block_4"
                   TAGREFS="BT15">
          <Shape><Polygon POINTS="271 69 271 112 218 112 218 69"/></Shape>
          <TextLine ID="line_0"
                    TAGREFS="LT8"
                    BASELINE="222 98 275 98" 
                    HPOS="222.0"
                    VPOS="68.0"
                    WIDTH="53.0"
                    HEIGHT="45.0">
            <Shape><Polygon POINTS="262 68 260 68 222 70 222 98 222 113 275 103 275 98 274 68 262 68 262 68"/></Shape>
	    <String CONTENT="96"
                    HPOS="222.0"
                    VPOS="68.0"
                    WIDTH="53.0"
                    HEIGHT="45.0"
                    WC="0.9999959468841553"></String>
          </TextLine>
        </TextBlock>
        <TextBlock HPOS="399"
                   VPOS="63"
                   WIDTH="444"
                   HEIGHT="45"
                   ID="block_0"
                   TAGREFS="BT18">
          <Shape><Polygon POINTS="843 63 843 108 399 108 399 63"/></Shape>
          <TextLine ID="line_1"
                    TAGREFS="LT10"
                    BASELINE="397 94 839 94" 
                    HPOS="397"
                    VPOS="61"
                    WIDTH="442"
                    HEIGHT="52">
            <Shape><Polygon POINTS="811 62 801 62 792 62 782 62 772 62 762 62 752 62 742 62 732 62 722 62 713 62 703 62 693 62 683 62 673 62 663 62 653 62 644 62 634 62 624 62 614 62 604 62 594 62 584 62 575 62 565 62 555 62 553 62 552 62 545 62 535 62 525 62 523 62 522 62 515 62 505 62 496 62 486 62 476 62 471 62 466 62 456 62 446 62 436 62 427 62 417 62 407 62 397 62 397 94 397 113 436 113 436 112 437 112 439 112 461 103 467 108 468 108 469 108 470 108 491 105 498 110 500 112 501 112 502 112 503 113 626 113 626 112 627 112 628 112 636 107 644 103 721 103 726 105 738 110 739 110 740 110 741 110 751 104 754 103 759 104 774 108 775 108 776 108 777 108 789 104 790 103 790 104 797 110 798 110 799 110 800 110 839 102 839 94 839 62 822 61 821 62"/></Shape>
	    <String CONTENT="COMMENTARII"
                    HPOS="397"
                    VPOS="61"
                    WIDTH="442"
                    HEIGHT="52"
                    WC="0.9994612661274996"></String>
          </TextLine>
        </TextBlock>
        <TextBlock HPOS="211"
                   VPOS="118"
                   WIDTH="817"
                   HEIGHT="740"
                   ID="block_2"
                   TAGREFS="BT1853">
          <Shape><Polygon POINTS="1028 118 1028 858 211 858 211 118"/></Shape>
          <TextLine ID="line_2"
                    TAGREFS="LT8"
                    BASELINE="227 156 587 151 1016 156" 
                    HPOS="224"
                    VPOS="118"
                    WIDTH="791"
                    HEIGHT="56">
            <Shape><Polygon POINTS="994 118 494 118 479 121 433 121 430 118 226 118 224 171 301 165 344 172 368 165 552 172 603 165 642 174 713 174 725 165 873 172 923 165 1012 172 1015 155 1013 121 994 118"/></Shape>
	    <String CONTENT="habet, hoc θέσιν. Fugiendum eſt in diſciplina"
                    HPOS="224"
                    VPOS="118"
                    WIDTH="791"
                    HEIGHT="56"
                    WC="0.9971694920373999"></String>
          </TextLine>
          <TextLine ID="line_3"
                    TAGREFS="LT8"
                    BASELINE="216 204 407 201 1015 203" 
                    HPOS="216.0"
                    VPOS="162.0"
                    WIDTH="799.0"
                    HEIGHT="60.0">
            <Shape><Polygon POINTS="216 204 216 222 295 222 295 221 296 221 298 221 319 215 394 220 416 221 417 221 418 221 422 220 435 215 506 215 519 219 527 221 528 221 529 221 530 221 535 219 542 215 569 218 590 221 591 222 682 222 682 221 683 221 684 221 688 217 691 215 700 217 716 221 717 221 718 221 719 221 727 217 731 215 769 217 860 221 861 221 888 216 893 215 901 215 958 221 959 221 960 221 961 221 970 215 986 220 987 220 988 220 1014 214 1015 203 1014 172 967 172 931 162 930 162 929 162 828 171 787 162 786 162 785 162 784 162 772 171 760 162 759 162 758 162 757 162 756 162 732 171 691 162 690 162 689 162 662 171 636 162 635 162 603 162 602 162 601 162 577 171 549 162 548 162 396 162 395 162 394 162 393 162 381 171 327 164 326 164 325 164 311 172 216 172 216 204"/></Shape>
	    <String CONTENT="morali μυθικὸν fabuloſum, hoc eſt, quod ſpe¬"
                    HPOS="216.0"
                    VPOS="162.0"
                    WIDTH="799.0"
                    HEIGHT="60.0"
                    WC="0.9786153303252326"></String>
          </TextLine>
          <TextLine ID="line_4"
                    TAGREFS="LT8"
                    BASELINE="218 253 1016 253" 
                    HPOS="218.0"
                    VPOS="214.0"
                    WIDTH="798.0"
                    HEIGHT="58.0">
            <Shape><Polygon POINTS="218 253 218 271 284 272 285 272 286 272 288 271 299 266 322 271 323 271 324 271 325 271 334 265 350 271 352 272 353 272 354 272 361 271 401 267 419 271 422 272 423 272 424 272 425 272 426 271 437 266 449 271 451 272 452 272 453 272 586 272 586 272 587 272 589 271 608 265 631 271 634 272 635 272 636 272 637 272 639 271 654 265 669 271 671 272 672 272 673 272 674 272 676 271 692 265 779 265 789 271 789 272 790 272 791 272 792 272 795 271 823 265 1015 271 1016 253 1015 217 975 222 945 217 927 214 926 214 925 214 924 214 919 217 910 223 827 223 814 218 801 214 800 214 799 214 798 214 789 218 781 222 776 218 771 215 770 215 769 215 685 214 684 214 683 214 682 214 674 219 668 223 600 223 594 220 587 216 586 216 585 216 584 216 574 220 567 223 506 223 500 220 480 215 479 215 478 215 477 215 467 221 463 223 437 223 434 221 417 214 416 214 415 214 414 214 399 219 365 214 364 214 363 214 362 214 354 222 344 214 343 214 342 214 314 214 313 214 312 214 311 214 300 221 249 215 248 215 218 222 218 253"/></Shape>
	    <String CONTENT="ciem habet antiquitatis, ſed cum vero Dei"
                    HPOS="218.0"
                    VPOS="214.0"
                    WIDTH="798.0"
                    HEIGHT="58.0"
                    WC="0.9931648286377511"></String>
          </TextLine>
          <TextLine ID="line_5"
                    TAGREFS="LT8"
                    BASELINE="216 303 1012 299" 
                    HPOS="215.0"
                    VPOS="261.0"
                    WIDTH="797.0"
                    HEIGHT="61.0">
            <Shape><Polygon POINTS="216 303 216 322 261 322 261 321 262 321 279 315 351 320 352 320 353 320 373 315 470 320 480 320 481 320 482 320 483 320 496 314 516 320 518 320 519 320 520 320 521 320 522 320 532 314 595 319 611 320 612 320 620 319 643 315 728 318 756 319 757 319 758 319 759 319 760 318 770 312 825 312 1011 316 1012 299 1010 269 977 268 968 261 967 261 966 261 965 261 862 269 861 269 860 269 818 261 817 261 816 261 789 270 788 270 786 270 766 262 765 262 764 262 718 270 717 270 716 270 690 263 689 263 688 263 687 263 677 267 671 262 670 262 669 262 612 262 611 262 562 264 561 264 546 271 544 271 475 265 474 265 473 265 459 271 439 267 438 267 364 272 361 272 346 267 345 267 344 267 343 267 322 272 307 264 306 264 305 264 304 264 286 272 262 264 261 264 260 264 259 264 258 264 246 272 226 266 225 266 224 266 223 266 222 266 215 270 216 303"/></Shape>
	    <String CONTENT="cultu non congruit: ideóque duo huic diſci¬"
                    HPOS="215.0"
                    VPOS="261.0"
                    WIDTH="797.0"
                    HEIGHT="61.0"
                    WC="0.9958930638703433"></String>
          </TextLine>
          <TextLine ID="line_6"
                    TAGREFS="LT8"
                    BASELINE="218 353 391 349 1009 349" 
                    HPOS="217.0"
                    VPOS="310.0"
                    WIDTH="792.0"
                    HEIGHT="61.0">
            <Shape><Polygon POINTS="218 353 218 371 294 368 295 368 296 368 304 362 316 367 317 367 318 367 319 367 339 361 362 369 363 369 364 369 404 362 414 370 415 370 416 370 417 371 463 371 463 370 464 370 465 370 465 369 475 362 486 367 487 367 488 367 489 367 490 367 500 361 527 369 533 370 534 370 535 370 549 369 606 361 750 361 761 367 766 370 767 370 768 370 769 371 805 371 805 370 806 370 807 370 811 366 818 361 874 366 908 368 909 368 910 368 916 365 922 362 950 365 989 369 990 369 991 369 1009 364 1009 349 1009 319 973 310 972 310 971 310 925 311 924 311 909 319 888 310 887 310 886 310 795 311 794 311 793 311 783 320 782 320 781 320 722 313 721 313 721 313 707 320 707 321 658 321 637 321 594 311 593 311 592 311 573 320 541 311 540 311 539 311 538 311 525 317 502 311 501 311 500 311 499 311 498 311 486 321 433 321 410 311 409 311 357 311 356 311 355 311 337 321 283 321 266 312 265 312 264 312 217 321 218 353"/></Shape>
	    <String CONTENT="plinæ addit epitheta. Primum quòd ſit βέβη¬"
                    HPOS="217.0"
                    VPOS="310.0"
                    WIDTH="792.0"
                    HEIGHT="61.0"></String>
          </TextLine>
          <TextLine ID="line_7"
                    TAGREFS="LT8"
                    BASELINE="215 402 1000 395" 
                    HPOS="214.0"
                    VPOS="358.0"
                    WIDTH="786.0"
                    HEIGHT="62.0">
            <Shape><Polygon POINTS="215 402 215 413 330 413 331 413 357 420 358 420 359 420 411 414 436 420 437 420 438 420 439 420 466 412 467 412 470 412 550 419 551 419 552 419 576 411 577 411 580 411 630 418 631 418 674 410 679 410 709 410 762 411 769 417 770 417 771 417 772 417 773 417 801 410 805 409 809 410 837 415 838 416 891 416 891 415 892 415 893 415 899 410 979 415 980 415 981 415 1000 409 1000 395 997 367 890 367 870 358 869 358 819 358 818 358 817 358 816 358 807 365 803 362 802 362 801 362 800 362 769 369 766 369 763 369 730 359 729 359 678 359 677 359 630 370 628 370 626 370 589 360 588 360 587 360 586 360 585 360 570 370 569 370 497 361 496 361 495 361 494 361 482 371 481 371 444 365 443 365 442 365 420 372 418 372 417 372 398 362 397 362 396 362 361 368 337 362 336 362 335 362 334 362 333 362 325 367 302 363 301 363 300 363 299 363 288 373 287 374 214 374 215 402"/></Shape>
	    <String CONTENT="λον: deinde quòd γραώδες. Βέβηλον dicitur im¬"
                    HPOS="214.0"
                    VPOS="358.0"
                    WIDTH="786.0"
                    HEIGHT="62.0"></String>
          </TextLine>
          <TextLine ID="line_8"
                    TAGREFS="LT8"
                    BASELINE="217 453 483 447 1000 447" 
                    HPOS="216.0"
                    VPOS="409.0"
                    WIDTH="784.0"
                    HEIGHT="61.0">
            <Shape><Polygon POINTS="217 453 217 470 282 463 342 469 349 469 350 469 351 469 352 469 365 462 374 468 374 469 375 469 376 469 377 470 405 470 405 469 414 468 451 461 555 461 564 466 566 467 567 467 568 467 569 467 596 465 661 460 681 464 696 467 697 467 698 467 699 467 703 464 708 460 748 460 752 463 757 467 758 467 759 467 760 467 792 462 802 461 804 462 811 467 812 467 813 467 814 468 852 468 852 467 999 459 1000 447 999 411 965 409 964 409 963 409 962 409 959 411 949 418 942 412 941 412 940 412 939 411 901 409 900 409 899 409 888 412 869 418 861 413 855 409 854 409 853 409 852 409 831 413 801 419 756 414 716 410 715 410 714 410 699 415 686 419 668 416 663 415 662 415 652 416 617 420 609 416 596 411 595 411 571 411 570 411 569 411 548 417 540 420 536 418 528 412 527 412 526 412 465 411 464 411 463 411 462 411 452 419 450 420 435 419 379 415 378 415 377 415 376 415 370 420 368 422 299 422 298 421 289 415 288 415 288 415 287 415 286 415 271 422 216 422 217 453"/></Shape>
	    <String CONTENT="purum, nam Βήλον dicitur purum, qualis eſt"
                    HPOS="216.0"
                    VPOS="409.0"
                    WIDTH="784.0"
                    HEIGHT="61.0"
                    WC="0.9851092980351559"></String>
          </TextLine>
          <TextLine ID="line_9"
                    TAGREFS="LT8"
                    BASELINE="216 501 1006 495" 
                    HPOS="216.0"
                    VPOS="457.0"
                    WIDTH="790.0"
                    HEIGHT="64.0">
            <Shape><Polygon POINTS="216 501 216 521 258 516 360 519 378 519 379 519 380 519 381 519 393 512 449 517 471 519 472 519 473 519 474 519 476 517 483 511 504 516 507 517 508 517 509 517 510 517 511 517 512 516 519 511 560 515 570 516 571 516 572 516 575 515 585 511 598 515 607 517 608 517 609 517 622 514 640 510 706 513 782 516 783 516 784 516 785 516 791 511 793 510 801 511 826 514 827 514 847 510 854 509 857 510 871 516 872 516 873 516 917 509 925 508 931 509 964 515 965 516 965 515 1005 507 1006 495 1004 468 968 468 945 457 944 457 943 457 897 462 891 458 890 458 889 458 888 458 887 458 886 458 870 469 817 469 803 458 802 458 801 458 787 458 786 458 785 458 741 469 716 459 715 459 662 459 661 459 660 459 659 459 649 468 609 470 570 460 569 460 568 460 567 460 539 467 495 460 494 460 493 460 473 468 442 461 441 461 440 461 417 468 378 464 377 464 376 464 363 471 325 467 324 467 285 472 244 467 243 467 216 473 216 501"/></Shape>
	    <String CONTENT="puritas in cælo ſereno, in aſtris, hinc Béβηλον"
                    HPOS="216.0"
                    VPOS="457.0"
                    WIDTH="790.0"
                    HEIGHT="64.0"
                    WC="0.993851630638043"></String>
          </TextLine>
          <TextLine ID="line_10"
                    TAGREFS="LT8"
                    BASELINE="215 549 518 545 1009 547" 
                    HPOS="214.0"
                    VPOS="508.0"
                    WIDTH="795.0"
                    HEIGHT="59.0">
            <Shape><Polygon POINTS="215 549 215 560 324 566 325 566 326 566 347 560 355 558 363 560 385 564 386 564 407 560 415 558 419 559 435 566 436 566 437 566 473 561 497 566 498 566 499 566 518 559 522 557 566 557 574 559 600 566 601 566 602 566 603 566 604 566 616 558 619 557 633 558 663 562 664 562 717 558 731 557 733 558 745 566 746 566 747 566 748 567 797 567 797 566 837 557 858 557 911 557 912 557 942 566 943 566 944 566 1009 556 1009 547 1009 519 937 519 907 508 906 508 905 508 857 514 808 508 807 508 806 508 782 516 770 508 769 508 768 508 581 508 580 508 579 508 561 518 548 508 547 508 546 508 545 508 544 508 524 518 483 510 482 510 481 510 457 517 443 513 442 513 441 513 387 518 369 512 368 512 367 512 366 512 365 512 357 518 306 514 305 514 214 519 215 549"/></Shape>
	    <String CONTENT="impurum : nam βε ſyllaba ſignificationem"
                    HPOS="214.0"
                    VPOS="508.0"
                    WIDTH="795.0"
                    HEIGHT="59.0"></String>
          </TextLine>
          <TextLine ID="line_11"
                    TAGREFS="LT8"
                    BASELINE="213 598 1009 597" 
                    HPOS="212.0"
                    VPOS="558.0"
                    WIDTH="797.0"
                    HEIGHT="59.0">
            <Shape><Polygon POINTS="213 598 213 610 304 616 305 616 306 616 322 612 370 616 371 616 372 616 373 616 382 611 384 610 386 611 400 616 401 616 402 616 448 611 460 610 574 610 580 611 601 616 602 616 603 617 667 617 667 616 668 616 669 616 675 612 678 610 689 612 711 614 712 614 744 612 764 610 772 612 789 616 790 616 791 617 814 617 814 616 815 616 816 616 823 612 826 610 830 612 840 616 841 616 842 616 1008 612 1009 597 1007 568 977 562 976 562 975 562 974 562 967 567 948 558 947 558 946 558 945 558 944 558 935 564 908 558 907 558 906 558 887 566 876 558 875 558 874 558 845 558 844 558 843 558 814 566 807 569 737 569 733 566 723 558 722 558 721 558 721 558 720 558 694 566 685 569 578 569 569 565 550 558 549 558 510 558 509 558 508 558 507 558 500 564 497 566 486 564 448 558 383 558 382 558 381 558 365 564 352 569 287 569 275 563 263 558 262 558 261 558 212 562 213 598"/></Shape>
	    <String CONTENT="dictionis mutat: ideóque rectè intelligimus,"
                    HPOS="212.0"
                    VPOS="558.0"
                    WIDTH="797.0"
                    HEIGHT="59.0"
                    WC="0.9947384621786035"></String>
          </TextLine>
          <TextLine ID="line_12"
                    TAGREFS="LT8"
                    BASELINE="216 648 1014 646" 
                    HPOS="216.0"
                    VPOS="610.0"
                    WIDTH="798.0"
                    HEIGHT="57.0">
            <Shape><Polygon POINTS="216 648 216 667 251 660 298 666 299 666 357 661 392 666 393 666 394 666 409 660 426 665 427 665 428 665 429 665 439 660 471 665 472 665 523 660 609 666 610 666 611 666 612 666 613 666 621 659 634 665 635 665 636 665 734 659 760 664 761 664 784 659 791 665 792 665 793 665 793 665 975 659 1012 665 1014 646 1012 613 980 610 979 610 978 610 969 613 958 616 953 613 949 610 948 610 947 610 908 610 907 610 906 610 896 614 886 616 882 614 878 610 877 610 876 610 856 610 855 610 854 610 839 614 828 616 821 614 811 610 810 610 809 610 808 610 794 614 786 617 745 617 740 614 728 610 727 610 726 610 725 610 711 614 710 614 709 614 671 610 670 610 669 610 668 610 660 615 657 617 563 617 559 615 552 612 551 612 550 612 510 611 509 611 474 616 468 617 466 616 452 611 451 611 450 611 449 611 427 617 425 617 424 617 417 613 416 613 415 613 414 613 413 613 412 613 404 617 403 618 329 618 310 618 300 611 299 611 298 611 264 611 263 611 262 611 261 611 249 618 216 618 216 648"/></Shape>
	    <String CONTENT="pollutum, cœnoſum, impurum, quod cælo&amp;"
                    HPOS="216.0"
                    VPOS="610.0"
                    WIDTH="798.0"
                    HEIGHT="57.0"
                    WC="0.9938961879203194"></String>
          </TextLine>
          <TextLine ID="line_13"
                    TAGREFS="LT8"
                    BASELINE="214 697 1010 693" 
                    HPOS="213.0"
                    VPOS="655.0"
                    WIDTH="797.0"
                    HEIGHT="59.0">
            <Shape><Polygon POINTS="214 697 214 707 236 714 237 714 238 714 268 708 361 714 362 714 363 714 364 714 374 707 407 707 413 707 415 707 528 713 529 713 573 707 780 712 781 712 782 712 801 707 940 711 941 711 1009 704 1010 693 1009 666 974 655 973 655 972 655 971 655 946 666 878 666 864 658 863 658 862 658 861 658 842 665 829 657 828 657 827 657 826 657 825 657 803 662 774 656 773 656 772 656 771 656 754 666 705 660 704 660 703 660 702 660 693 666 664 656 663 656 662 656 620 664 570 661 569 661 536 666 510 657 509 657 443 657 442 657 441 657 417 665 400 658 399 658 398 658 397 658 381 664 349 659 348 659 347 659 346 659 331 668 279 668 253 658 252 658 251 658 250 658 213 669 214 697"/></Shape>
	    <String CONTENT="aſtris minimè dignum eſt. Γραώδες vero di¬"
                    HPOS="213.0"
                    VPOS="655.0"
                    WIDTH="797.0"
                    HEIGHT="59.0"></String>
          </TextLine>
          <TextLine ID="line_14"
                    TAGREFS="LT8"
                    BASELINE="211 746 1007 743" 
                    HPOS="210.0"
                    VPOS="703.0"
                    WIDTH="797.0"
                    HEIGHT="63.0">
            <Shape><Polygon POINTS="211 746 211 758 228 765 229 765 230 766 283 766 283 765 284 765 285 765 291 760 297 765 298 765 299 765 300 766 350 766 350 765 351 765 377 758 378 758 379 758 474 765 475 765 476 765 505 757 508 757 517 757 616 764 617 764 699 757 738 764 739 764 740 764 757 756 758 756 915 756 916 756 928 762 929 762 930 762 1006 755 1007 743 1004 714 968 714 966 714 953 708 952 708 951 708 950 708 949 708 941 714 940 715 912 715 909 714 854 703 853 703 852 703 829 714 829 715 734 715 731 715 697 704 696 704 695 704 642 715 640 715 622 704 621 704 620 704 619 704 618 704 600 711 590 704 589 704 588 704 552 704 551 704 550 704 521 715 503 705 502 705 501 705 500 705 477 714 442 705 441 705 366 705 365 705 305 714 252 705 251 705 250 705 210 716 211 746"/></Shape>
	    <String CONTENT="citur, quòd ſpeciem habet ſapientiæ &amp; anti¬"
                    HPOS="210.0"
                    VPOS="703.0"
                    WIDTH="797.0"
                    HEIGHT="63.0"
                    WC="0.9932418655265461"></String>
          </TextLine>
          <TextLine ID="line_15"
                    TAGREFS="LT8"
                    BASELINE="212 792 1006 796" 
                    HPOS="211.0"
                    VPOS="754.0"
                    WIDTH="795.0"
                    HEIGHT="63.0">
            <Shape><Polygon POINTS="212 792 211 813 289 814 290 814 293 814 342 806 353 813 354 813 355 813 356 813 381 808 439 815 446 815 447 815 448 815 450 815 470 809 494 815 495 815 496 815 497 815 498 815 499 815 521 807 542 812 543 812 544 812 605 807 633 813 634 813 635 813 655 808 667 816 668 816 669 816 670 817 746 817 746 816 747 816 748 816 760 808 802 808 849 817 853 817 854 817 855 817 856 817 866 809 1004 817 1006 796 1005 767 938 767 937 766 915 757 914 757 872 757 871 757 870 757 846 766 844 766 839 766 805 761 804 761 755 765 753 765 752 765 721 756 720 756 719 756 718 756 698 765 697 765 656 765 645 765 634 756 633 756 632 756 631 756 630 756 613 762 597 755 596 755 522 755 521 755 470 763 458 759 457 759 456 759 455 759 445 764 444 764 442 764 408 754 407 754 406 754 405 754 372 763 371 763 370 763 298 757 297 757 212 762 212 792"/></Shape>
	    <String CONTENT="quitatis, ſed recedit à vera ſapientia diuina,"
                    HPOS="211.0"
                    VPOS="754.0"
                    WIDTH="795.0"
                    HEIGHT="63.0"
                    WC="0.9866743696496841"></String>
          </TextLine>
          <TextLine ID="line_16"
                    TAGREFS="LT8"
                    BASELINE="213 844 754 842" 
                    HPOS="213.0"
                    VPOS="806.0"
                    WIDTH="541.0"
                    HEIGHT="59.0">
            <Shape><Polygon POINTS="213 834 213 844 213 865 284 862 285 862 286 862 294 856 326 864 328 864 329 864 344 864 351 863 352 863 353 863 353 862 360 856 378 861 379 861 380 861 381 861 396 856 478 856 494 862 498 863 499 863 500 864 535 864 535 863 536 863 537 863 539 861 546 855 559 861 564 863 565 863 566 864 595 864 595 863 596 863 597 863 597 862 599 860 604 856 612 860 617 863 618 863 619 863 620 863 632 860 651 855 752 858 754 842 753 817 725 807 724 807 723 807 722 807 721 807 707 816 637 806 636 806 635 806 634 806 634 807 625 815 593 816 571 807 570 807 529 806 528 806 502 811 492 807 491 807 490 807 489 807 488 807 474 816 467 810 467 809 466 809 465 809 464 809 463 809 462 809 462 810 454 817 419 810 418 810 417 810 416 810 407 817 407 818 359 818 358 817 344 807 343 807 342 807 312 807 311 807 310 807 291 817 261 812 260 812 259 812 258 812 258 813 253 817 253 818 216 818 213 834"/></Shape>
	    <String CONTENT="quæ docet verum Dei cultum."
                    HPOS="213.0"
                    VPOS="806.0"
                    WIDTH="541.0"
                    HEIGHT="59.0"
                    WC="0.9995827432031985"></String>
          </TextLine>
        </TextBlock>
        <TextBlock HPOS="186"
                   VPOS="863"
                   WIDTH="830"
                   HEIGHT="691"
                   ID="eSc_textblock_9676897b"
                   TAGREFS="BT1851">
          <Shape><Polygon POINTS="200 863 186 1554 1016 1554 1016 863"/></Shape>
          <TextLine ID="line_17"
                    TAGREFS="LT8"
                    BASELINE="218 896 705 891 999 894" 
                    HPOS="217"
                    VPOS="853"
                    WIDTH="782"
                    HEIGHT="59">
            <Shape><Polygon POINTS="218 896 218 909 384 912 385 912 386 912 402 908 407 907 410 908 419 912 420 912 421 912 491 907 516 906 519 907 526 911 527 911 528 911 556 907 565 906 575 907 613 911 614 911 641 906 649 905 650 906 658 910 659 910 660 910 728 906 741 905 742 905 748 910 749 910 750 910 751 911 828 911 828 910 870 904 877 904 888 904 963 909 964 909 998 903 999 894 997 856 948 862 922 857 904 853 903 853 902 853 886 857 866 862 846 858 827 854 826 854 764 859 756 859 755 859 741 854 740 854 739 854 738 854 720 859 711 862 707 860 699 854 698 854 697 854 696 854 695 854 675 860 674 860 672 860 635 854 634 854 597 855 596 855 595 855 585 861 580 865 440 865 436 863 408 856 407 856 406 856 405 856 404 856 391 864 388 866 306 866 305 865 268 856 267 856 266 856 265 856 249 866 217 866 218 896"/></Shape>
	    <String CONTENT="Itaque damnantur hîc duo pietatis veræ"
                    HPOS="217"
                    VPOS="853"
                    WIDTH="782"
                    HEIGHT="59"
                    WC="0.9987093240786822"></String>
          </TextLine>
          <TextLine ID="line_18"
                    TAGREFS="LT8"
                    BASELINE="208 946 582 942 999 944" 
                    HPOS="207"
                    VPOS="904"
                    WIDTH="792"
                    HEIGHT="57">
            <Shape><Polygon POINTS="208 946 208 957 355 961 356 961 357 961 373 957 377 956 381 957 401 961 402 961 403 961 421 956 428 955 440 956 479 961 480 961 522 956 524 956 526 956 553 961 554 961 555 961 571 956 573 955 576 956 587 960 588 960 589 960 639 955 646 955 650 955 687 960 688 960 689 960 703 955 707 955 716 955 756 960 757 960 758 960 775 955 777 955 778 955 785 960 786 960 787 960 788 961 825 961 825 960 873 955 877 955 878 955 890 960 891 960 892 960 935 955 936 955 937 955 955 960 956 960 957 960 998 954 999 944 998 914 937 914 903 904 902 904 901 904 900 904 875 913 806 904 805 904 804 904 803 904 794 912 753 913 563 905 562 905 561 905 560 905 548 914 547 914 546 914 509 909 508 909 507 909 494 914 474 905 473 905 380 905 379 905 378 905 356 914 356 915 338 915 338 914 327 906 326 906 325 906 324 906 323 906 322 906 309 914 238 909 237 909 207 914 208 946"/></Shape>
	    <String CONTENT="extrema: defectus eſt Bεβηλοτὴς, contaminans"
                    HPOS="207"
                    VPOS="904"
                    WIDTH="792"
                    HEIGHT="57"
                    WC="0.9912603563732572"></String>
          </TextLine>
          <TextLine ID="line_19"
                    TAGREFS="LT8"
                    BASELINE="206 995 1001 991" 
                    HPOS="205"
                    VPOS="954"
                    WIDTH="796"
                    HEIGHT="59">
            <Shape><Polygon POINTS="206 995 206 1011 331 1012 332 1012 338 1011 365 1006 392 1011 403 1013 404 1013 405 1013 409 1011 424 1005 506 1011 524 1012 525 1012 532 1011 563 1005 593 1011 601 1012 602 1012 642 1011 643 1011 644 1011 657 1004 748 1011 758 1011 759 1011 760 1011 761 1011 770 1003 802 1003 893 1003 930 1010 931 1010 967 1003 999 1010 1001 991 1000 958 992 954 991 954 990 954 989 954 988 954 965 960 956 962 948 960 939 957 938 957 937 957 937 957 925 960 917 962 915 960 906 954 905 954 904 954 903 954 831 958 761 955 760 955 759 955 758 955 746 962 744 963 742 962 734 955 733 955 732 955 688 955 687 955 645 963 642 963 630 955 629 955 628 955 603 955 602 955 523 964 518 965 422 965 244 965 223 957 222 957 221 957 220 957 205 965 206 995"/></Shape>
	    <String CONTENT="pietatis exercitia profana vita. Exceſſus autẽ"
                    HPOS="205"
                    VPOS="954"
                    WIDTH="796"
                    HEIGHT="59"
                    WC="0.9986951173620021"></String>
          </TextLine>
          <TextLine ID="line_20"
                    TAGREFS="LT8"
                    BASELINE="207 1044 999 1038" 
                    HPOS="206"
                    VPOS="1000"
                    WIDTH="793"
                    HEIGHT="63">
            <Shape><Polygon POINTS="207 1044 207 1055 336 1063 337 1063 338 1063 339 1063 350 1056 363 1060 364 1060 365 1060 366 1060 383 1055 405 1062 406 1062 407 1062 446 1054 468 1062 469 1062 470 1062 471 1062 489 1053 490 1053 578 1053 600 1061 601 1061 602 1061 603 1061 632 1052 633 1052 644 1059 645 1059 646 1059 647 1059 648 1059 665 1052 666 1052 673 1052 859 1059 860 1059 861 1059 862 1059 871 1051 905 1058 906 1058 907 1058 908 1058 916 1053 972 1058 973 1058 974 1058 999 1049 999 1038 998 1011 973 1001 972 1001 956 1000 955 1000 954 1000 953 1000 942 1008 874 1000 873 1000 872 1000 871 1000 858 1009 844 1003 843 1003 842 1003 841 1003 840 1003 830 1011 797 1005 796 1005 739 1011 724 1002 723 1002 722 1002 651 1002 650 1002 649 1002 612 1012 579 1003 578 1003 527 1003 526 1003 525 1003 505 1013 469 1014 442 1004 441 1004 440 1004 439 1004 417 1015 385 1015 369 1006 368 1006 367 1006 366 1006 336 1016 274 1016 260 1005 259 1005 258 1005 239 1005 238 1005 237 1005 206 1016 207 1044"/></Shape>
	    <String CONTENT="eſt γραώδες, hoc eſt, ſuperſtitio, quæ aliàs di¬"
                    HPOS="206"
                    VPOS="1000"
                    WIDTH="793"
                    HEIGHT="63"></String>
          </TextLine>
          <TextLine ID="line_21"
                    TAGREFS="LT8"
                    BASELINE="205 1091 1003 1090" 
                    HPOS="204"
                    VPOS="1053"
                    WIDTH="799"
                    HEIGHT="56">
            <Shape><Polygon POINTS="205 1091 205 1105 305 1102 314 1105 324 1108 325 1108 326 1109 425 1109 425 1108 426 1108 440 1104 452 1101 509 1101 514 1104 518 1106 519 1106 520 1106 521 1106 542 1103 561 1101 574 1103 600 1108 601 1108 602 1108 603 1108 608 1103 609 1102 610 1103 618 1107 619 1107 620 1107 621 1107 637 1103 648 1100 691 1100 697 1102 706 1106 707 1106 708 1106 767 1102 799 1100 838 1101 954 1107 955 1107 1002 1100 1003 1090 1002 1061 989 1053 988 1053 987 1053 986 1053 930 1062 793 1062 778 1053 777 1053 776 1053 746 1058 717 1053 716 1053 715 1053 698 1061 687 1053 686 1053 685 1053 684 1053 649 1060 640 1053 639 1053 638 1053 609 1053 608 1053 607 1053 606 1053 594 1062 579 1054 578 1054 514 1054 513 1054 512 1054 511 1054 502 1062 477 1054 476 1054 475 1054 474 1054 441 1063 396 1063 383 1056 382 1056 381 1056 334 1062 316 1054 315 1054 314 1054 280 1062 216 1057 216 1057 215 1057 204 1062 205 1091"/></Shape>
	    <String CONTENT="citurδυσιδαιμονία. Exẽplo res declarari poteſt:"
                    HPOS="204"
                    VPOS="1053"
                    WIDTH="799"
                    HEIGHT="56"
                    WC="0.9955624195994163"></String>
          </TextLine>
          <TextLine ID="line_22"
                    TAGREFS="LT8"
                    BASELINE="207 1142 491 1136 1002 1139" 
                    HPOS="206"
                    VPOS="1098"
                    WIDTH="796"
                    HEIGHT="57">
            <Shape><Polygon POINTS="207 1142 207 1147 292 1154 293 1155 339 1155 339 1154 340 1154 341 1154 348 1148 350 1147 396 1147 399 1148 412 1154 413 1154 414 1155 453 1155 453 1154 454 1154 455 1154 463 1148 465 1147 628 1147 631 1149 638 1154 639 1154 640 1154 641 1154 707 1149 721 1148 722 1149 732 1153 733 1153 734 1153 735 1153 747 1149 754 1147 787 1149 861 1154 862 1154 863 1154 879 1149 888 1147 901 1149 927 1154 928 1154 1001 1149 1002 1139 1001 1110 878 1110 867 1101 866 1101 865 1101 865 1101 824 1109 770 1098 769 1098 768 1098 745 1109 708 1098 707 1098 625 1098 624 1098 623 1098 595 1109 575 1098 574 1098 546 1098 545 1098 544 1098 543 1098 526 1109 456 1098 455 1098 454 1098 415 1109 364 1098 363 1098 362 1098 335 1109 318 1098 317 1098 316 1098 290 1098 289 1098 288 1098 268 1110 206 1110 207 1142"/></Shape>
	    <String CONTENT="tres ſimul vigilant diuerſiſsimo fine &amp; euen¬"
                    HPOS="206"
                    VPOS="1098"
                    WIDTH="796"
                    HEIGHT="57"
                    WC="0.9989895198080275"></String>
          </TextLine>
          <TextLine ID="line_23"
                    TAGREFS="LT8"
                    BASELINE="206 1191 430 1184 1001 1189" 
                    HPOS="206"
                    VPOS="1147"
                    WIDTH="795"
                    HEIGHT="60">
            <Shape><Polygon POINTS="206 1191 206 1205 255 1205 255 1204 256 1204 257 1204 263 1199 269 1204 270 1204 271 1204 272 1205 328 1205 328 1204 336 1203 391 1195 414 1202 423 1205 424 1205 425 1205 426 1205 436 1202 460 1196 495 1196 509 1201 519 1205 520 1205 521 1205 570 1201 624 1196 654 1200 679 1203 680 1203 681 1203 682 1203 686 1200 689 1198 747 1198 753 1199 773 1204 774 1204 775 1204 798 1198 801 1198 802 1198 814 1206 815 1206 816 1206 817 1207 878 1207 878 1206 923 1197 926 1197 928 1197 954 1205 955 1205 956 1205 1000 1196 1001 1189 1000 1159 952 1159 952 1159 939 1153 938 1153 937 1153 884 1158 872 1149 871 1149 870 1149 869 1149 868 1149 833 1159 832 1159 792 1159 791 1159 768 1151 767 1151 766 1151 725 1157 709 1148 708 1148 707 1148 613 1150 576 1158 528 1148 527 1148 526 1148 500 1158 483 1148 482 1148 481 1148 480 1148 434 1156 409 1147 408 1147 357 1147 356 1147 355 1147 318 1157 292 1150 291 1150 290 1150 289 1150 288 1150 278 1158 206 1158 206 1191"/></Shape>
	    <String CONTENT="tu. Apoſtolus Paulus aut Petrus vigilat per¬"
                    HPOS="206"
                    VPOS="1147"
                    WIDTH="795"
                    HEIGHT="60"
                    WC="0.9945896376263011"></String>
          </TextLine>
          <TextLine ID="line_24"
                    TAGREFS="LT8"
                    BASELINE="203 1238 432 1232 1001 1238" 
                    HPOS="202"
                    VPOS="1194"
                    WIDTH="799"
                    HEIGHT="57">
            <Shape><Polygon POINTS="203 1238 202 1245 999 1251 1001 1238 1001 1210 976 1201 975 1201 974 1201 973 1201 972 1201 959 1210 956 1210 846 1210 844 1209 795 1195 794 1195 700 1195 699 1195 698 1195 684 1202 670 1195 669 1195 668 1195 631 1199 613 1194 612 1194 611 1194 559 1200 541 1194 540 1194 539 1194 538 1194 537 1194 522 1204 503 1194 502 1194 477 1194 476 1194 475 1194 474 1194 464 1201 406 1200 405 1200 404 1200 386 1206 360 1201 359 1201 358 1201 342 1206 341 1206 203 1206 203 1238"/></Shape>
	    <String CONTENT="nox vt oret pro Eccleſiis Chriſti, aliis proſit, &amp;"
                    HPOS="202"
                    VPOS="1194"
                    WIDTH="799"
                    HEIGHT="57"
                    WC="0.9890539360046386"></String>
          </TextLine>
          <TextLine ID="line_25"
                    TAGREFS="LT8"
                    BASELINE="201 1286 541 1282 999 1289" 
                    HPOS="201"
                    VPOS="1245"
                    WIDTH="798"
                    HEIGHT="57">
            <Shape><Polygon POINTS="201 1286 201 1297 288 1293 409 1297 470 1299 471 1299 472 1299 482 1297 494 1295 557 1296 626 1299 627 1299 628 1299 638 1296 646 1295 665 1296 703 1300 704 1300 735 1296 743 1296 745 1296 755 1300 756 1300 757 1300 806 1296 807 1296 864 1301 865 1301 865 1301 882 1296 898 1301 899 1301 900 1302 988 1302 988 1301 989 1301 990 1301 998 1296 999 1289 998 1258 935 1250 934 1250 933 1250 932 1250 922 1257 912 1249 911 1249 910 1249 909 1249 908 1249 891 1257 890 1257 814 1257 806 1257 791 1247 790 1247 789 1247 788 1247 746 1255 731 1247 730 1247 729 1247 658 1252 647 1247 646 1247 645 1247 570 1255 538 1246 537 1246 510 1246 509 1246 508 1246 491 1255 490 1255 466 1245 465 1245 464 1245 463 1245 462 1245 447 1254 390 1254 378 1245 377 1245 376 1245 375 1245 319 1247 318 1247 303 1254 302 1254 283 1248 282 1248 281 1248 201 1253 201 1286"/></Shape>
	    <String CONTENT="munus ſibi impoſitum meliùs obeat, docet"
                    HPOS="201"
                    VPOS="1245"
                    WIDTH="798"
                    HEIGHT="57"
                    WC="0.9861137081937092"></String>
          </TextLine>
          <TextLine ID="line_26"
                    TAGREFS="LT8"
                    BASELINE="201 1331 993 1336" 
                    HPOS="200"
                    VPOS="1293"
                    WIDTH="793"
                    HEIGHT="63">
            <Shape><Polygon POINTS="201 1331 200 1344 227 1349 228 1349 229 1349 230 1349 237 1345 241 1343 283 1343 287 1345 301 1351 302 1351 303 1352 335 1352 335 1351 336 1351 354 1345 360 1343 371 1345 407 1351 408 1351 409 1351 421 1345 424 1344 427 1345 444 1352 445 1352 446 1352 554 1345 566 1345 568 1345 589 1353 590 1353 591 1353 755 1346 761 1346 763 1346 804 1354 805 1354 839 1349 848 1355 849 1355 850 1355 851 1356 905 1356 905 1355 906 1355 925 1347 952 1354 953 1354 954 1354 992 1346 993 1336 992 1307 965 1307 964 1306 952 1296 951 1296 950 1296 949 1296 948 1296 919 1305 915 1307 870 1307 867 1304 856 1296 855 1296 854 1296 834 1296 833 1296 832 1296 802 1303 801 1303 799 1303 736 1296 735 1296 734 1296 721 1302 717 1305 695 1305 689 1301 674 1295 673 1295 672 1295 671 1295 657 1301 650 1304 645 1300 639 1296 638 1296 637 1296 600 1295 599 1295 598 1295 597 1295 590 1299 583 1304 560 1299 554 1298 553 1298 548 1299 523 1304 504 1298 501 1297 500 1297 499 1297 498 1297 496 1298 486 1303 472 1297 460 1294 459 1294 458 1294 457 1294 448 1297 434 1304 385 1304 367 1296 360 1293 359 1293 358 1293 357 1293 348 1296 330 1301 305 1296 304 1296 303 1296 268 1302 201 1294 201 1331"/></Shape>
	    <String CONTENT="Euangelium, &amp; orat. Vigilat ſimul ſuperſti¬"
                    HPOS="200"
                    VPOS="1293"
                    WIDTH="793"
                    HEIGHT="63"
                    WC="0.986525697763576"></String>
          </TextLine>
          <TextLine ID="line_27"
                    TAGREFS="LT8"
                    BASELINE="200 1380 987 1386" 
                    HPOS="199"
                    VPOS="1344"
                    WIDTH="788"
                    HEIGHT="64">
            <Shape><Polygon POINTS="200 1380 199 1389 356 1393 374 1403 375 1403 376 1403 377 1403 398 1393 461 1392 509 1392 551 1404 552 1404 553 1404 616 1400 656 1405 657 1405 658 1405 673 1398 714 1398 856 1407 857 1408 921 1408 921 1407 922 1407 937 1401 954 1406 955 1406 956 1406 957 1406 986 1395 987 1386 987 1356 972 1349 971 1349 938 1349 937 1349 937 1349 915 1356 907 1359 869 1356 840 1354 839 1354 838 1354 834 1356 830 1358 826 1356 820 1352 819 1352 818 1352 817 1352 816 1352 808 1356 803 1359 743 1359 735 1355 716 1347 715 1347 692 1347 691 1347 690 1347 689 1347 678 1355 674 1358 649 1358 643 1355 629 1347 628 1347 546 1347 545 1347 544 1347 532 1354 530 1355 498 1356 494 1354 491 1351 490 1351 489 1351 488 1351 474 1353 464 1355 462 1353 451 1345 450 1345 449 1345 425 1345 424 1345 423 1345 402 1353 396 1355 370 1353 286 1344 257 1344 256 1344 255 1344 235 1352 229 1354 200 1352 200 1380"/></Shape>
	    <String CONTENT="tioſus monachus aut Phariſæus, qui vigiliis"
                    HPOS="199"
                    VPOS="1344"
                    WIDTH="788"
                    HEIGHT="64"
                    WC="0.9882700484852458"></String>
          </TextLine>
          <TextLine ID="line_28"
                    TAGREFS="LT8"
                    BASELINE="199 1430 985 1432" 
                    HPOS="198"
                    VPOS="1396"
                    WIDTH="787"
                    HEIGHT="57">
            <Shape><Polygon POINTS="199 1430 198 1439 250 1440 270 1451 271 1451 272 1451 273 1451 288 1445 322 1451 323 1451 324 1451 325 1451 341 1441 404 1441 473 1452 474 1452 475 1452 490 1447 577 1452 578 1452 579 1452 609 1442 626 1450 627 1450 628 1450 629 1450 660 1442 703 1452 802 1453 803 1453 804 1453 819 1445 864 1453 865 1453 865 1453 866 1453 880 1443 984 1442 985 1432 984 1408 757 1408 755 1406 745 1398 744 1398 743 1398 721 1397 653 1397 652 1397 651 1397 650 1397 640 1405 626 1406 612 1406 608 1405 581 1398 580 1398 579 1398 549 1403 515 1397 514 1397 513 1397 499 1405 496 1406 482 1405 406 1396 405 1396 245 1403 235 1396 234 1396 233 1396 210 1396 209 1396 208 1396 207 1396 199 1401 199 1430"/></Shape>
	    <String CONTENT="ſuis, opus ſupererogationis fabricatur, meri¬"
                    HPOS="198"
                    VPOS="1396"
                    WIDTH="787"
                    HEIGHT="57"
                    WC="0.9982550263404846"></String>
          </TextLine>
          <TextLine ID="line_29"
                    TAGREFS="LT8"
                    BASELINE="199 1481 989 1484" 
                    HPOS="198"
                    VPOS="1444"
                    WIDTH="791"
                    HEIGHT="63">
            <Shape><Polygon POINTS="199 1481 198 1491 259 1493 271 1502 272 1502 273 1502 274 1502 275 1502 292 1493 342 1493 360 1504 360 1504 361 1504 362 1504 363 1504 386 1494 414 1493 423 1500 424 1500 425 1500 426 1500 471 1495 503 1501 504 1501 540 1500 550 1505 551 1505 552 1505 553 1506 585 1506 585 1505 586 1505 587 1505 596 1499 609 1501 610 1501 611 1501 612 1501 628 1494 698 1505 699 1505 729 1500 745 1506 746 1506 747 1506 748 1506 767 1500 777 1506 778 1506 779 1506 780 1507 896 1507 896 1506 897 1506 923 1495 935 1500 936 1500 937 1500 988 1494 989 1484 988 1457 964 1457 964 1456 944 1446 943 1446 916 1446 915 1446 914 1446 913 1446 900 1456 899 1457 865 1457 864 1455 851 1446 850 1446 849 1446 803 1446 802 1446 801 1446 800 1446 789 1454 776 1455 752 1456 747 1454 725 1445 724 1445 698 1445 697 1445 696 1445 695 1445 681 1454 678 1456 663 1456 660 1454 648 1445 647 1445 646 1445 645 1445 644 1445 623 1453 618 1455 602 1453 577 1450 577 1450 553 1453 533 1455 529 1452 525 1449 524 1449 523 1449 522 1449 521 1449 510 1452 506 1453 502 1452 461 1444 460 1444 404 1445 403 1445 387 1451 382 1453 374 1451 352 1445 351 1445 350 1445 349 1445 348 1445 339 1451 332 1454 199 1450 199 1481"/></Shape>
	    <String CONTENT="torium apud Deum pro ſua ſalute. His adde¬"
                    HPOS="198"
                    VPOS="1444"
                    WIDTH="791"
                    HEIGHT="63"
                    WC="0.9920802130585625"></String>
          </TextLine>
          <TextLine ID="line_30"
                    TAGREFS="LT8"
                    BASELINE="200 1528 984 1542" 
                    HPOS="198"
                    VPOS="1493"
                    WIDTH="785"
                    HEIGHT="91">
            <Shape><Polygon POINTS="198 1552 260 1556 318 1577 319 1577 321 1577 322 1577 324 1577 343 1565 377 1567 401 1583 402 1583 404 1583 405 1583 407 1583 458 1567 478 1561 498 1568 500 1568 501 1568 503 1568 589 1561 667 1574 669 1574 670 1574 671 1574 685 1564 747 1577 748 1577 750 1577 774 1568 794 1584 796 1584 797 1584 908 1555 983 1549 982 1541 982 1506 199 1493 199 1527"/></Shape>
	    <String CONTENT="tur tertius profanus compotator qui pernox¬"
                    HPOS="198"
                    VPOS="1493"
                    WIDTH="785"
                    HEIGHT="91"></String>
          </TextLine>
        </TextBlock>
        <TextBlock HPOS="928"
                   VPOS="1549"
                   WIDTH="68"
                   HEIGHT="50"
                   ID="block_1"
                   TAGREFS="BT17">
          <Shape><Polygon POINTS="996 1549 996 1599 928 1599 928 1549"/></Shape>
          <TextLine ID="line_31"
                    TAGREFS="LT8"
                    BASELINE="925 1585 992 1585" 
                    HPOS="925"
                    VPOS="1545"
                    WIDTH="67"
                    HEIGHT="60">
            <Shape><Polygon POINTS="925 1600 991 1605 992 1585 991 1545 966 1546 965 1546 964 1546 964 1547 958 1552 950 1560 925 1560 925 1585"/></Shape>
	    <String CONTENT="eſt"
                    HPOS="925"
                    VPOS="1545"
                    WIDTH="67"
                    HEIGHT="60"
                    WC="0.9870066046714783"></String>
          </TextLine>
        </TextBlock>
      </PrintSpace>
    </Page>
  </Layout>
</alto>
