<?xml version="1.0" encoding="UTF-8"?>
<alto xmlns:xsi="http://www.w3.org/2001/XMLSchema-instance"
      xmlns="http://www.loc.gov/standards/alto/ns-v4#"
      xsi:schemaLocation="http://www.loc.gov/standards/alto/ns-v4# http://www.loc.gov/standards/alto/v4/alto-4-2.xsd">
  <Description>
    <MeasurementUnit>pixel</MeasurementUnit>
    <sourceImageInformation>
      <fileName>bsb10313792_00082.jpg</fileName>
    </sourceImageInformation>
  </Description>
  <Tags>
    <OtherTag ID="BT7" LABEL="CustomZone" DESCRIPTION="block type CustomZone"/><OtherTag ID="BT8" LABEL="DamageZone" DESCRIPTION="block type DamageZone"/><OtherTag ID="BT9" LABEL="DigitizationArtefactZone" DESCRIPTION="block type DigitizationArtefactZone"/><OtherTag ID="BT10" LABEL="DropCapitalZone" DESCRIPTION="block type DropCapitalZone"/><OtherTag ID="BT11" LABEL="GraphicZone" DESCRIPTION="block type GraphicZone"/><OtherTag ID="BT12" LABEL="MainZone" DESCRIPTION="block type MainZone"/><OtherTag ID="BT13" LABEL="MarginTextZone" DESCRIPTION="block type MarginTextZone"/><OtherTag ID="BT14" LABEL="MusicZone" DESCRIPTION="block type MusicZone"/><OtherTag ID="BT15" LABEL="NumberingZone" DESCRIPTION="block type NumberingZone"/><OtherTag ID="BT17" LABEL="QuireMarksZone" DESCRIPTION="block type QuireMarksZone"/><OtherTag ID="BT18" LABEL="RunningTitleZone" DESCRIPTION="block type RunningTitleZone"/><OtherTag ID="BT19" LABEL="SealZone" DESCRIPTION="block type SealZone"/><OtherTag ID="BT20" LABEL="StampZone" DESCRIPTION="block type StampZone"/><OtherTag ID="BT21" LABEL="TableZone" DESCRIPTION="block type TableZone"/><OtherTag ID="BT22" LABEL="TitlePageZone" DESCRIPTION="block type TitlePageZone"/><OtherTag ID="BT1851" LABEL="MainZone-P" DESCRIPTION="block type MainZone-P"/><OtherTag ID="BT1852" LABEL="MainZone-Head" DESCRIPTION="block type MainZone-Head"/><OtherTag ID="BT1853" LABEL="MainZone-P-Continued" DESCRIPTION="block type MainZone-P-Continued"/><OtherTag ID="BT1854" LABEL="MarginTextZone-ManuscriptAddendum" DESCRIPTION="block type MarginTextZone-ManuscriptAddendum"/><OtherTag ID="BT1855" LABEL="text" DESCRIPTION="block type text"/><OtherTag ID="BT1856" LABEL="MainZone-Entry" DESCRIPTION="block type MainZone-Entry"/><OtherTag ID="BT1857" LABEL="MainZone-Entry-Continued" DESCRIPTION="block type MainZone-Entry-Continued"/><OtherTag ID="BT1877" LABEL="GraphicZone-Decoration" DESCRIPTION="block type GraphicZone-Decoration"/><OtherTag ID="BT1894" LABEL="MainZone-Other" DESCRIPTION="block type MainZone-Other"/>
    <OtherTag ID="LT7" LABEL="CustomLine" DESCRIPTION="line type CustomLine"/><OtherTag ID="LT8" LABEL="DefaultLine" DESCRIPTION="line type DefaultLine"/><OtherTag ID="LT9" LABEL="DropCapitalLine" DESCRIPTION="line type DropCapitalLine"/><OtherTag ID="LT10" LABEL="HeadingLine" DESCRIPTION="line type HeadingLine"/><OtherTag ID="LT11" LABEL="InterlinearLine" DESCRIPTION="line type InterlinearLine"/><OtherTag ID="LT12" LABEL="MusicLine" DESCRIPTION="line type MusicLine"/><OtherTag ID="LT636" LABEL="default" DESCRIPTION="line type default"/>
  </Tags>
  <Layout>
    <Page WIDTH="1096"
          HEIGHT="1744"
          PHYSICAL_IMG_NR="66"
          ID="eSc_dummypage_">
      <PrintSpace HPOS="0"
                  VPOS="0"
                  WIDTH="1096"
                  HEIGHT="1744">
        <TextBlock HPOS="225"
                   VPOS="60"
                   WIDTH="63"
                   HEIGHT="43"
                   ID="block_4"
                   TAGREFS="BT15">
          <Shape><Polygon POINTS="288 60 288 103 225 103 225 60"/></Shape>
          <TextLine ID="line_0"
                    TAGREFS="LT8"
                    BASELINE="236 89 285 87" 
                    HPOS="234"
                    VPOS="58"
                    WIDTH="51"
                    HEIGHT="41">
            <Shape><Polygon POINTS="244 58 234 58 236 89 236 98 284 99 285 87 283 60 250 58 244 58"/></Shape>
	    <String CONTENT="74"
                    HPOS="234"
                    VPOS="58"
                    WIDTH="51"
                    HEIGHT="41"
                    WC="0.9997082352638245"></String>
          </TextLine>
        </TextBlock>
        <TextBlock HPOS="415"
                   VPOS="46"
                   WIDTH="473"
                   HEIGHT="49"
                   ID="block_0"
                   TAGREFS="BT18">
          <Shape><Polygon POINTS="888 46 888 95 415 95 415 46"/></Shape>
          <TextLine ID="line_1"
                    TAGREFS="LT10"
                    BASELINE="424 81 885 81" 
                    HPOS="424"
                    VPOS="43"
                    WIDTH="461"
                    HEIGHT="53">
            <Shape><Polygon POINTS="847 45 830 46 820 45 812 45 802 45 792 45 782 45 773 45 763 45 753 45 745 45 740 46 738 45 734 45 724 45 715 45 705 45 695 45 686 45 676 45 666 45 660 45 658 47 616 47 614 45 608 45 598 45 589 45 579 45 569 45 560 45 550 45 547 45 542 46 536 45 531 45 521 45 511 45 501 45 500 47 475 47 469 45 463 45 453 45 443 45 438 45 436 46 433 45 424 45 424 81 424 95 454 89 475 95 477 95 478 95 479 95 480 95 481 95 494 89 523 94 529 95 530 96 619 96 619 95 629 93 646 90 659 93 669 95 670 95 671 95 672 95 673 95 673 94 676 93 680 89 690 93 699 95 700 95 701 95 702 95 710 93 720 89 734 92 750 95 751 95 759 92 766 89 784 92 807 94 808 94 809 94 810 94 814 91 815 89 820 91 827 93 828 93 829 93 885 90 885 81 884 43 850 44 850 45"/></Shape>
	    <String CONTENT="COMMENTARII"
                    HPOS="424"
                    VPOS="43"
                    WIDTH="461"
                    HEIGHT="53"
                    WC="0.9606902382590554"></String>
          </TextLine>
        </TextBlock>
        <TextBlock HPOS="212"
                   VPOS="113"
                   WIDTH="833"
                   HEIGHT="626"
                   ID="block_3"
                   TAGREFS="BT1853">
          <Shape><Polygon POINTS="1045 113 1041 723 212 739 212 115"/></Shape>
          <TextLine ID="line_2"
                    TAGREFS="LT8"
                    BASELINE="234 141 1023 137" 
                    HPOS="233"
                    VPOS="104"
                    WIDTH="790"
                    HEIGHT="53">
            <Shape><Polygon POINTS="999 112 989 112 979 112 970 112 960 112 950 112 940 112 931 112 921 112 911 112 902 112 892 112 882 112 873 112 863 112 853 112 844 112 843 112 822 113 782 113 781 112 776 112 766 112 756 112 747 112 737 112 727 112 718 112 708 112 698 112 688 112 679 112 669 112 659 112 650 112 640 112 630 112 622 112 621 113 614 112 611 112 601 112 592 112 582 112 572 112 563 112 553 112 549 112 543 113 537 112 533 112 524 112 514 112 504 112 495 112 485 112 475 112 466 112 457 112 451 113 448 112 446 112 437 112 427 112 423 112 422 113 419 112 417 112 407 112 398 112 388 112 378 112 377 112 369 112 359 112 349 112 344 112 339 114 335 112 330 112 320 112 311 112 307 112 304 113 289 112 281 112 272 112 262 112 252 112 243 112 233 112 234 141 234 149 326 157 327 157 328 157 350 149 351 149 416 149 436 149 443 154 444 154 445 154 446 154 482 148 485 148 486 148 505 156 506 156 507 156 508 156 525 148 526 148 544 148 545 148 560 156 561 156 562 156 563 157 583 157 583 156 584 156 599 149 636 149 650 155 651 155 652 156 675 156 675 155 676 155 677 155 687 149 703 155 704 155 705 155 757 148 804 155 805 155 806 155 829 148 845 155 846 155 847 155 903 150 995 155 996 155 997 155 1023 145 1023 137 1022 109 1013 104 1012 104 1011 104 1010 104 1008 104 1008 112"/></Shape>
	    <String CONTENT="vxores intelligo epiſcoporum &amp; diacono¬"
                    HPOS="233"
                    VPOS="104"
                    WIDTH="790"
                    HEIGHT="53"
                    WC="0.9984468787144392"></String>
          </TextLine>
          <TextLine ID="line_3"
                    TAGREFS="LT8"
                    BASELINE="227 187 1027 187" 
                    HPOS="227"
                    VPOS="147"
                    WIDTH="800"
                    HEIGHT="60">
            <Shape><Polygon POINTS="227 187 227 198 251 206 252 206 253 207 318 207 318 206 319 206 334 199 336 199 338 199 358 206 359 206 360 206 439 201 466 199 476 201 501 206 502 207 526 207 526 206 527 206 528 206 533 201 538 199 586 199 591 202 599 206 600 206 601 207 648 207 648 206 649 206 650 206 654 203 659 199 808 199 818 204 822 206 823 206 824 206 834 205 860 200 892 205 900 206 901 206 902 206 903 206 904 205 912 199 937 199 949 206 950 206 951 206 952 207 1027 207 1027 187 1027 156 924 156 886 147 885 147 845 155 805 155 792 147 791 147 790 147 789 147 744 153 711 147 710 147 659 155 633 147 632 147 631 147 630 147 609 155 597 147 596 147 595 147 594 147 594 147 569 154 545 147 544 147 543 147 542 147 521 155 505 149 504 149 503 149 452 155 433 147 432 147 431 147 430 147 403 154 389 147 388 147 343 147 342 147 341 147 340 147 327 156 227 156 227 187"/></Shape>
	    <String CONTENT="rum: debent iſtæ eſſe primùm σεμναὶ, vt or¬"
                    HPOS="227"
                    VPOS="147"
                    WIDTH="800"
                    HEIGHT="60"
                    WC="0.9900105741288927"></String>
          </TextLine>
          <TextLine ID="line_4"
                    TAGREFS="LT8"
                    BASELINE="231 239 1026 235" 
                    HPOS="230"
                    VPOS="196"
                    WIDTH="796"
                    HEIGHT="58">
            <Shape><Polygon POINTS="231 253 296 249 307 253 308 253 309 253 387 254 388 254 404 251 429 248 435 251 437 253 438 253 439 253 461 251 496 248 512 250 526 253 527 254 626 254 626 253 627 253 638 249 646 247 658 249 677 252 678 253 720 253 720 252 721 252 722 252 728 249 731 247 755 248 825 252 826 252 827 252 843 247 846 246 850 247 859 250 860 250 904 251 905 251 906 251 921 246 923 246 935 246 1007 250 1008 250 1009 250 1026 245 1026 235 1024 204 984 196 983 196 931 203 738 197 737 197 736 197 719 204 716 204 534 198 533 198 495 205 492 206 424 206 422 205 413 199 412 199 411 199 390 199 389 199 348 205 343 206 337 205 303 199 302 199 301 199 288 206 287 206 283 206 252 199 251 199 250 199 230 205 231 239"/></Shape>
	    <String CONTENT="nent maritorum ſuorum conditionem. Di¬"
                    HPOS="230"
                    VPOS="196"
                    WIDTH="796"
                    HEIGHT="58"
                    WC="0.9998906129284909"></String>
          </TextLine>
          <TextLine ID="line_5"
                    TAGREFS="LT8"
                    BASELINE="231 287 1026 283" 
                    HPOS="230"
                    VPOS="245"
                    WIDTH="796"
                    HEIGHT="55">
            <Shape><Polygon POINTS="231 287 231 300 1026 295 1026 283 1024 255 940 249 939 249 939 249 930 252 916 247 915 247 914 247 913 247 898 253 878 245 877 245 876 245 809 250 643 246 642 246 641 246 619 252 605 256 582 252 550 247 499 247 498 247 497 247 483 251 469 257 428 257 408 251 398 248 397 248 396 248 395 248 387 251 372 258 342 258 331 250 330 250 329 250 328 250 325 250 289 257 271 250 264 248 263 248 262 248 230 249 231 287"/></Shape>
	    <String CONTENT="ſcrimen igitur debet eſſe inter miniſtri vxo¬"
                    HPOS="230"
                    VPOS="245"
                    WIDTH="796"
                    HEIGHT="55"
                    WC="0.9868727220429314"></String>
          </TextLine>
          <TextLine ID="line_6"
                    TAGREFS="LT8"
                    BASELINE="230 337 1019 335" 
                    HPOS="229"
                    VPOS="294"
                    WIDTH="790"
                    HEIGHT="57">
            <Shape><Polygon POINTS="230 337 230 345 267 351 268 351 269 351 281 346 283 345 288 346 313 351 313 351 336 346 343 345 352 346 382 351 383 351 384 351 400 347 406 345 408 347 414 351 415 351 416 351 417 351 476 347 496 346 509 347 542 351 543 351 544 351 553 348 557 346 568 348 590 351 591 351 592 351 604 348 612 346 615 348 618 350 619 350 620 350 621 350 622 350 623 350 625 348 630 344 661 348 677 350 678 350 679 350 682 348 691 344 781 344 797 349 801 350 802 350 803 350 817 349 884 344 1017 350 1019 335 1017 306 976 306 960 294 959 294 958 294 886 294 885 294 884 294 857 304 822 294 821 294 751 294 751 294 750 294 726 306 656 306 626 294 625 294 624 294 560 303 537 295 536 295 535 295 534 295 513 306 403 300 402 300 401 300 381 306 356 295 355 295 354 295 353 295 331 301 321 295 320 295 319 295 318 295 317 295 278 307 229 307 230 337"/></Shape>
	    <String CONTENT="rem, &amp; alterius de plebe, modeſtia, habitu,"
                    HPOS="229"
                    VPOS="294"
                    WIDTH="790"
                    HEIGHT="57"
                    WC="0.9856475841167361"></String>
          </TextLine>
          <TextLine ID="line_7"
                    TAGREFS="LT8"
                    BASELINE="230 386 1017 381" 
                    HPOS="229"
                    VPOS="342"
                    WIDTH="788"
                    HEIGHT="63">
            <Shape><Polygon POINTS="230 386 230 396 322 402 323 402 352 397 364 404 365 404 366 404 367 405 386 405 386 404 428 396 512 404 513 404 514 404 537 396 550 402 551 402 552 402 553 402 554 402 564 395 566 395 637 403 638 403 639 403 640 403 650 396 690 394 704 394 707 394 735 401 736 401 770 394 771 394 772 394 791 402 792 402 793 403 847 403 847 402 848 402 865 394 904 401 905 401 977 400 978 400 995 394 1006 400 1007 400 1008 400 1009 400 1010 400 1017 394 1017 381 1015 353 996 353 996 352 982 342 981 342 980 342 979 342 935 345 934 345 920 352 919 353 857 354 826 354 820 351 796 343 795 343 794 343 793 343 771 351 764 353 702 351 689 344 688 344 688 344 687 344 673 349 658 344 657 344 657 344 656 344 655 344 647 350 641 355 585 355 573 350 560 344 559 344 558 344 534 349 524 352 519 349 511 345 510 345 469 345 469 345 468 345 452 349 428 356 382 357 365 357 352 348 349 346 348 346 347 346 297 346 296 346 295 346 290 348 275 355 259 348 257 347 256 347 255 347 229 347 230 386"/></Shape>
	    <String CONTENT="moribus, totóq. vitæ genere, reliquis exẽplo"
                    HPOS="229"
                    VPOS="342"
                    WIDTH="788"
                    HEIGHT="63"
                    WC="0.9748169689074807"></String>
          </TextLine>
          <TextLine ID="line_8"
                    TAGREFS="LT8"
                    BASELINE="232 436 1015 431" 
                    HPOS="231"
                    VPOS="393"
                    WIDTH="784"
                    HEIGHT="55">
            <Shape><Polygon POINTS="232 436 232 448 748 448 748 447 749 447 758 442 759 442 768 442 863 446 864 446 890 441 891 441 893 441 991 445 992 445 1015 439 1015 431 1013 403 922 398 921 398 834 402 812 403 807 402 767 393 766 393 722 401 713 393 712 393 711 393 674 393 673 393 672 393 671 393 661 401 650 402 622 404 617 402 615 400 614 400 613 400 612 400 562 401 549 394 548 394 522 394 521 394 520 394 501 402 491 405 478 402 457 395 456 395 455 395 428 401 407 395 407 395 406 395 373 401 364 395 363 395 362 395 361 395 231 401 232 436"/></Shape>
	    <String CONTENT="eſſe debet. Deinde, NON SINT CALVMMEA¬"
                    HPOS="231"
                    VPOS="393"
                    WIDTH="784"
                    HEIGHT="55"
                    WC="0.9939721038467005"></String>
          </TextLine>
          <TextLine ID="line_9"
                    TAGREFS="LT8"
                    BASELINE="234 483 1026 480" 
                    HPOS="233"
                    VPOS="441"
                    WIDTH="793"
                    HEIGHT="61">
            <Shape><Polygon POINTS="234 483 234 496 278 494 285 496 297 499 298 499 299 499 300 499 301 499 306 496 311 494 351 494 356 496 369 502 370 502 371 502 372 502 385 498 471 502 472 502 473 502 501 496 528 498 529 498 530 498 531 498 535 495 539 493 547 495 562 499 563 499 563 499 564 499 573 495 579 493 626 493 642 495 690 501 691 501 692 501 706 495 710 493 754 494 754 495 763 500 764 500 765 500 766 500 813 494 831 492 876 492 879 494 890 500 891 500 892 500 893 500 1025 493 1026 480 1024 447 986 441 985 441 984 441 971 447 963 451 942 447 928 445 927 445 910 448 890 451 881 448 866 442 865 442 864 442 863 442 851 448 845 452 818 452 812 449 794 441 793 441 763 441 762 441 745 442 744 442 743 442 733 449 728 453 695 453 688 450 667 442 666 442 615 442 614 442 613 442 612 442 598 451 594 452 568 452 567 451 557 444 556 444 555 444 554 444 553 444 527 451 524 452 523 451 509 443 508 443 507 443 506 443 482 448 449 443 448 443 447 443 446 443 433 452 431 454 338 454 337 453 327 446 326 446 325 446 324 446 290 453 251 443 250 443 250 443 249 443 248 443 233 451 234 483"/></Shape>
	    <String CONTENT="TRICES, διαβολοὶ, nã ſolent iſtæ etiã populi"
                    HPOS="233"
                    VPOS="441"
                    WIDTH="793"
                    HEIGHT="61"></String>
          </TextLine>
          <TextLine ID="line_10"
                    TAGREFS="LT8"
                    BASELINE="222 531 1029 531" 
                    HPOS="222"
                    VPOS="491"
                    WIDTH="807"
                    HEIGHT="59">
            <Shape><Polygon POINTS="222 531 222 542 275 542 276 542 295 549 296 549 297 549 298 549 299 549 307 544 337 549 338 549 339 549 340 549 348 543 364 549 365 549 366 549 367 549 377 543 379 542 390 543 432 549 433 550 529 550 529 549 530 549 531 549 536 545 540 542 586 542 591 545 593 547 594 547 594 547 595 547 610 545 635 542 641 546 644 548 645 548 646 548 647 548 687 546 760 542 768 547 770 549 771 549 772 549 773 549 826 547 983 542 1028 549 1029 531 1029 502 993 491 992 491 991 491 942 502 920 496 919 496 918 496 917 496 916 496 906 503 851 503 833 491 832 491 831 491 830 491 774 498 761 491 760 491 759 491 758 491 757 491 756 491 749 497 744 493 743 493 742 493 741 493 680 502 662 491 661 491 660 491 568 491 567 491 566 491 538 501 433 502 394 491 393 491 392 491 391 491 373 497 335 491 334 491 333 491 300 501 284 497 283 497 282 497 222 502 222 531"/></Shape>
	    <String CONTENT="-errata ad maritos deferre vt corrigantur in"
                    HPOS="222"
                    VPOS="491"
                    WIDTH="807"
                    HEIGHT="59"
                    WC="0.995080210945823"></String>
          </TextLine>
          <TextLine ID="line_11"
                    TAGREFS="LT8"
                    BASELINE="223 583 1028 581" 
                    HPOS="222"
                    VPOS="540"
                    WIDTH="806"
                    HEIGHT="58">
            <Shape><Polygon POINTS="223 583 223 598 347 592 370 598 371 598 372 598 373 598 411 592 560 598 569 598 570 598 572 598 598 592 614 598 615 598 616 598 617 598 621 598 677 591 723 591 732 597 733 597 734 597 735 597 766 591 907 591 948 597 949 597 993 591 1026 597 1028 581 1026 551 870 540 869 540 868 540 846 550 751 540 751 540 706 550 693 540 692 540 691 540 634 540 633 540 632 540 613 549 604 543 603 543 602 543 538 541 537 541 536 541 509 551 445 546 444 546 443 546 423 551 410 541 409 541 408 541 361 541 360 541 359 541 358 541 351 547 331 542 330 542 329 542 328 542 306 552 222 552 223 583"/></Shape>
	    <String CONTENT="concionibus, ne igitur innocentes deferant,"
                    HPOS="222"
                    VPOS="540"
                    WIDTH="806"
                    HEIGHT="58"
                    WC="0.99123495678569"></String>
          </TextLine>
          <TextLine ID="line_12"
                    TAGREFS="LT8"
                    BASELINE="222 632 469 628 1032 630" 
                    HPOS="221"
                    VPOS="589"
                    WIDTH="811"
                    HEIGHT="60">
            <Shape><Polygon POINTS="222 632 221 642 305 648 306 648 334 642 342 641 349 642 375 648 376 648 403 642 409 641 413 642 428 648 429 648 430 649 473 649 473 648 474 648 485 642 488 641 535 641 538 642 548 647 549 647 550 647 575 642 581 641 584 642 597 648 598 648 599 648 642 642 650 641 655 642 675 647 676 647 677 647 705 643 712 648 713 648 714 648 715 649 786 649 786 648 836 642 844 641 848 642 877 648 878 648 879 648 900 642 902 641 903 642 910 648 911 648 912 648 913 648 914 648 938 642 966 648 967 648 968 648 982 642 1008 647 1009 647 1010 647 1031 641 1032 630 1031 601 943 601 918 591 917 591 916 591 915 591 896 601 869 601 849 599 836 589 835 589 834 589 797 589 796 589 795 589 794 589 775 600 734 592 733 592 732 592 720 599 702 599 688 589 688 589 687 589 686 589 685 589 663 594 655 589 654 589 653 589 580 589 579 589 578 589 577 589 558 601 543 601 525 590 524 590 523 590 522 590 521 590 503 595 469 589 469 589 468 589 442 600 420 589 419 589 418 589 417 589 382 598 369 589 368 589 367 589 344 589 344 589 343 589 319 599 292 589 291 589 290 589 289 589 267 600 222 600 222 632"/></Shape>
	    <String CONTENT="vt priùs de diaconis dixit, ne ſint διλoγοί."
                    HPOS="221"
                    VPOS="589"
                    WIDTH="811"
                    HEIGHT="60"></String>
          </TextLine>
          <TextLine ID="line_13"
                    TAGREFS="LT8"
                    BASELINE="227 681 1032 678" 
                    HPOS="226"
                    VPOS="640"
                    WIDTH="806"
                    HEIGHT="63">
            <Shape><Polygon POINTS="227 681 227 699 284 702 285 702 286 702 287 702 291 699 301 693 331 693 343 698 349 701 350 701 351 701 352 701 359 698 371 693 411 693 427 697 443 702 444 702 445 703 495 703 495 702 496 702 508 696 509 696 512 696 541 701 542 701 543 701 555 696 562 692 606 692 615 695 629 701 630 701 631 701 632 701 633 701 641 695 644 692 688 692 700 694 736 701 737 701 738 701 753 694 754 693 755 693 767 700 768 700 769 700 770 700 785 693 790 691 796 693 815 700 816 700 817 700 851 694 878 700 879 700 880 700 881 700 893 692 896 691 918 691 920 692 940 700 941 700 942 701 995 701 995 700 996 700 1032 690 1032 678 1030 650 901 650 900 649 894 644 893 644 892 644 891 644 850 649 844 649 842 649 824 640 823 640 788 640 787 640 786 640 766 648 761 650 746 648 714 644 713 644 689 648 676 650 672 648 662 641 661 641 660 641 659 641 589 647 556 650 535 647 508 643 507 643 482 647 461 650 448 647 436 643 435 643 434 643 433 643 424 647 412 651 406 646 399 642 398 642 397 642 396 642 332 643 331 643 322 646 307 652 284 652 274 646 267 642 266 642 265 642 226 645 227 681"/></Shape>
	    <String CONTENT="Deinde in genere ne ſint garrulæ, nugi¬"
                    HPOS="226"
                    VPOS="640"
                    WIDTH="806"
                    HEIGHT="63"
                    WC="0.9868757250981454"></String>
          </TextLine>
          <TextLine ID="line_14"
                    TAGREFS="LT8"
                    BASELINE="234 729 377 729" 
                    HPOS="232"
                    VPOS="684"
                    WIDTH="144"
                    HEIGHT="65">
            <Shape><Polygon POINTS="232 728 232 749 376 749 376 728 373 684 351 693 337 685 332 684 331 684 329 684 232 691 232 728"/></Shape>
	    <String CONTENT="uendæ."
                    HPOS="232"
                    VPOS="684"
                    WIDTH="144"
                    HEIGHT="65"
                    WC="0.9968940019607544"></String>
          </TextLine>
        </TextBlock>
        <TextBlock HPOS="202"
                   VPOS="744"
                   WIDTH="837"
                   HEIGHT="247"
                   ID="eSc_textblock_348d4607"
                   TAGREFS="BT1851">
          <Shape><Polygon POINTS="202 744 202 991 1039 985 1039 744"/></Shape>
          <TextLine ID="line_15"
                    TAGREFS="LT8"
                    BASELINE="288 778 1032 776" 
                    HPOS="287"
                    VPOS="737"
                    WIDTH="745"
                    HEIGHT="62">
            <Shape><Polygon POINTS="288 778 288 790 344 790 345 790 364 798 365 798 366 799 412 799 412 798 413 798 414 798 421 792 494 798 495 798 564 791 571 796 572 796 573 796 574 796 603 793 631 798 632 798 633 798 657 789 658 789 660 789 673 795 674 795 675 795 709 789 714 789 722 789 788 794 789 794 790 794 791 794 799 789 800 789 856 789 858 789 893 797 894 798 937 798 937 797 938 797 959 789 992 796 993 796 1031 788 1032 776 1030 747 1010 747 1010 747 998 737 997 737 996 737 925 737 924 737 923 737 904 746 901 747 875 747 872 746 858 737 857 737 856 737 855 737 854 737 837 745 833 747 707 747 700 744 687 738 686 738 685 738 684 738 668 744 655 747 641 743 625 738 624 738 593 738 592 738 591 738 582 743 578 745 565 743 553 740 552 740 551 740 550 740 547 742 538 747 516 742 512 741 511 741 510 741 509 741 505 742 485 747 471 741 465 738 464 738 463 738 462 738 450 741 426 748 374 748 367 743 366 743 365 743 364 743 363 743 355 747 345 740 344 738 343 738 342 738 341 738 287 739 288 778"/></Shape>
	    <String CONTENT="Tertiò, SOBRIAE, ſic maritis coniungit ſo¬"
                    HPOS="287"
                    VPOS="737"
                    WIDTH="745"
                    HEIGHT="62"
                    WC="0.991474661716195"></String>
          </TextLine>
          <TextLine ID="line_16"
                    TAGREFS="LT8"
                    BASELINE="225 827 1027 827" 
                    HPOS="225"
                    VPOS="788"
                    WIDTH="802"
                    HEIGHT="59">
            <Shape><Polygon POINTS="225 827 225 843 240 846 241 846 242 846 250 843 268 839 287 843 298 846 299 846 300 846 301 846 309 843 321 839 338 843 349 846 350 846 351 847 536 847 536 846 537 846 545 842 549 840 569 842 613 846 614 846 615 846 628 841 638 839 647 841 658 846 659 846 660 847 686 847 686 846 687 846 688 846 695 841 701 839 757 839 762 841 767 844 768 844 769 844 770 844 785 841 799 839 839 840 894 844 895 844 938 840 960 839 966 840 981 845 982 845 983 845 984 845 994 840 997 839 1025 840 1027 827 1026 798 986 797 966 788 965 788 964 788 926 796 922 797 916 796 879 788 878 788 877 788 862 795 858 798 794 798 774 794 730 788 729 788 728 788 712 794 702 797 694 793 684 788 683 788 682 788 638 793 624 794 621 792 617 789 616 789 615 789 614 789 580 792 565 793 560 792 548 788 547 788 546 788 545 788 537 791 527 796 514 791 511 790 510 790 509 790 508 790 507 790 506 791 498 797 432 791 431 791 430 791 429 791 418 798 379 798 351 789 347 788 346 788 345 788 336 789 277 797 253 788 252 788 225 788 225 827"/></Shape>
	    <String CONTENT="brietate, &amp; requiritur quidem in omnibus"
                    HPOS="225"
                    VPOS="788"
                    WIDTH="802"
                    HEIGHT="59"
                    WC="0.992910347878933"></String>
          </TextLine>
          <TextLine ID="line_17"
                    TAGREFS="LT8"
                    BASELINE="230 878 1023 873" 
                    HPOS="229"
                    VPOS="837"
                    WIDTH="794"
                    HEIGHT="60">
            <Shape><Polygon POINTS="230 897 265 890 358 896 366 896 367 896 368 896 369 896 389 889 422 895 423 895 424 895 425 895 456 889 469 895 470 895 471 895 472 895 476 895 504 889 547 894 552 894 553 895 627 895 627 894 628 894 629 894 630 893 638 888 649 893 652 894 653 894 654 894 677 892 741 887 758 891 765 893 766 893 767 893 787 891 828 887 1021 888 1023 873 1022 842 1007 838 1006 838 1005 838 982 842 965 846 959 842 948 837 947 837 946 837 945 837 944 837 930 843 924 846 856 847 850 844 841 837 840 837 839 837 820 837 819 837 818 837 796 844 790 846 785 844 759 837 758 837 757 837 756 837 755 837 745 845 742 847 737 845 730 842 729 842 728 842 709 845 693 848 690 845 685 841 684 841 683 841 682 841 681 841 670 844 661 839 660 839 659 839 658 839 657 839 642 844 609 838 608 838 607 838 606 838 594 847 592 849 518 849 508 848 459 839 458 839 457 839 423 849 420 850 382 850 382 849 363 840 362 840 259 840 258 840 257 840 229 850 230 878"/></Shape>
	    <String CONTENT="piis iſta virtus vt in genere virtus in omni¬"
                    HPOS="229"
                    VPOS="837"
                    WIDTH="794"
                    HEIGHT="60"
                    WC="0.9900897145271301"></String>
          </TextLine>
          <TextLine ID="line_18"
                    TAGREFS="LT8"
                    BASELINE="227 924 1026 926" 
                    HPOS="226"
                    VPOS="884"
                    WIDTH="800"
                    HEIGHT="60">
            <Shape><Polygon POINTS="227 924 226 934 270 943 271 944 483 944 483 943 484 943 485 943 494 937 507 942 508 942 509 942 510 942 511 942 520 935 538 943 539 943 540 943 619 937 633 944 634 944 635 944 682 936 692 941 693 941 694 941 890 936 917 942 918 942 972 936 997 942 998 942 999 942 1000 942 1025 935 1026 926 1026 898 988 898 988 897 970 885 970 885 969 885 939 885 939 885 938 885 937 885 920 897 891 885 890 885 832 885 831 885 830 885 787 897 785 897 766 897 727 896 714 885 713 885 712 885 662 885 661 885 660 885 648 892 635 885 634 885 633 885 584 896 542 884 541 884 540 884 519 886 518 886 517 886 503 896 466 885 465 885 464 885 411 896 409 896 407 896 370 888 369 888 330 896 327 896 314 887 313 887 313 887 312 887 311 887 279 896 276 896 227 896 227 924"/></Shape>
	    <String CONTENT="bus requirẽda eſt, in miniſtro autẽ &amp; ſua fami"
                    HPOS="226"
                    VPOS="884"
                    WIDTH="800"
                    HEIGHT="60"
                    WC="0.9988136105239391"></String>
          </TextLine>
          <TextLine ID="line_19"
                    TAGREFS="LT8"
                    BASELINE="225 975 1023 973" 
                    HPOS="224"
                    VPOS="934"
                    WIDTH="799"
                    HEIGHT="62">
            <Shape><Polygon POINTS="225 975 225 989 251 996 252 996 302 996 302 996 303 996 319 989 320 989 326 989 384 994 385 994 410 989 411 989 426 996 427 996 428 996 472 996 472 996 473 996 489 989 491 989 617 996 618 996 619 996 620 996 628 988 629 988 665 988 667 988 686 995 687 995 688 995 743 988 746 988 814 988 824 995 825 995 826 995 827 996 936 996 936 995 937 995 938 995 947 988 983 988 1005 994 1006 994 1007 994 1008 994 1023 987 1023 973 1021 945 1002 945 1002 944 992 936 991 936 990 936 989 936 988 936 987 936 975 944 975 945 956 945 955 944 939 935 938 935 937 935 876 944 874 944 855 934 854 934 853 934 808 940 800 934 799 934 798 934 772 934 771 934 770 934 750 941 726 934 725 934 724 934 668 943 661 944 660 943 647 934 646 934 645 934 644 934 643 934 626 943 622 945 612 943 575 935 574 935 573 935 556 943 550 946 465 946 454 942 442 939 441 939 440 939 439 939 432 942 430 943 428 942 412 935 411 935 390 935 389 935 388 935 387 935 375 942 374 944 371 942 360 935 359 935 358 935 357 935 318 942 306 944 294 942 264 935 263 935 224 941 225 975"/></Shape>
	    <String CONTENT="lia poſtulatur excellentia quædã &amp; exẽplum."
                    HPOS="224"
                    VPOS="934"
                    WIDTH="799"
                    HEIGHT="62"
                    WC="0.9921150989002652"></String>
          </TextLine>
        </TextBlock>
        <TextBlock HPOS="210"
                   VPOS="996"
                   WIDTH="837"
                   HEIGHT="283"
                   ID="eSc_textblock_573c9b86"
                   TAGREFS="BT1851">
          <Shape><Polygon POINTS="1035 996 1047 1267 219 1279 210 998"/></Shape>
          <TextLine ID="line_20"
                    TAGREFS="LT8"
                    BASELINE="224 1027 510 1023 1028 1025" 
                    HPOS="223"
                    VPOS="987"
                    WIDTH="805"
                    HEIGHT="55">
            <Shape><Polygon POINTS="224 1035 274 1035 276 1036 287 1041 288 1041 289 1042 537 1042 537 1041 538 1041 553 1037 563 1035 594 1037 628 1040 629 1040 654 1038 679 1035 683 1038 687 1041 688 1041 689 1041 690 1041 699 1038 705 1036 732 1038 769 1041 770 1041 771 1041 772 1041 775 1038 781 1035 838 1035 847 1039 854 1041 855 1041 856 1041 882 1039 925 1035 1026 1039 1028 1025 1026 990 917 994 908 990 901 987 900 987 861 987 860 987 859 987 845 991 833 994 815 991 792 987 791 987 790 987 774 991 763 994 752 992 735 987 734 987 733 987 732 987 731 987 724 992 720 995 655 995 651 992 639 987 638 987 637 987 636 987 626 993 624 994 564 994 558 993 528 987 527 987 526 987 512 993 510 994 509 993 494 987 493 987 492 987 491 987 467 993 453 987 452 987 451 987 450 987 436 994 435 994 418 987 417 987 369 987 368 987 334 994 307 987 306 987 305 987 223 995 224 1027"/></Shape>
	    <String CONTENT="Quartò, FIDELES IN OMNIBVS, hoc eſt,"
                    HPOS="223"
                    VPOS="987"
                    WIDTH="805"
                    HEIGHT="55"></String>
          </TextLine>
          <TextLine ID="line_21"
                    TAGREFS="LT8"
                    BASELINE="224 1073 1028 1070" 
                    HPOS="224"
                    VPOS="1030"
                    WIDTH="804"
                    HEIGHT="60">
            <Shape><Polygon POINTS="224 1083 258 1090 259 1090 491 1083 528 1089 529 1089 575 1083 595 1089 596 1089 597 1089 669 1083 720 1089 721 1089 722 1089 723 1089 730 1084 777 1088 778 1088 807 1082 845 1088 845 1089 985 1089 985 1088 1028 1080 1028 1070 1026 1041 974 1041 973 1040 951 1030 950 1030 949 1030 906 1035 892 1030 891 1030 890 1030 889 1030 888 1030 877 1038 847 1030 846 1030 845 1030 692 1036 625 1031 624 1031 591 1037 570 1041 547 1037 512 1031 511 1031 510 1031 509 1031 501 1037 492 1042 470 1042 460 1036 451 1032 450 1032 449 1032 448 1032 437 1036 421 1043 344 1043 317 1035 307 1033 306 1033 305 1033 304 1033 301 1035 288 1043 246 1043 224 1035 224 1073 224 1083"/></Shape>
	    <String CONTENT="in tota cauſa religionis, deinde deferendis a¬"
                    HPOS="224"
                    VPOS="1030"
                    WIDTH="804"
                    HEIGHT="60"></String>
          </TextLine>
          <TextLine ID="line_22"
                    TAGREFS="LT8"
                    BASELINE="234 1121 631 1118 1030 1122" 
                    HPOS="233"
                    VPOS="1080"
                    WIDTH="797"
                    HEIGHT="58">
            <Shape><Polygon POINTS="234 1121 233 1133 302 1137 303 1137 304 1137 312 1134 318 1131 322 1134 326 1137 327 1137 328 1137 329 1138 368 1138 368 1137 369 1137 375 1134 381 1131 427 1134 468 1137 469 1137 469 1137 477 1134 488 1131 557 1131 586 1135 603 1137 604 1137 605 1137 606 1137 608 1135 613 1132 647 1135 661 1136 662 1136 670 1135 696 1131 709 1135 714 1137 715 1137 716 1138 774 1138 774 1137 775 1137 776 1137 778 1136 785 1131 832 1131 878 1136 891 1137 892 1137 898 1136 919 1131 937 1136 939 1137 940 1137 941 1137 942 1137 946 1136 963 1132 970 1136 970 1137 971 1137 972 1137 973 1137 1029 1136 1030 1122 1029 1091 974 1080 973 1080 972 1080 943 1090 940 1091 901 1091 898 1090 893 1085 892 1085 891 1085 890 1085 889 1085 888 1085 883 1089 862 1080 861 1080 860 1080 859 1080 858 1080 845 1089 840 1091 776 1091 771 1088 761 1080 760 1080 759 1080 658 1080 657 1080 657 1080 636 1086 617 1090 594 1085 576 1080 575 1080 574 1080 573 1080 556 1084 531 1090 516 1084 508 1080 507 1080 458 1080 457 1080 456 1080 455 1080 452 1083 440 1091 400 1091 349 1081 341 1080 340 1080 339 1080 337 1081 318 1091 287 1091 278 1084 277 1084 276 1084 234 1080 234 1121"/></Shape>
	    <String CONTENT="liis, idem in fide matrimoniali, in adminiſtra"
                    HPOS="233"
                    VPOS="1080"
                    WIDTH="797"
                    HEIGHT="58"
                    WC="0.9992210748402969"></String>
          </TextLine>
          <TextLine ID="line_23"
                    TAGREFS="LT8"
                    BASELINE="234 1170 736 1166 1029 1171" 
                    HPOS="233"
                    VPOS="1128"
                    WIDTH="796"
                    HEIGHT="60">
            <Shape><Polygon POINTS="234 1170 234 1179 279 1180 288 1187 289 1187 290 1187 291 1187 292 1187 320 1180 327 1179 400 1179 404 1181 407 1184 408 1184 409 1184 410 1184 439 1182 461 1179 466 1182 474 1187 475 1187 476 1187 477 1187 478 1187 494 1182 497 1181 501 1182 515 1187 516 1187 517 1188 557 1188 557 1187 558 1187 573 1183 583 1180 597 1183 620 1187 621 1187 651 1183 657 1183 658 1183 664 1187 665 1187 666 1187 667 1188 720 1188 720 1187 720 1187 721 1187 725 1183 727 1183 736 1184 755 1187 756 1187 757 1187 768 1184 788 1179 806 1179 815 1184 818 1187 819 1187 820 1187 821 1187 838 1185 855 1183 884 1185 896 1186 897 1186 903 1185 932 1180 958 1186 960 1186 961 1186 962 1187 1028 1187 1029 1171 1028 1139 945 1139 934 1131 933 1131 932 1131 893 1130 892 1130 891 1130 890 1130 877 1138 861 1134 860 1134 859 1134 858 1134 857 1134 850 1139 834 1128 833 1128 832 1128 782 1128 781 1128 780 1128 763 1137 735 1131 734 1131 733 1131 713 1138 686 1133 685 1133 684 1133 663 1139 628 1128 627 1128 626 1128 626 1128 625 1128 611 1137 563 1139 541 1128 540 1128 539 1128 443 1134 418 1128 417 1128 416 1128 415 1128 414 1128 406 1135 382 1128 381 1128 380 1128 379 1128 378 1128 362 1138 332 1132 331 1132 330 1132 329 1132 321 1139 281 1139 268 1130 267 1130 266 1130 265 1130 264 1130 233 1140 234 1170"/></Shape>
	    <String CONTENT="tione rei domeſticæ, in regenda familia, in"
                    HPOS="233"
                    VPOS="1128"
                    WIDTH="796"
                    HEIGHT="60"
                    WC="0.9978284267492072"></String>
          </TextLine>
          <TextLine ID="line_24"
                    TAGREFS="LT8"
                    BASELINE="228 1219 418 1214 1025 1218" 
                    HPOS="227"
                    VPOS="1180"
                    WIDTH="798"
                    HEIGHT="65">
            <Shape><Polygon POINTS="228 1219 227 1236 295 1243 296 1243 332 1236 345 1234 349 1236 358 1243 359 1243 360 1243 361 1243 362 1243 385 1236 394 1234 403 1236 428 1243 429 1243 430 1243 431 1243 443 1236 448 1234 469 1234 479 1236 514 1244 515 1244 516 1244 517 1244 528 1236 530 1235 542 1236 589 1241 590 1241 591 1241 606 1236 607 1236 630 1244 631 1244 632 1244 633 1244 659 1236 663 1235 666 1236 684 1244 685 1244 686 1245 720 1245 720 1244 720 1244 721 1244 730 1238 750 1245 751 1245 751 1245 806 1245 806 1245 807 1245 808 1245 818 1238 838 1243 839 1243 840 1243 878 1236 904 1245 905 1245 906 1245 947 1245 947 1245 948 1245 967 1236 1024 1236 1025 1218 1025 1192 1003 1186 1002 1186 1002 1186 976 1191 974 1191 961 1182 960 1182 959 1182 958 1182 957 1182 936 1188 907 1183 906 1183 905 1183 893 1190 890 1191 866 1189 826 1186 825 1186 824 1186 818 1189 814 1191 808 1188 792 1182 791 1182 790 1182 789 1182 775 1188 771 1190 768 1188 760 1182 759 1182 758 1182 738 1181 737 1181 696 1187 681 1189 677 1186 669 1181 668 1181 667 1181 666 1181 665 1181 664 1181 656 1186 654 1186 619 1182 618 1182 617 1182 609 1185 605 1187 591 1185 558 1181 557 1181 556 1181 542 1184 532 1187 471 1183 433 1182 432 1182 431 1182 430 1182 428 1183 417 1190 369 1190 349 1182 345 1181 344 1181 344 1181 343 1181 342 1181 341 1182 331 1189 310 1189 298 1184 297 1184 296 1184 295 1184 283 1188 270 1181 267 1180 266 1180 265 1180 228 1180 228 1219"/></Shape>
	    <String CONTENT="ſumma, omnia dirigat ad pietatis auctio¬"
                    HPOS="227"
                    VPOS="1180"
                    WIDTH="798"
                    HEIGHT="65"
                    WC="0.970382510125637"></String>
          </TextLine>
          <TextLine ID="line_25"
                    TAGREFS="LT8"
                    BASELINE="238 1266 354 1265" 
                    HPOS="237"
                    VPOS="1234"
                    WIDTH="117"
                    HEIGHT="53">
            <Shape><Polygon POINTS="334 1239 324 1239 314 1239 305 1239 295 1239 285 1239 276 1239 274 1236 258 1238 237 1234 238 1266 238 1287 353 1283 354 1265 352 1242 336 1239 334 1239"/></Shape>
	    <String CONTENT="nem."
                    HPOS="237"
                    VPOS="1234"
                    WIDTH="117"
                    HEIGHT="53"
                    WC="0.9998432099819183"></String>
          </TextLine>
        </TextBlock>
        <TextBlock HPOS="280"
                   VPOS="1278"
                   WIDTH="416"
                   HEIGHT="63"
                   ID="block_2"
                   TAGREFS="BT1852">
          <Shape><Polygon POINTS="696 1278 696 1341 280 1341 280 1278"/></Shape>
          <TextLine ID="line_31"
                    TAGREFS="LT8"
                    BASELINE="298 1321 388 1317 692 1320" 
                    HPOS="297"
                    VPOS="1278"
                    WIDTH="394"
                    HEIGHT="64">
            <Shape><Polygon POINTS="646 1278 632 1278 627 1278 606 1284 556 1278 545 1278 530 1278 516 1278 513 1278 505 1284 505 1286 459 1286 457 1284 446 1278 443 1278 428 1278 414 1278 399 1278 385 1278 370 1278 363 1278 297 1283 297 1319 297 1341 327 1334 348 1341 350 1341 351 1341 353 1341 354 1341 356 1341 373 1334 469 1339 520 1342 521 1342 540 1339 558 1335 565 1338 574 1342 575 1342 577 1342 690 1337 691 1319 691 1286 664 1278 661 1278"/></Shape>
	    <String CONTENT="12 Diaconi ſint, &amp;c."
                    HPOS="297"
                    VPOS="1278"
                    WIDTH="394"
                    HEIGHT="64"
                    WC="0.9975360125303269"></String>
          </TextLine>
        </TextBlock>
        <TextBlock HPOS="209"
                   VPOS="1341"
                   WIDTH="838"
                   HEIGHT="201"
                   ID="eSc_textblock_60a5df41"
                   TAGREFS="BT1851">
          <Shape><Polygon POINTS="209 1341 209 1542 1047 1542 1047 1341"/></Shape>
          <TextLine ID="line_26"
                    TAGREFS="LT8"
                    BASELINE="314 1376 1014 1370" 
                    HPOS="312"
                    VPOS="1341"
                    WIDTH="701"
                    HEIGHT="49">
            <Shape><Polygon POINTS="1010 1341 466 1341 457 1344 449 1341 312 1341 313 1390 979 1390 1013 1380 1010 1341"/></Shape>
	    <String CONTENT="Quinto loco loquitur de altero diaco¬"
                    HPOS="312"
                    VPOS="1341"
                    WIDTH="701"
                    HEIGHT="49"
                    WC="0.9986793350529026"></String>
          </TextLine>
          <TextLine ID="line_27"
                    TAGREFS="LT8"
                    BASELINE="216 1418 1023 1421" 
                    HPOS="215"
                    VPOS="1380"
                    WIDTH="808"
                    HEIGHT="59">
            <Shape><Polygon POINTS="216 1418 215 1430 252 1431 261 1437 262 1437 263 1437 264 1437 265 1437 278 1432 290 1437 291 1437 292 1437 316 1432 328 1437 329 1437 330 1437 354 1432 394 1437 395 1437 396 1437 407 1432 408 1432 410 1432 439 1437 440 1437 476 1432 484 1432 486 1432 497 1438 498 1438 499 1438 595 1437 596 1437 597 1437 603 1433 606 1432 720 1432 732 1434 753 1438 754 1438 755 1438 756 1438 762 1434 764 1433 783 1434 837 1439 838 1439 877 1435 903 1433 908 1436 914 1438 915 1438 916 1438 1022 1436 1023 1421 1021 1389 897 1391 892 1389 882 1382 881 1382 880 1382 862 1382 861 1382 860 1382 859 1382 848 1389 845 1391 842 1389 832 1382 831 1382 830 1382 829 1382 779 1386 742 1381 741 1381 740 1381 728 1388 720 1381 719 1381 718 1381 592 1381 591 1381 590 1381 574 1389 570 1390 394 1390 392 1389 377 1384 376 1384 375 1384 322 1389 314 1389 313 1389 290 1380 289 1380 241 1380 240 1380 239 1380 216 1388 216 1418"/></Shape>
	    <String CONTENT="norum genere, quod ſcil. adminiſtrabat opes"
                    HPOS="215"
                    VPOS="1380"
                    WIDTH="808"
                    HEIGHT="59"
                    WC="0.9790530689927035"></String>
          </TextLine>
          <TextLine ID="line_28"
                    TAGREFS="LT8"
                    BASELINE="216 1467 1029 1471" 
                    HPOS="215"
                    VPOS="1429"
                    WIDTH="814"
                    HEIGHT="59">
            <Shape><Polygon POINTS="216 1467 215 1482 563 1482 571 1482 623 1487 624 1487 807 1483 825 1483 833 1483 910 1488 911 1488 1028 1483 1029 1471 1029 1432 990 1432 989 1432 988 1432 987 1432 987 1432 974 1440 913 1439 905 1432 904 1432 903 1432 902 1432 899 1432 865 1437 849 1432 845 1432 845 1432 844 1432 843 1432 840 1432 826 1440 753 1440 735 1433 727 1431 726 1431 725 1431 694 1433 631 1439 624 1433 619 1430 618 1430 617 1430 591 1430 590 1430 589 1430 579 1433 568 1439 469 1439 447 1434 418 1429 417 1429 391 1434 381 1436 376 1434 365 1429 364 1429 363 1429 329 1433 310 1429 309 1429 308 1429 307 1429 306 1429 296 1434 291 1437 280 1434 251 1429 250 1429 216 1434 216 1467"/></Shape>
	    <String CONTENT="Eccleſiaſticas, erant hi inſtituti primitus ab"
                    HPOS="215"
                    VPOS="1429"
                    WIDTH="814"
                    HEIGHT="59"
                    WC="0.9860816507235818"></String>
          </TextLine>
          <TextLine ID="line_29"
                    TAGREFS="LT8"
                    BASELINE="219 1520 1032 1520" 
                    HPOS="219"
                    VPOS="1477"
                    WIDTH="813"
                    HEIGHT="69">
            <Shape><Polygon POINTS="219 1520 220 1538 231 1535 237 1538 248 1545 249 1545 250 1545 250 1546 289 1546 289 1545 290 1545 310 1538 323 1534 339 1538 349 1541 350 1541 351 1541 370 1538 394 1534 400 1538 402 1540 403 1540 404 1540 405 1540 406 1540 412 1538 428 1534 502 1534 522 1538 554 1545 555 1545 556 1545 572 1538 582 1534 604 1534 614 1538 629 1545 630 1545 631 1546 717 1546 717 1545 718 1545 719 1545 728 1538 731 1536 759 1536 764 1538 782 1545 783 1545 784 1546 827 1546 827 1545 828 1545 829 1545 836 1540 867 1545 868 1545 869 1545 892 1538 919 1545 920 1545 921 1545 922 1545 923 1545 933 1538 937 1535 939 1538 948 1544 949 1544 950 1544 951 1544 952 1544 967 1538 974 1534 1031 1537 1032 1520 1032 1488 986 1488 984 1487 952 1479 951 1479 950 1479 949 1479 940 1486 939 1488 923 1488 919 1486 891 1477 890 1477 889 1477 867 1478 866 1478 865 1478 855 1486 852 1488 782 1488 777 1485 764 1477 763 1477 762 1477 761 1477 701 1478 700 1478 682 1484 670 1487 631 1486 626 1483 618 1478 617 1478 616 1478 572 1481 571 1481 570 1481 569 1482 563 1487 511 1482 463 1477 462 1477 428 1480 427 1480 426 1480 425 1481 416 1487 375 1480 371 1480 370 1480 369 1480 368 1480 354 1487 344 1480 340 1477 339 1477 338 1477 337 1477 324 1480 298 1486 286 1479 285 1479 284 1479 219 1479 219 1520"/></Shape>
	    <String CONTENT="Apoſtolis, Act.6. Hinc videtur in aliis Ec¬"
                    HPOS="219"
                    VPOS="1477"
                    WIDTH="813"
                    HEIGHT="69"
                    WC="0.9657922802969466"></String>
          </TextLine>
        </TextBlock>
        <TextBlock HPOS="913"
                   VPOS="1532"
                   WIDTH="124"
                   HEIGHT="53"
                   ID="block_1"
                   TAGREFS="BT17">
          <Shape><Polygon POINTS="1037 1532 1037 1585 913 1585 913 1532"/></Shape>
          <TextLine ID="line_30"
                    TAGREFS="LT8"
                    BASELINE="919 1570 1037 1570" 
                    HPOS="918"
                    VPOS="1533"
                    WIDTH="118"
                    HEIGHT="74">
            <Shape><Polygon POINTS="1034 1569 1020 1534 1013 1533 1005 1533 991 1533 976 1533 962 1533 955 1533 952 1534 949 1533 947 1533 933 1533 921 1533 918 1534 918 1569 918 1597 943 1607 944 1607 946 1607 1036 1600 1036 1569 1036 1539 1034 1537 1034 1569"/></Shape>
	    <String CONTENT="cleſiis"
                    HPOS="918"
                    VPOS="1533"
                    WIDTH="118"
                    HEIGHT="74"
                    WC="0.9986905625888279"></String>
          </TextLine>
        </TextBlock>
      </PrintSpace>
    </Page>
  </Layout>
</alto>
