<?xml version="1.0" encoding="UTF-8"?>
<alto xmlns:xsi="http://www.w3.org/2001/XMLSchema-instance"
      xmlns="http://www.loc.gov/standards/alto/ns-v4#"
      xsi:schemaLocation="http://www.loc.gov/standards/alto/ns-v4# http://www.loc.gov/standards/alto/v4/alto-4-2.xsd">
  <Description>
    <MeasurementUnit>pixel</MeasurementUnit>
    <sourceImageInformation>
      <fileName>bsb10313792_00063.jpg</fileName>
    </sourceImageInformation>
  </Description>
  <Tags>
    <OtherTag ID="BT7" LABEL="CustomZone" DESCRIPTION="block type CustomZone"/><OtherTag ID="BT8" LABEL="DamageZone" DESCRIPTION="block type DamageZone"/><OtherTag ID="BT9" LABEL="DigitizationArtefactZone" DESCRIPTION="block type DigitizationArtefactZone"/><OtherTag ID="BT10" LABEL="DropCapitalZone" DESCRIPTION="block type DropCapitalZone"/><OtherTag ID="BT11" LABEL="GraphicZone" DESCRIPTION="block type GraphicZone"/><OtherTag ID="BT12" LABEL="MainZone" DESCRIPTION="block type MainZone"/><OtherTag ID="BT13" LABEL="MarginTextZone" DESCRIPTION="block type MarginTextZone"/><OtherTag ID="BT14" LABEL="MusicZone" DESCRIPTION="block type MusicZone"/><OtherTag ID="BT15" LABEL="NumberingZone" DESCRIPTION="block type NumberingZone"/><OtherTag ID="BT17" LABEL="QuireMarksZone" DESCRIPTION="block type QuireMarksZone"/><OtherTag ID="BT18" LABEL="RunningTitleZone" DESCRIPTION="block type RunningTitleZone"/><OtherTag ID="BT19" LABEL="SealZone" DESCRIPTION="block type SealZone"/><OtherTag ID="BT20" LABEL="StampZone" DESCRIPTION="block type StampZone"/><OtherTag ID="BT21" LABEL="TableZone" DESCRIPTION="block type TableZone"/><OtherTag ID="BT22" LABEL="TitlePageZone" DESCRIPTION="block type TitlePageZone"/><OtherTag ID="BT1851" LABEL="MainZone-P" DESCRIPTION="block type MainZone-P"/><OtherTag ID="BT1852" LABEL="MainZone-Head" DESCRIPTION="block type MainZone-Head"/><OtherTag ID="BT1853" LABEL="MainZone-P-Continued" DESCRIPTION="block type MainZone-P-Continued"/><OtherTag ID="BT1854" LABEL="MarginTextZone-ManuscriptAddendum" DESCRIPTION="block type MarginTextZone-ManuscriptAddendum"/><OtherTag ID="BT1855" LABEL="text" DESCRIPTION="block type text"/><OtherTag ID="BT1856" LABEL="MainZone-Entry" DESCRIPTION="block type MainZone-Entry"/><OtherTag ID="BT1857" LABEL="MainZone-Entry-Continued" DESCRIPTION="block type MainZone-Entry-Continued"/><OtherTag ID="BT1877" LABEL="GraphicZone-Decoration" DESCRIPTION="block type GraphicZone-Decoration"/><OtherTag ID="BT1894" LABEL="MainZone-Other" DESCRIPTION="block type MainZone-Other"/>
    <OtherTag ID="LT7" LABEL="CustomLine" DESCRIPTION="line type CustomLine"/><OtherTag ID="LT8" LABEL="DefaultLine" DESCRIPTION="line type DefaultLine"/><OtherTag ID="LT9" LABEL="DropCapitalLine" DESCRIPTION="line type DropCapitalLine"/><OtherTag ID="LT10" LABEL="HeadingLine" DESCRIPTION="line type HeadingLine"/><OtherTag ID="LT11" LABEL="InterlinearLine" DESCRIPTION="line type InterlinearLine"/><OtherTag ID="LT12" LABEL="MusicLine" DESCRIPTION="line type MusicLine"/><OtherTag ID="LT636" LABEL="default" DESCRIPTION="line type default"/>
  </Tags>
  <Layout>
    <Page WIDTH="1069"
          HEIGHT="1743"
          PHYSICAL_IMG_NR="47"
          ID="eSc_dummypage_">
      <PrintSpace HPOS="0"
                  VPOS="0"
                  WIDTH="1069"
                  HEIGHT="1743">
        <TextBlock HPOS="128"
                   VPOS="51"
                   WIDTH="644"
                   HEIGHT="50"
                   ID="block_0"
                   TAGREFS="BT18">
          <Shape><Polygon POINTS="772 51 772 101 128 101 128 51"/></Shape>
          <TextLine ID="line_0"
                    TAGREFS="LT10"
                    BASELINE="133 86 410 84 769 90" 
                    HPOS="130"
                    VPOS="52"
                    WIDTH="637"
                    HEIGHT="54">
            <Shape><Polygon POINTS="756 52 741 52 727 52 712 52 698 52 683 52 669 52 654 52 639 52 625 52 610 52 596 52 581 52 567 52 552 52 538 52 523 52 509 52 494 52 479 52 465 52 450 52 436 52 421 52 407 52 392 52 378 52 363 52 349 52 334 52 319 52 305 52 290 52 276 52 261 52 247 52 232 52 218 52 203 52 189 52 174 52 159 52 145 52 132 52 132 85 130 101 765 106 767 88 766 52 756 52"/></Shape>
	    <String CONTENT="IN I. EPIST. AD TIMOTH."
                    HPOS="130"
                    VPOS="52"
                    WIDTH="637"
                    HEIGHT="54"
                    WC="0.999747457711593"></String>
          </TextLine>
        </TextBlock>
        <TextBlock HPOS="828"
                   VPOS="65"
                   WIDTH="41"
                   HEIGHT="41"
                   ID="block_3"
                   TAGREFS="BT15">
          <Shape><Polygon POINTS="869 65 869 106 828 106 828 65"/></Shape>
          <TextLine ID="line_1"
                    TAGREFS="LT8"
                    BASELINE="826 91 864 93" 
                    HPOS="825.0"
                    VPOS="57.0"
                    WIDTH="39.0"
                    HEIGHT="49.0">
            <Shape><Polygon POINTS="826 91 825 101 862 106 864 93 864 57 827 58 826 91"/></Shape>
	    <String CONTENT="55"
                    HPOS="825.0"
                    VPOS="57.0"
                    WIDTH="39.0"
                    HEIGHT="49.0"
                    WC="0.9999871253967285"></String>
          </TextLine>
        </TextBlock>
        <TextBlock HPOS="55"
                   VPOS="106"
                   WIDTH="810"
                   HEIGHT="95"
                   ID="block_2"
                   TAGREFS="BT1853">
          <Shape><Polygon POINTS="865 106 865 201 55 201 55 106"/></Shape>
          <TextLine ID="line_2"
                    TAGREFS="LT8"
                    BASELINE="59 143 528 141 866 145" 
                    HPOS="58.0"
                    VPOS="101.0"
                    WIDTH="808.0"
                    HEIGHT="66.0">
            <Shape><Polygon POINTS="649 102 645 102 642 103 617 112 555 104 535 102 533 102 523 102 513 102 503 102 494 102 484 102 483 102 474 105 466 109 459 106 453 103 452 103 451 103 450 103 449 103 446 106 437 113 367 113 354 107 343 102 339 102 329 102 319 102 310 102 300 102 295 102 275 108 259 112 249 108 231 102 222 102 213 102 203 102 193 102 184 102 183 102 175 109 170 113 146 113 140 110 126 102 125 102 117 102 59 110 59 143 58 154 135 161 136 161 213 156 222 162 223 162 224 162 225 162 226 162 242 156 297 161 298 161 346 156 354 162 355 162 356 162 410 166 411 166 440 160 469 166 470 166 510 156 538 166 539 166 540 167 584 167 584 166 585 166 586 166 597 157 641 166 642 167 670 167 670 166 671 166 691 157 738 166 739 167 836 167 836 166 837 166 865 155 866 145 864 101 829 103 828 103 809 112 763 106 762 106 761 106 749 113 695 113 660 103 656 102 649 102"/></Shape>
	    <String CONTENT="minandi, vult enim videri tanquam &amp; ipſa"
                    HPOS="58.0"
                    VPOS="101.0"
                    WIDTH="808.0"
                    HEIGHT="66.0"
                    WC="0.9867649897933006"></String>
          </TextLine>
          <TextLine ID="line_3"
                    TAGREFS="LT8"
                    BASELINE="64 189 195 191" 
                    HPOS="63.0"
                    VPOS="149.0"
                    WIDTH="132.0"
                    HEIGHT="63.0">
            <Shape><Polygon POINTS="64 189 63 205 111 212 112 212 113 212 129 203 133 201 138 203 156 208 157 208 157 208 194 200 195 191 195 166 176 166 172 163 166 158 165 158 164 158 163 158 149 160 144 161 141 159 128 150 127 150 126 150 125 150 125 150 124 150 115 155 95 149 94 149 94 149 64 151 64 189"/></Shape>
	    <String CONTENT="ſapiat."
                    HPOS="63.0"
                    VPOS="149.0"
                    WIDTH="132.0"
                    HEIGHT="63.0"
                    WC="0.9999232292175293"></String>
          </TextLine>
        </TextBlock>
        <TextBlock HPOS="51"
                   VPOS="208"
                   WIDTH="813"
                   HEIGHT="291"
                   ID="block_4"
                   TAGREFS="BT1851">
          <Shape><Polygon POINTS="864 208 864 499 51 497 55 208"/></Shape>
          <TextLine ID="line_4"
                    TAGREFS="LT8"
                    BASELINE="105 241 675 240 855 244" 
                    HPOS="104.0"
                    VPOS="202.0"
                    WIDTH="751.0"
                    HEIGHT="57.0">
            <Shape><Polygon POINTS="105 241 104 250 159 251 170 259 171 259 172 259 173 259 221 254 250 258 251 258 251 258 252 258 259 252 261 251 332 251 335 253 347 259 348 259 349 259 350 259 369 253 377 251 401 251 407 254 414 258 415 258 416 258 417 258 418 258 423 254 428 251 503 251 511 255 519 259 520 259 521 259 537 255 548 253 575 253 579 256 583 259 584 259 585 259 586 259 587 259 598 256 615 251 624 256 628 259 628 259 629 259 630 259 631 259 639 256 646 254 657 256 668 259 669 259 670 259 671 259 674 257 683 251 742 257 761 259 762 259 854 258 855 244 854 212 667 212 666 211 644 202 643 202 642 202 578 210 542 202 541 202 497 211 494 211 492 211 471 204 470 204 469 204 468 204 467 204 457 210 442 202 441 202 440 202 303 210 284 211 282 210 272 202 271 202 270 202 226 202 225 202 224 202 208 210 206 211 203 210 193 205 192 205 191 205 168 209 124 202 123 202 122 202 105 208 105 241"/></Shape>
	    <String CONTENT="De priori inquit, IN AMICTV HONESTO,"
                    HPOS="104.0"
                    VPOS="202.0"
                    WIDTH="751.0"
                    HEIGHT="57.0"
                    WC="0.9987953073448606"></String>
          </TextLine>
          <TextLine ID="line_5"
                    TAGREFS="LT8"
                    BASELINE="61 287 864 290" 
                    HPOS="60.0"
                    VPOS="246.0"
                    WIDTH="804.0"
                    HEIGHT="62.0">
            <Shape><Polygon POINTS="61 287 60 299 117 305 118 305 224 301 266 305 267 305 295 301 308 305 309 305 310 305 471 302 477 306 478 306 479 306 480 306 533 303 598 307 599 307 628 303 664 307 665 307 714 303 731 307 732 307 733 308 833 308 833 307 863 302 864 290 863 261 828 261 827 260 807 250 806 250 805 250 804 250 786 259 785 261 741 261 738 258 728 251 727 251 726 251 725 251 724 251 709 255 699 249 698 249 697 249 644 249 643 249 642 249 623 256 613 259 597 259 593 255 583 248 582 248 581 248 540 248 539 248 538 248 528 254 518 259 460 259 448 253 442 250 441 250 440 250 440 250 439 250 436 253 426 260 361 260 339 251 328 247 327 247 326 247 325 247 314 250 290 258 215 248 208 248 207 248 206 248 205 248 190 259 176 259 145 250 144 250 143 250 142 250 132 254 116 247 115 247 61 246 61 287"/></Shape>
	    <String CONTENT="ſcilicet orare illas volo: καταστολὴ dicitur ſto¬"
                    HPOS="60.0"
                    VPOS="246.0"
                    WIDTH="804.0"
                    HEIGHT="62.0"></String>
          </TextLine>
          <TextLine ID="line_6"
                    TAGREFS="LT8"
                    BASELINE="58 337 864 340" 
                    HPOS="57.0"
                    VPOS="300.0"
                    WIDTH="807.0"
                    HEIGHT="61.0">
            <Shape><Polygon POINTS="58 337 57 349 113 358 114 358 161 351 198 351 216 358 217 358 218 358 219 358 238 351 326 351 358 359 359 359 360 360 383 360 383 359 384 359 385 359 395 352 490 359 491 359 492 359 514 352 530 359 531 359 532 359 594 354 650 360 651 361 766 361 766 360 767 360 768 360 775 355 802 360 803 360 804 360 829 353 839 360 840 360 841 360 842 360 843 360 863 352 864 340 863 303 845 303 844 303 843 303 842 303 831 310 786 305 785 305 784 305 783 305 773 311 718 311 700 304 699 304 698 304 697 304 680 307 616 303 615 303 614 303 597 310 578 303 577 303 576 303 501 309 485 302 484 302 483 302 415 309 395 305 394 305 393 305 354 309 326 302 325 302 324 302 203 307 178 301 177 301 176 301 175 301 174 301 161 309 95 309 83 301 82 301 81 301 58 300 58 337"/></Shape>
	    <String CONTENT="la qua totum corpus tegitur vndique, ne quid"
                    HPOS="57.0"
                    VPOS="300.0"
                    WIDTH="807.0"
                    HEIGHT="61.0"
                    WC="0.9991244619542902"></String>
          </TextLine>
          <TextLine ID="line_7"
                    TAGREFS="LT8"
                    BASELINE="54 387 860 390" 
                    HPOS="53.0"
                    VPOS="349.0"
                    WIDTH="807.0"
                    HEIGHT="59.0">
            <Shape><Polygon POINTS="54 387 53 397 75 406 76 406 77 407 140 407 140 406 141 406 142 406 152 399 234 404 235 404 282 400 292 399 296 400 322 407 323 407 324 408 393 408 393 407 423 401 430 400 530 400 544 402 572 407 573 407 574 407 584 403 590 400 596 403 606 408 607 408 608 408 644 403 656 402 659 403 667 408 668 408 669 408 670 408 681 404 684 403 693 404 729 408 730 408 731 408 740 404 749 401 781 405 810 408 811 408 859 405 860 390 860 361 842 352 841 352 817 352 816 352 815 352 814 352 802 360 799 362 655 362 649 358 645 355 644 355 643 355 642 355 623 357 593 361 562 356 527 351 526 351 481 355 439 359 426 354 418 351 417 351 416 351 415 351 409 354 400 359 386 354 384 353 383 353 382 353 376 353 324 360 304 352 297 350 296 350 295 350 294 350 293 350 290 352 281 359 254 353 253 353 252 353 228 360 130 360 115 350 114 350 113 350 54 349 54 387"/></Shape>
	    <String CONTENT="indecorum compareat. Interim eis concedit"
                    HPOS="53.0"
                    VPOS="349.0"
                    WIDTH="807.0"
                    HEIGHT="59.0"
                    WC="0.9933666645026789"></String>
          </TextLine>
          <TextLine ID="line_8"
                    TAGREFS="LT8"
                    BASELINE="55 438 859 438" 
                    HPOS="55.0"
                    VPOS="399.0"
                    WIDTH="804.0"
                    HEIGHT="60.0">
            <Shape><Polygon POINTS="55 438 55 452 111 456 112 456 113 456 114 456 119 453 123 450 205 450 216 453 236 459 237 459 238 459 239 459 253 453 261 450 314 450 324 454 330 456 331 456 332 456 333 456 334 456 336 454 343 450 377 450 393 454 413 459 414 459 415 459 440 454 455 451 492 451 499 455 508 459 509 459 510 459 511 459 522 455 529 452 551 455 587 459 588 459 589 459 598 455 609 450 623 455 634 459 635 459 636 459 666 456 678 454 683 456 693 459 694 459 695 459 859 456 859 438 859 410 817 410 817 409 803 399 802 399 801 399 800 399 799 399 779 404 734 400 733 400 732 400 731 400 720 409 692 399 691 399 537 399 536 399 535 399 534 399 520 409 519 410 436 410 435 409 422 399 421 399 420 399 403 399 402 399 401 399 400 399 386 409 385 410 281 410 279 409 266 404 265 404 264 404 263 404 246 409 244 409 242 409 211 399 210 399 143 399 142 399 141 399 117 409 115 409 112 409 83 403 82 403 55 408 55 438"/></Shape>
	    <String CONTENT="mundiciem, non enim vult ſordidas, ſed in"
                    HPOS="55.0"
                    VPOS="399.0"
                    WIDTH="804.0"
                    HEIGHT="60.0"
                    WC="0.9991729608396205"></String>
          </TextLine>
          <TextLine ID="line_9"
                    TAGREFS="LT8"
                    BASELINE="60 477 720 487" 
                    HPOS="58"
                    VPOS="441"
                    WIDTH="661"
                    HEIGHT="73">
            <Shape><Polygon POINTS="59 476 58 496 72 505 218 499 245 508 295 499 319 508 413 502 463 511 525 502 552 512 609 504 654 514 718 504 719 486 718 453 600 445 552 456 533 444 445 444 353 453 305 444 290 450 282 441 274 441 260 451 183 441 59 445 59 476"/></Shape>
	    <String CONTENT="mundicie pietatis ratio habenda eſt."
                    HPOS="58"
                    VPOS="441"
                    WIDTH="661"
                    HEIGHT="73"></String>
          </TextLine>
        </TextBlock>
        <TextBlock HPOS="64"
                   VPOS="500"
                   WIDTH="799"
                   HEIGHT="196"
                   ID="block_5"
                   TAGREFS="BT1851">
          <Shape><Polygon POINTS="863 500 863 696 64 696 64 500"/></Shape>
          <TextLine ID="line_10"
                    TAGREFS="LT8"
                    BASELINE="94 537 859 537" 
                    HPOS="94.0"
                    VPOS="498.0"
                    WIDTH="765.0"
                    HEIGHT="59.0">
            <Shape><Polygon POINTS="94 537 94 550 212 550 215 550 248 556 249 556 276 550 279 550 281 550 292 554 293 554 294 554 362 550 382 550 388 550 407 555 408 555 408 555 451 550 467 550 471 550 486 556 487 556 488 557 565 557 565 556 566 556 584 551 593 550 603 551 627 556 628 557 773 557 773 556 774 556 775 556 780 552 785 550 792 552 802 556 803 556 804 556 859 552 859 537 859 508 823 499 822 499 821 499 800 507 796 509 642 509 636 505 627 498 626 498 625 498 624 498 623 498 622 498 614 504 608 509 568 509 557 504 542 498 541 498 505 498 504 498 503 498 493 503 480 508 460 503 459 503 458 503 457 503 448 507 439 502 432 499 431 499 430 499 429 499 428 499 425 502 416 509 400 509 305 500 273 498 272 498 271 498 270 498 268 500 257 508 239 499 235 498 234 498 205 498 204 498 198 499 157 508 126 498 125 498 94 498 94 537"/></Shape>
	    <String CONTENT="Deinde, ADSIT EIS αἶδος, PVDOR, oratio"
                    HPOS="94.0"
                    VPOS="498.0"
                    WIDTH="765.0"
                    HEIGHT="59.0"></String>
          </TextLine>
          <TextLine ID="line_11"
                    TAGREFS="LT8"
                    BASELINE="68 582 858 586" 
                    HPOS="67.0"
                    VPOS="544.0"
                    WIDTH="791.0"
                    HEIGHT="63.0">
            <Shape><Polygon POINTS="68 582 67 594 99 595 110 604 111 604 112 604 113 604 197 596 200 596 257 596 259 596 271 605 272 605 273 605 274 605 275 605 305 597 306 597 307 597 340 604 341 604 342 604 360 597 363 597 401 597 403 598 411 605 412 605 413 605 414 605 485 601 503 606 503 606 504 606 565 600 573 599 579 600 610 606 611 606 612 606 613 606 622 600 626 598 634 600 660 607 661 607 662 607 690 601 705 607 706 607 707 607 729 602 747 607 748 607 749 607 777 602 782 601 786 602 804 607 805 607 806 607 857 602 858 586 856 547 819 554 785 547 783 547 782 547 780 547 747 554 713 550 712 550 711 550 691 555 634 552 628 548 627 546 626 546 625 546 624 546 623 546 616 548 599 552 580 548 569 546 568 546 567 546 560 548 541 554 494 549 463 545 462 545 461 545 445 549 427 554 386 554 378 550 373 545 372 545 371 545 348 545 347 545 346 545 345 545 339 550 332 553 282 550 202 544 201 544 200 544 182 550 175 552 120 551 119 550 108 544 107 544 106 544 105 544 68 550 68 582"/></Shape>
	    <String CONTENT="elegantiſsima eſt, quæ pudicam monſtrat"
                    HPOS="67.0"
                    VPOS="544.0"
                    WIDTH="791.0"
                    HEIGHT="63.0"
                    WC="0.9943838853102464"></String>
          </TextLine>
          <TextLine ID="line_12"
                    TAGREFS="LT8"
                    BASELINE="66 631 850 637" 
                    HPOS="65.0"
                    VPOS="595.0"
                    WIDTH="785.0"
                    HEIGHT="66.0">
            <Shape><Polygon POINTS="66 631 65 643 166 651 167 651 210 646 224 656 225 656 226 656 227 656 228 656 263 646 266 646 281 647 382 653 383 653 409 648 418 647 421 648 429 654 430 654 431 654 432 654 459 652 467 657 468 657 469 657 470 657 471 657 483 650 493 656 494 656 495 656 496 656 515 653 531 658 532 658 533 658 534 658 543 653 590 659 591 659 592 659 607 652 654 659 655 659 683 652 685 652 687 652 721 660 722 661 754 661 754 660 755 660 756 660 765 653 769 653 807 660 808 660 849 654 850 637 849 603 817 607 810 602 803 599 802 599 768 599 767 599 742 602 715 606 686 602 659 599 658 599 657 599 646 602 633 606 626 602 618 598 617 598 616 598 615 598 604 602 598 605 592 602 581 597 580 597 546 597 545 597 544 597 543 597 536 602 534 604 521 602 506 600 505 600 504 600 499 602 491 605 483 602 471 597 471 597 470 597 441 602 430 604 425 602 412 596 411 596 380 596 379 596 378 596 377 596 370 602 368 604 345 604 341 602 330 595 329 595 328 595 327 595 275 602 269 603 148 603 146 602 135 597 134 597 133 597 66 601 66 631"/></Shape>
	    <String CONTENT="mulierem, ne ſit effrons, ne deponatur rubor,"
                    HPOS="65.0"
                    VPOS="595.0"
                    WIDTH="785.0"
                    HEIGHT="66.0"
                    WC="0.9854294816652934"></String>
          </TextLine>
          <TextLine ID="line_13"
                    TAGREFS="LT8"
                    BASELINE="74 680 470 682" 
                    HPOS="71"
                    VPOS="637"
                    WIDTH="398"
                    HEIGHT="64">
            <Shape><Polygon POINTS="71 694 88 701 90 701 91 701 468 700 469 681 468 650 270 639 269 639 267 639 258 643 244 650 142 650 122 639 120 639 72 637 72 679"/></Shape>
	    <String CONTENT="ſed potius declaretur"
                    HPOS="71"
                    VPOS="637"
                    WIDTH="398"
                    HEIGHT="64"></String>
          </TextLine>
        </TextBlock>
        <TextBlock HPOS="50"
                   VPOS="697"
                   WIDTH="811"
                   HEIGHT="199"
                   ID="block_6"
                   TAGREFS="BT1851">
          <Shape><Polygon POINTS="861 699 861 894 50 896 54 697"/></Shape>
          <TextLine ID="line_26"
                    TAGREFS="LT8"
                    BASELINE="108 732 854 733" 
                    HPOS="107.0"
                    VPOS="693.0"
                    WIDTH="747.0"
                    HEIGHT="61.0">
            <Shape><Polygon POINTS="108 732 107 743 130 751 131 751 132 751 186 745 204 752 205 752 206 753 234 753 234 752 235 752 248 745 302 752 303 752 304 752 328 745 383 750 384 750 430 745 440 752 440 752 441 752 442 752 443 752 466 745 481 753 482 753 483 753 484 753 497 748 517 753 518 753 519 754 636 754 636 753 666 746 679 753 680 753 681 754 721 754 721 753 722 753 723 753 730 746 754 753 754 753 755 754 799 754 799 753 800 753 817 746 853 746 854 733 853 705 784 704 784 703 771 694 770 694 769 694 768 694 767 694 736 703 730 704 721 703 678 694 677 694 633 697 632 697 623 701 614 705 577 705 569 701 564 696 563 696 562 696 561 696 560 696 545 700 528 704 489 699 467 696 466 696 449 698 417 703 403 698 392 693 391 693 335 693 334 693 333 693 332 693 328 696 324 698 298 696 263 693 262 693 261 693 260 693 257 695 244 704 186 704 170 697 169 697 108 693 108 732"/></Shape>
	    <String CONTENT="Tertiò, adſit ſobrietas, quæ cuſtos eſt pu¬"
                    HPOS="107.0"
                    VPOS="693.0"
                    WIDTH="747.0"
                    HEIGHT="61.0"></String>
          </TextLine>
          <TextLine ID="line_27"
                    TAGREFS="LT8"
                    BASELINE="68 778 855 782" 
                    HPOS="68.0"
                    VPOS="742.0"
                    WIDTH="787.0"
                    HEIGHT="62.0">
            <Shape><Polygon POINTS="68 778 68 797 141 793 150 797 154 800 155 800 156 800 157 800 171 797 193 793 211 797 221 800 222 800 223 800 224 800 225 800 229 797 234 794 247 797 248 797 249 797 250 797 251 797 251 797 258 793 268 797 278 801 279 801 280 802 316 802 316 801 317 801 332 796 343 794 349 796 354 799 355 799 356 799 372 796 390 794 401 796 415 801 416 801 417 801 444 796 461 794 477 796 507 802 508 802 536 796 545 795 550 796 560 800 561 800 562 800 592 795 597 795 602 795 633 800 634 800 635 800 636 800 643 795 645 795 646 795 656 803 657 803 658 803 659 804 817 804 817 803 818 803 819 803 831 795 854 795 855 782 855 757 774 756 754 745 753 745 752 745 705 746 704 746 703 746 690 755 686 757 668 757 664 754 646 744 645 744 644 744 569 747 568 747 567 747 558 753 554 755 435 755 426 752 399 743 398 743 314 743 313 743 312 743 311 743 300 750 293 754 277 750 273 749 272 749 271 749 258 750 220 753 214 749 204 742 203 742 202 742 201 742 174 749 156 754 135 754 125 748 115 742 114 742 113 742 68 747 68 778"/></Shape>
	    <String CONTENT="doris, Græcis dicta etiam ὅτι σώζει τὴν φρώνησιν¬"
                    HPOS="68.0"
                    VPOS="742.0"
                    WIDTH="787.0"
                    HEIGHT="62.0"></String>
          </TextLine>
          <TextLine ID="line_28"
                    TAGREFS="LT8"
                    BASELINE="63 830 855 830" 
                    HPOS="63.0"
                    VPOS="795.0"
                    WIDTH="792.0"
                    HEIGHT="57.0">
            <Shape><Polygon POINTS="63 830 63 843 104 851 105 851 106 851 125 846 178 850 179 850 180 850 191 844 208 849 209 849 210 849 248 844 258 851 259 851 260 851 261 851 310 844 352 844 369 851 370 851 371 851 438 846 508 851 509 851 539 844 574 851 575 851 576 851 591 844 611 851 612 851 613 851 661 845 676 850 677 850 678 850 679 850 693 844 709 850 710 850 711 850 739 846 750 851 751 851 752 852 813 852 813 851 814 851 815 851 824 844 855 844 855 830 855 805 799 805 786 795 785 795 784 795 783 795 782 795 781 795 764 804 692 796 691 796 604 804 589 795 588 795 587 795 565 795 564 795 563 795 562 795 546 804 503 795 423 795 422 795 421 795 390 803 360 795 359 795 282 795 282 795 281 795 260 805 173 805 153 795 152 795 126 795 125 795 125 795 124 795 111 804 63 804 63 830"/></Shape>
	    <String CONTENT="σιν, ſapient iam ſeruat ſobrietas in omni qui¬"
                    HPOS="63.0"
                    VPOS="795.0"
                    WIDTH="792.0"
                    HEIGHT="57.0"
                    WC="0.9904725007388903"></String>
          </TextLine>
          <TextLine ID="line_29"
                    TAGREFS="LT8"
                    BASELINE="61 877 766 879" 
                    HPOS="60.0"
                    VPOS="841.0"
                    WIDTH="706.0"
                    HEIGHT="60.0">
            <Shape><Polygon POINTS="60 891 149 892 149 893 158 899 159 899 160 899 161 900 161 899 162 899 163 899 172 893 173 893 203 899 204 899 311 895 355 893 377 895 413 900 414 900 435 896 445 894 452 896 462 900 463 900 464 901 543 901 543 900 544 900 549 897 554 895 587 898 602 899 603 899 604 899 605 899 606 898 610 894 617 898 621 900 622 900 623 900 635 899 668 894 692 899 697 900 698 900 706 899 751 894 763 900 766 879 764 851 737 851 734 850 711 842 710 842 643 842 642 842 641 842 625 848 570 843 569 843 568 843 558 849 554 851 540 849 524 846 523 846 492 848 470 850 466 848 458 842 457 842 456 842 405 841 376 841 375 841 374 841 373 841 364 847 360 850 354 847 341 841 340 841 339 841 338 841 325 847 321 849 310 847 297 845 296 845 295 845 289 847 280 851 191 851 185 846 178 841 177 841 176 841 175 841 174 841 157 846 140 850 121 845 100 841 75 841 74 841 73 841 72 841 67 845 64 847 63 845 61 877 60 891"/></Shape>
	    <String CONTENT="dem ſexu, imprimis tamen in muliebri."
                    HPOS="60.0"
                    VPOS="841.0"
                    WIDTH="706.0"
                    HEIGHT="60.0"
                    WC="0.9906260564520553"></String>
          </TextLine>
        </TextBlock>
        <TextBlock HPOS="43"
                   VPOS="900"
                   WIDTH="820"
                   HEIGHT="585"
                   ID="eSc_textblock_fa104767"
                   TAGREFS="BT1851">
          <Shape><Polygon POINTS="863 900 863 1485 43 1481 55 906"/></Shape>
          <TextLine ID="line_14"
                    TAGREFS="LT8"
                    BASELINE="93 930 853 926" 
                    HPOS="92"
                    VPOS="889"
                    WIDTH="761"
                    HEIGHT="62">
            <Shape><Polygon POINTS="93 930 93 947 131 945 140 947 157 951 158 951 159 951 160 951 177 947 184 945 203 946 243 949 244 949 271 946 284 944 293 946 316 950 317 950 318 950 319 950 326 945 328 944 394 944 396 945 404 950 405 950 406 950 407 950 435 946 442 950 443 950 444 950 445 950 659 949 660 949 680 944 690 948 691 948 691 948 743 944 773 948 774 948 775 948 776 948 786 941 853 940 853 926 852 897 832 889 831 889 830 889 829 889 813 896 705 889 704 889 660 897 500 890 499 890 451 898 406 891 405 891 404 891 403 891 393 898 365 892 364 892 332 898 299 891 298 891 225 899 114 892 113 892 112 892 92 900 93 930"/></Shape>
	    <String CONTENT="Sequũtur deinceps notæ luxus, vt eſt πλé¬"
                    HPOS="92"
                    VPOS="889"
                    WIDTH="761"
                    HEIGHT="62"
                    WC="0.9859722547752913"></String>
          </TextLine>
          <TextLine ID="line_15"
                    TAGREFS="LT8"
                    BASELINE="61 981 565 976 852 978" 
                    HPOS="60"
                    VPOS="940"
                    WIDTH="792"
                    HEIGHT="63">
            <Shape><Polygon POINTS="61 981 61 1003 103 993 151 993 166 1000 167 1000 168 1000 205 994 221 1001 222 1001 223 1001 224 1001 225 1001 240 992 270 998 271 998 272 998 286 992 307 998 308 998 309 998 346 993 375 1000 376 1000 377 1000 377 1000 396 991 427 991 440 1000 440 1000 441 1000 442 1001 465 1001 465 1000 466 1000 487 991 573 999 574 999 575 999 611 989 657 989 670 998 671 998 672 998 673 998 767 997 768 997 784 989 810 997 811 997 812 997 813 997 826 991 849 997 852 978 851 947 777 947 756 940 755 940 754 940 722 947 719 947 708 947 614 941 613 941 612 941 611 941 600 947 598 948 585 947 530 942 488 942 487 942 486 942 474 947 471 949 461 947 442 944 441 944 421 947 415 948 413 947 404 943 403 943 402 943 401 943 384 947 377 950 342 950 337 947 329 944 328 944 327 944 326 944 318 947 313 950 304 947 290 944 289 944 255 944 254 944 253 944 252 944 248 947 244 951 214 951 209 947 205 945 204 945 203 945 202 945 201 945 194 947 190 949 180 947 160 945 159 945 158 945 157 945 154 947 148 951 60 948 61 981"/></Shape>
	    <String CONTENT="γμα, hoc eſt, crinium ornatus tortus, quum"
                    HPOS="60"
                    VPOS="940"
                    WIDTH="792"
                    HEIGHT="63"
                    WC="0.9850527729306903"></String>
          </TextLine>
          <TextLine ID="line_16"
                    TAGREFS="LT8"
                    BASELINE="60 1024 849 1027" 
                    HPOS="59"
                    VPOS="989"
                    WIDTH="790"
                    HEIGHT="60">
            <Shape><Polygon POINTS="60 1024 59 1039 115 1046 116 1046 223 1040 252 1046 374 1047 375 1048 485 1048 485 1047 486 1047 487 1047 496 1041 551 1047 552 1047 584 1041 591 1047 592 1047 593 1047 594 1047 648 1042 657 1048 658 1048 659 1048 660 1049 708 1049 708 1048 737 1042 824 1048 825 1048 826 1048 848 1041 849 1027 849 1000 747 994 746 994 745 994 744 994 737 999 736 1000 735 999 719 991 718 991 717 991 716 991 693 999 689 1001 686 999 670 991 669 991 585 991 584 991 583 991 567 998 498 990 497 990 430 999 420 1000 414 999 386 991 385 991 384 991 350 999 348 999 334 990 333 990 332 990 331 990 330 990 305 999 263 999 142 999 140 999 113 989 112 989 111 989 110 989 87 999 60 999 60 1024"/></Shape>
	    <String CONTENT="inſtar torui incuruatur pilus, ſub quo omnis"
                    HPOS="59"
                    VPOS="989"
                    WIDTH="790"
                    HEIGHT="60"
                    WC="0.9985762577165257"></String>
          </TextLine>
          <TextLine ID="line_17"
                    TAGREFS="LT8"
                    BASELINE="61 1075 852 1073" 
                    HPOS="60"
                    VPOS="1037"
                    WIDTH="792"
                    HEIGHT="63">
            <Shape><Polygon POINTS="61 1075 61 1092 269 1092 272 1093 282 1099 283 1099 284 1099 344 1098 345 1098 345 1098 351 1093 353 1093 374 1099 375 1099 376 1100 446 1100 446 1099 447 1099 460 1094 488 1098 489 1098 490 1098 500 1094 506 1091 530 1094 565 1098 565 1098 566 1098 581 1094 591 1091 599 1094 610 1098 611 1098 612 1098 851 1094 852 1073 850 1046 801 1046 773 1037 772 1037 771 1037 770 1037 748 1042 730 1037 729 1037 728 1037 673 1045 653 1037 652 1037 609 1037 608 1037 568 1045 547 1037 546 1037 507 1037 506 1037 505 1037 483 1045 440 1039 440 1039 439 1039 422 1045 401 1038 400 1038 399 1038 354 1046 329 1038 328 1038 327 1038 326 1038 304 1046 241 1046 227 1039 226 1039 192 1038 191 1038 190 1038 160 1046 143 1039 142 1039 141 1039 60 1047 61 1075"/></Shape>
	    <String CONTENT="crinium fucus facilè poteſt intelligi; ſed po¬"
                    HPOS="60"
                    VPOS="1037"
                    WIDTH="792"
                    HEIGHT="63"
                    WC="0.9824221070776594"></String>
          </TextLine>
          <TextLine ID="line_18"
                    TAGREFS="LT8"
                    BASELINE="61 1123 852 1125" 
                    HPOS="60"
                    VPOS="1090"
                    WIDTH="792"
                    HEIGHT="59">
            <Shape><Polygon POINTS="61 1123 60 1137 136 1138 172 1147 173 1147 174 1147 192 1139 209 1145 210 1145 211 1145 212 1145 222 1139 233 1147 234 1147 235 1147 236 1147 281 1139 314 1147 315 1147 366 1142 399 1147 400 1147 401 1147 402 1147 409 1142 457 1148 458 1149 501 1149 501 1148 502 1148 503 1148 512 1142 543 1148 544 1148 545 1148 546 1148 555 1141 572 1148 573 1148 574 1148 609 1141 634 1148 635 1148 636 1148 676 1140 739 1148 740 1148 741 1148 753 1142 819 1145 820 1145 851 1139 852 1125 852 1100 820 1091 819 1091 818 1091 778 1097 762 1091 761 1091 760 1091 723 1096 688 1092 687 1092 648 1099 641 1100 636 1099 611 1091 610 1091 583 1091 582 1091 581 1091 580 1091 569 1098 565 1100 559 1098 542 1093 541 1093 540 1093 539 1093 526 1097 518 1100 509 1097 491 1091 490 1091 489 1091 464 1097 461 1097 453 1090 452 1090 451 1090 450 1090 449 1090 436 1096 429 1099 422 1096 414 1093 413 1093 412 1093 341 1095 221 1099 206 1093 197 1090 196 1090 195 1090 194 1090 193 1090 188 1093 178 1100 134 1100 125 1092 122 1090 121 1090 120 1090 119 1090 61 1091 61 1123"/></Shape>
	    <String CONTENT="teſt πλέγμα quoque accipi de ornatu ve¬"
                    HPOS="60"
                    VPOS="1090"
                    WIDTH="792"
                    HEIGHT="59"
                    WC="0.9768676400184632"></String>
          </TextLine>
          <TextLine ID="line_19"
                    TAGREFS="LT8"
                    BASELINE="59 1172 853 1174" 
                    HPOS="58"
                    VPOS="1136"
                    WIDTH="795"
                    HEIGHT="62">
            <Shape><Polygon POINTS="59 1172 58 1187 185 1195 186 1195 187 1195 188 1195 198 1189 199 1189 224 1189 225 1189 252 1196 253 1196 254 1196 304 1191 357 1196 358 1196 359 1196 377 1191 389 1196 390 1196 391 1196 442 1192 456 1197 457 1197 458 1198 555 1198 555 1197 556 1197 577 1192 585 1190 588 1192 597 1197 597 1197 598 1197 599 1198 710 1198 710 1197 711 1197 726 1192 735 1191 743 1193 754 1197 755 1197 756 1198 793 1198 793 1197 794 1197 795 1197 801 1193 804 1192 807 1193 813 1196 814 1196 815 1196 852 1193 853 1174 852 1147 749 1147 742 1145 711 1138 710 1138 677 1144 676 1144 667 1138 666 1138 665 1138 664 1138 663 1138 662 1138 655 1143 566 1138 565 1138 545 1142 540 1143 534 1142 508 1138 507 1138 506 1138 498 1142 490 1146 400 1146 390 1140 383 1137 382 1137 345 1137 345 1137 344 1137 339 1139 328 1146 253 1146 230 1138 227 1137 226 1137 225 1137 224 1137 223 1137 222 1138 212 1145 149 1139 148 1139 120 1145 105 1137 104 1137 59 1136 59 1172"/></Shape>
	    <String CONTENT="ſtium, vnde nos dicimus plegij: luxuriat enim"
                    HPOS="58"
                    VPOS="1136"
                    WIDTH="795"
                    HEIGHT="62"
                    WC="0.9894564297464159"></String>
          </TextLine>
          <TextLine ID="line_20"
                    TAGREFS="LT8"
                    BASELINE="58 1221 850 1224" 
                    HPOS="57"
                    VPOS="1186"
                    WIDTH="793"
                    HEIGHT="62">
            <Shape><Polygon POINTS="58 1221 57 1233 137 1242 138 1242 174 1237 185 1245 186 1245 187 1245 188 1245 188 1245 219 1235 254 1235 270 1243 271 1243 304 1246 305 1246 306 1246 331 1238 455 1247 456 1247 457 1247 476 1242 520 1247 521 1247 522 1247 523 1247 538 1237 565 1237 580 1247 581 1247 582 1247 583 1247 684 1243 693 1248 694 1248 695 1248 788 1241 809 1245 810 1245 811 1245 812 1245 821 1238 849 1238 850 1224 848 1191 827 1195 808 1191 801 1189 800 1189 799 1189 798 1189 793 1191 781 1196 774 1191 773 1191 772 1191 722 1189 721 1189 701 1191 653 1197 639 1192 631 1188 630 1188 629 1188 613 1192 606 1192 598 1192 576 1188 575 1188 574 1188 573 1188 568 1192 563 1195 455 1196 441 1192 424 1187 423 1187 422 1187 391 1192 377 1194 354 1192 292 1187 291 1187 290 1187 271 1192 262 1195 174 1195 172 1193 162 1186 161 1186 160 1186 114 1186 113 1186 112 1186 97 1193 58 1193 58 1221"/></Shape>
	    <String CONTENT="muliebris veſtitus in primis hoc modo, vt"
                    HPOS="57"
                    VPOS="1186"
                    WIDTH="793"
                    HEIGHT="62"
                    WC="0.9993876582238732"></String>
          </TextLine>
          <TextLine ID="line_21"
                    TAGREFS="LT8"
                    BASELINE="56 1269 849 1274" 
                    HPOS="55"
                    VPOS="1233"
                    WIDTH="794"
                    HEIGHT="63">
            <Shape><Polygon POINTS="56 1269 55 1282 109 1288 110 1288 135 1284 147 1291 148 1291 149 1291 150 1292 196 1292 196 1291 197 1291 214 1284 232 1292 233 1292 234 1293 399 1293 399 1292 400 1292 401 1292 406 1288 412 1293 413 1293 414 1293 415 1294 457 1294 457 1293 458 1293 459 1293 470 1285 496 1285 571 1294 572 1294 573 1294 597 1286 637 1286 658 1294 659 1294 660 1294 660 1294 683 1287 698 1295 699 1295 700 1296 722 1296 722 1295 723 1295 723 1295 733 1288 789 1295 790 1295 791 1295 792 1295 805 1287 848 1287 849 1274 849 1248 812 1247 796 1237 795 1237 794 1237 793 1237 792 1237 773 1246 773 1247 691 1247 687 1244 670 1236 669 1236 668 1236 608 1243 603 1243 597 1243 534 1236 533 1236 491 1241 461 1244 417 1239 368 1234 367 1234 366 1234 355 1238 345 1243 314 1243 303 1237 300 1235 299 1235 298 1235 278 1235 277 1235 276 1235 275 1235 273 1237 263 1244 215 1244 172 1235 161 1233 160 1233 146 1234 109 1238 56 1233 56 1269"/></Shape>
	    <String CONTENT="fimbriis varia plicatura addatur: plegij vndenn"
                    HPOS="55"
                    VPOS="1233"
                    WIDTH="794"
                    HEIGHT="63"
                    WC="0.9897297329091012"></String>
          </TextLine>
          <TextLine ID="line_22"
                    TAGREFS="LT8"
                    BASELINE="53 1315 844 1312" 
                    HPOS="52"
                    VPOS="1281"
                    WIDTH="792"
                    HEIGHT="58">
            <Shape><Polygon POINTS="53 1315 53 1328 71 1337 72 1337 73 1337 74 1337 75 1337 89 1328 92 1327 116 1328 149 1329 167 1338 168 1338 169 1339 220 1339 220 1338 220 1338 221 1338 231 1331 266 1337 267 1337 268 1337 297 1327 328 1337 329 1337 330 1338 431 1338 431 1337 432 1337 447 1329 460 1334 461 1334 462 1334 463 1334 464 1334 473 1326 499 1326 525 1325 527 1325 534 1331 535 1331 536 1331 537 1331 538 1331 551 1326 564 1336 565 1336 565 1336 566 1336 567 1336 568 1336 575 1331 610 1336 611 1336 612 1336 644 1325 647 1324 705 1324 707 1324 737 1334 738 1334 739 1334 843 1323 844 1312 843 1288 828 1281 827 1281 826 1281 825 1281 810 1287 761 1281 731 1281 730 1281 729 1281 716 1287 715 1287 610 1282 609 1282 608 1282 607 1282 599 1287 597 1288 593 1287 578 1284 577 1284 576 1284 575 1284 563 1287 559 1288 555 1287 542 1282 541 1282 540 1282 539 1282 521 1286 481 1282 480 1282 454 1286 440 1289 428 1286 409 1283 408 1283 346 1286 294 1289 277 1285 259 1283 258 1283 257 1283 256 1283 252 1285 247 1290 52 1285 53 1315"/></Shape>
	    <String CONTENT="Zũ vndenn, in mittenn vff den roskẽ obenn ſicleit mitt ſiluneẽ:"
                    HPOS="52"
                    VPOS="1281"
                    WIDTH="792"
                    HEIGHT="58"></String>
          </TextLine>
          <TextLine ID="line_23"
                    TAGREFS="LT8"
                    BASELINE="48 1365 848 1358" 
                    HPOS="47"
                    VPOS="1323"
                    WIDTH="801"
                    HEIGHT="59">
            <Shape><Polygon POINTS="48 1365 48 1375 74 1382 75 1382 76 1382 77 1382 93 1375 96 1374 103 1375 134 1382 135 1382 136 1382 137 1382 147 1375 148 1375 153 1376 191 1380 192 1380 193 1380 194 1380 201 1376 206 1373 251 1373 263 1376 283 1379 284 1379 285 1379 297 1376 308 1372 313 1376 319 1380 320 1380 321 1380 322 1380 365 1376 390 1373 426 1376 453 1377 454 1377 476 1376 534 1370 551 1376 554 1376 555 1376 556 1376 562 1376 592 1370 624 1376 635 1377 636 1377 637 1377 638 1377 640 1376 652 1369 682 1375 683 1375 684 1375 696 1371 708 1376 712 1377 713 1377 714 1377 715 1377 719 1376 732 1369 743 1376 743 1376 744 1376 745 1376 746 1376 848 1376 848 1358 846 1329 808 1323 807 1323 806 1323 805 1323 796 1329 787 1335 772 1335 763 1330 751 1324 750 1324 652 1324 651 1324 650 1324 649 1324 638 1332 632 1336 592 1336 583 1333 570 1327 569 1327 568 1327 567 1327 546 1333 535 1336 518 1334 467 1326 466 1326 465 1326 464 1326 452 1335 448 1337 425 1335 402 1333 401 1333 370 1336 345 1338 343 1336 339 1333 338 1333 337 1333 336 1333 335 1333 334 1333 330 1336 327 1339 282 1339 281 1337 266 1330 265 1330 264 1330 263 1330 262 1330 254 1336 241 1332 240 1332 239 1332 204 1338 199 1339 195 1338 157 1328 156 1328 155 1328 104 1339 77 1329 76 1329 75 1329 74 1329 47 1339 48 1365"/></Shape>
	    <String CONTENT="alſo vff den ermtenn, golleamm: ſint πλέγματα, ſchnur ſpi"
                    HPOS="47"
                    VPOS="1323"
                    WIDTH="801"
                    HEIGHT="59"
                    WC="0.9859022426194158"></String>
          </TextLine>
          <TextLine ID="line_24"
                    TAGREFS="LT8"
                    BASELINE="48 1410 846 1404" 
                    HPOS="47"
                    VPOS="1367"
                    WIDTH="799"
                    HEIGHT="58">
            <Shape><Polygon POINTS="48 1410 48 1424 274 1418 282 1422 285 1425 286 1425 287 1425 288 1425 289 1425 300 1422 306 1420 329 1421 388 1425 389 1425 390 1425 404 1420 410 1418 416 1420 428 1424 429 1424 430 1424 502 1419 503 1419 504 1419 589 1423 590 1423 591 1423 610 1417 618 1415 656 1416 721 1419 722 1419 743 1415 749 1414 754 1415 773 1420 774 1420 775 1420 845 1413 846 1404 844 1377 809 1376 794 1367 793 1367 792 1367 791 1367 790 1367 789 1367 779 1375 764 1372 763 1372 762 1372 750 1376 732 1368 731 1368 640 1368 639 1368 638 1368 637 1368 631 1373 618 1369 617 1369 616 1369 615 1369 595 1378 595 1379 574 1379 574 1378 552 1369 551 1369 550 1369 549 1369 548 1369 542 1374 517 1370 516 1370 515 1370 496 1379 495 1379 492 1379 460 1374 459 1374 458 1374 438 1379 437 1379 436 1379 408 1375 407 1375 406 1375 390 1379 387 1381 289 1381 287 1380 246 1372 245 1372 186 1376 160 1372 159 1372 158 1372 140 1381 139 1381 114 1374 113 1374 112 1374 47 1381 48 1410"/></Shape>
	    <String CONTENT="zlii, &amp; ſimiles nugæ, tamen adauctũ eſt, hoc lo¬"
                    HPOS="47"
                    VPOS="1367"
                    WIDTH="799"
                    HEIGHT="58"></String>
          </TextLine>
          <TextLine ID="line_25"
                    TAGREFS="LT8"
                    BASELINE="50 1456 441 1460 846 1454" 
                    HPOS="49"
                    VPOS="1417"
                    WIDTH="797"
                    HEIGHT="85">
            <Shape><Polygon POINTS="50 1456 51 1492 66 1487 83 1492 108 1499 109 1499 110 1499 139 1495 150 1501 151 1501 152 1501 153 1501 200 1492 208 1490 210 1491 220 1498 220 1498 221 1498 222 1498 259 1492 288 1493 307 1502 308 1502 309 1502 518 1501 533 1500 534 1500 534 1500 552 1490 576 1476 750 1480 751 1480 806 1475 844 1488 846 1454 843 1425 792 1428 781 1425 771 1422 770 1422 769 1422 768 1422 762 1425 755 1429 749 1425 733 1417 732 1417 731 1417 696 1423 689 1417 688 1417 687 1417 641 1417 640 1417 639 1417 624 1426 616 1430 583 1426 512 1417 511 1417 510 1417 490 1427 477 1433 382 1433 372 1427 369 1426 368 1426 367 1426 366 1426 361 1427 342 1434 268 1434 258 1428 243 1418 242 1418 241 1418 240 1418 185 1423 140 1418 139 1418 138 1418 109 1429 99 1432 86 1429 59 1423 58 1423 57 1423 56 1423 49 1427 50 1456"/></Shape>
	    <String CONTENT="co nobis dici,mu blegij, vomi belegenn nõ à Græco;"
                    HPOS="49"
                    VPOS="1417"
                    WIDTH="797"
                    HEIGHT="85"></String>
          </TextLine>
        </TextBlock>
        <TextBlock HPOS="571"
                   VPOS="1469"
                   WIDTH="128"
                   HEIGHT="61"
                   ID="block_1"
                   TAGREFS="BT17">
          <Shape><Polygon POINTS="699 1469 699 1530 571 1530 571 1469"/></Shape>
          <TextLine ID="eSc_line_00e46e75"
                    TAGREFS="LT8"
                    BASELINE="592 1507 628 1507" 
                    HPOS="591"
                    VPOS="1469"
                    WIDTH="35"
                    HEIGHT="54">
            <Shape><Polygon POINTS="621 1469 606 1469 591 1469 591 1506 591 1523 626 1522 626 1506 626 1469 621 1469"/></Shape>
	    <String CONTENT="D"
                    HPOS="591"
                    VPOS="1469"
                    WIDTH="35"
                    HEIGHT="54"></String>
          </TextLine>
          <TextLine ID="line_30"
                    TAGREFS="LT8"
                    BASELINE="667 1511 680 1511" 
                    HPOS="667.0"
                    VPOS="1465.0"
                    WIDTH="13.0"
                    HEIGHT="94.0">
            <Shape><Polygon POINTS="667 1511 667 1559 680 1558 680 1511 680 1465 667 1465 667 1511"/></Shape>
	    <String CONTENT="4"
                    HPOS="667.0"
                    VPOS="1465.0"
                    WIDTH="13.0"
                    HEIGHT="94.0"
                    WC="0.9979026317596436"></String>
          </TextLine>
        </TextBlock>
      </PrintSpace>
    </Page>
  </Layout>
</alto>
