<?xml version="1.0" encoding="UTF-8"?>
<alto xmlns:xsi="http://www.w3.org/2001/XMLSchema-instance"
      xmlns="http://www.loc.gov/standards/alto/ns-v4#"
      xsi:schemaLocation="http://www.loc.gov/standards/alto/ns-v4# http://www.loc.gov/standards/alto/v4/alto-4-2.xsd">
  <Description>
    <MeasurementUnit>pixel</MeasurementUnit>
    <sourceImageInformation>
      <fileName>bsb10313792_00128.jpg</fileName>
    </sourceImageInformation>
  </Description>
  <Tags>
    <OtherTag ID="BT7" LABEL="CustomZone" DESCRIPTION="block type CustomZone"/><OtherTag ID="BT8" LABEL="DamageZone" DESCRIPTION="block type DamageZone"/><OtherTag ID="BT9" LABEL="DigitizationArtefactZone" DESCRIPTION="block type DigitizationArtefactZone"/><OtherTag ID="BT10" LABEL="DropCapitalZone" DESCRIPTION="block type DropCapitalZone"/><OtherTag ID="BT11" LABEL="GraphicZone" DESCRIPTION="block type GraphicZone"/><OtherTag ID="BT12" LABEL="MainZone" DESCRIPTION="block type MainZone"/><OtherTag ID="BT13" LABEL="MarginTextZone" DESCRIPTION="block type MarginTextZone"/><OtherTag ID="BT14" LABEL="MusicZone" DESCRIPTION="block type MusicZone"/><OtherTag ID="BT15" LABEL="NumberingZone" DESCRIPTION="block type NumberingZone"/><OtherTag ID="BT17" LABEL="QuireMarksZone" DESCRIPTION="block type QuireMarksZone"/><OtherTag ID="BT18" LABEL="RunningTitleZone" DESCRIPTION="block type RunningTitleZone"/><OtherTag ID="BT19" LABEL="SealZone" DESCRIPTION="block type SealZone"/><OtherTag ID="BT20" LABEL="StampZone" DESCRIPTION="block type StampZone"/><OtherTag ID="BT21" LABEL="TableZone" DESCRIPTION="block type TableZone"/><OtherTag ID="BT22" LABEL="TitlePageZone" DESCRIPTION="block type TitlePageZone"/><OtherTag ID="BT1851" LABEL="MainZone-P" DESCRIPTION="block type MainZone-P"/><OtherTag ID="BT1852" LABEL="MainZone-Head" DESCRIPTION="block type MainZone-Head"/><OtherTag ID="BT1853" LABEL="MainZone-P-Continued" DESCRIPTION="block type MainZone-P-Continued"/><OtherTag ID="BT1854" LABEL="MarginTextZone-ManuscriptAddendum" DESCRIPTION="block type MarginTextZone-ManuscriptAddendum"/><OtherTag ID="BT1855" LABEL="text" DESCRIPTION="block type text"/><OtherTag ID="BT1856" LABEL="MainZone-Entry" DESCRIPTION="block type MainZone-Entry"/><OtherTag ID="BT1857" LABEL="MainZone-Entry-Continued" DESCRIPTION="block type MainZone-Entry-Continued"/><OtherTag ID="BT1877" LABEL="GraphicZone-Decoration" DESCRIPTION="block type GraphicZone-Decoration"/><OtherTag ID="BT1894" LABEL="MainZone-Other" DESCRIPTION="block type MainZone-Other"/>
    <OtherTag ID="LT7" LABEL="CustomLine" DESCRIPTION="line type CustomLine"/><OtherTag ID="LT8" LABEL="DefaultLine" DESCRIPTION="line type DefaultLine"/><OtherTag ID="LT9" LABEL="DropCapitalLine" DESCRIPTION="line type DropCapitalLine"/><OtherTag ID="LT10" LABEL="HeadingLine" DESCRIPTION="line type HeadingLine"/><OtherTag ID="LT11" LABEL="InterlinearLine" DESCRIPTION="line type InterlinearLine"/><OtherTag ID="LT12" LABEL="MusicLine" DESCRIPTION="line type MusicLine"/><OtherTag ID="LT636" LABEL="default" DESCRIPTION="line type default"/>
  </Tags>
  <Layout>
    <Page WIDTH="1062"
          HEIGHT="1751"
          PHYSICAL_IMG_NR="112"
          ID="eSc_dummypage_">
      <PrintSpace HPOS="0"
                  VPOS="0"
                  WIDTH="1062"
                  HEIGHT="1751">
        <TextBlock HPOS="404"
                   VPOS="37"
                   WIDTH="395"
                   HEIGHT="49"
                   ID="block_0"
                   TAGREFS="BT18">
          <Shape><Polygon POINTS="799 41 799 86 404 86 407 37"/></Shape>
          <TextLine ID="line_0"
                    TAGREFS="LT10"
                    BASELINE="415 74 796 71" 
                    HPOS="414"
                    VPOS="36"
                    WIDTH="382"
                    HEIGHT="59">
            <Shape><Polygon POINTS="765 40 755 40 745 40 735 40 726 40 716 40 706 40 696 40 687 40 677 40 667 40 658 40 648 40 638 40 628 40 619 40 609 40 599 40 589 40 580 40 570 40 560 40 551 40 551 41 528 41 518 41 508 40 502 40 492 40 482 40 473 40 463 40 453 40 443 40 434 40 428 40 414 42 415 74 415 90 490 87 498 91 503 95 504 95 505 95 506 95 507 95 515 91 522 88 530 91 538 95 539 95 540 95 541 95 542 95 542 94 543 94 545 92 548 88 559 92 568 94 569 94 570 94 571 94 576 92 586 86 617 92 628 94 629 94 630 94 634 92 646 86 660 92 664 94 665 94 666 94 683 93 745 86 759 93 760 93 761 94 795 94 796 71 793 36 774 36 774 40"/></Shape>
	    <String CONTENT="COMMENTARII"
                    HPOS="414"
                    VPOS="36"
                    WIDTH="382"
                    HEIGHT="59"
                    WC="0.9998023997653614"></String>
          </TextLine>
        </TextBlock>
        <TextBlock HPOS="199"
                   VPOS="58"
                   WIDTH="68"
                   HEIGHT="38"
                   ID="block_2"
                   TAGREFS="BT15">
          <Shape><Polygon POINTS="267 58 267 96 199 96 199 58"/></Shape>
          <TextLine ID="line_1"
                    TAGREFS="LT8"
                    BASELINE="203 83 266 80" 
                    HPOS="201.0"
                    VPOS="56.0"
                    WIDTH="65.0"
                    HEIGHT="45.0">
            <Shape><Polygon POINTS="240 56 230 56 220 56 213 56 201 60 203 83 203 95 217 101 218 101 219 101 238 96 250 94 265 97 266 80 264 58 248 56 240 56"/></Shape>
	    <String CONTENT="120"
                    HPOS="201.0"
                    VPOS="56.0"
                    WIDTH="65.0"
                    HEIGHT="45.0"
                    WC="0.9999982118606567"></String>
          </TextLine>
        </TextBlock>
        <TextBlock HPOS="186"
                   VPOS="88"
                   WIDTH="815"
                   HEIGHT="991"
                   ID="block_1"
                   TAGREFS="BT1853">
          <Shape><Polygon POINTS="1001 88 991 1077 186 1079 197 88"/></Shape>
          <TextLine ID="line_2"
                    TAGREFS="LT8"
                    BASELINE="200 142 585 133 988 134" 
                    HPOS="200"
                    VPOS="89"
                    WIDTH="788"
                    HEIGHT="67">
            <Shape><Polygon POINTS="300 156 300 155 301 155 303 154 326 147 393 154 402 154 406 153 437 145 511 145 579 145 600 151 602 152 603 152 604 152 605 152 607 151 626 145 681 150 682 150 683 150 707 143 740 150 742 150 743 150 744 150 745 150 763 143 800 143 809 149 810 149 811 149 812 149 814 149 887 142 987 147 988 134 988 99 958 89 957 89 956 89 913 99 908 101 878 101 877 99 861 89 860 89 859 89 844 89 843 89 842 89 828 99 825 99 762 90 761 90 760 90 745 99 739 102 705 102 691 98 669 92 668 92 667 92 636 98 634 98 632 98 609 91 608 91 607 91 606 91 605 91 596 98 587 103 512 97 453 93 452 93 451 93 450 93 444 97 435 104 411 104 400 97 397 94 396 94 395 94 394 94 393 94 383 97 372 100 367 97 365 94 364 94 363 94 301 94 300 94 299 94 293 96 270 107 227 107 200 96 200 142 200 156"/></Shape>
	    <String CONTENT="igitur hîc ſpecialis conſtituatur, Miniſtro di¬"
                    HPOS="200"
                    VPOS="89"
                    WIDTH="788"
                    HEIGHT="67"
                    WC="0.9892258333663145"></String>
          </TextLine>
          <TextLine ID="line_3"
                    TAGREFS="LT8"
                    BASELINE="200 190 573 182 988 183" 
                    HPOS="199.0"
                    VPOS="142.0"
                    WIDTH="789.0"
                    HEIGHT="64.0">
            <Shape><Polygon POINTS="200 190 200 204 263 206 264 206 280 204 334 196 411 196 439 202 439 202 440 202 464 195 488 202 489 202 490 202 586 194 619 200 620 200 621 200 632 195 701 199 702 199 703 199 715 193 756 199 757 199 789 193 802 201 803 201 804 201 805 201 805 201 818 195 825 201 826 201 827 201 828 202 871 202 871 201 873 201 901 194 918 200 919 200 920 201 987 201 988 183 987 151 885 142 884 142 883 142 864 151 864 152 831 152 831 151 805 142 805 142 804 142 803 142 776 152 775 152 773 152 753 143 752 143 751 143 750 143 731 150 722 143 721 143 720 143 683 143 682 143 659 144 658 144 657 144 643 152 641 154 601 154 600 153 589 144 588 144 587 144 570 144 569 144 568 144 545 153 541 154 531 153 468 145 467 145 466 145 465 145 454 154 453 155 356 155 353 154 334 146 333 146 332 146 331 146 316 154 314 155 312 154 303 151 302 151 301 151 253 155 231 156 227 155 211 149 210 149 209 149 208 149 199 153 200 190"/></Shape>
	    <String CONTENT="ligenter curandum eſt vt viduæ de publico"
                    HPOS="199.0"
                    VPOS="142.0"
                    WIDTH="789.0"
                    HEIGHT="64.0"
                    WC="0.9930977428831705"></String>
          </TextLine>
          <TextLine ID="line_4"
                    TAGREFS="LT8"
                    BASELINE="199 239 671 231 987 232" 
                    HPOS="198.0"
                    VPOS="190.0"
                    WIDTH="789.0"
                    HEIGHT="62.0">
            <Shape><Polygon POINTS="199 239 199 249 271 252 272 252 299 248 308 247 318 248 352 251 353 251 381 247 390 246 405 247 461 250 462 250 511 246 518 245 525 245 564 250 565 250 566 250 581 245 584 244 635 244 636 244 643 249 644 249 645 249 646 249 695 243 701 243 705 243 751 248 752 248 785 242 787 242 795 247 796 247 797 247 798 248 850 248 850 247 914 241 943 246 944 246 987 239 987 232 986 202 930 202 919 195 918 195 917 195 916 195 915 195 915 195 905 201 881 192 880 192 879 192 832 203 831 203 830 203 802 190 801 190 765 190 764 190 703 191 702 191 674 200 657 192 656 192 622 192 622 192 621 192 594 204 556 193 555 193 508 193 507 193 506 193 505 193 484 207 458 207 427 207 410 201 409 201 408 201 407 201 384 208 381 208 370 208 326 206 301 195 300 195 299 195 298 195 269 209 268 209 267 209 229 200 228 200 227 200 198 209 199 239"/></Shape>
	    <String CONTENT="alendæ, aut miniſterio Eccleſiaſtico depu¬"
                    HPOS="198.0"
                    VPOS="190.0"
                    WIDTH="789.0"
                    HEIGHT="62.0"
                    WC="0.9866669646331242"></String>
          </TextLine>
          <TextLine ID="line_5"
                    TAGREFS="LT8"
                    BASELINE="198 287 717 280 984 283" 
                    HPOS="197.0"
                    VPOS="241.0"
                    WIDTH="787.0"
                    HEIGHT="62.0">
            <Shape><Polygon POINTS="198 287 198 296 293 303 294 303 362 296 368 296 370 296 384 301 385 301 386 302 502 302 502 301 503 301 514 296 517 295 539 296 602 300 603 300 627 296 640 294 648 296 658 299 659 299 659 299 693 296 714 294 739 296 769 298 770 298 783 296 807 291 983 295 984 283 983 250 915 245 915 245 914 245 913 245 905 250 904 251 873 251 859 251 840 241 839 241 813 241 812 241 811 241 810 241 794 251 792 251 745 247 744 247 683 252 681 252 660 243 659 243 603 243 602 243 601 243 566 253 565 254 539 254 521 254 502 244 501 244 500 244 464 245 463 245 462 245 450 254 439 246 439 246 438 246 437 246 375 255 373 255 360 246 359 246 358 246 324 246 323 246 275 247 274 247 273 247 259 256 258 256 232 250 231 250 230 250 197 256 198 287"/></Shape>
	    <String CONTENT="tandæ, idoneæ ſolùm aſſumantur. Quod vt"
                    HPOS="197.0"
                    VPOS="241.0"
                    WIDTH="787.0"
                    HEIGHT="62.0"
                    WC="0.9984711155295372"></String>
          </TextLine>
          <TextLine ID="line_6"
                    TAGREFS="LT8"
                    BASELINE="197 335 982 329" 
                    HPOS="196.0"
                    VPOS="290.0"
                    WIDTH="786.0"
                    HEIGHT="64.0">
            <Shape><Polygon POINTS="197 335 197 348 301 354 302 354 303 354 304 354 311 349 312 348 317 349 334 352 335 352 364 349 381 347 401 349 443 353 444 353 445 353 454 349 460 346 482 349 501 351 502 351 527 349 559 346 573 349 587 352 588 352 624 351 625 351 626 351 628 349 634 345 642 349 646 351 647 351 648 351 659 349 678 345 706 349 714 350 715 350 716 350 719 349 732 344 740 349 741 350 742 350 743 350 744 350 752 349 783 345 837 349 849 350 850 350 851 350 853 349 868 343 906 343 914 349 915 349 915 349 916 350 981 350 982 329 980 299 939 299 923 290 922 290 921 290 920 290 900 299 899 299 896 299 808 291 807 291 806 291 787 300 786 300 783 300 718 291 717 291 663 292 662 292 645 301 624 295 623 295 622 295 622 295 604 301 577 293 576 293 537 293 536 293 442 303 435 303 430 303 375 294 374 294 373 294 372 294 359 303 358 304 298 304 297 304 286 295 285 295 284 295 256 295 255 295 254 295 236 304 236 305 196 305 197 335"/></Shape>
	    <String CONTENT="rectè intelligamus ſic accipi debet. Habebat"
                    HPOS="196.0"
                    VPOS="290.0"
                    WIDTH="786.0"
                    HEIGHT="64.0"
                    WC="0.9921484536594815"></String>
          </TextLine>
          <TextLine ID="line_7"
                    TAGREFS="LT8"
                    BASELINE="200 384 971 379" 
                    HPOS="199.0"
                    VPOS="345.0"
                    WIDTH="772.0"
                    HEIGHT="57.0">
            <Shape><Polygon POINTS="200 384 202 402 213 395 282 401 283 401 284 401 286 401 360 396 442 400 443 400 478 394 501 400 502 400 503 400 504 400 505 400 505 399 510 395 534 399 535 399 536 399 549 394 657 399 660 399 661 399 666 399 817 392 969 397 971 379 968 345 875 350 855 346 847 345 846 345 838 346 814 351 791 347 782 346 781 346 769 347 742 351 704 348 671 346 670 346 669 346 668 346 664 349 660 352 647 349 636 347 635 347 623 349 611 352 558 350 485 348 484 348 483 348 482 348 478 352 476 353 450 352 373 348 372 348 371 348 355 353 353 354 351 353 339 349 338 349 337 349 307 354 304 354 299 354 225 350 224 350 199 355 200 384"/></Shape>
	    <String CONTENT="vetus Eccleſia imprimis pauperum rationẽ,"
                    HPOS="199.0"
                    VPOS="345.0"
                    WIDTH="772.0"
                    HEIGHT="57.0"
                    WC="0.9985084249859765"></String>
          </TextLine>
          <TextLine ID="line_8"
                    TAGREFS="LT8"
                    BASELINE="199 433 967 427" 
                    HPOS="198.0"
                    VPOS="392.0"
                    WIDTH="769.0"
                    HEIGHT="61.0">
            <Shape><Polygon POINTS="199 433 199 453 309 447 375 451 379 451 380 451 381 451 400 446 414 451 415 451 416 451 417 451 422 451 465 443 582 443 605 448 610 449 611 449 622 448 677 441 710 446 711 446 773 440 786 446 789 447 790 447 791 447 792 447 795 446 808 440 852 445 864 446 865 446 966 443 967 427 965 399 878 394 878 394 846 399 824 392 823 392 785 392 784 392 783 392 763 399 670 399 645 393 644 393 643 393 642 393 641 393 633 398 603 393 602 393 601 393 585 401 502 394 501 394 500 394 499 394 488 401 441 398 440 398 415 404 402 404 392 395 391 395 390 395 347 395 346 395 345 395 344 395 332 403 254 396 253 396 252 396 251 396 241 404 213 398 212 398 211 398 198 404 199 433"/></Shape>
	    <String CONTENT="quibus cõnumerabat orphanos, viduas, exu"
                    HPOS="198.0"
                    VPOS="392.0"
                    WIDTH="769.0"
                    HEIGHT="61.0"
                    WC="0.9974714197763582"></String>
          </TextLine>
          <TextLine ID="line_9"
                    TAGREFS="LT8"
                    BASELINE="200 484 979 476" 
                    HPOS="199.0"
                    VPOS="439.0"
                    WIDTH="780.0"
                    HEIGHT="62.0">
            <Shape><Polygon POINTS="200 484 200 495 280 501 281 501 282 501 303 494 311 492 326 494 366 500 366 500 367 500 387 494 395 491 428 491 435 493 452 500 453 500 454 500 486 497 487 497 488 497 488 496 493 493 496 490 509 492 538 498 539 498 585 492 607 489 641 489 646 491 656 496 657 496 658 496 721 490 748 488 756 490 769 494 770 494 771 494 772 494 782 490 788 487 802 487 805 489 814 496 815 496 816 496 817 496 818 496 835 491 879 496 880 496 881 496 904 488 911 486 916 488 933 495 934 495 935 496 969 496 969 495 970 495 971 495 979 488 979 476 978 447 950 439 949 439 948 439 947 439 933 446 922 439 921 439 920 439 897 439 896 439 895 439 875 446 788 440 787 440 786 440 767 447 762 448 757 447 739 441 738 441 737 441 700 447 682 450 622 450 619 447 613 442 612 442 611 442 610 442 579 443 578 443 577 443 573 447 568 451 543 451 536 447 528 443 527 443 526 443 472 447 392 453 353 453 345 447 343 445 342 445 341 445 340 445 339 445 335 447 324 452 304 447 298 445 297 445 296 445 288 447 259 453 199 447 200 484"/></Shape>
	    <String CONTENT="les, peregrinos, valetudinarios, &amp;c. In quibus"
                    HPOS="199.0"
                    VPOS="439.0"
                    WIDTH="780.0"
                    HEIGHT="62.0"
                    WC="0.995650466369546"></String>
          </TextLine>
          <TextLine ID="line_10"
                    TAGREFS="LT8"
                    BASELINE="198 532 983 524" 
                    HPOS="197.0"
                    VPOS="488.0"
                    WIDTH="786.0"
                    HEIGHT="59.0">
            <Shape><Polygon POINTS="198 532 198 540 326 547 327 547 328 547 329 547 336 541 371 545 372 545 373 545 396 539 409 546 410 546 411 547 440 547 440 546 441 546 442 546 454 538 540 538 573 545 574 545 575 545 597 537 658 544 659 544 689 538 750 543 751 543 752 543 753 543 763 536 786 542 787 542 788 543 837 543 837 542 838 542 839 542 847 536 971 540 972 540 973 540 974 540 983 534 983 524 981 497 910 488 909 488 908 488 907 488 895 497 895 498 871 498 869 498 845 489 844 489 843 489 842 489 822 498 798 489 797 489 796 489 795 489 794 489 780 499 779 499 773 499 723 493 722 493 685 500 680 500 674 500 605 491 604 491 603 491 574 500 573 500 571 500 550 492 549 492 498 492 497 492 496 492 472 501 470 501 469 501 443 493 442 493 406 493 405 493 404 493 385 502 384 502 380 502 321 494 320 494 319 494 301 503 298 503 232 503 221 499 220 499 219 499 197 503 198 532"/></Shape>
	    <String CONTENT="curandis vtebatur miniſterio quoque vidua¬"
                    HPOS="197.0"
                    VPOS="488.0"
                    WIDTH="786.0"
                    HEIGHT="59.0"
                    WC="0.9944000712462834"></String>
          </TextLine>
          <TextLine ID="line_11"
                    TAGREFS="LT8"
                    BASELINE="199 581 412 575 981 573" 
                    HPOS="198.0"
                    VPOS="536.0"
                    WIDTH="783.0"
                    HEIGHT="63.0">
            <Shape><Polygon POINTS="199 581 199 598 296 599 297 599 316 596 366 587 401 587 418 594 424 596 425 596 426 596 427 596 428 596 431 594 440 587 485 587 501 592 515 597 516 597 517 598 649 598 649 597 650 597 651 597 660 589 665 585 750 585 753 587 765 596 766 596 767 596 768 597 808 597 808 596 809 596 810 596 822 585 825 584 842 585 951 594 952 594 952 594 981 582 981 573 979 545 905 545 890 536 889 536 888 536 867 536 866 536 865 536 864 536 847 546 805 546 804 546 771 536 770 536 769 536 769 536 768 536 756 545 731 546 704 536 703 536 659 536 658 536 657 536 629 547 629 548 595 548 569 548 504 537 503 537 453 538 452 538 430 545 421 541 420 541 419 541 418 541 417 541 409 547 372 540 371 540 330 548 305 539 304 539 303 539 302 539 271 547 238 541 237 541 198 550 199 581"/></Shape>
	    <String CONTENT="rũ: nã inulta rectiùs per viduas adminiſtran¬"
                    HPOS="198.0"
                    VPOS="536.0"
                    WIDTH="783.0"
                    HEIGHT="63.0"
                    WC="0.987050182496508"></String>
          </TextLine>
          <TextLine ID="line_12"
                    TAGREFS="LT8"
                    BASELINE="199 627 384 623 984 626" 
                    HPOS="198.0"
                    VPOS="587.0"
                    WIDTH="786.0"
                    HEIGHT="59.0">
            <Shape><Polygon POINTS="199 627 198 634 240 644 241 645 341 645 341 644 342 644 343 644 351 639 359 644 360 644 361 644 362 645 408 645 408 644 441 643 442 643 443 643 450 638 456 634 539 634 547 639 550 642 551 642 552 642 553 642 554 642 555 642 559 639 569 634 680 634 689 641 694 643 695 643 695 643 696 643 717 641 753 635 764 642 769 645 770 645 771 645 772 646 795 646 795 645 796 645 797 645 803 642 813 636 842 643 859 645 860 645 861 645 867 643 878 637 900 640 901 640 902 640 913 635 929 643 930 643 931 643 932 643 951 635 981 643 984 626 984 597 953 588 952 588 952 588 862 596 821 588 820 588 772 596 766 591 765 591 764 591 763 591 737 595 729 588 728 588 727 588 653 588 652 588 651 588 636 596 633 597 532 597 530 596 521 591 520 591 519 591 489 595 482 596 481 595 474 590 473 590 472 590 471 590 470 590 449 595 444 596 433 595 392 591 391 591 371 595 365 596 358 595 327 587 326 587 284 594 273 596 256 594 207 589 206 589 205 589 199 592 199 627"/></Shape>
	    <String CONTENT="tur quàm per viros, vt adeſſe ægris puellis,"
                    HPOS="198.0"
                    VPOS="587.0"
                    WIDTH="786.0"
                    HEIGHT="59.0"
                    WC="0.9918672402699789"></String>
          </TextLine>
          <TextLine ID="line_13"
                    TAGREFS="LT8"
                    BASELINE="200 676 985 672" 
                    HPOS="199.0"
                    VPOS="637.0"
                    WIDTH="786.0"
                    HEIGHT="58.0">
            <Shape><Polygon POINTS="200 676 200 688 323 694 324 694 325 694 348 687 354 686 361 687 395 695 396 695 558 686 579 685 583 686 609 693 610 693 611 693 649 687 688 693 689 693 690 693 691 693 701 685 702 684 703 685 723 693 724 693 725 694 766 694 766 693 767 693 786 684 789 683 836 683 838 684 846 690 847 690 848 690 849 690 850 690 874 683 876 683 878 683 905 691 906 691 907 691 908 691 909 691 921 683 922 683 984 683 985 672 984 645 952 637 952 637 951 637 950 637 922 645 900 645 889 638 888 638 887 638 886 638 885 638 871 645 783 645 762 640 761 640 760 640 759 640 746 646 711 646 697 638 696 638 695 638 695 638 629 643 622 638 621 638 620 638 594 638 593 638 592 638 570 646 449 639 448 639 447 639 446 639 437 646 402 641 401 641 350 647 295 640 294 640 257 647 220 640 219 640 219 640 199 647 200 676"/></Shape>
	    <String CONTENT="matronis, puerperis, infantibus, pueris, &amp; c. I¬"
                    HPOS="199.0"
                    VPOS="637.0"
                    WIDTH="786.0"
                    HEIGHT="58.0"
                    WC="0.9962403563161691"></String>
          </TextLine>
          <TextLine ID="line_14"
                    TAGREFS="LT8"
                    BASELINE="198 723 982 723" 
                    HPOS="198.0"
                    VPOS="684.0"
                    WIDTH="784.0"
                    HEIGHT="56.0">
            <Shape><Polygon POINTS="198 723 198 731 218 737 219 737 219 737 261 732 264 732 265 732 279 739 280 739 281 740 391 740 391 739 392 739 409 734 411 733 413 734 423 739 424 739 425 740 519 740 519 739 520 739 529 735 536 732 571 732 578 735 582 738 583 738 584 738 585 738 622 736 680 732 878 737 879 737 880 737 895 732 907 739 908 739 909 739 910 739 911 739 913 739 933 733 981 739 982 723 982 695 962 695 946 684 945 684 944 684 943 684 942 684 915 695 857 695 836 684 835 684 769 684 768 684 767 684 746 692 692 684 691 684 690 684 672 694 622 694 607 687 606 687 605 687 573 694 560 684 559 684 558 684 541 684 540 684 539 684 519 694 409 686 408 686 356 694 296 686 295 686 294 686 293 686 283 695 246 695 220 684 219 684 219 684 218 684 198 694 198 723"/></Shape>
	    <String CONTENT="deo vt vitaretur paſsim ois ſcandali occaſio,"
                    HPOS="198.0"
                    VPOS="684.0"
                    WIDTH="784.0"
                    HEIGHT="56.0"
                    WC="0.9869733903143141"></String>
          </TextLine>
          <TextLine ID="line_15"
                    TAGREFS="LT8"
                    BASELINE="199 772 986 770" 
                    HPOS="198.0"
                    VPOS="731.0"
                    WIDTH="788.0"
                    HEIGHT="60.0">
            <Shape><Polygon POINTS="199 772 199 791 314 791 314 790 315 790 338 785 353 790 354 790 355 791 397 791 397 790 399 790 435 783 447 790 448 790 449 790 450 790 451 790 452 790 468 785 498 790 502 790 503 790 504 790 505 790 525 782 576 787 577 787 578 787 591 781 609 789 610 789 611 789 612 789 641 781 754 781 779 786 780 786 781 786 782 786 783 786 790 781 810 786 811 786 812 786 813 786 827 781 849 786 850 786 915 781 937 789 939 789 940 789 941 789 986 788 986 770 983 735 918 740 907 735 897 731 896 731 895 731 894 731 886 736 878 740 840 740 834 736 827 731 826 731 825 731 779 731 778 731 777 731 776 731 768 737 762 741 741 741 735 737 723 731 722 731 699 731 698 731 697 731 696 731 688 738 683 740 661 738 633 735 632 735 616 738 606 740 590 739 532 732 531 732 530 732 529 732 519 739 515 742 457 742 454 740 439 732 439 732 418 732 417 732 373 741 370 741 369 741 348 732 347 732 280 732 279 732 278 732 258 739 243 735 242 735 241 735 198 742 199 772"/></Shape>
	    <String CONTENT="præfecit talibus viduas quæ de publico ſimul"
                    HPOS="198.0"
                    VPOS="731.0"
                    WIDTH="788.0"
                    HEIGHT="60.0"
                    WC="0.9881586513736031"></String>
          </TextLine>
          <TextLine ID="line_16"
                    TAGREFS="LT8"
                    BASELINE="196 820 985 820" 
                    HPOS="196.0"
                    VPOS="783.0"
                    WIDTH="789.0"
                    HEIGHT="58.0">
            <Shape><Polygon POINTS="196 820 196 836 201 840 202 840 203 840 204 841 254 841 254 840 255 840 268 833 270 833 271 833 289 840 290 840 291 841 423 841 423 840 424 840 433 835 439 840 439 840 440 840 441 841 524 841 524 840 575 832 584 831 590 832 624 840 625 840 659 832 664 831 669 832 707 840 708 840 709 840 728 832 730 831 795 831 796 831 812 840 813 840 814 841 814 840 815 840 832 831 833 831 985 831 985 820 985 792 838 792 822 783 821 783 820 783 783 783 782 783 781 783 759 790 735 783 734 783 733 783 732 783 732 783 720 792 680 792 666 783 665 783 664 783 626 783 625 783 624 783 598 790 543 783 542 783 541 783 527 790 489 791 458 783 457 783 456 783 455 783 454 783 442 792 371 792 361 785 360 785 359 785 358 785 337 788 330 784 329 784 329 784 328 784 327 784 326 784 316 790 276 791 223 783 222 783 221 783 196 791 196 820"/></Shape>
	    <String CONTENT="alerentur: vnde poſtea illis inhæſit nomen"
                    HPOS="196.0"
                    VPOS="783.0"
                    WIDTH="789.0"
                    HEIGHT="58.0"
                    WC="0.998938547713416"></String>
          </TextLine>
          <TextLine ID="line_17"
                    TAGREFS="LT8"
                    BASELINE="199 868 985 868" 
                    HPOS="199.0"
                    VPOS="831.0"
                    WIDTH="786.0"
                    HEIGHT="61.0">
            <Shape><Polygon POINTS="199 868 200 883 206 881 210 883 221 891 222 891 223 891 224 892 292 892 292 891 292 891 293 891 305 883 308 881 320 883 366 891 367 891 469 886 502 891 503 891 504 891 516 885 560 888 561 888 562 888 576 882 588 888 589 888 590 888 625 884 642 891 643 891 644 892 689 892 689 891 690 891 691 891 703 881 705 881 837 881 838 881 856 891 857 891 858 892 933 892 933 891 934 891 955 881 985 881 985 868 985 841 861 835 860 835 859 835 858 835 851 840 851 841 793 841 793 840 774 831 773 831 750 831 749 831 748 831 747 831 734 840 734 841 655 841 654 840 619 831 618 831 527 831 526 831 525 831 506 838 462 831 461 831 460 831 459 831 446 840 445 841 336 841 335 840 320 835 319 835 318 835 317 835 307 840 289 831 288 831 256 831 256 831 255 831 254 831 244 838 209 834 208 834 207 834 206 834 199 838 199 868"/></Shape>
	    <String CONTENT="vt dicerentur diaconiſſæ, in noſtris regioni¬"
                    HPOS="199.0"
                    VPOS="831.0"
                    WIDTH="786.0"
                    HEIGHT="61.0"
                    WC="0.9972990605566237"></String>
          </TextLine>
          <TextLine ID="line_18"
                    TAGREFS="LT8"
                    BASELINE="197 919 980 916" 
                    HPOS="196.0"
                    VPOS="880.0"
                    WIDTH="784.0"
                    HEIGHT="64.0">
            <Shape><Polygon POINTS="197 919 198 944 212 937 238 940 239 940 240 940 252 934 258 940 259 940 260 940 261 940 290 937 297 942 297 943 298 943 299 943 300 944 448 944 448 943 476 940 523 933 540 939 549 942 550 942 551 942 552 942 565 938 578 934 586 938 591 940 592 940 593 940 594 940 595 940 598 938 603 933 615 937 617 938 618 938 619 938 620 938 622 937 630 933 703 933 708 936 710 938 711 938 712 938 713 938 714 938 721 936 726 934 735 935 769 941 770 941 771 941 772 941 782 935 786 932 789 935 798 941 799 941 800 941 801 942 832 942 832 941 833 941 834 941 842 934 844 932 869 932 872 933 887 941 888 941 889 941 890 941 920 932 979 931 980 916 978 890 874 890 871 889 840 880 839 880 838 880 787 888 778 889 776 888 770 883 769 883 769 883 768 883 767 883 749 887 746 888 743 887 720 880 719 880 718 880 717 880 701 887 695 891 586 891 581 886 575 881 574 881 573 881 533 881 532 881 531 881 530 881 523 885 514 891 482 891 474 885 468 881 467 881 466 881 465 881 404 882 403 882 402 882 400 884 389 892 367 892 352 884 348 882 347 882 346 882 330 884 274 891 248 883 244 882 243 882 242 882 196 882 197 919"/></Shape>
	    <String CONTENT="bus vmbra illius rei fuit in collegiis pægina¬"
                    HPOS="196.0"
                    VPOS="880.0"
                    WIDTH="784.0"
                    HEIGHT="64.0"
                    WC="0.9888912879902384"></String>
          </TextLine>
          <TextLine ID="line_19"
                    TAGREFS="LT8"
                    BASELINE="196 966 973 968" 
                    HPOS="195.0"
                    VPOS="932.0"
                    WIDTH="778.0"
                    HEIGHT="61.0">
            <Shape><Polygon POINTS="196 966 195 981 223 992 224 992 225 993 283 993 283 992 284 992 314 982 334 992 335 992 336 992 337 992 356 984 366 992 366 992 367 992 368 993 476 993 476 992 476 992 477 992 486 985 494 991 495 991 496 991 497 992 596 992 596 991 597 991 608 986 629 993 630 993 631 993 632 993 649 984 656 990 657 990 658 990 659 990 659 990 660 990 674 981 675 981 772 981 773 981 789 991 790 991 791 991 792 991 793 991 813 981 972 981 973 968 973 943 916 943 915 942 902 933 901 933 900 933 773 933 772 933 771 933 760 939 743 935 742 935 741 935 716 940 707 942 702 940 685 933 684 933 683 933 647 940 633 942 628 939 623 937 622 937 622 937 621 937 616 939 610 942 545 942 540 939 534 934 533 934 532 934 531 934 530 934 518 938 512 941 495 938 481 936 480 936 479 936 478 936 476 938 471 942 396 942 386 937 373 932 372 932 371 932 370 932 360 937 352 941 332 937 318 934 317 934 316 934 309 937 297 941 255 936 219 932 218 932 196 935 196 966"/></Shape>
	    <String CONTENT="rum, die Bteginen huſer, in quibus tales aleban"
                    HPOS="195.0"
                    VPOS="932.0"
                    WIDTH="778.0"
                    HEIGHT="61.0"
                    WC="0.9927129682074202"></String>
          </TextLine>
          <TextLine ID="line_20"
                    TAGREFS="LT8"
                    BASELINE="195 1017 982 1015" 
                    HPOS="194.0"
                    VPOS="979.0"
                    WIDTH="788.0"
                    HEIGHT="63.0">
            <Shape><Polygon POINTS="195 1017 197 1036 202 1033 223 1036 237 1039 238 1039 256 1037 290 1033 310 1037 329 1042 329 1042 330 1042 391 1038 403 1037 419 1038 473 1042 474 1042 475 1042 476 1042 480 1038 488 1034 508 1038 509 1038 510 1038 511 1038 526 1034 555 1039 574 1042 575 1042 576 1042 577 1042 582 1039 589 1035 623 1039 631 1040 632 1040 638 1039 680 1032 692 1040 694 1041 695 1041 695 1041 696 1041 697 1041 698 1041 699 1040 708 1034 723 1040 724 1040 725 1040 726 1040 727 1040 728 1040 740 1032 835 1032 854 1038 855 1038 856 1038 857 1038 877 1033 908 1041 909 1041 910 1041 911 1042 981 1042 982 1015 980 992 881 992 872 990 806 979 805 979 805 979 804 979 792 989 789 991 783 989 777 986 776 986 775 986 774 986 769 988 764 991 758 988 739 979 738 979 663 979 662 979 627 986 607 990 549 986 549 986 548 986 528 994 485 994 450 984 449 984 448 984 447 984 446 984 432 994 378 994 364 987 363 987 362 987 361 987 349 991 332 982 329 980 329 980 289 980 288 980 287 980 283 981 256 988 194 980 195 1017"/></Shape>
	    <String CONTENT="tur viduæ, quæ ægris adeſſent ſi res po¬"
                    HPOS="194.0"
                    VPOS="979.0"
                    WIDTH="788.0"
                    HEIGHT="63.0"
                    WC="0.9951135262846946"></String>
          </TextLine>
          <TextLine ID="line_21"
                    TAGREFS="LT8"
                    BASELINE="204 1065 319 1065" 
                    HPOS="203"
                    VPOS="1025"
                    WIDTH="115"
                    HEIGHT="63">
            <Shape><Polygon POINTS="203 1063 203 1081 316 1088 318 1063 318 1037 203 1025 203 1063"/></Shape>
	    <String CONTENT="ſceret."
                    HPOS="203"
                    VPOS="1025"
                    WIDTH="115"
                    HEIGHT="63"
                    WC="0.9998102188110352"></String>
          </TextLine>
        </TextBlock>
        <TextBlock HPOS="177"
                   VPOS="1080"
                   WIDTH="814"
                   HEIGHT="395"
                   ID="block_3"
                   TAGREFS="BT1851">
          <Shape><Polygon POINTS="991 1080 987 1475 177 1471 190 1080"/></Shape>
          <TextLine ID="line_22"
                    TAGREFS="LT8"
                    BASELINE="257 1114 615 1111 983 1115" 
                    HPOS="257"
                    VPOS="1075"
                    WIDTH="726"
                    HEIGHT="60">
            <Shape><Polygon POINTS="257 1114 258 1132 271 1126 280 1132 281 1133 282 1133 283 1133 421 1134 422 1134 439 1130 451 1127 457 1130 465 1134 466 1134 467 1135 499 1135 499 1134 537 1129 569 1125 593 1128 630 1134 631 1134 632 1134 633 1134 640 1128 644 1125 692 1125 700 1127 723 1134 724 1134 725 1134 726 1134 727 1134 735 1127 738 1125 750 1127 773 1130 774 1130 775 1130 789 1126 795 1125 797 1126 808 1134 809 1134 810 1134 811 1134 812 1134 840 1126 843 1125 854 1126 905 1130 906 1130 907 1130 924 1125 925 1125 957 1134 958 1134 959 1134 960 1134 982 1124 983 1115 982 1076 893 1076 892 1076 891 1076 874 1084 838 1079 837 1079 836 1079 815 1084 805 1076 805 1076 804 1076 759 1076 758 1076 757 1076 741 1083 725 1078 724 1078 723 1078 722 1078 704 1084 687 1078 686 1078 685 1078 638 1083 568 1076 567 1076 566 1076 543 1084 531 1079 530 1079 529 1079 488 1083 480 1077 479 1077 478 1077 477 1077 476 1077 476 1077 466 1085 398 1085 379 1078 378 1078 377 1078 376 1078 364 1085 326 1085 295 1075 294 1075 257 1075 257 1114"/></Shape>
	    <String CONTENT="VIDVAS, inquit, HONORA: viduam à vi¬"
                    HPOS="257"
                    VPOS="1075"
                    WIDTH="726"
                    HEIGHT="60"
                    WC="0.9969375294608038"></String>
          </TextLine>
          <TextLine ID="line_23"
                    TAGREFS="LT8"
                    BASELINE="193 1160 660 1160 984 1166" 
                    HPOS="193"
                    VPOS="1122"
                    WIDTH="791"
                    HEIGHT="64">
            <Shape><Polygon POINTS="193 1160 193 1181 312 1178 320 1181 321 1182 322 1182 323 1182 324 1183 396 1183 396 1182 397 1182 402 1180 429 1174 449 1174 464 1180 468 1182 469 1182 470 1182 471 1182 475 1180 482 1177 511 1180 521 1181 522 1181 523 1181 526 1180 536 1175 586 1179 595 1180 596 1180 605 1179 650 1175 677 1179 690 1181 691 1181 769 1179 848 1177 852 1179 860 1185 861 1185 862 1185 863 1186 940 1186 940 1185 941 1185 961 1179 966 1177 982 1178 984 1166 984 1135 962 1126 961 1126 960 1126 959 1126 927 1135 925 1136 869 1136 867 1134 857 1126 856 1126 855 1126 830 1126 829 1126 828 1126 815 1133 782 1125 730 1125 729 1125 728 1125 712 1132 707 1134 703 1131 695 1125 694 1125 693 1125 692 1125 631 1130 599 1133 589 1130 574 1124 573 1124 572 1124 571 1124 570 1124 563 1129 556 1134 543 1134 536 1129 529 1124 528 1124 527 1124 526 1124 503 1128 487 1131 464 1128 430 1123 429 1123 428 1123 420 1127 411 1132 320 1132 311 1127 310 1127 309 1127 308 1127 240 1131 222 1124 218 1122 217 1122 216 1122 193 1123 193 1160"/></Shape>
	    <String CONTENT="duitate appellamus, hoc eſt, ſolitudine, ſic"
                    HPOS="193"
                    VPOS="1122"
                    WIDTH="791"
                    HEIGHT="64"
                    WC="0.9971517067063939"></String>
          </TextLine>
          <TextLine ID="line_24"
                    TAGREFS="LT8"
                    BASELINE="194 1210 505 1208 986 1214" 
                    HPOS="193"
                    VPOS="1172"
                    WIDTH="793"
                    HEIGHT="64">
            <Shape><Polygon POINTS="194 1210 193 1228 273 1231 274 1231 275 1231 281 1228 289 1225 297 1228 304 1231 305 1231 306 1232 396 1232 396 1231 397 1231 402 1228 410 1224 508 1224 610 1228 732 1234 732 1234 733 1234 734 1234 743 1228 747 1226 752 1228 761 1232 762 1232 763 1232 805 1228 826 1227 835 1228 872 1236 873 1236 874 1236 898 1229 915 1236 916 1236 917 1236 985 1228 986 1214 986 1187 910 1187 906 1186 856 1176 855 1176 812 1180 789 1176 788 1176 787 1176 786 1176 774 1184 772 1185 722 1185 720 1184 704 1175 703 1175 702 1175 701 1175 700 1175 684 1179 632 1174 631 1174 630 1174 597 1182 596 1182 578 1182 566 1182 555 1174 554 1174 553 1174 552 1174 551 1174 530 1180 508 1173 507 1173 506 1173 443 1180 437 1181 431 1180 413 1178 412 1178 411 1178 410 1178 406 1180 402 1182 304 1182 287 1179 237 1172 236 1172 194 1178 194 1210"/></Shape>
	    <String CONTENT="Græci χήραν vocant quaſi ἔρημον, deſertam à"
                    HPOS="193"
                    VPOS="1172"
                    WIDTH="793"
                    HEIGHT="64"></String>
          </TextLine>
          <TextLine ID="line_25"
                    TAGREFS="LT8"
                    BASELINE="193 1255 981 1262" 
                    HPOS="192"
                    VPOS="1220"
                    WIDTH="789"
                    HEIGHT="64">
            <Shape><Polygon POINTS="193 1255 192 1266 237 1277 238 1277 274 1271 391 1278 392 1278 393 1278 424 1270 473 1270 485 1278 486 1278 487 1278 488 1278 489 1278 490 1278 502 1270 527 1270 583 1280 584 1280 621 1276 642 1281 643 1281 644 1281 715 1276 767 1282 768 1282 808 1277 820 1282 821 1282 822 1282 823 1282 824 1282 837 1273 868 1273 898 1283 899 1283 900 1284 949 1284 949 1283 950 1283 980 1273 981 1262 980 1237 935 1237 934 1236 911 1226 910 1226 909 1226 908 1226 881 1234 859 1224 858 1224 857 1224 826 1225 825 1225 824 1225 812 1234 811 1235 809 1234 785 1224 784 1224 783 1224 782 1224 769 1229 757 1223 756 1223 755 1223 716 1230 700 1225 699 1225 698 1225 697 1225 673 1232 666 1234 606 1232 605 1231 593 1222 592 1222 591 1222 590 1222 589 1222 570 1231 564 1233 557 1231 531 1221 530 1221 529 1221 491 1230 489 1230 488 1230 476 1221 476 1221 475 1221 418 1220 417 1220 383 1228 370 1231 339 1228 315 1225 314 1225 313 1225 312 1225 310 1227 305 1231 265 1231 258 1226 253 1222 252 1222 251 1222 250 1222 193 1225 193 1255"/></Shape>
	    <String CONTENT="viro. χηρόω illis eſt idem quod ἐρημόω, va¬"
                    HPOS="192"
                    VPOS="1220"
                    WIDTH="789"
                    HEIGHT="64"
                    WC="0.9722360722396685"></String>
          </TextLine>
          <TextLine ID="line_26"
                    TAGREFS="LT8"
                    BASELINE="188 1306 493 1306 976 1315" 
                    HPOS="187.0"
                    VPOS="1265.0"
                    WIDTH="789.0"
                    HEIGHT="68.0">
            <Shape><Polygon POINTS="188 1306 187 1321 248 1324 249 1324 266 1322 297 1318 311 1322 318 1325 319 1325 320 1325 336 1323 366 1319 373 1323 375 1325 376 1325 377 1325 443 1326 444 1326 452 1325 473 1321 480 1325 483 1327 484 1327 485 1327 486 1327 496 1325 517 1321 537 1326 544 1328 545 1328 601 1329 602 1329 632 1327 698 1323 736 1329 752 1331 753 1331 790 1330 893 1325 900 1330 901 1330 902 1330 903 1330 942 1326 951 1332 952 1333 952 1333 953 1333 954 1333 975 1332 976 1315 975 1286 925 1279 924 1279 923 1279 905 1284 903 1284 902 1284 884 1274 883 1274 850 1274 849 1274 848 1274 831 1282 829 1283 826 1282 808 1273 807 1273 777 1273 776 1273 775 1273 762 1280 758 1282 749 1280 722 1272 721 1272 720 1272 690 1278 675 1281 539 1280 532 1274 525 1269 524 1269 523 1269 522 1269 501 1273 480 1278 457 1272 442 1269 441 1269 440 1269 435 1272 423 1278 394 1278 375 1271 374 1271 373 1271 372 1271 358 1276 344 1269 339 1267 338 1267 265 1266 264 1266 256 1267 229 1273 219 1266 219 1265 218 1265 217 1265 216 1265 188 1265 188 1306"/></Shape>
	    <String CONTENT="ſto, deſtituo, &amp; recté, quia vidua eſt viduata,"
                    HPOS="187.0"
                    VPOS="1265.0"
                    WIDTH="789.0"
                    HEIGHT="68.0"
                    WC="0.9938467517495155"></String>
          </TextLine>
          <TextLine ID="line_27"
                    TAGREFS="LT8"
                    BASELINE="187 1355 972 1360" 
                    HPOS="186.0"
                    VPOS="1317.0"
                    WIDTH="786.0"
                    HEIGHT="63.0">
            <Shape><Polygon POINTS="187 1355 186 1366 220 1375 221 1375 312 1368 327 1376 328 1376 329 1376 374 1372 469 1377 470 1377 471 1377 493 1370 524 1376 525 1376 559 1370 601 1378 602 1378 696 1373 711 1379 712 1379 713 1379 745 1374 792 1378 793 1378 794 1378 805 1372 841 1380 842 1380 971 1372 972 1360 969 1326 948 1335 928 1335 911 1325 909 1324 908 1324 907 1324 906 1324 903 1325 880 1335 852 1335 838 1324 836 1322 835 1322 834 1322 833 1322 832 1322 828 1324 816 1330 767 1333 752 1323 751 1323 750 1323 707 1321 706 1321 705 1321 704 1321 701 1322 686 1333 626 1333 565 1322 555 1320 554 1320 553 1320 550 1321 534 1329 524 1325 523 1325 522 1325 481 1331 415 1320 414 1320 413 1320 402 1325 393 1319 392 1319 391 1319 340 1319 339 1319 338 1319 337 1319 329 1323 288 1318 285 1318 284 1318 283 1318 241 1329 187 1317 187 1355"/></Shape>
	    <String CONTENT="hoc eſt, orbata viro: ſic χήρά ἑςτι  μονοθεῖσα ἀπʹ"
                    HPOS="186.0"
                    VPOS="1317.0"
                    WIDTH="786.0"
                    HEIGHT="63.0"></String>
          </TextLine>
          <TextLine ID="line_28"
                    TAGREFS="LT8"
                    BASELINE="186 1403 968 1410" 
                    HPOS="185.0"
                    VPOS="1369.0"
                    WIDTH="783.0"
                    HEIGHT="61.0">
            <Shape><Polygon POINTS="186 1403 185 1415 242 1416 242 1417 254 1425 255 1425 256 1425 256 1425 257 1425 285 1417 287 1417 289 1417 303 1424 304 1424 305 1424 306 1424 307 1424 317 1418 318 1418 406 1418 410 1420 422 1427 423 1427 424 1427 425 1427 505 1423 529 1428 530 1428 531 1428 549 1422 556 1420 579 1423 632 1429 777 1429 778 1429 779 1429 780 1429 785 1426 791 1422 800 1426 805 1429 805 1429 881 1430 882 1430 896 1428 920 1423 966 1429 968 1410 967 1387 952 1387 952 1386 937 1375 936 1375 935 1375 934 1375 864 1386 858 1386 848 1385 801 1381 800 1381 766 1385 760 1385 756 1385 725 1378 724 1378 643 1382 620 1372 619 1372 618 1372 617 1372 583 1383 582 1383 559 1372 558 1372 520 1371 519 1371 463 1378 430 1371 429 1371 428 1371 427 1371 416 1379 406 1372 405 1372 404 1372 403 1372 402 1372 382 1379 370 1370 369 1370 368 1370 351 1370 350 1370 302 1381 298 1381 279 1381 278 1380 260 1369 259 1369 258 1369 231 1369 230 1369 229 1369 228 1369 215 1380 214 1380 186 1380 186 1403"/></Shape>
	    <String CONTENT="ἀνδρὸς, vel vt Apoſtolus loquitur, μεμονωμένη,"
                    HPOS="185.0"
                    VPOS="1369.0"
                    WIDTH="783.0"
                    HEIGHT="61.0"></String>
          </TextLine>
          <TextLine ID="line_29"
                    TAGREFS="LT8"
                    BASELINE="186 1452 962 1461" 
                    HPOS="184"
                    VPOS="1411"
                    WIDTH="777"
                    HEIGHT="84">
            <Shape><Polygon POINTS="185 1451 184 1473 270 1473 328 1491 407 1483 414 1491 480 1492 503 1478 522 1489 569 1481 584 1492 590 1492 607 1483 670 1492 683 1483 699 1495 752 1485 813 1495 842 1481 959 1481 961 1425 937 1418 924 1429 704 1429 620 1419 587 1427 568 1416 501 1413 486 1427 445 1427 404 1412 303 1411 277 1421 251 1411 185 1413 185 1451"/></Shape>
	    <String CONTENT="ſolitaria facta, &amp; deſtituta viri patrocinio &amp;"
                    HPOS="184"
                    VPOS="1411"
                    WIDTH="777"
                    HEIGHT="84"
                    WC="0.9921151969743811"></String>
          </TextLine>
        </TextBlock>
        <TextBlock HPOS="835"
                   VPOS="1474"
                   WIDTH="153"
                   HEIGHT="49"
                   ID="eSc_textblock_2869a534"
                   TAGREFS="BT17">
          <Shape><Polygon POINTS="835 1477 835 1523 988 1523 988 1474"/></Shape>
          <TextLine ID="line_30"
                    TAGREFS="LT8"
                    BASELINE="848 1508 972 1506" 
                    HPOS="847"
                    VPOS="1467"
                    WIDTH="125"
                    HEIGHT="74">
            <Shape><Polygon POINTS="848 1508 848 1531 902 1541 903 1541 904 1541 924 1533 949 1540 950 1540 951 1540 952 1540 972 1530 972 1506 970 1467 922 1467 921 1467 920 1467 910 1473 901 1478 847 1479 848 1508"/></Shape>
	    <String CONTENT="neceſ¬"
                    HPOS="847"
                    VPOS="1467"
                    WIDTH="125"
                    HEIGHT="74"
                    WC="0.9989847342173258"></String>
          </TextLine>
        </TextBlock>
      </PrintSpace>
    </Page>
  </Layout>
</alto>
