<?xml version="1.0" encoding="UTF-8"?>
<alto xmlns:xsi="http://www.w3.org/2001/XMLSchema-instance"
      xmlns="http://www.loc.gov/standards/alto/ns-v4#"
      xsi:schemaLocation="http://www.loc.gov/standards/alto/ns-v4# http://www.loc.gov/standards/alto/v4/alto-4-2.xsd">
  <Description>
    <MeasurementUnit>pixel</MeasurementUnit>
    <sourceImageInformation>
      <fileName>bsb10313792_00091.jpg</fileName>
    </sourceImageInformation>
  </Description>
  <Tags>
    <OtherTag ID="BT7" LABEL="CustomZone" DESCRIPTION="block type CustomZone"/><OtherTag ID="BT8" LABEL="DamageZone" DESCRIPTION="block type DamageZone"/><OtherTag ID="BT9" LABEL="DigitizationArtefactZone" DESCRIPTION="block type DigitizationArtefactZone"/><OtherTag ID="BT10" LABEL="DropCapitalZone" DESCRIPTION="block type DropCapitalZone"/><OtherTag ID="BT11" LABEL="GraphicZone" DESCRIPTION="block type GraphicZone"/><OtherTag ID="BT12" LABEL="MainZone" DESCRIPTION="block type MainZone"/><OtherTag ID="BT13" LABEL="MarginTextZone" DESCRIPTION="block type MarginTextZone"/><OtherTag ID="BT14" LABEL="MusicZone" DESCRIPTION="block type MusicZone"/><OtherTag ID="BT15" LABEL="NumberingZone" DESCRIPTION="block type NumberingZone"/><OtherTag ID="BT17" LABEL="QuireMarksZone" DESCRIPTION="block type QuireMarksZone"/><OtherTag ID="BT18" LABEL="RunningTitleZone" DESCRIPTION="block type RunningTitleZone"/><OtherTag ID="BT19" LABEL="SealZone" DESCRIPTION="block type SealZone"/><OtherTag ID="BT20" LABEL="StampZone" DESCRIPTION="block type StampZone"/><OtherTag ID="BT21" LABEL="TableZone" DESCRIPTION="block type TableZone"/><OtherTag ID="BT22" LABEL="TitlePageZone" DESCRIPTION="block type TitlePageZone"/><OtherTag ID="BT1851" LABEL="MainZone-P" DESCRIPTION="block type MainZone-P"/><OtherTag ID="BT1852" LABEL="MainZone-Head" DESCRIPTION="block type MainZone-Head"/><OtherTag ID="BT1853" LABEL="MainZone-P-Continued" DESCRIPTION="block type MainZone-P-Continued"/><OtherTag ID="BT1854" LABEL="MarginTextZone-ManuscriptAddendum" DESCRIPTION="block type MarginTextZone-ManuscriptAddendum"/><OtherTag ID="BT1855" LABEL="text" DESCRIPTION="block type text"/><OtherTag ID="BT1856" LABEL="MainZone-Entry" DESCRIPTION="block type MainZone-Entry"/><OtherTag ID="BT1857" LABEL="MainZone-Entry-Continued" DESCRIPTION="block type MainZone-Entry-Continued"/><OtherTag ID="BT1877" LABEL="GraphicZone-Decoration" DESCRIPTION="block type GraphicZone-Decoration"/><OtherTag ID="BT1894" LABEL="MainZone-Other" DESCRIPTION="block type MainZone-Other"/>
    <OtherTag ID="LT7" LABEL="CustomLine" DESCRIPTION="line type CustomLine"/><OtherTag ID="LT8" LABEL="DefaultLine" DESCRIPTION="line type DefaultLine"/><OtherTag ID="LT9" LABEL="DropCapitalLine" DESCRIPTION="line type DropCapitalLine"/><OtherTag ID="LT10" LABEL="HeadingLine" DESCRIPTION="line type HeadingLine"/><OtherTag ID="LT11" LABEL="InterlinearLine" DESCRIPTION="line type InterlinearLine"/><OtherTag ID="LT12" LABEL="MusicLine" DESCRIPTION="line type MusicLine"/><OtherTag ID="LT636" LABEL="default" DESCRIPTION="line type default"/>
  </Tags>
  <Layout>
    <Page WIDTH="1085"
          HEIGHT="1758"
          PHYSICAL_IMG_NR="75"
          ID="eSc_dummypage_">
      <PrintSpace HPOS="0"
                  VPOS="0"
                  WIDTH="1085"
                  HEIGHT="1758">
        <TextBlock HPOS="139"
                   VPOS="66"
                   WIDTH="642"
                   HEIGHT="55"
                   ID="block_0"
                   TAGREFS="BT18">
          <Shape><Polygon POINTS="781 66 781 121 139 121 139 66"/></Shape>
          <TextLine ID="line_0"
                    TAGREFS="LT10"
                    BASELINE="145 99 370 101 779 113" 
                    HPOS="142"
                    VPOS="67"
                    WIDTH="636"
                    HEIGHT="67">
            <Shape><Polygon POINTS="143 67 142 109 164 118 255 112 274 123 280 123 290 115 372 124 385 117 394 124 475 118 511 128 626 131 694 124 775 134 778 112 774 76 721 68 598 67"/></Shape>
	    <String CONTENT="IN I. EPIST. AD TIMOTH."
                    HPOS="142"
                    VPOS="67"
                    WIDTH="636"
                    HEIGHT="67"
                    WC="0.989836907905081"></String>
          </TextLine>
        </TextBlock>
        <TextBlock HPOS="834"
                   VPOS="86"
                   WIDTH="48"
                   HEIGHT="47"
                   ID="block_3"
                   TAGREFS="BT15">
          <Shape><Polygon POINTS="882 86 882 133 834 133 834 86"/></Shape>
          <TextLine ID="line_1"
                    TAGREFS="LT8"
                    BASELINE="838 118 873 118" 
                    HPOS="837"
                    VPOS="86"
                    WIDTH="35"
                    HEIGHT="53">
            <Shape><Polygon POINTS="866 86 851 86 837 86 837 117 837 134 870 139 872 117 872 86 866 86"/></Shape>
	    <String CONTENT="83"
                    HPOS="837"
                    VPOS="86"
                    WIDTH="35"
                    HEIGHT="53"
                    WC="0.9999740719795227"></String>
          </TextLine>
        </TextBlock>
        <TextBlock HPOS="76"
                   VPOS="123"
                   WIDTH="804"
                   HEIGHT="296"
                   ID="block_2"
                   TAGREFS="BT1853">
          <Shape><Polygon POINTS="880 123 880 419 76 419 76 123"/></Shape>
          <TextLine ID="line_2"
                    TAGREFS="LT8"
                    BASELINE="80 153 879 170" 
                    HPOS="79.0"
                    VPOS="121.0"
                    WIDTH="800.0"
                    HEIGHT="69.0">
            <Shape><Polygon POINTS="517 121 516 121 510 121 500 121 499 121 498 121 497 121 496 121 489 125 479 130 458 130 450 125 448 123 447 123 446 123 445 123 444 123 443 123 441 125 435 128 414 128 403 124 395 121 392 121 383 121 377 121 372 123 364 125 356 123 350 121 344 121 334 121 324 121 317 121 314 121 304 121 295 121 285 121 275 121 265 121 256 121 246 121 236 121 226 121 218 121 215 124 196 121 187 121 177 121 168 121 158 121 149 121 142 123 117 121 109 121 99 121 89 121 80 121 80 153 79 165 123 176 124 176 125 176 167 167 187 177 188 177 213 178 214 178 215 178 243 169 244 169 262 175 263 175 264 175 265 175 282 170 283 170 290 170 351 176 352 176 377 173 384 172 386 173 398 181 399 181 400 181 441 183 505 184 506 184 554 178 566 176 577 178 613 187 614 187 615 187 637 181 745 190 746 190 878 186 879 170 879 133 815 127 814 127 813 127 804 131 791 137 737 136 730 130 724 125 723 125 722 125 701 125 700 125 699 125 698 125 692 129 682 135 658 135 640 129 639 129 638 129 637 129 627 133 618 127 611 123 610 123 609 123 608 123 607 123 593 127 576 132 567 126 560 122 559 122 558 122 557 122 556 122 540 126 528 129 524 125 518 121 517 121"/></Shape>
	    <String CONTENT="&amp; in epiſtola Iudæ verſu decimo octauo. Hîc"
                    HPOS="79.0"
                    VPOS="121.0"
                    WIDTH="800.0"
                    HEIGHT="69.0"
                    WC="0.9924091574820605"></String>
          </TextLine>
          <TextLine ID="line_3"
                    TAGREFS="LT8"
                    BASELINE="81 202 875 219" 
                    HPOS="80.0"
                    VPOS="168.0"
                    WIDTH="795.0"
                    HEIGHT="72.0">
            <Shape><Polygon POINTS="81 202 80 213 125 224 126 224 127 224 144 219 159 223 160 223 161 223 162 223 177 217 182 215 202 218 227 221 228 221 252 219 271 218 276 220 288 226 289 226 290 226 291 226 309 221 323 218 344 222 356 225 357 225 375 223 400 221 413 225 433 231 434 231 434 231 468 227 504 222 514 228 520 233 521 233 522 233 523 233 524 233 538 229 549 226 579 230 610 235 611 236 665 236 665 235 666 235 671 234 695 226 740 227 758 237 759 237 760 237 761 237 762 237 763 237 786 228 815 238 816 238 873 240 875 219 875 194 786 185 785 185 756 190 738 181 737 181 737 181 736 181 705 189 660 187 651 179 651 179 650 179 649 179 613 185 597 179 596 179 595 179 594 179 566 186 565 186 533 186 532 185 518 176 517 176 516 176 515 176 483 182 462 175 461 175 460 175 422 182 345 172 344 172 275 179 273 179 272 179 252 172 251 172 250 172 249 172 233 177 226 171 225 171 224 171 223 171 187 177 185 177 171 168 170 168 169 168 168 168 81 174 81 202"/></Shape>
	    <String CONTENT="explicat oraculum per circunſtantias, tan¬"
                    HPOS="80.0"
                    VPOS="168.0"
                    WIDTH="795.0"
                    HEIGHT="72.0"
                    WC="0.9880911211172739"></String>
          </TextLine>
          <TextLine ID="line_4"
                    TAGREFS="LT8"
                    BASELINE="82 251 874 269" 
                    HPOS="81.0"
                    VPOS="218.0"
                    WIDTH="793.0"
                    HEIGHT="66.0">
            <Shape><Polygon POINTS="82 251 81 262 126 270 127 270 179 265 204 263 209 266 215 270 216 270 217 270 217 270 218 270 228 266 235 264 301 264 308 269 319 274 320 274 348 275 349 275 350 275 367 270 378 267 382 270 388 275 389 275 390 275 390 275 391 275 403 271 413 268 432 272 453 276 454 276 455 276 466 273 477 269 555 273 558 275 564 280 565 280 566 280 567 280 568 280 585 276 590 275 605 276 648 281 649 281 650 281 656 278 664 274 683 278 687 279 688 279 689 279 690 279 698 274 747 276 753 280 758 284 759 284 760 284 761 284 873 283 874 269 874 242 856 237 855 237 854 237 810 241 801 241 799 240 779 230 778 230 777 230 776 230 758 236 690 228 689 228 656 236 649 236 532 236 528 232 520 224 519 224 518 224 517 224 466 230 434 233 427 228 417 222 416 222 415 222 377 221 376 221 375 221 364 226 357 230 352 226 347 222 347 222 346 222 345 222 344 222 333 225 323 229 311 225 302 221 301 221 300 221 299 221 290 224 276 229 82 218 82 251"/></Shape>
	    <String CONTENT="dem accommodat ad corruptæ doctrinæ"
                    HPOS="81.0"
                    VPOS="218.0"
                    WIDTH="793.0"
                    HEIGHT="66.0"
                    WC="0.9936498471668789"></String>
          </TextLine>
          <TextLine ID="line_5"
                    TAGREFS="LT8"
                    BASELINE="78 300 872 316" 
                    HPOS="77.0"
                    VPOS="263.0"
                    WIDTH="795.0"
                    HEIGHT="71.0">
            <Shape><Polygon POINTS="78 300 77 310 95 316 96 316 97 316 135 313 153 321 154 321 155 321 156 321 157 321 164 315 176 322 177 322 178 322 246 315 301 324 302 324 354 320 426 327 427 327 428 327 445 319 474 327 475 327 476 327 554 321 575 330 576 330 577 330 578 330 590 325 623 331 624 331 625 331 645 323 670 323 683 332 684 332 685 332 686 333 709 333 709 332 710 332 711 332 723 324 755 333 756 333 757 333 807 327 829 334 830 334 831 334 871 326 872 316 872 290 757 282 756 282 755 282 742 286 740 286 739 286 721 275 720 275 671 274 670 274 634 283 628 284 622 282 598 273 597 273 596 273 595 273 567 280 558 272 557 272 556 272 467 270 466 270 465 270 464 270 452 277 446 280 368 279 361 275 354 271 353 271 352 271 319 274 277 277 269 272 265 269 264 269 263 269 262 269 261 269 255 272 244 276 234 271 225 267 224 267 223 267 222 267 211 270 201 273 185 270 159 264 122 263 121 263 120 263 112 268 107 270 78 267 78 300"/></Shape>
	    <String CONTENT="capita præcipua, qualia ſunt prohibere ma¬"
                    HPOS="77.0"
                    VPOS="263.0"
                    WIDTH="795.0"
                    HEIGHT="71.0"
                    WC="0.9895868088517871"></String>
          </TextLine>
          <TextLine ID="line_6"
                    TAGREFS="LT8"
                    BASELINE="74 350 871 367" 
                    HPOS="73.0"
                    VPOS="312.0"
                    WIDTH="798.0"
                    HEIGHT="70.0">
            <Shape><Polygon POINTS="74 350 73 364 261 372 262 372 263 372 273 368 278 366 337 366 343 369 353 373 354 373 355 373 356 373 366 369 369 368 372 369 381 374 382 374 383 374 404 370 411 369 440 370 517 375 518 375 519 375 528 372 531 371 532 372 541 377 542 377 543 377 544 377 545 377 556 373 638 379 639 379 640 379 659 374 668 379 669 379 670 379 778 382 779 382 808 376 840 382 841 382 870 376 871 367 871 336 837 330 836 330 787 334 776 324 775 324 774 324 714 323 713 323 712 323 694 329 637 322 636 322 635 322 608 330 592 320 591 320 590 320 506 319 505 319 504 319 485 326 452 318 451 318 413 326 398 318 397 318 396 318 395 318 380 322 354 315 353 315 352 315 309 324 291 314 290 314 289 314 288 314 272 321 249 316 248 316 214 322 187 322 174 312 173 312 173 312 172 312 136 318 101 312 100 312 99 312 74 319 74 350"/></Shape>
	    <String CONTENT="trimonia, &amp; ciborum diſcrimina inducere"
                    HPOS="73.0"
                    VPOS="312.0"
                    WIDTH="798.0"
                    HEIGHT="70.0"
                    WC="0.9990406769972581"></String>
          </TextLine>
          <TextLine ID="line_7"
                    TAGREFS="LT8"
                    BASELINE="72 401 563 406" 
                    HPOS="71.0"
                    VPOS="361.0"
                    WIDTH="492.0"
                    HEIGHT="61.0">
            <Shape><Polygon POINTS="72 401 71 412 116 418 117 418 118 418 136 413 140 412 147 413 187 419 188 420 221 420 221 419 222 419 223 419 232 413 233 413 247 419 248 419 249 419 250 419 251 419 258 414 312 419 313 419 314 419 332 414 333 414 334 414 366 421 367 421 410 420 411 420 412 420 421 415 446 421 447 421 448 421 477 416 486 422 487 422 488 422 489 422 562 415 563 406 563 374 519 367 518 367 517 367 498 372 465 363 464 363 463 363 462 363 461 363 452 370 423 367 422 367 421 367 420 367 414 371 413 372 404 371 348 362 347 362 318 368 312 363 312 362 311 362 310 362 309 362 236 367 199 361 198 361 197 361 196 361 186 367 181 370 72 366 72 401"/></Shape>
	    <String CONTENT="contra Dei inſtitutionem."
                    HPOS="71.0"
                    VPOS="361.0"
                    WIDTH="492.0"
                    HEIGHT="61.0"
                    WC="0.999320969581604"></String>
          </TextLine>
        </TextBlock>
        <TextBlock HPOS="75"
                   VPOS="421"
                   WIDTH="804"
                   HEIGHT="440"
                   ID="block_4"
                   TAGREFS="BT1851">
          <Shape><Polygon POINTS="879 421 879 861 75 861 75 421"/></Shape>
          <TextLine ID="line_8"
                    TAGREFS="LT8"
                    BASELINE="114 453 348 453 870 464" 
                    HPOS="114.0"
                    VPOS="411.0"
                    WIDTH="756.0"
                    HEIGHT="71.0">
            <Shape><Polygon POINTS="153 411 143 411 142 411 114 415 114 453 114 462 141 460 148 463 160 468 161 468 162 468 163 468 179 463 184 462 191 464 200 466 201 466 202 466 218 464 241 461 250 464 257 467 258 467 259 467 260 467 269 465 280 462 285 465 294 471 295 471 296 471 297 471 428 467 464 466 466 467 474 474 475 474 476 474 477 474 477 474 489 468 492 466 501 468 524 473 525 473 526 473 544 468 551 467 554 469 564 475 564 475 565 475 566 475 600 469 607 468 610 469 622 477 623 477 624 477 725 479 726 479 727 479 742 473 820 481 821 482 856 482 856 481 857 481 869 473 870 464 868 428 771 428 768 426 761 420 761 419 760 419 759 419 758 419 727 425 721 426 719 425 710 418 709 418 708 418 707 418 681 423 609 417 608 417 607 417 607 417 598 423 595 425 564 425 561 422 551 416 550 416 549 416 548 416 480 421 463 422 459 420 441 414 440 414 384 414 383 414 382 414 366 419 362 420 337 418 253 413 252 413 209 417 197 418 169 417 160 411 153 411"/></Shape>
	    <String CONTENT="Hæc proponit Timotheo non ſolùm ca¬"
                    HPOS="114.0"
                    VPOS="411.0"
                    WIDTH="756.0"
                    HEIGHT="71.0"
                    WC="0.9987966385152605"></String>
          </TextLine>
          <TextLine ID="line_9"
                    TAGREFS="LT8"
                    BASELINE="82 498 869 514" 
                    HPOS="81.0"
                    VPOS="458.0"
                    WIDTH="788.0"
                    HEIGHT="74.0">
            <Shape><Polygon POINTS="82 498 81 507 96 516 97 516 98 516 99 516 100 516 113 508 188 518 189 518 245 512 266 520 267 520 268 520 389 514 407 523 408 523 409 523 410 523 429 515 498 515 513 522 514 522 515 522 516 522 517 522 523 517 567 518 590 527 591 527 592 527 630 519 641 528 642 528 643 528 644 528 697 522 711 529 712 529 713 529 782 526 845 532 846 532 847 532 868 523 869 514 868 479 842 481 833 478 820 472 819 472 818 472 796 477 780 481 771 476 762 472 761 472 760 472 759 472 752 476 744 480 737 476 728 471 727 471 726 471 708 475 699 477 690 474 671 469 670 469 669 469 668 469 651 474 638 477 586 472 570 471 569 471 568 471 565 472 549 476 541 471 534 466 533 466 532 466 531 466 486 469 406 463 405 463 369 467 336 471 307 466 281 461 280 461 279 461 271 465 262 469 176 469 166 463 161 460 160 460 159 460 158 460 157 460 146 462 130 467 113 461 101 458 100 458 99 458 82 460 82 498"/></Shape>
	    <String CONTENT="uenda, ſed vt alios de his quoque præmo¬"
                    HPOS="81.0"
                    VPOS="458.0"
                    WIDTH="788.0"
                    HEIGHT="74.0"
                    WC="0.9945544078946114"></String>
          </TextLine>
          <TextLine ID="line_10"
                    TAGREFS="LT8"
                    BASELINE="81 547 868 563" 
                    HPOS="80.0"
                    VPOS="506.0"
                    WIDTH="788.0"
                    HEIGHT="73.0">
            <Shape><Polygon POINTS="81 547 80 557 137 565 138 565 249 562 272 562 281 563 309 568 310 568 311 568 322 564 326 563 330 564 343 569 344 569 345 569 423 567 474 566 496 569 523 573 524 573 567 571 614 569 620 573 624 575 625 575 626 575 710 576 711 576 712 576 713 576 714 575 721 571 867 579 868 563 868 525 859 520 858 520 857 520 856 520 855 520 843 526 788 521 787 521 739 525 721 526 689 526 686 524 672 517 671 517 670 517 669 517 668 517 660 523 659 524 656 523 632 516 631 516 630 516 589 522 582 523 578 522 558 514 557 514 556 514 555 514 532 520 514 513 513 513 327 509 326 509 325 509 309 517 299 517 222 516 211 508 210 508 209 508 208 508 207 508 188 515 147 506 146 506 145 506 131 513 81 513 81 547"/></Shape>
	    <String CONTENT="neat. Hinc tranſit ad alia præcepta, vt de a¬"
                    HPOS="80.0"
                    VPOS="506.0"
                    WIDTH="788.0"
                    HEIGHT="73.0"
                    WC="0.9867649144596524"></String>
          </TextLine>
          <TextLine ID="line_11"
                    TAGREFS="LT8"
                    BASELINE="80 596 866 614" 
                    HPOS="79.0"
                    VPOS="554.0"
                    WIDTH="787.0"
                    HEIGHT="74.0">
            <Shape><Polygon POINTS="80 596 79 605 167 614 168 614 299 612 337 612 346 614 366 618 367 618 368 618 379 615 386 613 401 615 419 618 420 618 443 617 471 615 477 618 486 621 487 621 488 621 522 619 558 617 564 620 567 623 568 623 569 623 570 623 571 623 577 621 585 618 596 621 602 623 603 623 604 623 617 622 646 619 653 623 657 625 658 625 659 625 669 624 689 620 698 624 702 626 703 626 704 626 728 625 784 623 790 627 791 627 792 627 793 627 794 627 798 627 815 624 864 628 866 614 866 575 616 574 591 570 552 564 551 564 550 564 534 569 526 571 523 568 518 564 518 563 517 563 516 563 474 562 473 562 444 567 433 569 430 567 422 561 421 561 420 561 419 561 418 561 401 566 400 566 399 566 365 560 364 560 363 560 349 565 347 566 347 565 338 559 337 559 336 559 335 559 274 562 256 557 255 557 254 557 253 557 232 563 228 564 224 563 198 556 197 556 196 556 195 556 173 562 169 563 163 562 124 554 123 554 122 554 108 561 107 561 80 561 80 596"/></Shape>
	    <String CONTENT="nilibus fabulis cauendis, de exercitio veræ"
                    HPOS="79.0"
                    VPOS="554.0"
                    WIDTH="787.0"
                    HEIGHT="74.0"
                    WC="0.9916353156400282"></String>
          </TextLine>
          <TextLine ID="line_12"
                    TAGREFS="LT8"
                    BASELINE="84 651 390 651 866 661" 
                    HPOS="84.0"
                    VPOS="605.0"
                    WIDTH="782.0"
                    HEIGHT="71.0">
            <Shape><Polygon POINTS="84 651 84 667 124 659 158 668 159 668 160 668 161 668 177 661 197 669 199 669 200 669 201 669 212 669 320 662 348 669 352 670 353 670 354 670 355 670 356 670 357 669 369 663 392 663 475 670 493 672 494 672 495 672 499 671 517 665 537 671 543 673 544 673 545 673 568 671 636 667 671 672 676 673 677 673 683 673 715 669 734 673 744 676 745 676 746 676 865 674 866 661 866 627 783 625 755 616 754 616 753 616 752 616 732 623 720 617 719 617 718 617 717 617 700 621 693 614 692 614 691 614 690 614 661 618 654 613 653 613 652 613 651 613 604 622 596 616 596 615 595 615 594 615 566 612 565 612 520 616 481 611 480 611 479 611 461 620 429 620 419 613 418 613 417 613 416 613 415 613 399 617 376 609 375 609 374 609 373 609 372 609 361 616 321 608 301 608 300 608 299 608 281 617 238 607 237 607 236 607 211 616 152 616 137 606 136 606 135 606 104 605 103 605 102 605 84 614 84 651"/></Shape>
	    <String CONTENT="pietatis, de officio miniſtri, quo debet in om¬"
                    HPOS="84.0"
                    VPOS="605.0"
                    WIDTH="782.0"
                    HEIGHT="71.0"
                    WC="0.9792701931709938"></String>
          </TextLine>
          <TextLine ID="line_13"
                    TAGREFS="LT8"
                    BASELINE="82 695 865 711" 
                    HPOS="81.0"
                    VPOS="654.0"
                    WIDTH="784.0"
                    HEIGHT="73.0">
            <Shape><Polygon POINTS="82 695 81 706 182 714 183 714 251 710 259 710 260 710 278 716 279 716 280 716 338 711 342 711 343 711 349 717 350 717 351 717 352 717 404 713 414 712 417 713 432 719 433 719 473 720 474 720 499 716 544 721 545 721 546 721 563 716 565 715 570 716 588 722 589 722 590 722 591 722 608 717 610 717 613 717 652 723 653 723 694 719 704 718 709 719 729 725 730 725 731 725 732 725 746 720 750 719 807 720 809 721 818 727 819 727 820 727 821 727 864 722 865 711 862 670 834 678 803 671 802 671 775 675 763 669 761 669 760 669 759 669 753 669 735 672 726 669 718 666 717 666 607 664 606 664 587 668 571 671 557 668 540 663 539 663 538 663 511 667 446 661 445 661 444 661 443 661 436 667 435 667 419 660 418 660 417 660 416 660 391 666 376 669 332 669 325 666 308 658 307 658 306 658 266 665 254 667 180 667 143 666 141 664 130 654 130 654 129 654 128 654 127 654 104 664 102 664 82 664 82 695"/></Shape>
	    <String CONTENT="mbus virtutibus exemplar eſſe ſubditorunf:"
                    HPOS="81.0"
                    VPOS="654.0"
                    WIDTH="784.0"
                    HEIGHT="73.0"
                    WC="0.9952014514378139"></String>
          </TextLine>
          <TextLine ID="line_14"
                    TAGREFS="LT8"
                    BASELINE="79 745 864 761" 
                    HPOS="78.0"
                    VPOS="706.0"
                    WIDTH="786.0"
                    HEIGHT="72.0">
            <Shape><Polygon POINTS="79 745 78 753 166 756 176 764 177 764 178 764 179 764 180 764 205 758 286 766 287 766 288 766 303 761 309 759 324 761 362 768 363 768 414 764 446 762 461 766 473 769 474 769 475 769 476 769 482 766 492 763 541 768 586 773 587 773 636 771 720 768 732 774 735 776 736 776 737 776 737 776 742 775 760 769 779 776 782 777 783 777 862 778 864 761 864 719 788 725 768 717 764 716 763 716 762 716 752 717 734 720 728 717 724 715 723 715 722 715 700 717 651 721 625 716 610 713 609 713 608 713 602 716 588 721 560 715 553 714 552 714 542 715 517 718 510 714 503 711 502 711 501 711 500 711 491 714 479 718 424 715 421 713 403 709 402 709 401 709 400 709 382 713 377 714 374 713 362 709 361 709 360 709 359 709 349 713 345 715 335 712 322 710 321 710 320 710 304 712 303 712 296 707 295 707 294 707 293 707 261 712 252 713 195 713 192 711 181 706 180 706 179 706 178 706 166 711 164 711 79 711 79 745"/></Shape>
	    <String CONTENT="nem de lectione, de non negligendis donis"
                    HPOS="78.0"
                    VPOS="706.0"
                    WIDTH="786.0"
                    HEIGHT="72.0"
                    WC="0.994116633403592"></String>
          </TextLine>
          <TextLine ID="line_15"
                    TAGREFS="LT8"
                    BASELINE="77 795 862 812" 
                    HPOS="76.0"
                    VPOS="754.0"
                    WIDTH="786.0"
                    HEIGHT="74.0">
            <Shape><Polygon POINTS="77 795 76 805 165 813 166 813 167 813 168 813 174 808 177 807 195 809 234 814 235 814 289 812 333 810 358 814 387 818 388 818 403 815 420 812 429 816 436 819 437 819 438 819 456 817 476 814 600 821 610 821 611 821 612 821 642 817 675 823 688 825 689 825 698 824 730 819 766 826 775 827 776 827 777 827 781 826 798 822 860 828 862 812 862 778 806 776 797 769 796 769 795 769 794 769 793 769 782 775 776 770 775 770 774 770 773 770 743 773 728 767 727 767 726 767 725 767 705 773 700 774 681 772 630 767 629 767 614 770 606 772 594 770 557 762 556 762 528 768 521 769 518 767 505 761 504 761 450 760 449 760 448 760 432 765 427 766 417 764 380 758 379 758 358 763 347 765 329 762 294 756 293 756 271 760 253 764 231 759 209 754 208 754 207 754 206 754 200 758 194 761 77 755 77 795"/></Shape>
	    <String CONTENT="Dei, &amp; ſimilibus, quæ omnia ad vigilantiam"
                    HPOS="76.0"
                    VPOS="754.0"
                    WIDTH="786.0"
                    HEIGHT="74.0"
                    WC="0.9842637252239954"></String>
          </TextLine>
          <TextLine ID="line_16"
                    TAGREFS="LT8"
                    BASELINE="80 846 504 847" 
                    HPOS="77"
                    VPOS="802"
                    WIDTH="425"
                    HEIGHT="62">
            <Shape><Polygon POINTS="79 845 77 864 501 861 502 846 499 804 457 811 237 804 236 804 234 804 208 811 190 804 189 804 187 804 129 811 79 802 79 845"/></Shape>
	    <String CONTENT="pios miniſtros excitant."
                    HPOS="77"
                    VPOS="802"
                    WIDTH="425"
                    HEIGHT="62"
                    WC="0.9996698896090189"></String>
          </TextLine>
        </TextBlock>
        <TextBlock HPOS="41"
                   VPOS="865"
                   WIDTH="825"
                   HEIGHT="249"
                   ID="block_6"
                   TAGREFS="BT1851">
          <Shape><Polygon POINTS="866 865 866 1114 41 1114 43 869"/></Shape>
          <TextLine ID="line_19"
                    TAGREFS="LT8"
                    BASELINE="113 896 859 906" 
                    HPOS="113.0"
                    VPOS="851.0"
                    WIDTH="746.0"
                    HEIGHT="70.0">
            <Shape><Polygon POINTS="113 896 113 909 149 906 162 910 173 913 173 913 241 914 242 914 243 914 244 914 249 910 251 909 253 910 258 914 259 914 260 914 260 914 261 914 269 911 272 909 273 911 277 914 278 914 279 914 280 914 323 911 363 908 373 911 387 916 388 916 389 916 390 916 399 911 407 908 431 908 434 912 439 916 440 916 441 916 442 916 507 912 546 910 554 912 571 919 572 919 573 919 608 913 620 911 623 913 634 920 635 920 636 920 637 920 666 913 672 912 675 913 690 920 691 920 692 920 776 915 782 920 782 921 783 921 784 921 785 921 858 914 859 906 859 870 790 861 789 861 754 868 753 868 711 856 710 856 709 856 680 861 641 856 640 856 639 856 638 856 625 866 607 856 606 856 605 856 572 860 557 854 556 854 530 854 529 854 528 854 505 865 487 853 486 853 485 853 484 853 427 857 426 857 425 857 417 864 416 864 376 864 376 863 358 855 357 855 356 855 355 855 341 863 340 863 301 863 301 862 277 853 276 853 275 853 274 853 273 853 263 859 242 853 241 853 240 853 191 861 188 861 158 861 152 861 129 851 128 851 127 851 126 851 125 851 113 858 113 896"/></Shape>
	    <String CONTENT="Propoſitio eſt, Timotheo &amp; omni pio"
                    HPOS="113.0"
                    VPOS="851.0"
                    WIDTH="746.0"
                    HEIGHT="70.0"
                    WC="0.9993471367018564"></String>
          </TextLine>
          <TextLine ID="line_20"
                    TAGREFS="LT8"
                    BASELINE="61 944 580 949 858 957" 
                    HPOS="60.0"
                    VPOS="901.0"
                    WIDTH="798.0"
                    HEIGHT="69.0">
            <Shape><Polygon POINTS="61 944 60 953 88 961 89 961 90 961 136 955 137 955 138 955 159 962 160 962 161 962 194 956 195 956 219 962 220 962 221 962 268 957 271 957 276 957 323 963 324 963 325 963 344 958 346 958 348 958 370 964 371 964 372 964 463 961 481 960 485 961 503 966 504 966 505 966 539 962 540 962 542 962 570 967 571 967 604 962 611 962 615 962 626 967 627 967 628 967 652 963 660 962 669 963 700 968 701 968 702 968 714 964 718 963 722 964 736 968 737 968 737 968 738 968 739 968 743 964 746 963 798 963 801 965 806 970 807 970 808 970 809 970 857 966 858 957 858 920 844 916 843 916 842 916 802 920 788 920 779 920 733 911 732 911 731 911 714 919 713 919 707 919 647 911 646 911 616 917 612 918 610 917 596 908 595 908 594 908 593 908 592 908 569 915 554 907 553 907 492 907 491 907 490 907 465 915 461 916 458 915 426 905 425 905 353 905 352 905 351 905 350 905 345 910 336 905 335 905 334 905 300 913 299 913 298 913 280 905 279 905 278 905 277 905 263 912 261 914 211 914 200 912 138 901 137 901 136 901 121 907 104 902 103 902 102 902 61 909 61 944"/></Shape>
	    <String CONTENT="miniſtro quàm vigilantiſsimè curandum eſt"
                    HPOS="60.0"
                    VPOS="901.0"
                    WIDTH="798.0"
                    HEIGHT="69.0"
                    WC="0.9944365066151286"></String>
          </TextLine>
          <TextLine ID="line_21"
                    TAGREFS="LT8"
                    BASELINE="61 994 856 1004" 
                    HPOS="60.0"
                    VPOS="952.0"
                    WIDTH="796.0"
                    HEIGHT="67.0">
            <Shape><Polygon POINTS="61 994 60 1003 82 1010 83 1010 84 1010 85 1010 95 1005 140 1011 141 1011 166 1006 258 1012 259 1012 260 1012 276 1007 307 1013 308 1013 365 1007 366 1007 437 1014 438 1014 439 1014 458 1008 459 1008 477 1013 477 1013 478 1013 526 1009 529 1009 530 1009 546 1015 547 1015 548 1015 549 1015 550 1015 558 1010 575 1010 607 1010 609 1010 657 1017 658 1017 659 1017 674 1011 675 1011 695 1017 696 1017 697 1017 792 1013 824 1019 824 1019 855 1013 856 1004 855 970 719 969 714 967 691 959 690 959 689 959 645 960 644 960 643 960 635 965 634 966 633 965 617 958 616 958 615 958 577 964 575 964 574 964 563 958 562 958 561 958 560 958 559 958 549 963 546 965 525 963 458 956 457 956 416 962 391 964 381 961 371 957 370 957 369 957 348 960 332 962 319 960 300 954 299 954 298 954 297 954 281 959 268 962 256 958 254 958 253 958 252 958 251 958 250 958 242 962 217 958 216 958 215 958 214 958 140 962 100 961 92 955 88 952 87 952 86 952 86 952 61 954 61 994"/></Shape>
	    <String CONTENT="ne qua labes contra ſanam doctrinam in¬"
                    HPOS="60.0"
                    VPOS="952.0"
                    WIDTH="796.0"
                    HEIGHT="67.0"
                    WC="0.9998604548283112"></String>
          </TextLine>
          <TextLine ID="line_22"
                    TAGREFS="LT8"
                    BASELINE="59 1042 545 1047 855 1057" 
                    HPOS="58.0"
                    VPOS="1001.0"
                    WIDTH="797.0"
                    HEIGHT="72.0">
            <Shape><Polygon POINTS="59 1042 58 1056 105 1059 106 1059 107 1059 111 1057 119 1053 125 1058 128 1060 129 1060 130 1060 130 1060 148 1058 173 1055 182 1059 191 1062 192 1062 193 1062 222 1059 240 1058 244 1060 250 1063 251 1063 252 1063 270 1060 290 1057 306 1061 320 1064 321 1064 335 1061 357 1057 390 1062 414 1066 415 1066 416 1066 417 1066 422 1063 428 1059 467 1059 488 1064 494 1065 495 1065 510 1064 565 1061 574 1066 581 1069 582 1069 583 1069 647 1067 726 1064 737 1068 743 1071 744 1071 745 1071 758 1069 774 1066 786 1069 799 1073 800 1073 801 1073 854 1070 855 1057 855 1015 822 1011 821 1011 820 1011 813 1014 799 1021 762 1014 752 1012 751 1012 750 1012 746 1013 734 1019 707 1013 684 1008 683 1008 682 1008 673 1013 668 1016 600 1017 592 1012 585 1007 584 1007 583 1007 544 1006 543 1006 542 1006 532 1011 523 1016 510 1011 493 1005 492 1005 491 1005 435 1008 414 1004 413 1004 344 1004 343 1004 342 1004 328 1009 326 1010 316 1009 275 1004 274 1004 273 1004 264 1009 260 1011 244 1008 228 1006 227 1006 177 1008 137 1009 132 1007 116 1001 115 1001 114 1001 113 1001 96 1007 93 1008 59 1007 59 1042"/></Shape>
	    <String CONTENT="uehatur in Eccleſiam Chriſti, quales tamen"
                    HPOS="58.0"
                    VPOS="1001.0"
                    WIDTH="797.0"
                    HEIGHT="72.0"
                    WC="0.9994796557085854"></String>
          </TextLine>
          <TextLine ID="line_23"
                    TAGREFS="LT8"
                    BASELINE="59 1092 600 1093" 
                    HPOS="57"
                    VPOS="1048"
                    WIDTH="542"
                    HEIGHT="66">
            <Shape><Polygon POINTS="57 1106 151 1114 152 1114 208 1109 225 1107 596 1113 599 1092 598 1060 551 1060 549 1059 541 1050 539 1050 538 1050 536 1050 535 1050 511 1057 508 1059 504 1057 483 1050 482 1050 480 1050 425 1056 407 1057 382 1054 338 1050 337 1050 335 1050 334 1050 329 1054 324 1057 312 1053 306 1051 304 1051 303 1051 302 1051 297 1053 285 1060 171 1060 108 1050 107 1050 105 1050 104 1050 90 1059 60 1048 58 1091 57 1106"/></Shape>
	    <String CONTENT="extabunt vltimis temporibus."
                    HPOS="57"
                    VPOS="1048"
                    WIDTH="542"
                    HEIGHT="66"
                    WC="0.9988190467868533"></String>
          </TextLine>
        </TextBlock>
        <TextBlock HPOS="35"
                   VPOS="1114"
                   WIDTH="821"
                   HEIGHT="436"
                   ID="block_5"
                   TAGREFS="BT1851">
          <Shape><Polygon POINTS="856 1114 856 1550 35 1550 37 1114"/></Shape>
          <TextLine ID="line_24"
                    TAGREFS="LT8"
                    BASELINE="68 1141 852 1152" 
                    HPOS="67.0"
                    VPOS="1101.0"
                    WIDTH="785.0"
                    HEIGHT="67.0">
            <Shape><Polygon POINTS="67 1149 150 1157 151 1157 186 1153 210 1160 211 1160 212 1160 251 1154 259 1160 260 1160 260 1160 335 1161 336 1161 365 1154 385 1162 386 1162 387 1162 432 1155 449 1163 450 1163 451 1164 498 1164 498 1163 564 1156 565 1156 566 1156 596 1165 597 1165 598 1165 636 1158 663 1166 664 1166 665 1166 755 1161 763 1167 764 1167 765 1167 811 1168 812 1168 851 1159 852 1152 851 1115 811 1118 744 1113 720 1111 719 1111 718 1111 717 1111 716 1112 710 1116 694 1112 692 1111 691 1111 690 1111 682 1112 647 1116 639 1111 637 1109 636 1109 635 1109 560 1109 559 1109 552 1109 498 1114 461 1108 455 1107 454 1107 453 1107 451 1107 434 1113 411 1108 410 1108 365 1112 353 1106 351 1105 350 1105 295 1105 294 1105 293 1105 292 1105 284 1111 257 1106 256 1106 154 1109 131 1102 130 1102 130 1102 129 1102 91 1108 69 1101 68 1141 67 1149"/></Shape>
	    <String CONTENT="Partes capitis tres ſunt. Prima, de ſtatu"
                    HPOS="67.0"
                    VPOS="1101.0"
                    WIDTH="785.0"
                    HEIGHT="67.0"
                    WC="0.9905375721977978"></String>
          </TextLine>
          <TextLine ID="line_25"
                    TAGREFS="LT8"
                    BASELINE="54 1189 849 1200" 
                    HPOS="53.0"
                    VPOS="1149.0"
                    WIDTH="796.0"
                    HEIGHT="68.0">
            <Shape><Polygon POINTS="54 1189 53 1198 209 1211 210 1211 288 1206 343 1213 344 1213 345 1213 368 1205 383 1213 384 1213 385 1213 445 1205 458 1213 459 1213 460 1213 461 1213 520 1207 534 1214 535 1214 536 1214 537 1214 550 1210 567 1215 568 1215 569 1215 570 1215 595 1207 620 1214 621 1214 657 1216 658 1216 659 1216 685 1210 718 1217 719 1217 720 1217 740 1209 770 1209 781 1216 781 1216 782 1216 783 1216 848 1209 849 1200 848 1161 704 1167 651 1167 635 1160 634 1160 633 1160 632 1160 618 1164 598 1157 594 1156 593 1156 562 1156 561 1156 560 1156 559 1156 543 1164 528 1156 526 1155 525 1155 524 1155 514 1156 475 1160 403 1154 393 1154 392 1154 391 1154 390 1154 384 1159 376 1154 375 1153 374 1153 373 1153 301 1152 300 1152 299 1152 296 1153 270 1161 201 1161 184 1151 181 1150 180 1150 179 1150 167 1151 106 1158 88 1150 86 1149 85 1149 84 1149 54 1149 54 1189"/></Shape>
	    <String CONTENT="Eccleſiæ poſt ipſius Apoſtoli exitum. Al¬"
                    HPOS="53.0"
                    VPOS="1149.0"
                    WIDTH="796.0"
                    HEIGHT="68.0"
                    WC="0.9924839691417974"></String>
          </TextLine>
          <TextLine ID="line_26"
                    TAGREFS="LT8"
                    BASELINE="56 1238 848 1251" 
                    HPOS="55.0"
                    VPOS="1201.0"
                    WIDTH="793.0"
                    HEIGHT="65.0">
            <Shape><Polygon POINTS="56 1238 55 1248 67 1255 68 1255 69 1255 116 1250 133 1256 134 1256 135 1256 173 1251 266 1258 267 1258 268 1258 286 1253 311 1259 312 1259 313 1259 452 1255 461 1255 463 1255 493 1262 494 1262 495 1262 515 1256 516 1256 517 1256 543 1263 544 1263 611 1264 612 1264 613 1264 614 1264 621 1258 622 1258 629 1258 726 1266 727 1266 728 1266 745 1261 748 1260 846 1262 848 1251 848 1210 798 1215 780 1210 779 1210 778 1210 777 1210 758 1215 723 1209 715 1208 714 1208 713 1208 709 1209 679 1216 636 1214 627 1209 627 1208 626 1208 625 1208 624 1208 623 1208 620 1209 609 1212 600 1209 590 1205 589 1205 588 1205 549 1208 518 1211 506 1208 490 1204 489 1204 488 1204 487 1204 475 1208 461 1213 454 1208 448 1203 447 1203 446 1203 421 1202 420 1202 385 1208 376 1209 371 1208 353 1202 352 1202 351 1202 350 1202 349 1202 342 1208 337 1211 324 1208 307 1203 306 1203 305 1203 304 1203 293 1207 285 1210 205 1210 200 1207 187 1201 186 1201 185 1201 184 1201 170 1207 166 1208 56 1207 56 1238"/></Shape>
	    <String CONTENT="tera, de cauendis fabulis, &amp; veræ pietatis"
                    HPOS="55.0"
                    VPOS="1201.0"
                    WIDTH="793.0"
                    HEIGHT="65.0"
                    WC="0.9986109492324647"></String>
          </TextLine>
          <TextLine ID="line_27"
                    TAGREFS="LT8"
                    BASELINE="53 1288 845 1298" 
                    HPOS="52.0"
                    VPOS="1248.0"
                    WIDTH="793.0"
                    HEIGHT="68.0">
            <Shape><Polygon POINTS="835 1263 831 1258 777 1263 743 1256 739 1256 738 1256 737 1256 737 1256 710 1265 680 1260 679 1260 657 1264 648 1256 647 1256 646 1256 645 1256 644 1256 643 1256 630 1264 562 1256 535 1254 534 1254 510 1256 464 1261 416 1255 377 1252 376 1252 343 1255 313 1260 269 1260 255 1255 240 1252 239 1252 238 1252 237 1252 224 1255 214 1258 155 1258 147 1255 126 1248 125 1248 101 1248 100 1248 99 1248 86 1255 83 1256 53 1255 53 1288 52 1297 75 1303 76 1303 77 1303 180 1301 215 1308 216 1308 245 1301 267 1309 268 1309 269 1309 332 1301 333 1301 383 1308 384 1308 385 1308 402 1303 411 1311 412 1311 413 1311 414 1311 456 1303 470 1309 471 1309 472 1309 497 1304 509 1312 510 1312 511 1312 629 1314 630 1314 670 1306 671 1306 699 1315 700 1315 701 1316 739 1316 739 1315 740 1315 763 1307 765 1307 767 1307 809 1316 810 1316 844 1308 845 1298 844 1257 839 1257 835 1263"/></Shape>
	    <String CONTENT="vero exercitio. Tertia, epiſcopum per om¬"
                    HPOS="52.0"
                    VPOS="1248.0"
                    WIDTH="793.0"
                    HEIGHT="68.0"
                    WC="0.9943824584891157"></String>
          </TextLine>
          <TextLine ID="line_28"
                    TAGREFS="LT8"
                    BASELINE="43 1338 844 1348" 
                    HPOS="43.0"
                    VPOS="1300.0"
                    WIDTH="801.0"
                    HEIGHT="62.0">
            <Shape><Polygon POINTS="43 1338 43 1353 111 1348 139 1355 143 1355 144 1355 145 1355 146 1355 155 1350 190 1355 199 1356 200 1356 214 1355 274 1351 292 1356 295 1357 296 1357 297 1357 298 1357 300 1356 316 1351 340 1357 347 1358 347 1358 356 1357 389 1352 503 1353 512 1359 513 1359 514 1359 515 1359 516 1359 518 1359 536 1354 550 1359 555 1361 556 1361 557 1361 583 1360 638 1356 646 1360 648 1362 649 1362 650 1362 651 1362 661 1360 683 1357 842 1362 844 1348 843 1308 813 1307 812 1307 811 1307 810 1308 794 1315 775 1308 771 1306 770 1306 769 1306 750 1308 676 1315 663 1308 663 1307 662 1307 661 1307 660 1307 653 1308 607 1315 574 1315 564 1308 564 1307 564 1307 563 1307 562 1307 553 1308 501 1313 490 1308 479 1302 478 1302 432 1302 431 1302 430 1302 417 1308 409 1311 401 1308 387 1301 386 1301 385 1301 384 1301 368 1306 318 1300 317 1300 316 1300 315 1300 305 1308 302 1311 271 1311 264 1308 247 1300 246 1300 245 1300 244 1300 223 1308 218 1310 190 1310 187 1308 176 1302 175 1302 174 1302 173 1302 163 1308 161 1308 153 1308 113 1303 112 1303 43 1307 43 1338"/></Shape>
	    <String CONTENT="nia exemplar debere eſſe omnium virtutum"
                    HPOS="43.0"
                    VPOS="1300.0"
                    WIDTH="801.0"
                    HEIGHT="62.0"
                    WC="0.9991731524467469"></String>
          </TextLine>
          <TextLine ID="line_29"
                    TAGREFS="LT8"
                    BASELINE="34 1388 841 1395" 
                    HPOS="34.0"
                    VPOS="1345.0"
                    WIDTH="807.0"
                    HEIGHT="68.0">
            <Shape><Polygon POINTS="34 1388 34 1405 62 1400 142 1405 143 1405 178 1401 196 1406 205 1408 206 1408 207 1408 225 1406 260 1401 269 1406 276 1409 277 1409 278 1409 295 1406 308 1403 320 1406 332 1409 333 1409 334 1409 354 1406 380 1402 419 1406 460 1410 461 1410 462 1410 469 1406 475 1403 487 1406 508 1411 509 1411 551 1406 570 1404 577 1406 591 1411 592 1411 593 1411 613 1406 615 1406 616 1406 625 1412 626 1412 627 1412 628 1413 685 1413 685 1412 716 1406 725 1405 730 1406 750 1413 751 1413 752 1413 840 1406 841 1395 841 1365 810 1364 795 1352 794 1352 793 1352 770 1351 769 1351 768 1351 743 1360 733 1352 732 1352 731 1352 730 1352 702 1358 690 1350 689 1350 688 1350 687 1350 686 1350 647 1362 623 1359 612 1349 611 1349 610 1349 609 1349 608 1349 594 1354 574 1349 573 1349 572 1349 571 1349 548 1360 523 1349 522 1349 521 1349 467 1360 452 1348 451 1348 450 1348 449 1348 304 1359 286 1347 285 1347 284 1347 283 1347 282 1347 248 1358 189 1349 188 1349 187 1349 166 1358 147 1350 146 1350 145 1350 144 1350 122 1357 103 1345 102 1345 101 1345 61 1345 60 1345 59 1345 34 1357 34 1388"/></Shape>
	    <String CONTENT="ſuis auditoribus. Cui adduntur quæ dam e¬"
                    HPOS="34.0"
                    VPOS="1345.0"
                    WIDTH="807.0"
                    HEIGHT="68.0"
                    WC="0.9937651360907206"></String>
          </TextLine>
          <TextLine ID="line_30"
                    TAGREFS="LT8"
                    BASELINE="35 1437 844 1443" 
                    HPOS="34.0"
                    VPOS="1396.0"
                    WIDTH="810.0"
                    HEIGHT="65.0">
            <Shape><Polygon POINTS="35 1437 34 1448 95 1456 96 1456 140 1450 169 1457 170 1457 171 1457 215 1451 257 1456 258 1456 287 1451 289 1451 290 1451 306 1458 307 1458 308 1458 309 1458 310 1458 320 1452 340 1452 358 1452 366 1458 367 1458 368 1458 369 1458 430 1452 438 1452 442 1453 466 1459 467 1459 468 1460 502 1460 502 1459 503 1459 504 1459 512 1453 513 1453 518 1453 578 1460 579 1460 615 1454 619 1454 620 1454 632 1460 633 1460 634 1460 635 1460 650 1455 655 1460 656 1460 657 1460 658 1460 717 1455 725 1455 727 1455 740 1461 741 1461 742 1461 843 1456 844 1443 843 1401 797 1402 796 1402 763 1412 739 1401 738 1401 737 1401 718 1401 717 1401 716 1401 715 1401 700 1412 643 1412 626 1402 622 1400 621 1400 620 1400 619 1400 618 1400 615 1402 601 1411 514 1411 503 1403 498 1399 497 1399 496 1399 495 1399 473 1403 444 1409 433 1404 420 1398 419 1398 348 1398 347 1398 347 1398 331 1404 318 1409 301 1405 271 1397 270 1397 269 1397 268 1397 249 1405 241 1409 211 1409 206 1405 202 1402 201 1402 200 1402 199 1402 198 1402 186 1405 180 1407 178 1406 166 1396 165 1396 164 1396 163 1396 162 1396 141 1406 138 1408 92 1408 89 1406 75 1398 74 1398 73 1398 35 1406 35 1437"/></Shape>
	    <String CONTENT="tiam ſpecialia ad Timotheum ſic pertinen¬"
                    HPOS="34.0"
                    VPOS="1396.0"
                    WIDTH="810.0"
                    HEIGHT="65.0"
                    WC="0.9985999057932597"></String>
          </TextLine>
          <TextLine ID="line_31"
                    TAGREFS="LT8"
                    BASELINE="34 1486 843 1494" 
                    HPOS="33.0"
                    VPOS="1447.0"
                    WIDTH="810.0"
                    HEIGHT="66.0">
            <Shape><Polygon POINTS="34 1486 33 1497 56 1505 57 1505 58 1505 89 1499 99 1506 100 1506 101 1506 102 1507 136 1507 136 1506 137 1506 138 1506 148 1500 235 1500 253 1508 254 1508 255 1508 291 1501 302 1508 303 1508 303 1508 338 1509 339 1509 438 1502 458 1502 470 1510 471 1510 472 1510 473 1510 532 1503 567 1511 568 1511 569 1511 639 1504 651 1511 651 1511 652 1511 653 1511 692 1505 704 1512 705 1512 706 1512 805 1513 806 1513 842 1505 843 1494 841 1455 824 1463 743 1463 729 1455 724 1452 723 1452 687 1452 686 1452 685 1452 684 1452 681 1455 675 1459 657 1455 654 1454 653 1454 652 1454 651 1454 650 1455 637 1460 618 1454 606 1451 605 1451 604 1451 582 1454 555 1459 547 1454 540 1450 539 1450 538 1450 537 1450 536 1450 520 1454 504 1459 462 1459 451 1454 438 1449 437 1449 402 1449 401 1449 400 1449 382 1454 367 1458 317 1454 235 1447 197 1447 196 1447 195 1447 177 1454 171 1456 34 1454 34 1486"/></Shape>
	    <String CONTENT="tia, vt in illius perſona omniũ miniſtrorum"
                    HPOS="33.0"
                    VPOS="1447.0"
                    WIDTH="810.0"
                    HEIGHT="66.0"
                    WC="0.9949290413748134"></String>
          </TextLine>
          <TextLine ID="line_32"
                    TAGREFS="LT8"
                    BASELINE="34 1536 328 1536" 
                    HPOS="34.0"
                    VPOS="1496.0"
                    WIDTH="294.0"
                    HEIGHT="74.0">
            <Shape><Polygon POINTS="34 1536 34 1558 43 1563 44 1563 45 1563 46 1563 58 1559 70 1555 102 1555 114 1560 132 1569 133 1569 134 1569 135 1569 136 1569 147 1561 156 1555 171 1562 186 1569 187 1569 188 1570 249 1570 249 1569 250 1569 251 1569 251 1568 256 1564 264 1555 280 1555 289 1560 290 1560 291 1560 292 1560 312 1557 325 1566 328 1536 325 1498 315 1506 214 1506 204 1499 203 1499 202 1499 201 1499 200 1499 199 1499 184 1505 176 1499 173 1496 172 1496 171 1496 141 1496 140 1496 139 1496 132 1500 121 1506 102 1506 95 1500 91 1496 90 1496 89 1496 88 1496 34 1500 34 1536"/></Shape>
	    <String CONTENT="idea formetur."
                    HPOS="34.0"
                    VPOS="1496.0"
                    WIDTH="294.0"
                    HEIGHT="74.0"
                    WC="0.9987967440060207"></String>
          </TextLine>
        </TextBlock>
        <TextBlock HPOS="601"
                   VPOS="1552"
                   WIDTH="91"
                   HEIGHT="56"
                   ID="block_1"
                   TAGREFS="BT17">
          <Shape><Polygon POINTS="692 1552 692 1608 601 1608 601 1552"/></Shape>
          <TextLine ID="line_34"
                    TAGREFS="LT8"
                    BASELINE="608 1590 683 1588" 
                    HPOS="605"
                    VPOS="1552"
                    WIDTH="76"
                    HEIGHT="68">
            <Shape><Polygon POINTS="620 1552 618 1552 605 1558 607 1589 607 1620 681 1620 681 1586 677 1561 645 1561 643 1560 633 1552 620 1552"/></Shape>
	    <String CONTENT="F 2"
                    HPOS="605"
                    VPOS="1552"
                    WIDTH="76"
                    HEIGHT="68"
                    WC="0.9988770286242167"></String>
          </TextLine>
        </TextBlock>
      </PrintSpace>
    </Page>
  </Layout>
</alto>
