<?xml version="1.0" encoding="UTF-8"?>
<alto xmlns:xsi="http://www.w3.org/2001/XMLSchema-instance"
      xmlns="http://www.loc.gov/standards/alto/ns-v4#"
      xsi:schemaLocation="http://www.loc.gov/standards/alto/ns-v4# http://www.loc.gov/standards/alto/v4/alto-4-2.xsd">
  <Description>
    <MeasurementUnit>pixel</MeasurementUnit>
    <sourceImageInformation>
      <fileName>bsb10313792_00019.jpg</fileName>
    </sourceImageInformation>
  </Description>
  <Tags>
    <OtherTag ID="BT7" LABEL="CustomZone" DESCRIPTION="block type CustomZone"/><OtherTag ID="BT8" LABEL="DamageZone" DESCRIPTION="block type DamageZone"/><OtherTag ID="BT9" LABEL="DigitizationArtefactZone" DESCRIPTION="block type DigitizationArtefactZone"/><OtherTag ID="BT10" LABEL="DropCapitalZone" DESCRIPTION="block type DropCapitalZone"/><OtherTag ID="BT11" LABEL="GraphicZone" DESCRIPTION="block type GraphicZone"/><OtherTag ID="BT12" LABEL="MainZone" DESCRIPTION="block type MainZone"/><OtherTag ID="BT13" LABEL="MarginTextZone" DESCRIPTION="block type MarginTextZone"/><OtherTag ID="BT14" LABEL="MusicZone" DESCRIPTION="block type MusicZone"/><OtherTag ID="BT15" LABEL="NumberingZone" DESCRIPTION="block type NumberingZone"/><OtherTag ID="BT17" LABEL="QuireMarksZone" DESCRIPTION="block type QuireMarksZone"/><OtherTag ID="BT18" LABEL="RunningTitleZone" DESCRIPTION="block type RunningTitleZone"/><OtherTag ID="BT19" LABEL="SealZone" DESCRIPTION="block type SealZone"/><OtherTag ID="BT20" LABEL="StampZone" DESCRIPTION="block type StampZone"/><OtherTag ID="BT21" LABEL="TableZone" DESCRIPTION="block type TableZone"/><OtherTag ID="BT22" LABEL="TitlePageZone" DESCRIPTION="block type TitlePageZone"/><OtherTag ID="BT1851" LABEL="MainZone-P" DESCRIPTION="block type MainZone-P"/><OtherTag ID="BT1852" LABEL="MainZone-Head" DESCRIPTION="block type MainZone-Head"/><OtherTag ID="BT1853" LABEL="MainZone-P-Continued" DESCRIPTION="block type MainZone-P-Continued"/><OtherTag ID="BT1854" LABEL="MarginTextZone-ManuscriptAddendum" DESCRIPTION="block type MarginTextZone-ManuscriptAddendum"/><OtherTag ID="BT1855" LABEL="text" DESCRIPTION="block type text"/><OtherTag ID="BT1856" LABEL="MainZone-Entry" DESCRIPTION="block type MainZone-Entry"/><OtherTag ID="BT1857" LABEL="MainZone-Entry-Continued" DESCRIPTION="block type MainZone-Entry-Continued"/><OtherTag ID="BT1877" LABEL="GraphicZone-Decoration" DESCRIPTION="block type GraphicZone-Decoration"/><OtherTag ID="BT1894" LABEL="MainZone-Other" DESCRIPTION="block type MainZone-Other"/>
    <OtherTag ID="LT7" LABEL="CustomLine" DESCRIPTION="line type CustomLine"/><OtherTag ID="LT8" LABEL="DefaultLine" DESCRIPTION="line type DefaultLine"/><OtherTag ID="LT9" LABEL="DropCapitalLine" DESCRIPTION="line type DropCapitalLine"/><OtherTag ID="LT10" LABEL="HeadingLine" DESCRIPTION="line type HeadingLine"/><OtherTag ID="LT11" LABEL="InterlinearLine" DESCRIPTION="line type InterlinearLine"/><OtherTag ID="LT12" LABEL="MusicLine" DESCRIPTION="line type MusicLine"/><OtherTag ID="LT636" LABEL="default" DESCRIPTION="line type default"/>
  </Tags>
  <Layout>
    <Page WIDTH="1050"
          HEIGHT="1754"
          PHYSICAL_IMG_NR="3"
          ID="eSc_dummypage_">
      <PrintSpace HPOS="0"
                  VPOS="0"
                  WIDTH="1050"
                  HEIGHT="1754">
        <TextBlock HPOS="62"
                   VPOS="102"
                   WIDTH="806"
                   HEIGHT="441"
                   ID="block_2"
                   TAGREFS="BT1853">
          <Shape><Polygon POINTS="868 102 868 543 62 543 62 102"/></Shape>
          <TextLine ID="line_1"
                    TAGREFS="LT8"
                    BASELINE="64 129 857 138" 
                    HPOS="64"
                    VPOS="99"
                    WIDTH="793"
                    HEIGHT="59">
            <Shape><Polygon POINTS="586 99 556 106 543 99 542 99 532 99 495 105 466 99 464 99 458 99 445 105 444 105 443 105 426 99 425 99 415 99 405 99 390 104 390 105 332 105 330 104 315 99 308 99 298 99 288 99 282 99 262 103 259 103 258 103 250 99 249 99 239 99 230 99 220 99 210 99 200 99 195 99 190 102 185 102 153 99 152 99 142 99 132 99 122 99 113 99 103 99 93 99 83 99 74 99 73 99 64 100 64 129 64 146 238 143 280 148 315 152 316 152 317 152 327 149 336 145 346 149 356 152 357 152 358 152 359 152 371 149 380 146 386 149 390 152 391 152 392 152 393 152 394 152 404 150 417 145 470 150 474 150 475 150 476 150 477 150 482 146 492 150 496 152 497 152 498 152 516 150 533 149 536 151 543 155 544 155 545 155 571 151 591 147 621 147 626 151 633 156 634 156 635 156 681 157 682 157 683 157 697 152 700 150 705 152 715 156 716 156 769 158 770 158 856 152 857 138 856 110 770 100 714 100 713 100 712 100 699 108 698 108 694 108 661 103 620 107 615 107 614 107 595 99 590 99"/></Shape>
	    <String CONTENT="manebant, quos vocat Epiſcopos Apoſto¬"
                    HPOS="64"
                    VPOS="99"
                    WIDTH="793"
                    HEIGHT="59"
                    WC="0.9887666514045313"></String>
          </TextLine>
          <TextLine ID="line_2"
                    TAGREFS="LT8"
                    BASELINE="65 179 857 187" 
                    HPOS="65.0"
                    VPOS="139.0"
                    WIDTH="792.0"
                    HEIGHT="68.0">
            <Shape><Polygon POINTS="857 187 856 158 750 157 747 155 732 146 731 146 730 146 729 146 728 146 727 146 716 154 712 157 667 157 657 152 632 145 631 145 569 145 568 145 567 145 554 151 546 154 510 154 502 150 491 144 490 144 461 143 460 143 459 143 445 148 429 153 352 153 322 145 321 145 320 145 319 145 317 145 279 152 268 144 265 141 264 141 263 141 262 141 230 143 190 145 171 141 163 140 138 140 137 140 136 140 135 140 112 151 66 139 65 179 65 195 91 191 100 196 105 198 106 198 107 199 143 199 143 198 144 198 149 196 158 191 167 196 176 200 177 200 178 201 200 201 200 200 201 200 202 200 208 196 214 192 236 192 246 196 257 200 258 200 259 200 260 200 270 196 277 193 321 193 338 196 363 201 364 201 365 201 381 196 389 194 460 194 467 196 486 203 487 203 583 204 583 204 584 204 601 197 620 203 621 203 622 203 622 203 642 197 643 197 660 203 661 203 661 203 662 203 679 199 731 205 732 205 733 205 734 205 741 200 780 206 781 207 824 207 824 206 825 206 856 197 857 187"/></Shape>
	    <String CONTENT="lus, &amp; poſtera ætas. Euangeliſtæ iidem vi¬"
                    HPOS="65.0"
                    VPOS="139.0"
                    WIDTH="792.0"
                    HEIGHT="68.0"
                    WC="0.9947635162444342"></String>
          </TextLine>
          <TextLine ID="line_3"
                    TAGREFS="LT8"
                    BASELINE="66 228 366 228 857 237" 
                    HPOS="65.0"
                    VPOS="188.0"
                    WIDTH="792.0"
                    HEIGHT="68.0">
            <Shape><Polygon POINTS="66 228 65 244 141 247 142 247 143 247 150 245 179 238 219 238 229 246 230 247 231 247 232 247 233 247 233 247 237 246 262 240 311 240 361 247 373 249 374 249 375 249 378 248 388 242 404 248 410 250 411 250 412 250 413 250 421 248 444 242 468 249 481 252 482 252 483 252 517 251 518 251 519 251 521 249 529 243 546 249 557 253 558 253 559 253 560 253 569 250 584 244 685 245 697 251 706 255 707 255 708 256 750 256 750 255 751 255 752 255 757 251 764 247 773 252 781 256 782 256 783 256 784 256 785 256 791 252 793 251 795 252 805 256 806 256 807 256 856 252 857 237 857 207 814 201 813 201 812 201 803 206 802 206 801 206 780 196 779 196 778 196 718 204 707 205 693 204 612 194 611 194 535 201 518 202 509 200 473 192 450 192 449 192 448 192 447 192 438 199 435 201 426 199 390 191 389 191 388 191 369 198 368 198 367 198 339 191 338 191 313 197 304 199 286 196 257 192 256 192 255 192 246 196 242 198 237 196 232 193 231 193 230 193 229 193 228 193 225 195 220 198 184 195 163 193 162 193 152 194 128 197 118 194 101 188 100 188 99 188 66 192 66 228"/></Shape>
	    <String CONTENT="dentur cum doctoribus qui Euangelium"
                    HPOS="65.0"
                    VPOS="188.0"
                    WIDTH="792.0"
                    HEIGHT="68.0"
                    WC="0.9868423044681549"></String>
          </TextLine>
          <TextLine ID="line_4"
                    TAGREFS="LT8"
                    BASELINE="67 276 855 285" 
                    HPOS="66.0"
                    VPOS="238.0"
                    WIDTH="789.0"
                    HEIGHT="64.0">
            <Shape><Polygon POINTS="847 258 846 256 814 256 813 255 802 246 801 246 800 246 799 246 798 246 780 254 779 255 777 254 767 249 766 249 765 249 764 249 753 254 752 254 734 254 634 249 633 249 609 251 593 253 583 251 554 244 553 244 552 244 551 244 543 250 540 253 506 253 492 250 454 242 453 242 424 248 421 249 420 248 411 241 410 241 409 241 390 241 389 241 388 241 388 241 379 248 374 250 331 250 327 247 319 240 318 240 317 240 316 240 227 244 182 239 181 239 180 239 165 244 155 248 145 244 143 243 142 243 141 243 130 244 112 245 108 243 101 238 100 238 99 238 98 238 67 242 67 276 66 291 243 295 244 295 259 294 322 289 410 296 412 296 413 296 415 296 504 291 517 298 520 299 521 299 522 300 565 300 565 299 566 299 567 299 567 298 575 293 583 299 583 299 584 299 585 299 586 299 587 299 601 293 660 298 661 298 661 298 679 293 700 300 700 300 701 300 702 300 750 295 758 300 759 300 760 300 854 302 855 285 855 256 847 256 847 258"/></Shape>
	    <String CONTENT="circunferebant: ſed nos eos vocamus ho¬"
                    HPOS="66.0"
                    VPOS="238.0"
                    WIDTH="789.0"
                    HEIGHT="64.0"
                    WC="0.9955769655032035"></String>
          </TextLine>
          <TextLine ID="line_5"
                    TAGREFS="LT8"
                    BASELINE="71 327 857 336" 
                    HPOS="70.0"
                    VPOS="287.0"
                    WIDTH="787.0"
                    HEIGHT="65.0">
            <Shape><Polygon POINTS="71 327 70 339 112 343 113 343 114 343 115 343 120 340 120 339 121 340 128 344 129 344 130 344 131 344 174 341 186 345 187 345 188 345 329 341 367 340 371 341 387 347 388 347 388 347 389 347 411 342 417 340 419 342 428 348 429 348 430 348 431 348 488 342 499 341 505 342 535 349 536 349 537 349 580 343 596 350 597 350 598 350 670 343 673 343 674 343 681 347 682 347 683 347 684 347 744 346 779 352 780 352 839 351 840 351 856 343 857 336 857 306 785 306 783 305 768 294 767 294 766 294 693 294 692 294 691 294 671 304 671 305 631 305 630 304 622 298 622 298 621 298 620 298 546 303 539 303 537 303 505 291 505 291 459 291 458 291 457 291 443 298 387 295 386 295 385 295 374 300 333 289 332 289 331 289 330 289 305 296 280 289 279 289 278 289 238 296 226 291 225 291 224 291 223 291 209 298 182 288 181 288 180 288 179 288 178 288 162 298 161 299 155 298 84 287 83 287 82 287 81 287 71 294 71 327"/></Shape>
	    <String CONTENT="die propriè Euangeliſtas, qui hiſtoriam"
                    HPOS="70.0"
                    VPOS="287.0"
                    WIDTH="787.0"
                    HEIGHT="65.0"
                    WC="0.9961165189743042"></String>
          </TextLine>
          <TextLine ID="line_6"
                    TAGREFS="LT8"
                    BASELINE="72 377 857 384" 
                    HPOS="71.0"
                    VPOS="338.0"
                    WIDTH="786.0"
                    HEIGHT="61.0">
            <Shape><Polygon POINTS="72 377 71 384 96 393 97 393 98 394 203 394 203 393 204 393 219 387 246 394 247 394 248 394 347 389 365 388 382 389 435 394 436 394 471 391 479 390 481 391 490 397 491 397 492 397 493 397 539 393 564 398 565 398 566 398 567 398 575 392 577 391 629 391 633 393 639 397 640 397 641 397 642 397 661 393 665 393 667 394 681 399 682 399 683 399 856 396 857 384 855 350 768 353 761 348 754 343 753 343 752 343 751 343 720 348 714 348 705 347 654 343 653 343 652 343 643 347 634 352 565 352 553 345 544 342 544 342 543 342 542 342 541 342 535 345 527 350 479 345 478 345 477 345 466 350 431 344 417 342 416 342 401 343 367 349 352 343 345 340 344 340 318 340 317 340 316 340 315 340 312 343 306 347 208 347 182 341 170 338 169 338 168 338 154 341 122 346 114 340 113 339 112 339 111 339 110 339 72 339 72 377"/></Shape>
	    <String CONTENT="Chriſti viuentis in his terris conſcripſerunt:"
                    HPOS="71.0"
                    VPOS="338.0"
                    WIDTH="786.0"
                    HEIGHT="61.0"
                    WC="0.9844246092049972"></String>
          </TextLine>
          <TextLine ID="line_7"
                    TAGREFS="LT8"
                    BASELINE="74 425 856 432" 
                    HPOS="73.0"
                    VPOS="387.0"
                    WIDTH="783.0"
                    HEIGHT="63.0">
            <Shape><Polygon POINTS="74 425 73 436 122 443 123 443 175 438 181 438 185 438 210 444 211 444 347 441 407 440 430 442 462 446 463 446 532 444 609 442 622 446 631 448 632 448 633 448 667 446 731 443 741 448 744 449 745 449 746 450 795 450 795 449 796 449 797 449 803 445 808 449 809 449 810 449 811 450 855 450 856 432 855 402 821 403 816 401 799 393 798 393 773 393 772 393 771 393 770 393 759 400 758 401 757 400 739 392 738 392 738 392 737 392 716 400 711 401 700 399 677 396 676 396 657 399 636 402 631 398 622 391 622 391 621 391 600 391 599 391 598 391 597 391 587 398 582 402 522 402 508 397 501 394 500 394 499 394 498 394 491 396 480 400 474 396 466 390 465 390 464 390 463 390 439 396 429 398 426 395 418 390 417 390 416 390 368 389 367 389 366 389 365 389 358 395 351 400 302 400 293 394 286 388 285 388 284 388 283 388 257 393 232 399 188 399 177 392 170 387 169 387 168 387 167 387 166 387 152 392 144 394 138 391 129 387 128 387 127 387 74 390 74 425"/></Shape>
	    <String CONTENT="&amp; doctores prius ſcholarum eſt vocabulum:"
                    HPOS="73.0"
                    VPOS="387.0"
                    WIDTH="783.0"
                    HEIGHT="63.0"
                    WC="0.9963912789414568"></String>
          </TextLine>
          <TextLine ID="line_8"
                    TAGREFS="LT8"
                    BASELINE="81 474 854 483" 
                    HPOS="81.0"
                    VPOS="435.0"
                    WIDTH="773.0"
                    HEIGHT="69.0">
            <Shape><Polygon POINTS="853 446 819 442 818 442 817 442 816 442 813 445 803 453 781 453 773 445 770 442 769 442 768 442 767 442 766 442 765 442 762 445 753 452 733 452 724 444 720 441 719 441 718 441 717 441 675 444 623 447 609 443 595 439 594 439 593 439 575 443 567 444 558 442 543 439 542 439 541 439 534 442 529 445 524 442 519 439 518 439 517 439 473 438 472 438 471 438 470 438 466 441 457 449 426 449 388 441 368 437 367 437 344 440 322 443 308 440 292 436 291 436 290 436 289 436 285 439 275 447 257 447 246 439 241 435 240 435 239 435 238 435 237 435 229 439 214 446 177 446 167 438 165 436 164 436 163 436 162 436 161 436 154 438 132 445 93 445 83 437 81 474 81 495 100 486 159 495 167 496 168 496 169 496 173 495 194 491 203 496 204 496 205 496 206 497 246 497 246 496 247 496 265 488 338 488 387 496 388 496 388 496 404 490 425 495 426 495 427 495 509 491 534 497 535 497 536 497 537 497 557 491 572 497 573 497 574 497 646 492 677 501 680 502 681 502 682 502 683 502 685 501 703 494 715 501 716 501 717 501 718 501 719 501 745 493 765 502 767 503 768 503 769 504 853 504 854 483 853 446"/></Shape>
	    <String CONTENT="miniſter hodie ſolùm Eccleſiæ relictum eſt,"
                    HPOS="81.0"
                    VPOS="435.0"
                    WIDTH="773.0"
                    HEIGHT="69.0"
                    WC="0.9930511550469832"></String>
          </TextLine>
          <TextLine ID="line_9"
                    TAGREFS="LT8"
                    BASELINE="86 523 552 528" 
                    HPOS="85.0"
                    VPOS="482.0"
                    WIDTH="467.0"
                    HEIGHT="63.0">
            <Shape><Polygon POINTS="547 499 539 499 539 498 522 486 521 486 520 486 519 486 518 486 491 498 490 498 438 498 438 497 426 487 426 486 425 486 424 486 423 486 422 486 421 486 415 490 409 485 408 485 407 485 406 485 405 485 386 491 366 485 365 485 275 484 274 484 273 484 272 484 262 494 216 495 202 495 201 495 183 486 182 486 181 486 180 486 156 495 155 495 127 495 125 495 102 482 101 482 100 482 99 482 98 482 86 491 86 523 85 533 108 533 118 542 119 542 120 542 121 542 160 538 179 543 180 543 181 543 304 536 340 544 341 544 342 544 362 536 380 544 381 544 382 544 383 544 394 537 401 543 401 544 402 544 403 544 435 545 436 545 437 545 455 537 512 545 513 545 514 545 515 545 515 544 521 539 534 543 535 543 536 543 537 543 551 537 552 528 551 526 547 499"/></Shape>
	    <String CONTENT="de quibus alibi dictum eſt."
                    HPOS="85.0"
                    VPOS="482.0"
                    WIDTH="467.0"
                    HEIGHT="63.0"
                    WC="0.9808709290292528"></String>
          </TextLine>
        </TextBlock>
        <TextBlock HPOS="140"
                   VPOS="50"
                   WIDTH="629"
                   HEIGHT="52"
                   ID="block_0"
                   TAGREFS="BT18">
          <Shape><Polygon POINTS="769 50 769 102 140 102 140 50"/></Shape>
          <TextLine ID="line_0"
                    TAGREFS="LT8"
                    BASELINE="141 82 773 91" 
                    HPOS="138"
                    VPOS="51"
                    WIDTH="634"
                    HEIGHT="54">
            <Shape><Polygon POINTS="709 51 153 51 138 92 245 102 769 105 772 90 772 55 709 51"/></Shape>
	    <String CONTENT="IN I. EPIST. AD TIMOTH."
                    HPOS="138"
                    VPOS="51"
                    WIDTH="634"
                    HEIGHT="54"
                    WC="0.995801207811936"></String>
          </TextLine>
        </TextBlock>
        <TextBlock HPOS="119"
                   VPOS="543"
                   WIDTH="482"
                   HEIGHT="53"
                   ID="block_1"
                   TAGREFS="BT1852">
          <Shape><Polygon POINTS="601 543 601 596 119 596 119 543"/></Shape>
          <TextLine ID="line_10"
                    TAGREFS="LT8"
                    BASELINE="122 580 598 582" 
                    HPOS="121.0"
                    VPOS="541.0"
                    WIDTH="477.0"
                    HEIGHT="56.0">
            <Shape><Polygon POINTS="122 580 121 590 135 596 136 596 137 596 177 591 308 596 309 596 330 591 335 595 335 596 336 596 337 596 338 596 458 592 483 597 484 597 485 597 495 592 579 597 580 597 581 597 597 591 598 582 597 553 499 547 498 547 452 552 448 552 447 552 426 542 425 542 424 542 293 551 292 551 271 541 270 541 241 541 240 541 239 541 238 541 238 542 229 551 179 544 178 544 177 544 153 551 152 551 144 544 144 543 143 543 142 543 141 543 140 543 122 550 122 580"/></Shape>
	    <String CONTENT="Secundum ordinationem."
                    HPOS="121.0"
                    VPOS="541.0"
                    WIDTH="477.0"
                    HEIGHT="56.0"
                    WC="0.9972858726978302"></String>
          </TextLine>
        </TextBlock>
        <TextBlock HPOS="86"
                   VPOS="599"
                   WIDTH="779"
                   HEIGHT="589"
                   ID="block_4"
                   TAGREFS="BT1851">
          <Shape><Polygon POINTS="865 599 865 1188 86 1188 86 599"/></Shape>
          <TextLine ID="line_11"
                    TAGREFS="LT8"
                    BASELINE="136 633 855 638" 
                    HPOS="135.0"
                    VPOS="591.0"
                    WIDTH="720.0"
                    HEIGHT="67.0">
            <Shape><Polygon POINTS="135 643 194 651 195 651 196 651 197 651 208 645 217 649 218 649 219 649 333 646 348 652 349 652 350 652 410 646 414 646 415 646 426 655 427 655 427 655 428 655 563 651 577 656 578 656 579 656 580 656 581 656 592 648 615 656 616 656 617 656 618 656 637 648 639 648 645 648 712 657 713 658 740 658 740 657 741 657 742 657 755 649 756 648 760 649 781 653 782 653 855 649 855 638 854 606 836 606 832 605 802 594 801 594 800 594 777 595 777 595 762 604 756 607 713 607 698 602 663 593 662 593 661 593 584 597 569 592 568 592 567 592 566 592 545 599 543 600 541 599 533 594 532 594 531 594 530 594 529 594 521 599 516 601 511 598 502 594 501 594 500 594 479 598 476 598 473 598 459 593 458 593 457 593 456 593 455 593 450 597 441 605 425 605 397 596 381 591 380 591 379 591 360 595 329 603 298 598 297 598 179 602 137 591 136 633 135 643"/></Shape>
	    <String CONTENT="Vocationis ſuæ ad Apoſtolatum profert"
                    HPOS="135.0"
                    VPOS="591.0"
                    WIDTH="720.0"
                    HEIGHT="67.0"
                    WC="0.9998789397445885"></String>
          </TextLine>
          <TextLine ID="line_12"
                    TAGREFS="LT8"
                    BASELINE="96 678 854 686" 
                    HPOS="95.0"
                    VPOS="642.0"
                    WIDTH="759.0"
                    HEIGHT="62.0">
            <Shape><Polygon POINTS="96 678 95 692 191 698 192 698 251 693 283 691 311 694 344 697 345 697 346 697 347 697 350 694 353 692 467 692 471 694 487 701 488 701 489 701 514 696 570 702 571 702 616 695 620 695 622 695 637 701 638 701 639 701 640 701 659 696 666 702 666 703 667 703 668 703 669 704 694 704 694 703 695 703 696 703 706 696 727 703 728 703 729 703 785 697 794 704 795 704 796 704 797 704 853 696 854 686 853 648 760 656 709 651 708 651 654 654 639 647 638 647 562 646 561 646 556 646 494 653 479 648 478 648 477 648 440 652 387 645 379 644 378 644 368 645 301 651 272 644 268 643 267 643 224 643 223 643 222 643 221 643 221 644 209 651 192 651 175 643 172 642 171 642 170 642 169 642 165 643 142 649 96 643 96 678"/></Shape>
	    <String CONTENT="autorem Deum Patrem &amp; Filium eius Ie¬"
                    HPOS="95.0"
                    VPOS="642.0"
                    WIDTH="759.0"
                    HEIGHT="62.0"
                    WC="0.9903881743147567"></String>
          </TextLine>
          <TextLine ID="line_13"
                    TAGREFS="LT8"
                    BASELINE="93 727 855 735" 
                    HPOS="92.0"
                    VPOS="689.0"
                    WIDTH="763.0"
                    HEIGHT="62.0">
            <Shape><Polygon POINTS="844 724 839 707 829 707 828 706 814 697 813 697 812 697 811 697 810 697 785 705 781 706 778 705 761 696 760 696 738 696 738 696 737 696 722 703 718 706 672 706 668 702 661 695 660 695 659 695 642 695 641 695 640 695 639 695 631 701 627 705 578 705 552 699 523 694 487 694 486 694 485 694 478 698 469 703 410 703 398 696 392 693 391 693 390 693 389 693 382 695 362 702 285 702 270 693 268 691 267 691 266 691 232 691 231 691 230 691 227 692 202 700 189 691 188 690 187 690 186 690 185 690 177 691 147 694 93 689 93 727 92 738 189 746 190 746 254 741 269 740 272 741 288 747 289 747 290 748 335 748 335 747 357 742 369 740 393 743 436 748 437 748 459 744 474 741 513 745 570 750 571 750 572 750 583 746 586 744 589 746 595 750 596 750 597 750 598 750 622 746 634 744 638 746 643 750 644 750 645 750 646 750 661 747 668 745 675 747 688 751 689 751 690 751 691 751 704 747 716 744 730 748 738 750 738 750 739 750 740 750 746 748 756 745 854 749 855 735 855 707 848 707 844 724"/></Shape>
	    <String CONTENT="ſum Chriſtum. Deus Pater vt fons eſt om¬"
                    HPOS="92.0"
                    VPOS="689.0"
                    WIDTH="763.0"
                    HEIGHT="62.0"
                    WC="0.9981290832161903"></String>
          </TextLine>
          <TextLine ID="line_14"
                    TAGREFS="LT8"
                    BASELINE="93 776 855 783" 
                    HPOS="92.0"
                    VPOS="741.0"
                    WIDTH="763.0"
                    HEIGHT="61.0">
            <Shape><Polygon POINTS="844 771 838 753 815 748 814 748 783 755 779 756 774 755 738 746 687 746 686 746 685 746 666 753 665 753 653 746 652 746 651 746 612 751 598 745 597 745 596 745 595 745 582 751 578 754 530 754 520 750 505 744 505 744 504 744 503 744 492 749 484 754 421 754 409 748 397 743 396 743 395 743 361 747 320 752 276 745 266 744 265 744 264 744 262 745 250 751 219 751 207 744 203 741 202 741 201 741 200 741 199 741 192 744 175 749 147 743 137 741 136 741 135 741 132 742 116 750 94 742 93 776 92 787 202 798 203 798 260 793 347 798 348 798 349 798 369 792 378 799 379 799 380 799 381 799 419 791 441 800 442 800 443 800 469 800 469 800 470 800 471 800 481 793 530 800 531 801 562 801 562 800 563 800 583 793 610 799 611 799 612 799 627 793 726 793 761 802 762 802 763 802 764 802 765 802 774 796 855 794 855 783 855 757 848 755 844 771"/></Shape>
	    <String CONTENT="nis boni, ex quo manauit æternum Dei con¬"
                    HPOS="92.0"
                    VPOS="741.0"
                    WIDTH="763.0"
                    HEIGHT="61.0"
                    WC="0.9994947212498363"></String>
          </TextLine>
          <TextLine ID="line_15"
                    TAGREFS="LT8"
                    BASELINE="89 826 856 832" 
                    HPOS="88.0"
                    VPOS="787.0"
                    WIDTH="768.0"
                    HEIGHT="62.0">
            <Shape><Polygon POINTS="89 826 88 837 225 845 226 845 289 839 290 839 350 846 351 846 413 840 416 840 420 840 490 847 491 848 529 848 529 847 530 847 531 847 539 841 540 841 610 841 611 842 619 847 620 847 621 847 622 847 622 847 631 842 632 842 639 842 706 848 707 848 730 843 733 843 738 843 775 848 776 848 777 848 793 844 797 843 801 844 816 849 816 849 817 849 855 844 856 832 856 803 810 803 808 801 786 793 785 793 784 793 783 793 768 800 747 800 733 800 732 800 711 792 710 792 709 792 644 799 613 801 607 798 598 791 597 791 596 791 595 791 549 797 515 800 505 796 496 791 495 791 494 791 462 795 449 796 445 794 437 791 436 791 435 791 434 791 427 794 412 800 378 793 362 790 361 790 360 790 359 790 356 792 347 800 311 794 310 794 287 799 274 791 272 789 272 789 271 789 270 789 259 790 206 798 194 789 193 789 192 789 191 789 190 789 168 798 132 788 131 788 89 787 89 826"/></Shape>
	    <String CONTENT="ſilium de ſaluandis electis. Ideo Pater dici¬"
                    HPOS="88.0"
                    VPOS="787.0"
                    WIDTH="768.0"
                    HEIGHT="62.0"
                    WC="0.9901806142595079"></String>
          </TextLine>
          <TextLine ID="line_16"
                    TAGREFS="LT8"
                    BASELINE="88 876 856 881" 
                    HPOS="87.0"
                    VPOS="838.0"
                    WIDTH="769.0"
                    HEIGHT="62.0">
            <Shape><Polygon POINTS="88 876 87 885 116 895 117 895 118 895 119 895 144 889 156 896 157 896 158 896 216 891 345 898 346 899 416 899 416 898 417 898 436 889 469 889 481 899 482 899 483 899 484 900 517 900 517 899 518 899 547 890 622 890 640 900 641 900 642 900 643 900 674 891 704 892 713 900 714 900 715 900 716 900 717 900 745 892 777 892 791 900 792 900 793 900 794 900 795 900 796 900 807 892 855 892 856 881 855 853 790 853 789 852 777 843 777 843 776 843 775 843 732 850 722 842 721 842 720 842 634 842 633 842 632 842 631 842 619 851 618 851 615 851 590 846 589 846 566 850 555 841 554 841 553 841 552 841 507 845 471 840 470 840 469 840 441 849 398 849 188 848 160 838 159 838 158 838 117 844 104 840 103 840 102 840 101 840 88 846 88 876"/></Shape>
	    <String CONTENT="tur ſaluator, quia per Chriſtum filium ſuum"
                    HPOS="87.0"
                    VPOS="838.0"
                    WIDTH="769.0"
                    HEIGHT="62.0"
                    WC="0.9929549098014832"></String>
          </TextLine>
          <TextLine ID="line_17"
                    TAGREFS="LT8"
                    BASELINE="86 924 854 930" 
                    HPOS="85.0"
                    VPOS="887.0"
                    WIDTH="769.0"
                    HEIGHT="65.0">
            <Shape><Polygon POINTS="86 924 85 937 132 938 151 946 152 946 153 946 288 941 319 940 324 941 342 948 343 948 344 948 414 943 443 941 452 944 469 949 470 949 471 949 495 944 506 942 518 945 535 949 536 949 537 949 565 945 592 942 599 946 605 950 606 950 607 950 608 950 609 950 622 946 637 943 659 947 671 949 672 949 684 947 709 943 716 948 718 950 719 950 720 950 721 950 722 950 729 948 736 946 738 948 741 951 742 951 743 951 744 952 804 952 804 951 813 949 837 944 851 950 854 930 854 904 798 892 760 892 759 892 758 892 757 892 743 903 742 903 725 898 724 898 723 898 700 902 672 891 671 891 650 891 649 891 648 891 647 891 629 902 628 902 591 894 590 894 511 901 510 901 469 889 468 889 467 889 402 891 401 891 379 900 328 888 327 888 326 888 306 899 162 899 141 887 140 887 139 887 86 898 86 924"/></Shape>
	    <String CONTENT="redemit mundum : filius autem dicitur ſpes,"
                    HPOS="85.0"
                    VPOS="887.0"
                    WIDTH="769.0"
                    HEIGHT="65.0"
                    WC="0.9948632037916849"></String>
          </TextLine>
          <TextLine ID="line_18"
                    TAGREFS="LT8"
                    BASELINE="89 975 855 979" 
                    HPOS="88.0"
                    VPOS="939.0"
                    WIDTH="767.0"
                    HEIGHT="60.0">
            <Shape><Polygon POINTS="89 975 88 990 99 995 100 995 101 996 149 996 149 995 150 995 151 995 159 989 160 988 162 989 173 994 174 994 175 994 176 994 196 989 197 989 207 995 208 995 209 995 210 996 237 996 237 995 238 995 250 990 302 989 341 989 347 989 399 996 400 996 439 990 444 989 445 990 453 995 454 995 455 995 456 995 457 995 458 995 466 990 466 989 470 990 509 997 510 997 557 990 559 990 652 990 653 990 662 998 663 998 664 998 665 999 830 999 830 998 831 998 855 990 855 979 855 947 817 942 816 942 816 942 815 942 810 946 803 952 785 952 777 946 775 944 774 944 773 944 772 944 771 944 770 944 766 946 760 950 754 946 749 944 748 944 747 944 746 944 745 944 742 946 734 952 695 952 680 946 664 941 663 941 604 941 603 941 577 946 557 950 538 946 511 941 510 941 509 941 496 946 486 950 479 946 471 942 470 942 400 940 399 940 398 940 384 946 376 949 184 949 179 946 169 939 168 939 167 939 166 939 165 939 164 939 155 946 153 947 148 946 125 939 124 939 123 939 89 945 89 975"/></Shape>
	    <String CONTENT="quia hunc vt mediatorem nobis propoſi¬"
                    HPOS="88.0"
                    VPOS="939.0"
                    WIDTH="767.0"
                    HEIGHT="60.0"
                    WC="0.9997225497898302"></String>
          </TextLine>
          <TextLine ID="line_19"
                    TAGREFS="LT8"
                    BASELINE="94 1024 850 1029" 
                    HPOS="93.0"
                    VPOS="989.0"
                    WIDTH="757.0"
                    HEIGHT="63.0">
            <Shape><Polygon POINTS="94 1024 93 1035 148 1036 164 1048 165 1048 166 1048 167 1048 198 1045 199 1045 200 1045 211 1037 212 1037 235 1043 236 1043 237 1043 238 1043 249 1039 265 1049 266 1049 267 1049 268 1049 310 1047 311 1047 311 1047 323 1039 324 1038 330 1039 370 1045 371 1045 398 1040 403 1039 416 1040 466 1044 467 1044 468 1044 475 1041 479 1039 545 1039 550 1042 564 1051 565 1051 566 1051 567 1051 649 1044 699 1052 700 1052 770 1051 798 1045 816 1041 848 1045 850 1029 848 1002 732 1003 728 1001 717 992 716 992 715 992 698 991 697 991 631 1000 622 1001 621 1000 615 996 614 996 613 996 612 996 592 1000 585 1001 584 1000 574 991 573 991 572 991 546 991 510 991 509 991 508 991 492 999 488 1001 476 999 437 992 436 992 435 992 420 999 418 999 417 999 388 990 387 990 347 990 346 990 345 990 333 995 314 990 313 990 312 990 311 990 295 998 291 1000 279 998 264 995 263 995 262 995 255 998 247 1000 193 999 190 997 172 989 171 989 170 989 94 996 94 1024"/></Shape>
	    <String CONTENT="tumſpe amplectimur. Eſt igitur ſpes, in¬"
                    HPOS="93.0"
                    VPOS="989.0"
                    WIDTH="757.0"
                    HEIGHT="63.0"
                    WC="0.9905066370964051"></String>
          </TextLine>
          <TextLine ID="line_20"
                    TAGREFS="LT8"
                    BASELINE="101 1072 856 1080" 
                    HPOS="100.0"
                    VPOS="1037.0"
                    WIDTH="756.0"
                    HEIGHT="64.0">
            <Shape><Polygon POINTS="842 1069 837 1050 816 1045 751 1044 750 1044 707 1051 694 1053 677 1050 638 1043 637 1043 605 1049 596 1050 591 1048 576 1042 575 1042 574 1042 538 1047 509 1051 473 1045 467 1045 466 1045 466 1045 465 1045 450 1050 381 1050 359 1043 350 1040 349 1040 348 1040 347 1040 338 1042 311 1049 204 1049 101 1037 101 1072 100 1082 149 1085 160 1094 161 1094 162 1094 212 1095 213 1095 214 1095 215 1095 227 1086 242 1094 243 1094 290 1096 291 1096 401 1090 462 1087 473 1092 487 1098 488 1098 489 1099 544 1099 544 1098 544 1098 554 1094 568 1088 583 1095 590 1098 591 1098 592 1098 593 1098 599 1095 611 1089 677 1097 689 1098 690 1098 691 1098 693 1097 707 1090 760 1090 855 1101 856 1080 856 1055 843 1051 842 1069"/></Shape>
	    <String CONTENT="dubitata expectatio vitæ æternæ, ex Dei"
                    HPOS="100.0"
                    VPOS="1037.0"
                    WIDTH="756.0"
                    HEIGHT="64.0"
                    WC="0.9945771373235263"></String>
          </TextLine>
          <TextLine ID="line_21"
                    TAGREFS="LT8"
                    BASELINE="99 1121 855 1128" 
                    HPOS="98"
                    VPOS="1086"
                    WIDTH="757"
                    HEIGHT="67">
            <Shape><Polygon POINTS="98 1134 257 1143 258 1143 298 1137 327 1148 328 1148 329 1148 406 1138 450 1148 451 1148 452 1148 453 1148 454 1148 464 1141 505 1139 522 1149 523 1149 524 1149 546 1150 547 1150 548 1150 549 1150 560 1142 588 1140 639 1151 640 1152 693 1152 693 1151 694 1151 711 1143 719 1147 720 1147 721 1147 722 1147 745 1144 757 1152 758 1152 759 1152 760 1153 811 1153 811 1152 812 1152 813 1152 824 1143 855 1141 855 1128 855 1102 827 1092 826 1092 790 1092 789 1092 788 1092 764 1100 738 1095 737 1095 736 1095 714 1101 707 1102 697 1100 639 1090 606 1090 605 1090 604 1090 603 1090 591 1099 588 1100 573 1099 529 1094 528 1094 495 1097 467 1100 380 1099 376 1096 373 1093 372 1093 371 1093 370 1093 334 1095 284 1098 278 1094 269 1087 268 1087 267 1087 266 1087 265 1087 245 1094 233 1098 204 1093 201 1093 200 1093 197 1093 173 1097 165 1093 155 1086 154 1086 153 1086 99 1091 99 1121"/></Shape>
	    <String CONTENT="miſericordia, quæ in nos per filium media¬"
                    HPOS="98"
                    VPOS="1086"
                    WIDTH="757"
                    HEIGHT="67"
                    WC="0.9990457821459997"></String>
          </TextLine>
          <TextLine ID="line_22"
                    TAGREFS="LT8"
                    BASELINE="101 1170 458 1175" 
                    HPOS="100"
                    VPOS="1162"
                    WIDTH="358"
                    HEIGHT="31">
            <Shape><Polygon POINTS="442 1162 432 1162 423 1162 413 1162 403 1162 393 1162 384 1162 374 1162 364 1162 354 1162 345 1162 335 1162 325 1162 315 1162 306 1162 296 1162 286 1162 276 1162 267 1162 257 1162 247 1162 237 1162 228 1162 218 1162 208 1162 198 1162 189 1162 179 1162 169 1162 159 1162 150 1162 140 1162 130 1162 120 1162 111 1162 101 1162 101 1170 100 1182 189 1190 190 1190 223 1186 267 1191 268 1191 269 1191 280 1185 281 1185 283 1185 314 1192 315 1192 347 1186 350 1186 356 1187 402 1193 403 1193 404 1193 405 1193 411 1188 413 1187 456 1188 458 1175 457 1162 452 1162"/></Shape>
	    <String CONTENT="torem tansfunditur."
                    HPOS="100"
                    VPOS="1162"
                    WIDTH="358"
                    HEIGHT="31"></String>
          </TextLine>
        </TextBlock>
        <TextBlock HPOS="827"
                   VPOS="78"
                   WIDTH="39"
                   HEIGHT="20"
                   ID="eSc_textblock_10a6e2f6"
                   TAGREFS="BT15">
          <Shape><Polygon POINTS="827 78 827 98 866 98 866 78"/></Shape>
          <TextLine ID="eSc_line_d825942a"
                    TAGREFS="LT8"
                    BASELINE="821 91 857 92" 
                    HPOS="821"
                    VPOS="57"
                    WIDTH="36"
                    HEIGHT="51">
            <Shape><Polygon POINTS="821 59 856 57 857 92 856 103 836 108 833 108 833 107 828 103 825 100 821 100"/></Shape>
	    <String CONTENT="11"
                    HPOS="821"
                    VPOS="57"
                    WIDTH="36"
                    HEIGHT="51"
                    WC="0.9999746680259705"></String>
          </TextLine>
        </TextBlock>
        <TextBlock HPOS="88"
                   VPOS="1192"
                   WIDTH="781"
                   HEIGHT="352"
                   ID="block_5"
                   TAGREFS="BT1851">
          <Shape><Polygon POINTS="869 1192 869 1544 88 1544 88 1192"/></Shape>
          <TextLine ID="line_23"
                    TAGREFS="LT8"
                    BASELINE="134 1221 854 1225" 
                    HPOS="133.0"
                    VPOS="1185.0"
                    WIDTH="721.0"
                    HEIGHT="57.0">
            <Shape><Polygon POINTS="134 1221 133 1231 164 1232 172 1239 173 1239 174 1239 175 1239 244 1234 263 1239 264 1239 265 1239 266 1239 267 1239 274 1233 289 1239 290 1239 291 1239 292 1239 311 1233 339 1239 340 1239 383 1235 424 1240 425 1240 426 1240 442 1235 470 1240 471 1240 472 1240 473 1240 482 1234 492 1241 493 1241 494 1241 495 1241 496 1241 519 1235 622 1241 622 1241 623 1241 637 1235 683 1242 684 1242 853 1235 854 1225 853 1201 798 1195 797 1195 764 1199 755 1200 753 1199 745 1193 744 1193 743 1193 742 1193 741 1193 723 1199 718 1200 715 1198 705 1193 704 1193 703 1193 677 1198 675 1198 674 1198 654 1187 653 1187 652 1187 601 1197 588 1199 578 1196 545 1187 544 1187 508 1187 507 1187 506 1187 505 1187 497 1193 481 1186 480 1186 416 1186 415 1186 414 1186 413 1186 404 1194 403 1194 395 1190 394 1190 393 1190 374 1193 346 1198 332 1193 331 1193 330 1193 329 1193 319 1198 242 1198 230 1191 218 1185 217 1185 216 1185 134 1189 134 1221"/></Shape>
	    <String CONTENT="Ἐπιταγὴ, autem dicitur mandatum, in¬"
                    HPOS="133.0"
                    VPOS="1185.0"
                    WIDTH="721.0"
                    HEIGHT="57.0"></String>
          </TextLine>
          <TextLine ID="line_24"
                    TAGREFS="LT8"
                    BASELINE="98 1268 855 1275" 
                    HPOS="98.0"
                    VPOS="1231.0"
                    WIDTH="757.0"
                    HEIGHT="63.0">
            <Shape><Polygon POINTS="98 1268 98 1282 140 1281 146 1283 160 1288 161 1288 162 1288 163 1288 172 1283 176 1281 184 1283 212 1291 213 1291 214 1291 307 1287 320 1292 321 1292 322 1292 323 1292 348 1285 423 1293 424 1294 527 1294 527 1293 528 1293 544 1285 725 1285 726 1286 750 1291 751 1291 855 1286 855 1275 855 1246 830 1237 829 1237 828 1237 761 1245 747 1246 722 1246 720 1244 711 1237 710 1237 709 1237 708 1237 707 1237 695 1243 693 1244 691 1243 669 1236 668 1236 667 1236 666 1236 647 1243 645 1243 644 1242 630 1235 629 1235 628 1235 627 1235 604 1242 595 1244 590 1241 583 1237 582 1237 581 1237 560 1241 547 1243 543 1240 533 1234 532 1234 531 1234 530 1234 529 1234 508 1240 496 1244 467 1244 460 1239 452 1235 451 1235 450 1235 449 1235 441 1238 431 1243 426 1238 423 1235 422 1235 421 1235 420 1235 419 1235 418 1235 414 1238 407 1242 393 1237 391 1237 390 1237 389 1237 386 1237 361 1242 345 1236 335 1233 334 1233 333 1233 332 1233 326 1236 315 1242 267 1235 245 1232 244 1232 243 1232 242 1232 239 1234 231 1242 207 1242 190 1233 186 1232 185 1232 156 1231 155 1231 155 1231 154 1231 152 1233 145 1237 138 1232 136 1231 135 1231 134 1231 133 1231 98 1231 98 1268"/></Shape>
	    <String CONTENT="ſtructio, ſignificans Apoſtoli doctrinam di¬"
                    HPOS="98.0"
                    VPOS="1231.0"
                    WIDTH="757.0"
                    HEIGHT="63.0"
                    WC="0.9941330728205767"></String>
          </TextLine>
          <TextLine ID="line_25"
                    TAGREFS="LT8"
                    BASELINE="97 1317 516 1324 855 1322" 
                    HPOS="96.0"
                    VPOS="1285.0"
                    WIDTH="759.0"
                    HEIGHT="57.0">
            <Shape><Polygon POINTS="97 1317 96 1330 130 1335 131 1335 132 1335 133 1335 140 1331 141 1331 160 1331 186 1331 210 1338 211 1338 212 1338 213 1338 233 1334 262 1338 263 1338 264 1338 265 1338 272 1332 273 1332 280 1332 471 1340 472 1340 500 1335 572 1340 573 1340 574 1340 575 1340 584 1334 585 1334 592 1334 650 1339 651 1339 688 1334 692 1334 695 1334 726 1342 727 1342 728 1342 752 1335 816 1342 816 1342 855 1335 855 1322 853 1297 827 1297 824 1296 804 1290 803 1290 765 1290 764 1290 763 1290 750 1296 747 1297 696 1297 691 1296 666 1289 665 1289 664 1289 636 1295 629 1296 622 1295 606 1291 605 1291 604 1291 563 1295 547 1296 544 1295 531 1288 530 1288 529 1288 528 1288 508 1294 503 1296 428 1296 426 1294 421 1289 420 1289 419 1289 418 1289 394 1293 388 1294 388 1293 378 1287 377 1287 376 1287 339 1286 338 1286 306 1292 296 1295 271 1295 268 1292 260 1286 259 1286 258 1286 228 1286 227 1286 226 1286 225 1286 217 1292 213 1294 204 1291 181 1285 180 1285 179 1285 178 1285 165 1291 163 1292 97 1291 97 1317"/></Shape>
	    <String CONTENT="uinitus eſſe traditam, non natam apud ho¬"
                    HPOS="96.0"
                    VPOS="1285.0"
                    WIDTH="759.0"
                    HEIGHT="57.0"
                    WC="0.9993249962969524"></String>
          </TextLine>
          <TextLine ID="line_26"
                    TAGREFS="LT8"
                    BASELINE="91 1369 855 1372" 
                    HPOS="90.0"
                    VPOS="1333.0"
                    WIDTH="765.0"
                    HEIGHT="59.0">
            <Shape><Polygon POINTS="91 1369 90 1379 161 1380 182 1389 183 1389 184 1389 185 1389 186 1389 195 1382 214 1389 215 1389 216 1389 245 1383 282 1390 283 1390 351 1382 372 1390 373 1390 374 1390 375 1390 397 1384 405 1390 406 1390 407 1390 408 1391 445 1391 445 1390 446 1390 465 1382 510 1383 521 1391 522 1391 523 1391 524 1392 583 1392 583 1391 620 1383 663 1392 664 1392 665 1392 687 1384 777 1392 777 1392 778 1392 792 1385 854 1383 855 1372 855 1345 836 1345 836 1344 823 1335 822 1335 821 1335 750 1335 749 1335 748 1335 729 1344 728 1345 695 1345 693 1344 683 1337 682 1337 681 1337 680 1337 653 1343 635 1343 624 1334 623 1334 622 1334 622 1334 588 1335 587 1335 571 1343 569 1343 521 1334 520 1334 519 1334 489 1343 486 1343 478 1343 423 1337 422 1337 421 1337 420 1337 414 1342 414 1343 289 1343 287 1342 268 1333 267 1333 233 1333 232 1333 231 1333 212 1341 211 1341 178 1334 177 1334 176 1334 159 1339 152 1333 151 1333 150 1333 149 1333 91 1340 91 1369"/></Shape>
	    <String CONTENT="mines: ideo non poteſt non bona eſſe do¬"
                    HPOS="90.0"
                    VPOS="1333.0"
                    WIDTH="765.0"
                    HEIGHT="59.0"
                    WC="0.9861026108264923"></String>
          </TextLine>
          <TextLine ID="line_27"
                    TAGREFS="LT8"
                    BASELINE="87 1417 855 1422" 
                    HPOS="87.0"
                    VPOS="1381.0"
                    WIDTH="768.0"
                    HEIGHT="61.0">
            <Shape><Polygon POINTS="87 1417 87 1437 148 1429 186 1437 194 1438 194 1438 215 1437 270 1432 280 1436 287 1439 288 1439 289 1439 307 1436 323 1433 327 1436 331 1439 332 1439 333 1439 334 1439 335 1439 345 1436 361 1430 379 1435 393 1440 394 1440 395 1440 419 1435 439 1431 458 1435 483 1440 484 1440 571 1434 605 1432 609 1434 622 1441 622 1441 623 1441 624 1441 634 1436 660 1441 661 1441 661 1441 675 1433 676 1433 680 1433 738 1442 738 1442 739 1442 761 1433 788 1433 819 1433 837 1440 838 1440 839 1440 840 1440 854 1432 855 1422 854 1391 827 1385 826 1385 825 1385 807 1390 794 1394 780 1390 763 1385 762 1385 761 1385 760 1385 759 1385 751 1390 743 1395 701 1395 681 1390 659 1385 658 1385 657 1385 644 1389 634 1393 623 1389 608 1384 607 1384 606 1384 605 1384 595 1389 587 1394 548 1394 541 1389 533 1385 532 1385 531 1385 530 1385 518 1389 507 1392 492 1389 466 1383 465 1383 464 1383 453 1388 445 1393 394 1393 385 1388 369 1382 368 1382 320 1382 319 1382 318 1382 317 1382 311 1388 306 1391 144 1391 137 1387 124 1381 123 1381 122 1381 87 1386 87 1417"/></Shape>
	    <String CONTENT="ctrina quam hîc proferet. Superioris aſ¬"
                    HPOS="87.0"
                    VPOS="1381.0"
                    WIDTH="768.0"
                    HEIGHT="61.0"
                    WC="0.9872811102285618"></String>
          </TextLine>
          <TextLine ID="line_28"
                    TAGREFS="LT8"
                    BASELINE="87 1469 857 1472" 
                    HPOS="87.0"
                    VPOS="1431.0"
                    WIDTH="770.0"
                    HEIGHT="56.0">
            <Shape><Polygon POINTS="87 1469 87 1485 219 1481 244 1486 247 1486 248 1486 251 1486 275 1481 330 1486 344 1487 345 1487 351 1486 376 1482 855 1487 857 1472 856 1435 825 1433 824 1433 823 1433 822 1433 821 1434 813 1441 780 1442 768 1434 767 1433 766 1433 765 1433 764 1433 756 1434 733 1439 717 1434 713 1433 712 1433 711 1433 710 1433 709 1433 708 1434 694 1443 642 1443 628 1434 627 1433 626 1433 625 1433 624 1433 614 1434 552 1441 540 1434 538 1432 537 1432 536 1432 494 1432 493 1432 492 1432 488 1434 471 1441 448 1433 443 1432 442 1432 441 1432 440 1432 437 1433 423 1442 372 1442 351 1433 346 1431 345 1431 344 1431 343 1431 338 1433 324 1440 310 1433 305 1431 304 1431 303 1431 302 1431 295 1433 274 1440 266 1433 264 1431 263 1431 262 1431 242 1431 241 1431 240 1431 236 1433 223 1441 126 1441 116 1433 115 1431 114 1431 113 1431 112 1431 87 1432 87 1469"/></Shape>
	    <String CONTENT="fert mandata, hoc eſt, Dei mittentis &amp; ad"
                    HPOS="87.0"
                    VPOS="1431.0"
                    WIDTH="770.0"
                    HEIGHT="56.0"
                    WC="0.9923990746823753"></String>
          </TextLine>
          <TextLine ID="line_29"
                    TAGREFS="LT8"
                    BASELINE="88 1519 856 1521" 
                    HPOS="87.0"
                    VPOS="1480.0"
                    WIDTH="769.0"
                    HEIGHT="71.0">
            <Shape><Polygon POINTS="88 1519 87 1546 196 1550 197 1550 198 1550 206 1547 233 1538 335 1538 360 1548 365 1550 366 1550 367 1551 429 1551 429 1550 430 1550 431 1550 432 1549 439 1544 484 1549 504 1551 505 1551 505 1551 509 1549 529 1539 537 1544 538 1544 539 1544 540 1544 541 1544 542 1544 550 1539 609 1539 637 1550 640 1551 641 1551 642 1551 643 1551 646 1550 671 1539 716 1539 745 1551 746 1551 747 1551 748 1551 753 1551 797 1545 855 1551 856 1521 855 1490 762 1490 760 1488 748 1481 747 1481 746 1481 745 1481 744 1481 720 1488 715 1490 682 1490 679 1487 669 1481 668 1481 667 1481 571 1481 570 1481 569 1481 568 1481 560 1487 553 1490 515 1490 505 1486 492 1481 491 1481 490 1481 489 1481 480 1486 471 1489 423 1489 416 1485 410 1480 409 1480 408 1480 407 1480 388 1484 372 1487 364 1484 360 1482 359 1482 358 1482 344 1484 322 1487 313 1483 308 1481 307 1481 306 1481 286 1483 261 1486 256 1483 252 1480 251 1480 250 1480 249 1480 233 1482 217 1485 206 1482 198 1480 197 1480 196 1480 195 1480 194 1480 193 1482 183 1488 119 1488 109 1481 108 1480 107 1480 106 1480 105 1480 88 1480 88 1519"/></Shape>
	    <String CONTENT="hanc doctrinam ligat ſe, &amp; Timotheum:"
                    HPOS="87.0"
                    VPOS="1480.0"
                    WIDTH="769.0"
                    HEIGHT="71.0"
                    WC="0.9957222229725605"></String>
          </TextLine>
        </TextBlock>
      </PrintSpace>
    </Page>
  </Layout>
</alto>
