<?xml version="1.0" encoding="UTF-8"?>
<alto xmlns:xsi="http://www.w3.org/2001/XMLSchema-instance"
      xmlns="http://www.loc.gov/standards/alto/ns-v4#"
      xsi:schemaLocation="http://www.loc.gov/standards/alto/ns-v4# http://www.loc.gov/standards/alto/v4/alto-4-2.xsd">
  <Description>
    <MeasurementUnit>pixel</MeasurementUnit>
    <sourceImageInformation>
      <fileName>bsb10313792_00089.jpg</fileName>
    </sourceImageInformation>
  </Description>
  <Tags>
    <OtherTag ID="BT7" LABEL="CustomZone" DESCRIPTION="block type CustomZone"/><OtherTag ID="BT8" LABEL="DamageZone" DESCRIPTION="block type DamageZone"/><OtherTag ID="BT9" LABEL="DigitizationArtefactZone" DESCRIPTION="block type DigitizationArtefactZone"/><OtherTag ID="BT10" LABEL="DropCapitalZone" DESCRIPTION="block type DropCapitalZone"/><OtherTag ID="BT11" LABEL="GraphicZone" DESCRIPTION="block type GraphicZone"/><OtherTag ID="BT12" LABEL="MainZone" DESCRIPTION="block type MainZone"/><OtherTag ID="BT13" LABEL="MarginTextZone" DESCRIPTION="block type MarginTextZone"/><OtherTag ID="BT14" LABEL="MusicZone" DESCRIPTION="block type MusicZone"/><OtherTag ID="BT15" LABEL="NumberingZone" DESCRIPTION="block type NumberingZone"/><OtherTag ID="BT17" LABEL="QuireMarksZone" DESCRIPTION="block type QuireMarksZone"/><OtherTag ID="BT18" LABEL="RunningTitleZone" DESCRIPTION="block type RunningTitleZone"/><OtherTag ID="BT19" LABEL="SealZone" DESCRIPTION="block type SealZone"/><OtherTag ID="BT20" LABEL="StampZone" DESCRIPTION="block type StampZone"/><OtherTag ID="BT21" LABEL="TableZone" DESCRIPTION="block type TableZone"/><OtherTag ID="BT22" LABEL="TitlePageZone" DESCRIPTION="block type TitlePageZone"/><OtherTag ID="BT1851" LABEL="MainZone-P" DESCRIPTION="block type MainZone-P"/><OtherTag ID="BT1852" LABEL="MainZone-Head" DESCRIPTION="block type MainZone-Head"/><OtherTag ID="BT1853" LABEL="MainZone-P-Continued" DESCRIPTION="block type MainZone-P-Continued"/><OtherTag ID="BT1854" LABEL="MarginTextZone-ManuscriptAddendum" DESCRIPTION="block type MarginTextZone-ManuscriptAddendum"/><OtherTag ID="BT1855" LABEL="text" DESCRIPTION="block type text"/><OtherTag ID="BT1856" LABEL="MainZone-Entry" DESCRIPTION="block type MainZone-Entry"/><OtherTag ID="BT1857" LABEL="MainZone-Entry-Continued" DESCRIPTION="block type MainZone-Entry-Continued"/><OtherTag ID="BT1877" LABEL="GraphicZone-Decoration" DESCRIPTION="block type GraphicZone-Decoration"/><OtherTag ID="BT1894" LABEL="MainZone-Other" DESCRIPTION="block type MainZone-Other"/>
    <OtherTag ID="LT7" LABEL="CustomLine" DESCRIPTION="line type CustomLine"/><OtherTag ID="LT8" LABEL="DefaultLine" DESCRIPTION="line type DefaultLine"/><OtherTag ID="LT9" LABEL="DropCapitalLine" DESCRIPTION="line type DropCapitalLine"/><OtherTag ID="LT10" LABEL="HeadingLine" DESCRIPTION="line type HeadingLine"/><OtherTag ID="LT11" LABEL="InterlinearLine" DESCRIPTION="line type InterlinearLine"/><OtherTag ID="LT12" LABEL="MusicLine" DESCRIPTION="line type MusicLine"/><OtherTag ID="LT636" LABEL="default" DESCRIPTION="line type default"/>
  </Tags>
  <Layout>
    <Page WIDTH="1083"
          HEIGHT="1759"
          PHYSICAL_IMG_NR="73"
          ID="eSc_dummypage_">
      <PrintSpace HPOS="0"
                  VPOS="0"
                  WIDTH="1083"
                  HEIGHT="1759">
        <TextBlock HPOS="142"
                   VPOS="64"
                   WIDTH="636"
                   HEIGHT="48"
                   ID="block_0"
                   TAGREFS="BT18">
          <Shape><Polygon POINTS="778 64 778 112 142 112 142 64"/></Shape>
          <TextLine ID="line_0"
                    TAGREFS="LT10"
                    BASELINE="144 95 775 99" 
                    HPOS="142"
                    VPOS="64"
                    WIDTH="632"
                    HEIGHT="53">
            <Shape><Polygon POINTS="758 64 744 64 729 64 714 64 699 64 685 64 670 64 655 64 641 64 626 64 611 64 597 64 582 64 567 64 553 64 538 64 523 64 509 64 494 64 479 64 465 64 450 64 435 64 421 64 406 64 391 64 377 64 362 64 347 64 333 64 318 64 303 64 289 64 274 64 259 64 245 64 230 64 215 64 201 64 186 64 171 64 157 64 143 93 142 111 771 117 774 98 773 64"/></Shape>
	    <String CONTENT="IN I. EPIST. AD TIMOTH."
                    HPOS="142"
                    VPOS="64"
                    WIDTH="632"
                    HEIGHT="53"
                    WC="0.9887059019959491"></String>
          </TextLine>
        </TextBlock>
        <TextBlock HPOS="830"
                   VPOS="68"
                   WIDTH="53"
                   HEIGHT="47"
                   ID="eSc_textblock_3212d90d"
                   TAGREFS="BT15">
          <Shape><Polygon POINTS="830 68 830 115 883 115 883 68"/></Shape>
          <TextLine ID="eSc_line_efe7d830"
                    TAGREFS="LT8"
                    BASELINE="840 103 869 107" 
                    HPOS="837"
                    VPOS="49"
                    WIDTH="33"
                    HEIGHT="66">
            <Shape><Polygon POINTS="837 114 865 115 868 105 870 49 843 49 839 102"/></Shape>
	    <String CONTENT="81"
                    HPOS="837"
                    VPOS="49"
                    WIDTH="33"
                    HEIGHT="66"
                    WC="0.999873012304306"></String>
          </TextLine>
        </TextBlock>
        <TextBlock HPOS="72"
                   VPOS="116"
                   WIDTH="795"
                   HEIGHT="104"
                   ID="block_3"
                   TAGREFS="BT1853">
          <Shape><Polygon POINTS="867 116 867 220 72 220 72 116"/></Shape>
          <TextLine ID="line_1"
                    TAGREFS="LT8"
                    BASELINE="75 153 456 152 864 158" 
                    HPOS="74.0"
                    VPOS="114.0"
                    WIDTH="790.0"
                    HEIGHT="61.0">
            <Shape><Polygon POINTS="759 114 749 114 728 122 707 118 706 118 705 118 693 123 670 114 661 114 651 114 642 114 637 114 597 117 579 114 573 114 563 114 554 114 544 114 534 114 524 114 517 114 510 120 479 122 475 122 472 122 431 114 427 114 417 114 407 114 397 114 388 114 378 114 368 114 358 114 348 114 339 114 332 114 321 121 296 114 290 114 280 114 276 114 266 121 264 121 204 121 204 120 184 114 182 114 173 114 163 114 153 114 146 114 137 115 135 114 133 114 124 114 120 114 111 120 75 120 75 153 74 163 124 171 125 171 205 166 217 165 224 166 261 172 262 172 263 172 264 172 274 167 275 166 285 167 331 172 332 172 333 172 351 168 356 167 357 168 363 172 364 172 365 172 366 172 412 169 417 169 418 169 430 173 431 173 432 174 503 174 503 173 504 173 505 173 509 171 516 167 540 167 552 171 561 174 562 174 563 174 576 171 593 168 665 172 693 174 694 174 695 174 698 173 713 168 862 175 864 158 863 125 814 125 812 124 759 114 759 114"/></Shape>
	    <String CONTENT="nuntiatus, verè iuſtus, vide Matt.11.Luc.7."
                    HPOS="74.0"
                    VPOS="114.0"
                    WIDTH="790.0"
                    HEIGHT="61.0"
                    WC="0.9843888404694471"></String>
          </TextLine>
          <TextLine ID="line_2"
                    TAGREFS="LT8"
                    BASELINE="81 203 355 201" 
                    HPOS="80.0"
                    VPOS="160.0"
                    WIDTH="275.0"
                    HEIGHT="68.0">
            <Shape><Polygon POINTS="81 203 81 219 102 222 103 222 104 222 105 222 108 219 110 217 114 219 132 227 133 227 134 228 190 228 190 227 191 227 214 217 218 215 288 215 291 215 322 226 323 226 324 226 325 226 355 214 355 201 353 174 326 174 325 173 316 167 315 167 314 167 313 167 312 167 304 171 287 160 286 160 285 160 284 160 283 160 264 165 205 161 204 161 203 161 180 171 171 174 156 170 154 170 153 170 152 170 151 170 150 170 137 174 127 170 111 162 110 162 109 162 108 162 107 162 102 166 87 161 86 161 86 161 85 161 84 161 84 162 80 165 81 203"/></Shape>
	    <String CONTENT="ver.35. Pſal.51."
                    HPOS="80.0"
                    VPOS="160.0"
                    WIDTH="275.0"
                    HEIGHT="68.0"
                    WC="0.979837566614151"></String>
          </TextLine>
        </TextBlock>
        <TextBlock HPOS="101"
                   VPOS="216"
                   WIDTH="396"
                   HEIGHT="59"
                   ID="block_2"
                   TAGREFS="BT1852">
          <Shape><Polygon POINTS="497 218 497 275 101 275 107 216"/></Shape>
          <TextLine ID="line_3"
                    TAGREFS="LT8"
                    BASELINE="121 261 497 254" 
                    HPOS="118"
                    VPOS="215"
                    WIDTH="378"
                    HEIGHT="66">
            <Shape><Polygon POINTS="485 216 176 216 118 221 121 281 148 268 192 268 208 277 236 268 248 279 256 278 280 266 316 274 346 268 366 278 412 278 425 266 493 274 496 253 493 215 485 216"/></Shape>
	    <String CONTENT="3 Viſus Angelis."
                    HPOS="118"
                    VPOS="215"
                    WIDTH="378"
                    HEIGHT="66"
                    WC="0.9998871870338917"></String>
          </TextLine>
        </TextBlock>
        <TextBlock HPOS="37"
                   VPOS="270"
                   WIDTH="845"
                   HEIGHT="1146"
                   ID="block_6"
                   TAGREFS="BT1851">
          <Shape><Polygon POINTS="882 270 882 1416 37 1416 54 270"/></Shape>
          <TextLine ID="line_4"
                    TAGREFS="LT8"
                    BASELINE="131 308 868 310" 
                    HPOS="130"
                    VPOS="263"
                    WIDTH="738"
                    HEIGHT="63">
            <Shape><Polygon POINTS="757 263 744 270 742 271 740 270 733 263 732 263 731 263 727 263 717 263 707 263 697 263 688 263 685 263 684 263 629 270 608 272 583 270 509 263 502 263 494 263 476 270 472 271 468 270 448 265 447 265 446 265 445 265 444 265 437 270 434 271 419 270 362 266 361 266 334 270 327 271 321 270 283 263 277 263 273 263 265 270 263 272 201 272 199 270 188 263 179 263 177 263 131 270 131 308 130 317 165 324 166 324 194 319 259 324 260 324 261 324 270 318 272 317 282 318 332 322 333 322 382 318 392 317 395 318 415 324 416 324 417 324 418 324 432 318 433 317 434 318 445 323 446 323 447 323 448 323 449 323 457 318 458 318 507 318 508 318 516 323 517 323 518 323 519 323 568 318 571 318 574 318 623 325 624 325 714 319 730 325 731 325 732 325 733 325 755 318 756 318 757 318 770 325 771 325 772 326 852 326 852 325 853 325 867 318 868 310 868 270 759 263 758 263"/></Shape>
	    <String CONTENT="Id quidem verum eſt ſecundum hiſto¬"
                    HPOS="130"
                    VPOS="263"
                    WIDTH="738"
                    HEIGHT="63"
                    WC="0.9904318639210292"></String>
          </TextLine>
          <TextLine ID="line_5"
                    TAGREFS="LT8"
                    BASELINE="68 356 866 360" 
                    HPOS="68.0"
                    VPOS="315.0"
                    WIDTH="798.0"
                    HEIGHT="60.0">
            <Shape><Polygon POINTS="68 356 68 370 723 370 728 370 754 375 755 375 866 370 866 360 866 328 827 322 826 322 825 322 811 326 804 321 803 321 802 321 801 321 800 321 799 321 791 327 790 328 763 328 763 327 741 317 740 317 666 316 626 316 625 316 624 316 606 326 605 327 529 327 529 326 510 316 509 316 508 316 469 325 432 315 431 315 360 315 359 315 358 315 357 315 348 322 336 316 335 316 334 316 298 321 266 316 265 316 264 316 263 316 253 325 201 325 188 318 187 318 186 318 185 318 173 324 173 325 126 325 124 324 82 317 81 317 80 317 68 323 68 356"/></Shape>
	    <String CONTENT="riam, nam in natiuitate, ieiunio, paſsione, re¬"
                    HPOS="68.0"
                    VPOS="315.0"
                    WIDTH="798.0"
                    HEIGHT="60.0"
                    WC="0.9891276752695124"></String>
          </TextLine>
          <TextLine ID="line_6"
                    TAGREFS="LT8"
                    BASELINE="68 406 869 409" 
                    HPOS="67.0"
                    VPOS="364.0"
                    WIDTH="802.0"
                    HEIGHT="58.0">
            <Shape><Polygon POINTS="68 406 67 422 868 422 869 409 868 379 820 379 819 378 788 366 787 366 700 366 699 366 698 366 677 376 673 378 569 378 565 375 552 365 551 365 550 365 523 365 522 365 521 365 507 373 474 365 473 365 472 365 471 365 461 371 376 365 375 365 374 365 360 371 329 364 328 364 327 364 303 372 290 377 233 377 217 371 198 365 197 365 196 365 195 365 184 370 165 365 164 365 163 365 162 365 161 365 154 371 145 377 111 377 100 370 92 365 91 365 90 365 89 365 68 369 68 406"/></Shape>
	    <String CONTENT="ſurrectione, aſcenſione ſemper adſunt An¬"
                    HPOS="67.0"
                    VPOS="364.0"
                    WIDTH="802.0"
                    HEIGHT="58.0"
                    WC="0.9978002658704432"></String>
          </TextLine>
          <TextLine ID="line_7"
                    TAGREFS="LT8"
                    BASELINE="75 456 869 458" 
                    HPOS="74.0"
                    VPOS="412.0"
                    WIDTH="795.0"
                    HEIGHT="61.0">
            <Shape><Polygon POINTS="75 456 74 471 188 472 189 472 195 471 216 468 236 471 243 472 244 472 245 472 247 471 257 467 346 471 358 471 359 471 360 471 361 471 370 468 378 471 381 472 382 472 383 472 395 471 433 467 499 471 540 473 541 473 556 471 568 469 603 471 647 473 648 473 670 471 693 468 723 471 745 472 746 472 868 470 869 458 868 424 812 424 812 423 790 413 789 413 651 413 650 413 619 415 618 415 617 415 605 423 603 423 567 414 566 414 565 414 547 423 546 424 522 424 521 423 511 414 510 414 509 414 508 414 450 419 427 412 426 412 425 412 395 417 364 414 363 414 330 422 329 423 236 423 235 422 219 416 218 416 217 416 170 422 166 422 165 422 153 413 152 413 151 413 150 413 149 413 148 413 142 417 129 412 128 412 127 412 126 412 99 422 97 422 75 422 75 456"/></Shape>
	    <String CONTENT="geli ſpectatores: ſed mihi videtur de maiore"
                    HPOS="74.0"
                    VPOS="412.0"
                    WIDTH="795.0"
                    HEIGHT="61.0"
                    WC="0.9914378185163845"></String>
          </TextLine>
          <TextLine ID="line_8"
                    TAGREFS="LT8"
                    BASELINE="81 504 870 508" 
                    HPOS="80"
                    VPOS="462"
                    WIDTH="790"
                    HEIGHT="61">
            <Shape><Polygon POINTS="80 516 243 519 244 519 245 519 246 519 249 516 251 515 254 516 258 520 259 520 297 521 298 521 355 516 378 515 385 516 402 521 403 521 404 521 458 517 507 522 508 522 649 516 671 516 678 516 713 521 714 521 763 517 771 523 772 523 773 523 774 523 869 516 870 508 868 471 835 474 825 471 809 465 808 465 705 465 704 465 703 465 702 465 694 471 689 475 677 475 671 471 661 464 660 464 659 464 563 464 562 464 529 471 518 473 512 471 501 466 500 466 499 466 498 466 486 471 480 473 413 472 409 471 381 464 380 464 379 464 378 464 361 469 349 463 348 463 347 463 346 463 317 471 311 472 309 471 299 463 298 463 297 463 271 462 270 462 269 462 248 471 246 472 158 472 157 471 151 467 150 467 149 467 148 467 147 467 138 471 136 471 81 471 81 504"/></Shape>
	    <String CONTENT="quadam viſione loqui, qua ſcilicet contra An"
                    HPOS="80"
                    VPOS="462"
                    WIDTH="790"
                    HEIGHT="61"
                    WC="0.995116875930266"></String>
          </TextLine>
          <TextLine ID="line_9"
                    TAGREFS="LT8"
                    BASELINE="83 556 870 554" 
                    HPOS="82.0"
                    VPOS="512.0"
                    WIDTH="788.0"
                    HEIGHT="61.0">
            <Shape><Polygon POINTS="83 556 83 573 155 566 197 571 198 571 225 567 233 572 234 572 235 572 236 573 278 573 278 572 279 572 280 572 288 566 336 566 344 571 345 572 346 572 346 572 347 572 348 572 351 571 367 566 382 571 386 572 387 572 388 572 409 571 477 565 521 565 528 570 529 571 530 571 531 571 532 571 533 571 539 569 554 565 593 569 615 571 616 571 617 571 623 569 630 566 653 568 680 571 681 572 739 572 739 571 740 571 741 571 746 568 751 565 773 567 805 571 806 571 869 566 870 554 868 523 791 523 790 522 765 512 764 512 763 512 641 514 640 514 639 514 629 521 627 523 593 523 588 521 562 512 561 512 519 512 519 512 518 512 500 518 463 513 462 513 461 513 447 520 441 523 432 520 410 514 409 514 373 513 329 513 328 513 327 513 326 513 317 519 315 521 311 519 295 513 294 513 293 513 292 513 282 517 256 514 255 514 254 514 253 514 247 519 244 522 240 519 238 517 237 517 236 517 235 517 234 517 231 519 222 523 141 523 135 518 128 513 127 513 126 513 125 513 124 513 111 518 101 522 82 518 83 556"/></Shape>
	    <String CONTENT="gelorum opinionem Chriſtus mirabili ratio¬"
                    HPOS="82.0"
                    VPOS="512.0"
                    WIDTH="788.0"
                    HEIGHT="61.0"
                    WC="0.988725578501111"></String>
          </TextLine>
          <TextLine ID="line_10"
                    TAGREFS="LT8"
                    BASELINE="77 602 870 605" 
                    HPOS="76.0"
                    VPOS="563.0"
                    WIDTH="794.0"
                    HEIGHT="59.0">
            <Shape><Polygon POINTS="76 612 90 620 91 620 92 621 267 621 267 620 268 620 269 620 280 614 326 614 341 621 342 621 343 621 344 621 361 615 426 615 433 621 434 621 435 621 436 621 464 615 475 620 476 620 476 620 477 620 478 620 484 615 508 620 509 620 510 620 511 620 519 615 579 615 606 622 606 622 607 622 660 616 840 622 841 622 869 615 870 605 869 565 851 565 850 565 849 565 848 565 834 575 799 570 798 570 745 575 723 565 722 565 671 565 670 565 669 565 668 565 650 576 606 576 594 570 593 570 592 570 569 574 551 565 549 564 548 564 455 564 454 564 453 564 451 565 440 571 388 565 386 565 385 565 384 565 366 574 346 565 346 565 345 565 344 565 297 574 171 574 157 565 155 563 154 563 153 563 130 563 129 563 129 563 122 565 95 573 78 565 77 602 76 612"/></Shape>
	    <String CONTENT="ne duas naturas vniuit in vna perſona: quod"
                    HPOS="76.0"
                    VPOS="563.0"
                    WIDTH="794.0"
                    HEIGHT="59.0"
                    WC="0.9986181896786357"></String>
          </TextLine>
          <TextLine ID="line_11"
                    TAGREFS="LT8"
                    BASELINE="79 652 868 654" 
                    HPOS="78.0"
                    VPOS="612.0"
                    WIDTH="790.0"
                    HEIGHT="59.0">
            <Shape><Polygon POINTS="79 652 78 662 170 670 171 670 228 665 279 670 280 670 281 670 282 670 292 664 309 670 310 670 311 670 312 670 336 664 381 670 382 670 434 664 475 671 476 671 535 666 584 671 585 671 586 671 607 665 634 671 635 671 702 665 812 671 813 671 867 664 868 654 867 617 844 613 843 613 842 613 834 617 831 619 827 617 823 614 823 614 822 614 821 614 820 614 812 617 793 625 745 625 735 618 728 613 727 613 726 613 639 613 638 613 637 613 636 613 628 618 618 625 592 625 578 619 564 613 563 613 452 612 451 612 450 612 440 617 417 612 416 612 415 612 396 620 389 624 327 624 322 621 308 614 307 614 306 614 305 614 284 621 276 624 173 624 169 622 145 612 144 612 143 612 142 612 141 612 132 619 122 614 121 614 120 614 79 622 79 652"/></Shape>
	    <String CONTENT="nec homines, nec Angeli ſatis explicare poſ¬"
                    HPOS="78.0"
                    VPOS="612.0"
                    WIDTH="790.0"
                    HEIGHT="59.0"
                    WC="0.9944044338031248"></String>
          </TextLine>
          <TextLine ID="line_12"
                    TAGREFS="LT8"
                    BASELINE="80 700 866 702" 
                    HPOS="79.0"
                    VPOS="661.0"
                    WIDTH="787.0"
                    HEIGHT="58.0">
            <Shape><Polygon POINTS="80 700 79 711 136 718 137 718 332 713 475 719 476 719 865 713 866 702 866 674 797 674 796 673 779 662 779 662 778 662 777 662 732 673 730 674 701 674 700 673 692 666 691 666 690 666 689 666 688 666 663 672 651 662 650 662 649 662 649 662 604 672 599 674 558 674 556 672 536 662 535 662 534 662 477 668 466 663 465 663 464 663 430 667 421 661 420 661 419 661 418 661 417 661 416 661 408 666 398 661 397 661 396 661 267 662 266 662 250 671 248 672 246 671 227 663 226 663 225 663 224 663 207 671 203 672 193 671 169 667 168 667 142 670 130 672 128 670 114 661 113 661 112 661 92 661 91 661 90 661 89 661 80 667 80 700"/></Shape>
	    <String CONTENT="ſunt, &amp; ob id ſummo ſtupore viderunt: &amp; vi¬"
                    HPOS="79.0"
                    VPOS="661.0"
                    WIDTH="787.0"
                    HEIGHT="58.0"
                    WC="0.9878152387086735"></String>
          </TextLine>
          <TextLine ID="line_13"
                    TAGREFS="LT8"
                    BASELINE="83 749 868 753" 
                    HPOS="82.0"
                    VPOS="708.0"
                    WIDTH="786.0"
                    HEIGHT="64.0">
            <Shape><Polygon POINTS="83 749 82 761 121 767 122 767 143 763 163 770 164 770 165 770 201 764 235 770 236 770 237 770 259 764 265 770 266 770 267 770 370 771 371 771 372 771 389 765 420 771 421 771 422 771 441 765 480 772 481 772 509 772 509 772 510 772 511 772 521 765 569 772 570 772 671 765 820 765 841 772 842 772 843 772 844 772 867 765 868 753 867 713 775 710 774 710 773 710 762 713 754 715 736 713 704 710 703 710 669 714 620 719 612 714 607 710 606 710 606 710 605 710 581 711 580 711 579 711 575 714 570 718 563 714 553 709 552 709 551 709 550 709 538 714 528 720 480 720 472 715 461 709 460 709 390 708 389 708 329 715 313 717 308 716 298 712 297 712 296 712 295 712 294 712 290 716 286 718 270 716 230 710 229 710 204 716 199 718 122 718 120 717 107 708 106 708 105 708 104 708 103 708 83 716 83 749"/></Shape>
	    <String CONTENT="derunt id in natiuitate, totóque Chriſti hi¬"
                    HPOS="82.0"
                    VPOS="708.0"
                    WIDTH="786.0"
                    HEIGHT="64.0"
                    WC="0.9858942667643229"></String>
          </TextLine>
          <TextLine ID="line_14"
                    TAGREFS="LT8"
                    BASELINE="73 802 867 802" 
                    HPOS="73.0"
                    VPOS="761.0"
                    WIDTH="794.0"
                    HEIGHT="57.0">
            <Shape><Polygon POINTS="73 802 75 818 82 814 103 818 107 818 108 818 113 818 141 814 156 817 159 818 160 818 161 818 178 817 238 814 264 816 277 818 278 818 291 816 312 814 351 814 356 816 358 818 359 818 360 818 361 818 375 816 390 814 545 815 852 818 853 818 854 818 867 813 867 802 867 771 823 765 823 765 780 769 770 761 769 761 768 761 709 761 708 761 707 761 706 761 694 769 693 770 687 768 675 765 674 765 673 765 672 765 660 768 653 770 649 768 636 761 635 761 634 761 633 761 619 768 614 770 592 767 541 761 540 761 539 761 527 767 520 771 497 771 488 766 477 761 476 761 476 761 475 761 460 766 458 766 453 766 426 763 425 763 424 763 423 763 420 765 416 769 405 765 392 761 391 761 390 761 389 761 381 765 374 768 369 765 366 763 365 763 364 763 363 763 362 763 361 763 359 765 352 769 311 764 282 761 281 761 264 764 227 771 133 771 115 762 112 761 111 761 110 761 73 761 73 802"/></Shape>
	    <String CONTENT="ſtoria, pleniùs tamen in aſcenſione, ſtupen¬"
                    HPOS="73.0"
                    VPOS="761.0"
                    WIDTH="794.0"
                    HEIGHT="57.0"
                    WC="0.9969154172473483"></String>
          </TextLine>
          <TextLine ID="line_15"
                    TAGREFS="LT8"
                    BASELINE="71 851 868 851" 
                    HPOS="71.0"
                    VPOS="810.0"
                    WIDTH="797.0"
                    HEIGHT="57.0">
            <Shape><Polygon POINTS="71 851 71 867 134 862 175 867 182 867 183 867 201 866 289 862 307 866 316 867 317 867 337 865 374 862 496 862 502 864 510 867 511 867 512 867 538 864 555 862 567 864 589 867 590 867 763 862 781 862 786 862 850 867 851 867 852 867 868 861 868 851 867 820 834 820 834 819 821 810 820 810 819 810 818 810 778 819 776 820 707 820 705 819 692 810 691 810 690 810 611 810 610 810 609 810 592 816 565 810 564 810 563 810 563 810 562 810 550 818 548 820 524 820 521 818 509 810 508 810 507 810 401 810 400 810 399 810 378 817 374 818 371 817 349 811 348 811 347 811 346 811 334 817 331 818 327 817 303 810 303 810 302 810 301 810 300 810 289 817 285 819 271 817 230 810 229 810 228 810 204 816 193 819 130 818 127 816 107 810 106 810 105 810 71 815 71 851"/></Shape>
	    <String CONTENT="dum myſterium Chriſtum hominem ad de¬"
                    HPOS="71.0"
                    VPOS="810.0"
                    WIDTH="797.0"
                    HEIGHT="57.0"
                    WC="0.9991002179480888"></String>
          </TextLine>
          <TextLine ID="line_16"
                    TAGREFS="LT8"
                    BASELINE="64 901 867 898" 
                    HPOS="63.0"
                    VPOS="858.0"
                    WIDTH="804.0"
                    HEIGHT="59.0">
            <Shape><Polygon POINTS="64 901 64 911 78 917 79 917 80 917 81 917 82 917 90 911 92 911 128 917 129 917 207 911 208 911 263 917 264 917 265 917 289 910 291 910 294 910 329 916 330 916 373 910 375 910 378 910 457 916 458 916 459 916 480 909 482 909 496 909 622 915 623 915 665 908 670 908 675 908 706 914 707 914 866 907 867 898 865 868 796 868 794 868 779 859 778 859 777 859 776 859 775 859 763 868 762 869 728 869 728 868 704 858 703 858 665 858 664 858 663 858 639 865 579 859 578 859 577 859 546 869 545 870 533 870 532 869 518 858 517 858 516 858 515 858 514 858 497 866 487 858 486 858 485 858 467 858 466 858 413 859 412 859 394 867 378 859 377 859 376 859 341 867 287 859 286 859 285 859 262 871 261 871 256 871 194 863 193 863 161 871 160 871 152 865 151 865 150 865 149 865 148 865 131 869 107 863 106 863 105 863 63 871 64 901"/></Shape>
	    <String CONTENT="xtram Dei Patris aſcẽdere. Hinc Theodore¬"
                    HPOS="63.0"
                    VPOS="858.0"
                    WIDTH="804.0"
                    HEIGHT="59.0"
                    WC="0.9920798440774282"></String>
          </TextLine>
          <TextLine ID="line_17"
                    TAGREFS="LT8"
                    BASELINE="63 951 868 947" 
                    HPOS="62.0"
                    VPOS="906.0"
                    WIDTH="806.0"
                    HEIGHT="65.0">
            <Shape><Polygon POINTS="63 951 63 960 113 968 114 968 115 968 130 961 205 961 223 970 224 970 225 971 252 971 252 970 253 970 279 960 281 960 337 960 338 960 354 968 355 968 356 968 357 968 387 960 388 960 389 960 419 969 420 969 421 969 468 960 475 959 503 959 506 960 518 968 519 968 519 968 520 969 648 969 648 968 649 968 649 968 658 962 686 965 687 965 688 965 705 960 709 959 719 960 793 967 794 967 795 967 815 960 820 958 824 959 838 964 839 964 840 964 868 959 868 947 866 906 785 906 784 906 783 906 782 906 781 907 774 912 759 907 754 906 753 906 752 906 751 906 747 908 733 916 712 911 711 911 710 911 659 916 639 910 630 907 629 907 628 907 627 907 626 907 622 910 611 918 540 918 530 912 523 907 522 907 521 907 487 907 486 907 485 907 471 913 457 918 444 913 429 908 428 908 378 908 377 908 376 908 359 915 358 915 357 915 335 909 334 909 333 909 332 909 320 916 314 919 261 920 213 920 210 918 199 909 198 909 197 909 153 909 152 909 151 909 138 915 130 910 129 910 129 910 128 910 127 910 126 910 112 919 62 920 63 951"/></Shape>
	    <String CONTENT="tus dialogo 2.refert ex Hyppolito veteri &amp;"
                    HPOS="62.0"
                    VPOS="906.0"
                    WIDTH="806.0"
                    HEIGHT="65.0"
                    WC="0.9908068364574796"></String>
          </TextLine>
          <TextLine ID="line_18"
                    TAGREFS="LT8"
                    BASELINE="63 1002 867 995" 
                    HPOS="62.0"
                    VPOS="954.0"
                    WIDTH="805.0"
                    HEIGHT="64.0">
            <Shape><Polygon POINTS="62 961 63 1002 63 1017 163 1013 190 1016 214 1018 215 1018 258 1015 306 1011 320 1014 339 1018 340 1018 519 1012 560 1016 561 1016 562 1016 571 1011 599 1015 600 1015 647 1009 659 1008 661 1009 669 1013 670 1013 671 1013 703 1009 709 1008 712 1008 736 1015 736 1015 737 1015 771 1008 776 1007 782 1007 846 1014 847 1014 848 1014 867 1006 867 995 866 965 833 965 832 964 818 954 817 954 816 954 815 954 814 954 786 964 785 964 782 964 706 955 705 955 704 955 703 955 693 964 692 964 635 966 615 963 594 960 593 960 592 960 585 963 579 967 525 967 519 963 510 958 509 958 508 958 507 958 492 963 479 967 466 963 452 958 451 958 450 958 432 962 413 967 392 962 379 959 378 959 359 962 352 963 346 962 325 958 324 958 323 958 311 962 290 970 244 970 228 961 223 959 222 959 221 959 135 960 134 960 133 960 132 961 127 966 114 961 112 960 111 960 110 960 62 960 62 961"/></Shape>
	    <String CONTENT="Eccleſiaſtico ſcriptore, Angelos in Aſcenſio¬"
                    HPOS="62.0"
                    VPOS="954.0"
                    WIDTH="805.0"
                    HEIGHT="64.0"
                    WC="0.9905883020824856"></String>
          </TextLine>
          <TextLine ID="line_19"
                    TAGREFS="LT8"
                    BASELINE="59 1051 865 1046" 
                    HPOS="58.0"
                    VPOS="1006.0"
                    WIDTH="807.0"
                    HEIGHT="62.0">
            <Shape><Polygon POINTS="59 1051 59 1061 154 1068 155 1068 229 1061 255 1066 256 1066 282 1060 283 1060 284 1060 297 1067 298 1067 299 1068 381 1068 381 1067 382 1067 410 1059 413 1059 416 1059 445 1065 446 1065 482 1059 483 1059 484 1059 508 1066 509 1066 510 1066 545 1058 549 1058 558 1058 631 1065 632 1065 633 1065 647 1059 701 1064 702 1064 801 1059 814 1064 815 1064 816 1064 864 1056 865 1046 863 1015 762 1006 761 1006 760 1006 741 1015 730 1006 729 1006 728 1006 699 1006 698 1006 697 1006 666 1015 660 1017 630 1017 628 1015 619 1008 618 1008 617 1008 616 1008 615 1008 595 1015 591 1016 589 1015 579 1007 578 1007 577 1007 576 1007 575 1007 546 1015 536 1018 473 1018 463 1015 437 1009 436 1009 435 1009 419 1015 412 1018 360 1018 308 1018 304 1015 292 1009 291 1009 290 1009 58 1015 59 1051"/></Shape>
	    <String CONTENT="ne Chriſti hoc pronuntiaſſe quod ſcribitur"
                    HPOS="58.0"
                    VPOS="1006.0"
                    WIDTH="807.0"
                    HEIGHT="62.0"
                    WC="0.9900347945236024"></String>
          </TextLine>
          <TextLine ID="line_20"
                    TAGREFS="LT8"
                    BASELINE="59 1100 865 1096" 
                    HPOS="58.0"
                    VPOS="1056.0"
                    WIDTH="807.0"
                    HEIGHT="62.0">
            <Shape><Polygon POINTS="59 1100 59 1111 172 1111 174 1112 187 1118 188 1118 189 1118 232 1113 258 1118 259 1118 259 1118 304 1116 305 1116 313 1113 319 1110 323 1113 328 1116 329 1116 330 1116 331 1116 332 1116 340 1113 346 1110 360 1113 381 1117 382 1117 409 1114 433 1110 461 1114 484 1116 485 1117 590 1117 590 1116 591 1116 597 1115 611 1109 633 1115 641 1116 642 1116 643 1116 644 1116 649 1115 673 1108 736 1108 762 1115 763 1115 764 1115 765 1115 768 1115 788 1111 812 1115 813 1115 814 1115 815 1115 823 1109 863 1115 865 1096 862 1065 784 1066 780 1064 767 1056 766 1056 765 1056 764 1056 690 1064 652 1068 632 1064 625 1063 624 1063 615 1064 586 1068 563 1064 530 1057 466 1057 465 1057 464 1057 463 1057 456 1062 398 1058 397 1058 396 1058 387 1063 376 1069 354 1069 344 1063 333 1058 332 1058 331 1058 305 1063 277 1069 240 1063 237 1063 236 1063 235 1063 234 1063 222 1071 154 1071 140 1063 133 1059 132 1059 131 1059 58 1062 59 1100"/></Shape>
	    <String CONTENT="Pſal.24. Aperite principes portas veſtras vt"
                    HPOS="58.0"
                    VPOS="1056.0"
                    WIDTH="807.0"
                    HEIGHT="62.0"
                    WC="0.9905982925133272"></String>
          </TextLine>
          <TextLine ID="line_21"
                    TAGREFS="LT8"
                    BASELINE="55 1149 866 1146" 
                    HPOS="54.0"
                    VPOS="1110.0"
                    WIDTH="812.0"
                    HEIGHT="53.0">
            <Shape><Polygon POINTS="55 1149 55 1163 865 1159 866 1146 864 1116 832 1110 831 1110 830 1110 818 1116 816 1117 770 1117 768 1116 759 1110 758 1110 757 1110 705 1110 704 1110 653 1117 649 1117 648 1117 638 1111 637 1111 636 1111 593 1110 592 1110 591 1110 570 1117 567 1119 527 1119 524 1117 508 1112 507 1112 506 1112 469 1118 464 1118 463 1118 451 1112 450 1112 449 1112 448 1112 428 1118 427 1118 426 1118 409 1111 408 1111 358 1111 357 1111 356 1111 325 1118 320 1120 206 1120 203 1119 167 1112 166 1112 165 1112 148 1119 146 1119 108 1114 107 1114 106 1114 105 1114 96 1119 95 1120 54 1120 55 1149"/></Shape>
	    <String CONTENT="ingrediatur rex ille magnus, &amp;c. quẽ locum"
                    HPOS="54.0"
                    VPOS="1110.0"
                    WIDTH="812.0"
                    HEIGHT="53.0"
                    WC="0.9972807570945385"></String>
          </TextLine>
          <TextLine ID="line_22"
                    TAGREFS="LT8"
                    BASELINE="59 1199 866 1195" 
                    HPOS="58.0"
                    VPOS="1154.0"
                    WIDTH="808.0"
                    HEIGHT="63.0">
            <Shape><Polygon POINTS="59 1199 59 1208 84 1214 85 1214 146 1209 157 1208 158 1209 171 1217 172 1217 173 1217 173 1217 227 1214 228 1214 229 1214 237 1209 238 1208 247 1209 300 1216 301 1217 357 1217 357 1216 358 1216 359 1216 369 1209 373 1207 407 1209 435 1211 436 1211 445 1209 463 1206 487 1209 507 1212 508 1212 526 1210 552 1206 558 1210 564 1215 565 1215 566 1215 567 1215 617 1210 662 1205 670 1210 676 1214 677 1214 678 1214 679 1215 788 1215 788 1214 789 1214 803 1210 823 1205 864 1210 866 1195 864 1165 814 1162 804 1156 803 1156 802 1156 801 1156 800 1156 782 1164 782 1165 744 1165 743 1164 731 1158 730 1158 729 1158 728 1158 711 1163 675 1154 674 1154 673 1154 622 1155 621 1155 620 1155 612 1160 511 1155 510 1155 509 1155 508 1155 492 1164 491 1164 489 1164 454 1156 453 1156 452 1156 438 1163 428 1156 427 1156 426 1156 361 1156 360 1156 359 1156 341 1163 334 1166 327 1163 319 1160 318 1160 317 1160 316 1160 315 1160 311 1163 307 1167 122 1167 112 1163 96 1157 95 1157 94 1157 58 1162 59 1199"/></Shape>
	    <String CONTENT="ſic etiam interpretatur Iuſtinus Martyr con"
                    HPOS="58.0"
                    VPOS="1154.0"
                    WIDTH="808.0"
                    HEIGHT="63.0"
                    WC="0.9986927647923314"></String>
          </TextLine>
          <TextLine ID="line_23"
                    TAGREFS="LT8"
                    BASELINE="60 1247 863 1243" 
                    HPOS="60.0"
                    VPOS="1204.0"
                    WIDTH="803.0"
                    HEIGHT="63.0">
            <Shape><Polygon POINTS="60 1259 219 1267 220 1267 262 1259 268 1258 276 1259 334 1266 335 1266 374 1258 382 1257 499 1257 500 1258 514 1265 515 1265 516 1265 559 1257 563 1257 574 1257 638 1262 639 1262 640 1262 641 1262 649 1257 650 1256 656 1257 685 1263 686 1264 810 1264 810 1263 811 1263 824 1258 845 1262 846 1262 847 1262 863 1256 863 1243 860 1215 691 1215 688 1213 676 1204 675 1204 674 1204 673 1204 583 1210 544 1204 543 1204 542 1204 525 1212 518 1216 464 1212 384 1205 383 1205 382 1205 368 1211 354 1217 337 1211 332 1209 331 1209 330 1209 329 1209 323 1211 301 1217 252 1210 221 1206 220 1206 219 1206 206 1210 181 1217 168 1210 163 1207 162 1207 126 1207 125 1207 124 1207 116 1209 86 1218 60 1209 60 1247 60 1259"/></Shape>
	    <String CONTENT="tra Tryphonem. Hæc myſteria ſunt quæ ri¬"
                    HPOS="60.0"
                    VPOS="1204.0"
                    WIDTH="803.0"
                    HEIGHT="63.0"
                    WC="0.9872498378157616"></String>
          </TextLine>
          <TextLine ID="line_24"
                    TAGREFS="LT8"
                    BASELINE="51 1295 865 1293" 
                    HPOS="50.0"
                    VPOS="1253.0"
                    WIDTH="815.0"
                    HEIGHT="60.0">
            <Shape><Polygon POINTS="51 1295 51 1307 101 1307 110 1313 111 1313 112 1313 113 1313 151 1307 152 1307 153 1307 254 1313 255 1313 256 1313 269 1307 271 1306 273 1307 284 1313 285 1313 286 1313 373 1307 391 1306 420 1306 423 1307 433 1313 434 1313 435 1313 496 1311 497 1311 505 1307 510 1305 519 1307 540 1312 541 1312 542 1312 552 1307 556 1305 562 1307 574 1312 575 1312 576 1312 619 1311 620 1311 621 1311 627 1307 631 1305 642 1307 663 1312 664 1312 665 1312 679 1307 686 1305 714 1307 768 1312 769 1312 864 1307 865 1293 864 1262 832 1253 831 1253 830 1253 790 1262 787 1263 748 1263 747 1262 737 1254 736 1254 736 1254 735 1254 734 1254 703 1262 702 1262 701 1262 682 1253 681 1253 536 1253 535 1253 534 1253 533 1253 523 1261 508 1253 507 1253 476 1253 475 1253 474 1253 473 1253 460 1263 457 1263 441 1263 438 1263 399 1254 398 1254 354 1261 342 1256 341 1256 340 1256 339 1256 338 1256 329 1262 306 1258 305 1258 279 1263 278 1263 260 1255 259 1255 259 1255 258 1255 239 1263 237 1263 157 1257 156 1257 127 1263 74 1254 73 1254 72 1254 50 1262 51 1295"/></Shape>
	    <String CONTENT="dent Prophani &amp; impii homines, ludunt de"
                    HPOS="50.0"
                    VPOS="1253.0"
                    WIDTH="815.0"
                    HEIGHT="60.0"
                    WC="0.9989998295903206"></String>
          </TextLine>
          <TextLine ID="line_25"
                    TAGREFS="LT8"
                    BASELINE="47 1346 861 1341" 
                    HPOS="45"
                    VPOS="1300"
                    WIDTH="814"
                    HEIGHT="67">
            <Shape><Polygon POINTS="46 1360 145 1367 283 1358 292 1366 358 1358 425 1366 466 1357 526 1364 550 1357 579 1364 606 1357 857 1357 859 1339 857 1307 699 1301 648 1308 625 1300 595 1308 569 1300 528 1307 460 1300 446 1310 434 1301 303 1310 274 1301 246 1311 57 1303 45 1308 46 1345"/></Shape>
	    <String CONTENT="Chriſto tanquam homine nudo, &amp; preca¬"
                    HPOS="45"
                    VPOS="1300"
                    WIDTH="814"
                    HEIGHT="67"
                    WC="0.9934481897869626"></String>
          </TextLine>
          <TextLine ID="line_26"
                    TAGREFS="LT8"
                    BASELINE="50 1398 230 1394" 
                    HPOS="48"
                    VPOS="1351"
                    WIDTH="180"
                    HEIGHT="59">
            <Shape><Polygon POINTS="49 1396 49 1410 228 1405 228 1392 225 1361 137 1351 136 1351 48 1358 49 1396"/></Shape>
	    <String CONTENT="rio Deo."
                    HPOS="48"
                    VPOS="1351"
                    WIDTH="180"
                    HEIGHT="59"></String>
          </TextLine>
        </TextBlock>
        <TextBlock HPOS="44"
                   VPOS="1413"
                   WIDTH="828"
                   HEIGHT="144"
                   ID="block_7"
                   TAGREFS="BT1851">
          <Shape><Polygon POINTS="872 1413 872 1557 44 1557 44 1413"/></Shape>
          <TextLine ID="line_27"
                    TAGREFS="LT8"
                    BASELINE="85 1447 346 1442 862 1442" 
                    HPOS="84.0"
                    VPOS="1393.0"
                    WIDTH="778.0"
                    HEIGHT="67.0">
            <Shape><Polygon POINTS="85 1447 85 1457 260 1460 261 1460 262 1460 275 1458 291 1454 314 1458 336 1460 337 1460 357 1458 394 1452 465 1458 480 1458 481 1458 482 1458 485 1458 501 1452 539 1457 540 1457 563 1452 591 1456 592 1456 593 1456 594 1456 594 1455 599 1451 707 1451 716 1457 717 1457 718 1457 719 1457 720 1457 732 1451 774 1456 775 1456 776 1456 785 1451 805 1458 807 1458 808 1458 809 1458 861 1458 862 1442 860 1397 834 1400 819 1397 797 1393 796 1393 795 1393 787 1398 777 1404 767 1398 762 1394 761 1394 760 1394 684 1393 683 1393 682 1393 681 1393 672 1399 664 1404 638 1400 597 1393 596 1393 595 1393 570 1401 556 1406 516 1406 511 1401 503 1395 502 1395 501 1395 500 1395 434 1402 424 1395 423 1395 422 1395 421 1395 377 1403 367 1405 364 1404 353 1396 352 1396 351 1396 350 1396 349 1396 330 1404 327 1405 324 1404 298 1395 297 1395 296 1395 295 1395 294 1395 282 1403 233 1397 232 1397 231 1397 230 1397 217 1406 216 1407 84 1407 85 1447"/></Shape>
	    <String CONTENT="Quartò, PRAEDICATVS EST GENTIBVS,"
                    HPOS="84.0"
                    VPOS="1393.0"
                    WIDTH="778.0"
                    HEIGHT="67.0"
                    WC="0.9997164624578813"></String>
          </TextLine>
          <TextLine ID="line_28"
                    TAGREFS="LT8"
                    BASELINE="41 1496 382 1490 866 1488" 
                    HPOS="40.0"
                    VPOS="1447.0"
                    WIDTH="826.0"
                    HEIGHT="64.0">
            <Shape><Polygon POINTS="41 1496 41 1507 112 1511 113 1511 131 1507 142 1505 146 1507 152 1511 153 1511 154 1511 155 1511 185 1507 215 1503 238 1507 258 1510 259 1510 276 1507 300 1502 352 1502 373 1506 387 1509 388 1509 389 1509 399 1506 419 1501 504 1505 505 1505 529 1501 582 1506 600 1507 601 1507 654 1506 655 1506 657 1505 667 1501 691 1505 696 1506 697 1506 704 1505 741 1499 773 1505 776 1505 777 1505 778 1505 779 1505 787 1500 864 1504 866 1488 863 1451 782 1455 775 1451 769 1448 768 1448 767 1448 766 1448 765 1448 761 1451 753 1456 664 1456 655 1451 647 1447 646 1447 623 1447 622 1447 598 1451 568 1457 556 1452 554 1451 553 1451 552 1451 547 1452 519 1457 485 1452 464 1449 463 1449 350 1450 349 1450 348 1450 345 1452 339 1456 332 1452 326 1450 325 1450 272 1450 271 1450 270 1450 260 1453 234 1459 218 1455 217 1455 216 1455 155 1460 40 1454 41 1496"/></Shape>
	    <String CONTENT="ſcil. incredibili ſucceſſu contra ſpem rationis:"
                    HPOS="40.0"
                    VPOS="1447.0"
                    WIDTH="826.0"
                    HEIGHT="64.0"
                    WC="0.9984336371223131"></String>
          </TextLine>
          <TextLine ID="line_29"
                    TAGREFS="LT8"
                    BASELINE="41 1546 340 1540 866 1537" 
                    HPOS="40.0"
                    VPOS="1498.0"
                    WIDTH="826.0"
                    HEIGHT="75.0">
            <Shape><Polygon POINTS="41 1546 41 1561 67 1573 68 1573 69 1573 70 1573 93 1562 130 1567 131 1567 132 1567 144 1563 162 1572 163 1572 164 1572 216 1562 237 1572 238 1572 239 1572 289 1571 290 1571 305 1564 320 1570 321 1570 322 1571 432 1571 432 1570 433 1570 433 1570 444 1562 475 1566 476 1566 476 1566 477 1566 489 1558 490 1558 534 1558 535 1558 564 1566 565 1566 566 1566 628 1557 639 1555 736 1555 739 1556 754 1566 755 1566 756 1566 757 1567 804 1567 804 1566 866 1555 866 1537 863 1507 810 1507 807 1507 779 1498 778 1498 777 1498 776 1498 741 1507 736 1508 732 1507 716 1501 715 1501 714 1501 713 1501 700 1504 678 1499 677 1499 676 1499 602 1507 578 1509 560 1507 516 1501 515 1501 489 1505 427 1501 426 1501 425 1501 412 1507 401 1511 347 1511 341 1507 334 1502 333 1502 332 1502 258 1502 257 1502 256 1502 255 1502 248 1507 236 1513 183 1513 173 1507 173 1506 172 1506 171 1506 170 1506 169 1506 168 1507 156 1513 113 1509 112 1509 111 1509 93 1514 69 1507 60 1504 59 1504 58 1504 40 1506 41 1546"/></Shape>
	    <String CONTENT="homines piſcatores demẽtant totũ mundum."
                    HPOS="40.0"
                    VPOS="1498.0"
                    WIDTH="826.0"
                    HEIGHT="75.0"
                    WC="0.9946566380205608"></String>
          </TextLine>
        </TextBlock>
        <TextBlock HPOS="666"
                   VPOS="1563"
                   WIDTH="51"
                   HEIGHT="43"
                   ID="eSc_textblock_03fa0d18"
                   TAGREFS="BT17">
          <Shape><Polygon POINTS="666 1563 666 1606 717 1606 717 1563"/></Shape>
          <TextLine ID="eSc_line_f8be6a4e"
                    TAGREFS="LT8"
                    BASELINE="678 1598 711 1594" 
                    HPOS="669"
                    VPOS="1543"
                    WIDTH="41"
                    HEIGHT="72">
            <Shape><Polygon POINTS="680 1615 710 1599 710 1593 701 1543 669 1543 677 1597"/></Shape>
	    <String CONTENT="F"
                    HPOS="669"
                    VPOS="1543"
                    WIDTH="41"
                    HEIGHT="72"></String>
          </TextLine>
        </TextBlock>
      </PrintSpace>
    </Page>
  </Layout>
</alto>
