<?xml version="1.0" encoding="UTF-8"?>
<alto xmlns:xsi="http://www.w3.org/2001/XMLSchema-instance"
      xmlns="http://www.loc.gov/standards/alto/ns-v4#"
      xsi:schemaLocation="http://www.loc.gov/standards/alto/ns-v4# http://www.loc.gov/standards/alto/v4/alto-4-2.xsd">
  <Description>
    <MeasurementUnit>pixel</MeasurementUnit>
    <sourceImageInformation>
      <fileName>bsb10313792_00118.jpg</fileName>
    </sourceImageInformation>
  </Description>
  <Tags>
    <OtherTag ID="BT7" LABEL="CustomZone" DESCRIPTION="block type CustomZone"/><OtherTag ID="BT8" LABEL="DamageZone" DESCRIPTION="block type DamageZone"/><OtherTag ID="BT9" LABEL="DigitizationArtefactZone" DESCRIPTION="block type DigitizationArtefactZone"/><OtherTag ID="BT10" LABEL="DropCapitalZone" DESCRIPTION="block type DropCapitalZone"/><OtherTag ID="BT11" LABEL="GraphicZone" DESCRIPTION="block type GraphicZone"/><OtherTag ID="BT12" LABEL="MainZone" DESCRIPTION="block type MainZone"/><OtherTag ID="BT13" LABEL="MarginTextZone" DESCRIPTION="block type MarginTextZone"/><OtherTag ID="BT14" LABEL="MusicZone" DESCRIPTION="block type MusicZone"/><OtherTag ID="BT15" LABEL="NumberingZone" DESCRIPTION="block type NumberingZone"/><OtherTag ID="BT17" LABEL="QuireMarksZone" DESCRIPTION="block type QuireMarksZone"/><OtherTag ID="BT18" LABEL="RunningTitleZone" DESCRIPTION="block type RunningTitleZone"/><OtherTag ID="BT19" LABEL="SealZone" DESCRIPTION="block type SealZone"/><OtherTag ID="BT20" LABEL="StampZone" DESCRIPTION="block type StampZone"/><OtherTag ID="BT21" LABEL="TableZone" DESCRIPTION="block type TableZone"/><OtherTag ID="BT22" LABEL="TitlePageZone" DESCRIPTION="block type TitlePageZone"/><OtherTag ID="BT1851" LABEL="MainZone-P" DESCRIPTION="block type MainZone-P"/><OtherTag ID="BT1852" LABEL="MainZone-Head" DESCRIPTION="block type MainZone-Head"/><OtherTag ID="BT1853" LABEL="MainZone-P-Continued" DESCRIPTION="block type MainZone-P-Continued"/><OtherTag ID="BT1854" LABEL="MarginTextZone-ManuscriptAddendum" DESCRIPTION="block type MarginTextZone-ManuscriptAddendum"/><OtherTag ID="BT1855" LABEL="text" DESCRIPTION="block type text"/><OtherTag ID="BT1856" LABEL="MainZone-Entry" DESCRIPTION="block type MainZone-Entry"/><OtherTag ID="BT1857" LABEL="MainZone-Entry-Continued" DESCRIPTION="block type MainZone-Entry-Continued"/><OtherTag ID="BT1877" LABEL="GraphicZone-Decoration" DESCRIPTION="block type GraphicZone-Decoration"/><OtherTag ID="BT1894" LABEL="MainZone-Other" DESCRIPTION="block type MainZone-Other"/>
    <OtherTag ID="LT7" LABEL="CustomLine" DESCRIPTION="line type CustomLine"/><OtherTag ID="LT8" LABEL="DefaultLine" DESCRIPTION="line type DefaultLine"/><OtherTag ID="LT9" LABEL="DropCapitalLine" DESCRIPTION="line type DropCapitalLine"/><OtherTag ID="LT10" LABEL="HeadingLine" DESCRIPTION="line type HeadingLine"/><OtherTag ID="LT11" LABEL="InterlinearLine" DESCRIPTION="line type InterlinearLine"/><OtherTag ID="LT12" LABEL="MusicLine" DESCRIPTION="line type MusicLine"/><OtherTag ID="LT636" LABEL="default" DESCRIPTION="line type default"/>
  </Tags>
  <Layout>
    <Page WIDTH="1065"
          HEIGHT="1745"
          PHYSICAL_IMG_NR="102"
          ID="eSc_dummypage_">
      <PrintSpace HPOS="0"
                  VPOS="0"
                  WIDTH="1065"
                  HEIGHT="1745">
        <TextBlock HPOS="194.9242706298828"
                   VPOS="76.73462677001953"
                   WIDTH="61.55967712402344"
                   HEIGHT="37.77422332763672"
                   ID="block_3"
                   TAGREFS="BT15">
          <Shape><Polygon POINTS="194.924 76.7346 256.484 76.7346 256.484 114.509 194.924 114.509 194.924 76.7346"/></Shape>
          <TextLine ID="line_0"
                    TAGREFS="LT8"
                    BASELINE="198 102 257 100" 
                    HPOS="196.0"
                    VPOS="67.0"
                    WIDTH="61.0"
                    HEIGHT="45.0">
            <Shape><Polygon POINTS="245 74 235 74 225 74 216 74 208 74 196 75 198 102 198 112 257 112 257 100 254 67 245 68 245 74"/></Shape>
	    <String CONTENT="110"
                    HPOS="196.0"
                    VPOS="67.0"
                    WIDTH="61.0"
                    HEIGHT="45.0"
                    WC="0.9999774694442749"></String>
          </TextLine>
        </TextBlock>
        <TextBlock HPOS="415.2265319824219"
                   VPOS="64.57886505126953"
                   WIDTH="389.1423034667969"
                   HEIGHT="46.48225402832031"
                   ID="block_0"
                   TAGREFS="BT18">
          <Shape><Polygon POINTS="415.227 64.5789 804.369 64.5789 804.369 111.061 415.227 111.061 415.227 64.5789"/></Shape>
          <TextLine ID="line_1"
                    TAGREFS="LT10"
                    BASELINE="417 97 807 95" 
                    HPOS="417"
                    VPOS="60"
                    WIDTH="390"
                    HEIGHT="55">
            <Shape><Polygon POINTS="765 63 755 63 745 63 742 63 740 63 738 63 736 63 726 63 716 63 707 63 698 63 697 63 638 63 634 63 629 63 619 63 610 63 603 63 602 63 596 63 590 63 580 63 571 63 561 63 551 63 542 63 532 63 522 63 513 63 503 63 493 63 484 63 481 63 474 63 464 63 454 63 445 63 435 63 425 63 424 63 423 63 421 63 417 63 417 97 417 108 432 114 433 114 434 115 472 115 472 114 473 114 484 108 485 108 502 114 503 114 504 115 557 115 557 114 558 114 559 114 559 113 565 108 587 108 609 114 610 114 611 114 612 114 635 107 638 107 641 107 673 113 674 113 806 106 807 95 806 63 774 60 774 63"/></Shape>
	    <String CONTENT="COMMENTARII."
                    HPOS="417"
                    VPOS="60"
                    WIDTH="390"
                    HEIGHT="55"
                    WC="0.999917725721995"></String>
          </TextLine>
        </TextBlock>
        <TextBlock HPOS="189.37786865234375"
                   VPOS="123.44324493408203"
                   WIDTH="804.002197265625"
                   HEIGHT="342.0798873901367"
                   ID="block_2"
                   TAGREFS="BT1853">
          <Shape><Polygon POINTS="189.378 123.443 993.38 123.443 993.38 465.523 189.378 465.523 189.378 123.443"/></Shape>
          <TextLine ID="line_2"
                    TAGREFS="LT8"
                    BASELINE="195 160 392 157 987 158" 
                    HPOS="194"
                    VPOS="120"
                    WIDTH="793"
                    HEIGHT="53">
            <Shape><Polygon POINTS="864 120 854 120 844 120 835 120 820 123 815 124 806 123 774 120 767 120 757 120 747 120 738 120 728 120 718 120 709 120 699 120 695 120 678 123 674 123 672 123 666 120 660 120 650 120 641 120 631 120 621 120 612 120 603 120 601 122 601 123 600 122 597 120 592 120 582 120 573 120 570 120 563 122 562 122 560 122 554 120 553 120 544 120 534 120 524 120 519 120 514 122 503 124 474 121 463 120 456 120 447 120 437 120 427 120 418 120 408 120 398 120 388 120 386 120 381 121 378 121 376 120 369 120 359 120 350 120 340 120 330 120 321 120 311 120 301 120 291 120 282 120 272 120 268 120 257 124 194 120 195 160 195 166 206 172 207 172 208 173 273 173 273 172 274 172 284 167 307 172 308 172 309 172 310 172 317 166 319 165 321 166 331 171 332 171 333 171 355 167 364 165 381 167 416 171 417 171 455 168 475 166 485 168 507 172 508 172 554 168 600 165 613 169 616 170 617 170 618 170 619 170 622 169 633 165 720 165 738 170 744 172 745 172 746 172 747 172 751 170 762 165 859 165 888 172 892 172 893 173 986 173 987 158 986 125 885 125 884 124 873 120"/></Shape>
	    <String CONTENT="beati viri virtutes, ponitur die &amp; noctu me¬"
                    HPOS="194"
                    VPOS="120"
                    WIDTH="793"
                    HEIGHT="53"
                    WC="0.9839439459822394"></String>
          </TextLine>
          <TextLine ID="line_3"
                    TAGREFS="LT8"
                    BASELINE="193 208 755 205 987 208" 
                    HPOS="193.0"
                    VPOS="164.0"
                    WIDTH="794.0"
                    HEIGHT="60.0">
            <Shape><Polygon POINTS="193 208 193 221 294 222 295 222 296 222 301 222 317 217 331 222 336 222 337 222 338 222 339 222 344 222 360 217 372 222 378 223 379 223 380 224 461 224 461 223 462 223 469 222 483 217 526 217 537 222 540 222 541 222 542 222 543 222 544 222 545 222 552 217 593 222 605 222 606 222 607 222 610 222 624 216 683 216 701 222 704 222 705 222 706 222 711 222 739 216 759 222 762 222 763 222 764 222 765 222 767 222 778 216 786 222 787 222 788 222 789 222 790 222 797 222 828 217 986 222 987 208 986 173 837 164 836 164 835 164 818 173 817 174 767 174 765 173 749 165 748 165 747 165 696 170 688 164 687 164 686 164 659 164 658 164 657 164 630 173 627 174 600 174 599 173 584 165 583 165 582 165 581 165 566 173 563 175 498 175 492 173 470 165 469 165 468 165 416 171 380 165 379 165 282 170 249 165 248 165 247 165 246 165 239 171 226 167 225 167 225 167 193 172 193 208"/></Shape>
	    <String CONTENT="ditari in lege Domini: &amp; Ioann.5. Chriſtus"
                    HPOS="193.0"
                    VPOS="164.0"
                    WIDTH="794.0"
                    HEIGHT="60.0"
                    WC="0.9965139769372486"></String>
          </TextLine>
          <TextLine ID="line_4"
                    TAGREFS="LT8"
                    BASELINE="193 257 984 254" 
                    HPOS="193.0"
                    VPOS="212.0"
                    WIDTH="791.0"
                    HEIGHT="60.0">
            <Shape><Polygon POINTS="193 257 193 265 253 265 257 266 273 272 274 272 275 272 315 266 319 266 323 266 358 272 359 272 360 272 376 267 382 265 391 267 409 270 410 270 440 267 471 264 476 267 480 270 481 270 482 270 483 270 497 267 516 264 522 268 528 271 529 271 530 272 575 272 575 271 576 271 584 268 596 263 773 263 815 269 822 270 823 270 832 270 880 265 982 270 984 254 981 220 911 222 906 219 902 216 901 216 900 216 899 216 883 219 871 222 858 219 850 217 849 217 848 217 847 217 841 219 834 222 825 219 817 216 816 216 815 216 814 216 813 216 810 219 806 222 772 222 760 219 740 212 739 212 738 212 737 212 718 219 712 220 707 218 688 213 687 213 613 213 613 213 566 218 519 222 512 218 506 213 505 213 504 213 503 213 502 213 492 218 489 219 487 218 481 213 480 213 479 213 478 213 477 213 467 218 465 218 458 218 437 215 436 215 435 215 434 215 431 217 420 224 389 224 378 217 377 216 376 216 375 216 374 216 373 216 372 216 371 217 360 224 345 224 332 217 329 215 328 215 327 215 326 215 193 216 193 257"/></Shape>
	    <String CONTENT="iubet ſcrutari Scripturam. Sic neglectum"
                    HPOS="193.0"
                    VPOS="212.0"
                    WIDTH="791.0"
                    HEIGHT="60.0"
                    WC="0.9931161820888519"></String>
          </TextLine>
          <TextLine ID="line_5"
                    TAGREFS="LT8"
                    BASELINE="193 306 984 304" 
                    HPOS="192.0"
                    VPOS="262.0"
                    WIDTH="792.0"
                    HEIGHT="60.0">
            <Shape><Polygon POINTS="193 306 193 317 259 321 260 321 261 321 262 321 266 318 273 315 309 318 323 319 324 319 343 318 392 315 407 318 414 320 415 320 416 320 443 318 497 315 522 318 545 322 546 322 547 322 554 318 563 315 575 318 584 322 585 322 586 322 587 322 594 319 604 315 649 318 650 318 651 318 660 314 668 319 669 320 670 320 671 320 672 320 673 320 676 319 687 315 703 319 710 321 711 321 712 321 713 321 720 319 728 317 733 319 736 321 737 321 738 321 739 322 870 322 870 321 879 319 904 315 922 319 925 320 926 320 927 320 983 319 984 304 981 268 754 270 750 268 743 262 742 262 742 262 677 262 677 262 676 262 664 268 662 268 658 268 628 262 627 262 626 262 625 262 617 268 613 271 586 271 527 268 483 265 482 265 481 265 474 268 468 270 465 268 459 263 458 263 457 263 394 263 393 263 370 268 356 271 314 271 308 268 299 263 298 263 297 263 192 267 193 306"/></Shape>
	    <String CONTENT="eius taxat Oſeas in populo Dei, cap.4. &amp; alii"
                    HPOS="192.0"
                    VPOS="262.0"
                    WIDTH="792.0"
                    HEIGHT="60.0"
                    WC="0.9897352311346266"></String>
          </TextLine>
          <TextLine ID="line_6"
                    TAGREFS="LT8"
                    BASELINE="194 355 980 351" 
                    HPOS="193.0"
                    VPOS="311.0"
                    WIDTH="787.0"
                    HEIGHT="62.0">
            <Shape><Polygon POINTS="194 355 194 364 210 372 211 372 212 373 287 373 287 372 288 372 289 372 296 365 317 371 318 371 319 371 364 366 388 371 389 371 390 371 402 365 411 371 412 371 413 371 414 372 444 372 444 371 445 371 446 371 456 364 488 370 489 370 490 370 502 364 521 371 522 371 523 371 524 371 525 371 535 363 586 363 623 370 624 371 624 370 661 363 720 363 739 369 740 369 741 369 811 362 839 369 839 369 840 370 899 370 899 369 900 369 923 362 968 366 968 366 969 366 980 360 980 351 978 313 934 311 933 311 932 311 931 311 929 313 919 320 806 320 796 315 792 313 791 313 790 313 789 313 788 313 786 315 777 320 750 316 731 312 730 312 729 312 721 316 718 317 699 316 623 312 622 312 621 312 606 317 595 320 572 317 549 315 548 315 548 315 536 317 523 321 517 318 511 314 510 314 509 314 508 314 507 314 490 317 480 313 479 313 478 313 477 313 476 313 466 318 461 321 456 318 444 314 443 314 442 314 441 314 427 319 421 322 368 322 365 320 358 316 357 316 356 316 355 316 355 316 354 316 348 320 345 322 335 320 303 314 210 314 209 314 208 314 193 320 194 355"/></Shape>
	    <String CONTENT="Prophetæ, quoties Iudæis obiiciunt quod"
                    HPOS="193.0"
                    VPOS="311.0"
                    WIDTH="787.0"
                    HEIGHT="62.0"
                    WC="0.9983211388954749"></String>
          </TextLine>
          <TextLine ID="line_7"
                    TAGREFS="LT8"
                    BASELINE="193 405 968 400" 
                    HPOS="192.0"
                    VPOS="359.0"
                    WIDTH="776.0"
                    HEIGHT="65.0">
            <Shape><Polygon POINTS="193 405 193 414 210 420 211 420 212 420 276 415 290 423 291 423 292 424 325 424 325 423 363 414 364 414 412 422 413 423 481 423 481 422 482 422 502 413 503 413 515 421 516 421 516 421 517 422 569 422 569 421 570 421 587 414 621 419 622 419 659 413 664 412 668 413 695 420 696 420 697 420 698 420 713 415 740 420 741 420 742 420 756 413 800 419 801 419 802 419 803 419 812 412 813 412 814 412 826 418 827 418 828 418 872 412 881 419 882 419 883 419 884 420 923 420 923 419 968 412 968 400 967 367 903 360 902 360 901 360 888 366 842 361 841 361 818 366 817 366 786 359 749 359 748 359 747 359 733 366 731 367 730 366 713 359 712 359 666 359 665 359 664 359 663 359 655 366 654 367 652 366 637 360 636 360 635 360 634 360 620 366 615 368 602 366 577 362 576 362 539 366 526 367 522 366 508 360 507 360 506 360 470 366 450 369 426 366 399 362 398 362 397 362 384 366 370 369 337 366 326 365 325 365 314 366 263 370 249 366 238 362 237 362 236 362 192 365 193 405"/></Shape>
	    <String CONTENT="à Domino Deo ſuoreceſſerint, verbum illius"
                    HPOS="192.0"
                    VPOS="359.0"
                    WIDTH="776.0"
                    HEIGHT="65.0"
                    WC="0.9887016374011373"></String>
          </TextLine>
          <TextLine ID="line_8"
                    TAGREFS="LT8"
                    BASELINE="203 453 425 447" 
                    HPOS="200"
                    VPOS="411"
                    WIDTH="233"
                    HEIGHT="60">
            <Shape><Polygon POINTS="202 471 432 462 433 450 432 420 401 411 400 411 398 411 397 411 395 411 384 418 359 411 357 411 356 411 302 418 226 411 225 411 224 411 200 420 202 452"/></Shape>
	    <String CONTENT="neglexerint."
                    HPOS="200"
                    VPOS="411"
                    WIDTH="233"
                    HEIGHT="60"
                    WC="0.9978150576353073"></String>
          </TextLine>
        </TextBlock>
        <TextBlock HPOS="184.26519775390625"
                   VPOS="465.74896240234375"
                   WIDTH="807.899169921875"
                   HEIGHT="541.7861328125"
                   ID="block_4"
                   TAGREFS="BT1851">
          <Shape><Polygon POINTS="184.265 465.749 992.164 465.749 992.164 1007.54 184.265 1007.54 184.265 465.749"/></Shape>
          <TextLine ID="line_9"
                    TAGREFS="LT8"
                    BASELINE="249 501 980 498" 
                    HPOS="248.0"
                    VPOS="455.0"
                    WIDTH="732.0"
                    HEIGHT="62.0">
            <Shape><Polygon POINTS="249 501 249 516 332 517 333 517 334 517 335 517 337 516 343 511 373 515 388 517 389 517 404 515 428 511 468 514 484 515 485 515 486 515 487 515 488 514 494 510 515 514 529 516 530 517 566 517 566 516 567 516 568 516 571 513 575 510 583 513 591 515 592 515 593 515 627 512 657 510 664 512 677 516 678 516 679 517 736 517 736 516 737 516 750 511 755 509 758 511 765 515 766 515 767 515 768 515 769 515 779 511 784 509 822 510 950 515 951 515 979 508 980 498 978 465 956 465 938 455 937 455 936 455 902 461 894 455 893 455 892 455 891 455 862 460 849 456 848 456 847 456 846 456 845 456 836 464 804 465 779 465 772 458 771 458 770 458 769 458 768 458 749 464 738 455 737 455 736 455 735 455 734 455 713 465 691 456 690 456 689 456 688 456 687 456 673 465 650 457 649 457 648 457 647 457 624 466 546 466 534 456 533 456 532 456 492 456 491 456 458 464 452 459 451 459 451 459 450 459 449 459 448 459 437 467 392 467 380 458 379 458 378 458 377 458 376 458 352 465 325 457 324 457 323 457 322 457 322 457 311 466 299 462 298 462 297 462 248 467 249 501"/></Shape>
	    <String CONTENT="Porrè ſimul hîc promittit aduentum ſu¬"
                    HPOS="248.0"
                    VPOS="455.0"
                    WIDTH="732.0"
                    HEIGHT="62.0"
                    WC="0.9881099760532379"></String>
          </TextLine>
          <TextLine ID="line_10"
                    TAGREFS="LT8"
                    BASELINE="191 553 981 548" 
                    HPOS="190.0"
                    VPOS="505.0"
                    WIDTH="791.0"
                    HEIGHT="63.0">
            <Shape><Polygon POINTS="191 553 191 561 239 568 240 568 337 563 345 568 346 568 347 568 348 568 349 568 375 560 378 560 383 560 441 567 442 567 443 567 460 560 460 559 615 559 616 559 633 564 634 564 635 564 726 558 733 558 734 558 749 565 750 565 751 565 805 560 816 565 817 565 818 565 941 564 980 556 981 548 979 514 908 508 907 508 869 513 839 505 838 505 837 505 774 507 774 507 759 513 757 514 752 513 728 508 727 508 726 508 725 508 718 513 717 514 714 513 700 509 699 509 698 509 697 509 687 513 686 513 666 506 665 506 664 506 663 506 639 513 632 515 498 513 476 513 464 507 463 507 350 507 349 507 348 507 327 513 311 517 291 513 269 508 268 508 246 513 234 515 228 513 218 508 217 508 216 508 190 512 191 553"/></Shape>
	    <String CONTENT="um, ex qua ſpe tamen videtur poſtea exci¬"
                    HPOS="190.0"
                    VPOS="505.0"
                    WIDTH="791.0"
                    HEIGHT="63.0"
                    WC="0.9986927145864906"></String>
          </TextLine>
          <TextLine ID="line_11"
                    TAGREFS="LT8"
                    BASELINE="190 601 982 597" 
                    HPOS="189.0"
                    VPOS="555.0"
                    WIDTH="793.0"
                    HEIGHT="61.0">
            <Shape><Polygon POINTS="190 601 190 611 298 616 299 616 325 611 329 611 981 611 982 597 979 563 899 564 896 563 878 555 877 555 876 555 875 555 846 564 843 564 837 564 792 559 791 559 790 559 774 564 771 566 691 566 690 565 675 558 674 558 673 558 672 558 654 565 640 557 639 557 638 557 637 557 623 562 560 557 559 557 558 557 540 566 539 566 538 566 500 557 450 557 449 557 448 557 423 564 391 557 390 557 389 557 357 567 322 559 321 559 267 564 213 558 212 558 211 558 189 567 190 601"/></Shape>
	    <String CONTENT="diſſe, nam Epheſinos ſeniores Miletum euo¬"
                    HPOS="189.0"
                    VPOS="555.0"
                    WIDTH="793.0"
                    HEIGHT="61.0"
                    WC="0.9927342633406321"></String>
          </TextLine>
          <TextLine ID="line_12"
                    TAGREFS="LT8"
                    BASELINE="188 651 421 647 981 649" 
                    HPOS="187.0"
                    VPOS="606.0"
                    WIDTH="794.0"
                    HEIGHT="60.0">
            <Shape><Polygon POINTS="188 651 187 661 201 666 202 666 203 666 204 666 213 661 217 660 221 662 232 666 233 666 234 666 257 662 267 660 281 662 307 666 308 666 348 662 375 660 379 663 384 666 385 666 386 666 387 666 433 663 477 660 492 663 506 666 507 666 508 666 509 666 512 663 516 660 562 660 570 664 573 666 574 666 575 666 576 666 715 666 715 666 716 666 717 666 718 665 726 660 785 660 796 665 797 665 798 665 800 665 857 660 913 666 917 666 918 666 919 666 932 660 979 666 981 649 980 616 940 606 924 606 923 606 922 606 921 606 908 616 813 616 799 606 798 606 797 606 773 606 772 606 771 606 749 616 748 616 709 616 709 615 691 606 690 606 628 606 627 606 626 606 610 613 601 606 600 606 599 606 598 606 517 611 467 606 466 606 382 615 381 615 379 615 308 606 307 606 306 606 305 606 293 615 285 610 284 610 283 610 243 615 242 615 240 615 196 608 195 608 194 608 193 608 188 612 188 651"/></Shape>
	    <String CONTENT="cauit præternauigans Epheſum. Et notanda"
                    HPOS="187.0"
                    VPOS="606.0"
                    WIDTH="794.0"
                    HEIGHT="60.0"
                    WC="0.987205545604229"></String>
          </TextLine>
          <TextLine ID="line_13"
                    TAGREFS="LT8"
                    BASELINE="186 699 450 697 979 699" 
                    HPOS="185.0"
                    VPOS="655.0"
                    WIDTH="794.0"
                    HEIGHT="61.0">
            <Shape><Polygon POINTS="186 699 185 711 294 715 295 715 296 715 303 712 313 707 322 712 325 713 326 713 327 713 328 713 333 712 346 708 358 712 368 715 369 715 370 716 416 716 416 715 417 715 418 715 421 712 431 707 455 707 465 712 469 715 470 715 471 715 472 716 498 716 498 715 499 715 500 715 504 712 510 709 529 712 541 714 542 714 553 712 580 708 586 713 588 714 589 714 590 714 591 714 592 714 598 713 613 708 627 713 638 716 639 716 640 716 664 713 677 711 683 713 692 716 693 716 694 716 710 713 729 709 747 713 758 715 759 715 760 715 765 713 777 708 851 708 858 713 859 713 860 713 861 713 864 713 919 708 977 713 979 699 978 665 928 659 927 659 879 663 870 664 868 663 855 656 854 656 853 656 826 662 785 656 784 656 783 656 782 656 774 662 772 664 768 662 753 656 752 656 725 656 724 656 723 656 722 656 715 662 711 664 685 661 654 658 653 658 652 658 645 661 634 664 606 660 593 659 592 659 591 659 590 659 589 660 582 664 563 660 540 655 514 655 513 655 512 655 511 655 506 659 501 663 490 659 479 655 478 655 477 655 476 655 469 659 461 663 356 657 322 656 322 656 321 656 320 656 319 657 308 664 250 664 224 656 220 655 219 655 218 655 186 655 186 699"/></Shape>
	    <String CONTENT="eſt phraſis, præcipi lectionem donec venerit,"
                    HPOS="185.0"
                    VPOS="655.0"
                    WIDTH="794.0"
                    HEIGHT="61.0"
                    WC="0.9941474199295044"></String>
          </TextLine>
          <TextLine ID="line_14"
                    TAGREFS="LT8"
                    BASELINE="185 748 977 745" 
                    HPOS="184.0"
                    VPOS="704.0"
                    WIDTH="793.0"
                    HEIGHT="59.0">
            <Shape><Polygon POINTS="185 748 185 758 229 756 241 759 251 761 252 761 253 761 254 761 261 759 271 756 278 759 287 762 288 762 289 763 324 763 324 762 325 762 326 762 331 759 335 756 364 756 370 759 375 762 376 762 377 762 378 763 420 763 420 762 438 759 454 755 541 755 555 760 562 761 563 761 564 761 565 761 569 760 578 755 589 760 590 760 591 760 592 760 597 760 643 755 663 760 671 761 672 761 673 761 684 760 715 754 734 760 736 761 737 761 738 761 749 760 800 756 935 761 946 761 947 761 948 761 962 755 974 761 977 745 974 715 839 715 835 713 819 704 818 704 817 704 785 711 776 704 775 704 774 704 774 704 773 704 752 709 724 704 723 704 722 704 709 711 700 716 672 711 658 709 657 709 656 709 655 709 653 711 649 713 645 711 632 705 631 705 630 705 629 705 614 710 610 712 605 710 593 706 592 706 591 706 562 710 523 715 515 709 514 708 513 708 512 708 511 708 502 709 484 712 469 709 452 705 451 705 451 705 450 705 445 708 443 710 431 708 420 707 419 707 419 707 418 707 417 708 407 715 367 713 360 708 358 706 357 706 356 706 297 706 296 706 295 706 292 707 259 717 237 708 236 708 184 706 185 748"/></Shape>
	    <String CONTENT="hoc eſt, ſemper: non enim voluit hancne¬"
                    HPOS="184.0"
                    VPOS="704.0"
                    WIDTH="793.0"
                    HEIGHT="59.0"
                    WC="0.9970387652516365"></String>
          </TextLine>
          <TextLine ID="line_15"
                    TAGREFS="LT8"
                    BASELINE="192 796 977 794" 
                    HPOS="191.0"
                    VPOS="754.0"
                    WIDTH="786.0"
                    HEIGHT="61.0">
            <Shape><Polygon POINTS="192 796 192 815 300 815 300 814 301 814 305 813 332 805 354 813 357 814 358 814 359 815 388 815 388 814 389 814 394 812 409 805 448 810 449 810 450 810 461 804 487 811 500 814 501 814 502 814 503 814 512 811 516 809 526 810 543 813 544 813 545 813 546 813 549 810 558 805 575 810 582 812 583 812 584 812 585 812 590 810 603 803 632 808 633 808 634 808 654 803 798 803 807 807 809 808 810 808 811 808 812 808 815 807 822 804 827 807 837 813 838 813 839 813 839 813 896 807 909 813 910 813 911 813 912 813 935 807 959 813 960 813 961 813 962 813 977 805 977 794 975 764 884 764 867 754 866 754 865 754 864 754 817 759 794 754 793 754 792 754 791 754 774 764 755 764 738 754 737 754 736 754 660 754 659 754 658 754 657 754 644 763 624 756 623 756 622 756 588 763 572 759 571 759 570 759 569 759 568 759 559 764 545 760 544 760 543 760 542 760 529 764 511 755 510 755 509 755 508 755 476 764 440 759 439 759 438 759 437 759 428 764 418 760 417 760 416 760 375 764 335 755 334 755 333 755 332 755 331 755 319 763 295 764 287 758 286 758 285 758 284 758 260 762 237 755 236 755 235 755 191 765 192 796"/></Shape>
	    <String CONTENT="gligi poſtquam ad eum veniſſet, ſed inten¬"
                    HPOS="191.0"
                    VPOS="754.0"
                    WIDTH="786.0"
                    HEIGHT="61.0"
                    WC="0.9992573190303076"></String>
          </TextLine>
          <TextLine ID="line_16"
                    TAGREFS="LT8"
                    BASELINE="185 847 624 842 975 845" 
                    HPOS="184.0"
                    VPOS="803.0"
                    WIDTH="791.0"
                    HEIGHT="60.0">
            <Shape><Polygon POINTS="185 847 185 861 230 856 258 861 263 862 264 862 273 861 320 856 355 861 363 862 364 863 405 863 405 862 406 862 408 861 420 856 474 861 478 861 479 861 480 861 494 856 532 856 540 861 541 861 542 861 543 862 611 862 611 861 612 861 613 861 620 856 742 860 742 860 743 860 744 860 755 855 974 860 975 845 974 813 941 805 940 805 939 805 938 805 930 813 884 813 854 803 853 803 852 803 851 803 850 803 839 813 795 813 782 803 781 803 780 803 738 803 737 803 706 804 705 804 704 804 696 810 632 804 631 804 630 804 616 809 526 806 525 806 524 806 523 806 516 812 504 806 503 806 502 806 501 806 484 813 422 805 421 805 350 815 333 815 320 805 319 805 318 805 317 805 263 814 220 806 219 806 218 806 184 815 185 847"/></Shape>
	    <String CONTENT="tiſsimè nunc hac occupari ad aduentum de"
                    HPOS="184.0"
                    VPOS="803.0"
                    WIDTH="791.0"
                    HEIGHT="60.0"
                    WC="0.995507315891545"></String>
          </TextLine>
          <TextLine ID="line_17"
                    TAGREFS="LT8"
                    BASELINE="185 896 567 892 972 894" 
                    HPOS="184.0"
                    VPOS="853.0"
                    WIDTH="788.0"
                    HEIGHT="56.0">
            <Shape><Polygon POINTS="185 896 185 903 220 909 221 909 256 904 263 903 269 904 289 909 290 909 290 909 452 905 516 904 524 906 541 909 542 909 575 906 617 902 970 908 972 894 971 861 810 861 789 853 788 853 787 853 726 859 716 853 715 853 714 853 645 853 644 853 603 859 549 854 548 854 548 854 521 861 518 862 494 862 493 861 486 856 485 856 484 856 484 856 483 856 468 859 460 854 459 854 458 854 457 854 406 861 400 861 377 861 375 861 364 854 363 854 362 854 361 854 256 858 212 854 211 854 210 854 184 860 185 896"/></Shape>
	    <String CONTENT="aliis etiam eum moniturus. Facit contra er¬"
                    HPOS="184.0"
                    VPOS="853.0"
                    WIDTH="788.0"
                    HEIGHT="56.0"
                    WC="0.9857699455216874"></String>
          </TextLine>
          <TextLine ID="line_18"
                    TAGREFS="LT8"
                    BASELINE="183 946 741 942 972 946" 
                    HPOS="182.0"
                    VPOS="900.0"
                    WIDTH="790.0"
                    HEIGHT="62.0">
            <Shape><Polygon POINTS="183 946 183 954 247 954 252 955 275 962 276 962 277 962 304 955 310 954 316 956 331 961 332 961 333 961 410 956 464 953 474 957 484 961 485 961 486 961 487 961 501 957 505 956 516 957 548 961 549 961 550 961 563 957 580 953 602 958 619 961 620 961 635 958 653 954 796 959 829 960 830 960 831 960 834 959 862 952 888 960 889 960 890 960 891 961 971 961 972 946 971 910 898 910 896 909 871 900 871 900 870 900 869 900 868 900 856 908 845 908 826 909 823 908 812 900 811 900 810 900 809 900 808 900 782 908 776 909 740 907 635 901 634 901 594 906 580 907 572 905 554 902 553 902 552 902 544 905 530 910 491 905 463 901 462 901 461 901 451 904 433 910 373 903 356 902 355 902 349 903 313 911 270 906 269 906 247 911 223 902 222 902 182 902 183 946"/></Shape>
	    <String CONTENT="rorem Heluidii, qui malè interpretabatur"
                    HPOS="182.0"
                    VPOS="900.0"
                    WIDTH="790.0"
                    HEIGHT="62.0"
                    WC="0.9960832930192715"></String>
          </TextLine>
          <TextLine ID="line_19"
                    TAGREFS="LT8"
                    BASELINE="183 996 628 990" 
                    HPOS="181"
                    VPOS="946"
                    WIDTH="446"
                    HEIGHT="61">
            <Shape><Polygon POINTS="181 994 181 1007 625 1007 627 988 624 955 503 948 501 948 440 955 414 946 413 946 411 946 295 948 293 948 292 948 277 956 203 949 202 949 200 949 199 949 192 952 181 994"/></Shape>
	    <String CONTENT="Hanc partieulam Donec."
                    HPOS="181"
                    VPOS="946"
                    WIDTH="446"
                    HEIGHT="61"
                    WC="0.9997718307104978"></String>
          </TextLine>
        </TextBlock>
        <TextBlock HPOS="184.45602416992188"
                   VPOS="1013.6531372070312"
                   WIDTH="801.2560729980469"
                   HEIGHT="292.02581787109375"
                   ID="block_6"
                   TAGREFS="BT1851">
          <Shape><Polygon POINTS="184.456 1013.65 985.712 1013.65 985.712 1305.68 184.456 1305.68 184.456 1013.65"/></Shape>
          <TextLine ID="line_20"
                    TAGREFS="LT8"
                    BASELINE="230 1043 974 1040" 
                    HPOS="229.0"
                    VPOS="1001.0"
                    WIDTH="745.0"
                    HEIGHT="56.0">
            <Shape><Polygon POINTS="230 1043 230 1051 397 1057 398 1057 399 1057 400 1057 405 1052 407 1051 414 1052 423 1055 424 1055 425 1055 485 1053 562 1050 577 1053 589 1056 590 1056 591 1056 592 1056 595 1053 600 1050 634 1054 649 1055 650 1055 658 1054 677 1050 709 1054 725 1056 726 1056 738 1054 763 1050 813 1055 821 1055 822 1055 823 1055 825 1055 842 1049 854 1055 855 1055 856 1055 857 1056 973 1056 974 1040 971 1004 926 1008 909 1004 896 1001 895 1001 894 1001 881 1005 869 1008 861 1005 853 1001 852 1001 851 1001 850 1001 843 1005 838 1008 816 1005 798 1003 797 1003 782 1006 770 1008 760 1006 740 1001 739 1001 738 1001 728 1006 722 1009 706 1006 684 1003 683 1003 682 1003 681 1003 677 1007 672 1010 606 1010 599 1008 579 1002 578 1002 482 1002 481 1002 383 1010 377 1010 376 1010 355 1003 354 1003 353 1003 352 1003 334 1010 321 1003 320 1003 319 1003 318 1003 305 1009 259 1004 258 1004 229 1011 230 1043"/></Shape>
	    <String CONTENT="Octauò, INTENDE ETIAM EXHORTA¬"
                    HPOS="229.0"
                    VPOS="1001.0"
                    WIDTH="745.0"
                    HEIGHT="56.0"
                    WC="0.9927935965599552"></String>
          </TextLine>
          <TextLine ID="line_21"
                    TAGREFS="LT8"
                    BASELINE="190 1094 459 1088 975 1090" 
                    HPOS="189.0"
                    VPOS="1047.0"
                    WIDTH="786.0"
                    HEIGHT="61.0">
            <Shape><Polygon POINTS="190 1094 190 1105 708 1100 747 1107 755 1108 756 1108 773 1107 852 1100 863 1105 864 1105 865 1105 866 1105 878 1101 901 1107 902 1107 903 1108 974 1108 975 1090 974 1055 948 1047 947 1047 832 1047 831 1047 830 1047 805 1056 779 1056 766 1057 706 1057 705 1056 688 1047 687 1047 619 1047 618 1047 576 1056 402 1047 401 1047 400 1047 399 1047 387 1056 317 1050 316 1050 315 1050 302 1057 189 1057 190 1094"/></Shape>
	    <String CONTENT="TIONI, VEL CONSOLATIONI: pigri indigẽt"
                    HPOS="189.0"
                    VPOS="1047.0"
                    WIDTH="786.0"
                    HEIGHT="61.0"
                    WC="0.9906558165183434"></String>
          </TextLine>
          <TextLine ID="line_22"
                    TAGREFS="LT8"
                    BASELINE="184 1142 446 1135 975 1141" 
                    HPOS="183.0"
                    VPOS="1097.0"
                    WIDTH="792.0"
                    HEIGHT="58.0">
            <Shape><Polygon POINTS="184 1142 183 1146 193 1153 193 1153 194 1153 337 1154 338 1154 370 1147 377 1146 386 1147 424 1154 425 1154 426 1154 427 1154 437 1148 441 1146 538 1146 552 1149 570 1154 571 1154 572 1154 573 1154 581 1150 589 1146 646 1146 677 1151 679 1151 680 1151 686 1151 735 1147 755 1152 769 1155 770 1155 836 1153 916 1150 973 1154 975 1141 974 1110 823 1102 822 1102 790 1107 777 1100 776 1100 775 1100 774 1100 761 1106 731 1106 720 1098 719 1098 718 1098 652 1097 601 1097 600 1097 599 1097 580 1106 575 1108 565 1106 544 1101 543 1101 542 1101 532 1106 526 1108 516 1105 484 1097 484 1097 483 1097 482 1097 463 1105 459 1107 456 1105 446 1097 445 1097 444 1097 443 1097 360 1101 359 1101 358 1101 355 1104 348 1108 313 1104 289 1101 288 1101 287 1101 282 1103 274 1108 242 1108 236 1103 234 1101 233 1101 232 1101 231 1101 230 1101 223 1103 215 1105 212 1103 208 1099 207 1099 206 1099 205 1099 184 1102 184 1142"/></Shape>
	    <String CONTENT="ſtimulo, hi igitur excitandi ſunt: languentes"
                    HPOS="183.0"
                    VPOS="1097.0"
                    WIDTH="792.0"
                    HEIGHT="58.0"
                    WC="0.9968638367123074"></String>
          </TextLine>
          <TextLine ID="line_23"
                    TAGREFS="LT8"
                    BASELINE="188 1193 420 1183 974 1188" 
                    HPOS="188.0"
                    VPOS="1145.0"
                    WIDTH="786.0"
                    HEIGHT="60.0">
            <Shape><Polygon POINTS="188 1193 188 1205 284 1205 284 1204 289 1204 329 1197 354 1203 357 1204 358 1204 359 1204 360 1204 362 1203 378 1196 476 1196 496 1202 503 1204 504 1204 505 1205 534 1205 534 1204 535 1204 536 1204 539 1202 547 1196 613 1196 627 1201 636 1204 637 1204 638 1204 657 1201 685 1196 839 1196 852 1199 871 1204 871 1204 872 1205 957 1205 957 1204 958 1204 973 1198 974 1188 973 1157 894 1157 876 1145 875 1145 874 1145 873 1145 872 1145 830 1156 805 1149 804 1149 803 1149 802 1149 774 1156 751 1145 750 1145 749 1145 700 1155 675 1145 674 1145 673 1145 618 1150 586 1145 585 1145 584 1145 583 1145 568 1155 548 1155 520 1145 519 1145 475 1145 474 1145 473 1145 429 1156 411 1156 397 1145 396 1145 395 1145 349 1145 348 1145 298 1156 261 1150 260 1150 188 1156 188 1193"/></Shape>
	    <String CONTENT="verò conſolatione, ne deſperent: rectè cur¬"
                    HPOS="188.0"
                    VPOS="1145.0"
                    WIDTH="786.0"
                    HEIGHT="60.0"
                    WC="0.9825335529115465"></String>
          </TextLine>
          <TextLine ID="line_24"
                    TAGREFS="LT8"
                    BASELINE="183 1241 404 1232 976 1237" 
                    HPOS="183.0"
                    VPOS="1195.0"
                    WIDTH="793.0"
                    HEIGHT="61.0">
            <Shape><Polygon POINTS="183 1241 183 1255 266 1255 266 1254 267 1254 268 1254 289 1245 490 1250 491 1250 531 1246 548 1251 561 1255 562 1255 563 1256 634 1256 634 1255 635 1255 647 1250 657 1246 700 1246 707 1249 717 1255 718 1255 719 1255 751 1249 752 1249 796 1255 797 1255 839 1250 930 1255 931 1255 975 1246 976 1237 976 1206 956 1197 955 1197 954 1197 953 1197 932 1206 880 1206 865 1200 864 1200 863 1200 862 1200 845 1204 833 1197 832 1197 831 1197 830 1197 816 1203 807 1196 806 1196 806 1196 805 1196 762 1204 737 1196 736 1196 735 1196 585 1205 571 1197 570 1197 569 1197 568 1197 530 1202 510 1196 509 1196 443 1196 442 1196 441 1196 431 1201 425 1196 424 1196 423 1196 352 1195 351 1195 350 1195 328 1205 183 1205 183 1241"/></Shape>
	    <String CONTENT="rentes confirmatione, quæ tria omnia παρά¬"
                    HPOS="183.0"
                    VPOS="1195.0"
                    WIDTH="793.0"
                    HEIGHT="61.0"
                    WC="0.9734194334163222"></String>
          </TextLine>
          <TextLine ID="line_25"
                    TAGREFS="LT8"
                    BASELINE="180 1289 343 1282 664 1282 711 1285" 
                    HPOS="177"
                    VPOS="1237"
                    WIDTH="533"
                    HEIGHT="71">
            <Shape><Polygon POINTS="178 1288 178 1308 360 1297 384 1307 385 1307 387 1308 437 1308 477 1308 477 1307 478 1307 480 1307 491 1298 513 1307 515 1307 516 1307 517 1307 558 1295 580 1305 581 1305 583 1305 624 1297 708 1305 710 1284 708 1246 359 1237 357 1237 296 1247 292 1249 177 1249 178 1288"/></Shape>
	    <String CONTENT="κλησις nobis ſignificare poteſt."
                    HPOS="177"
                    VPOS="1237"
                    WIDTH="533"
                    HEIGHT="71"
                    WC="0.9899261761456728"></String>
          </TextLine>
        </TextBlock>
        <TextBlock HPOS="175.46400451660156"
                   VPOS="1306.9215087890625"
                   WIDTH="808.2507171630859"
                   HEIGHT="245.8614501953125"
                   ID="block_5"
                   TAGREFS="BT1851">
          <Shape><Polygon POINTS="175.464 1306.92 983.715 1306.92 983.715 1552.78 175.464 1552.78 175.464 1306.92"/></Shape>
          <TextLine ID="line_26"
                    TAGREFS="LT8"
                    BASELINE="184 1332 411 1331 968 1338" 
                    HPOS="183.0"
                    VPOS="1292.0"
                    WIDTH="785.0"
                    HEIGHT="63.0">
            <Shape><Polygon POINTS="184 1332 183 1342 256 1348 257 1348 278 1344 295 1341 373 1346 401 1347 402 1347 417 1346 467 1343 495 1348 516 1351 517 1351 530 1348 545 1345 575 1349 592 1351 593 1351 607 1350 642 1345 648 1350 650 1352 651 1352 652 1352 653 1352 664 1350 696 1345 729 1352 733 1352 734 1352 738 1352 761 1347 813 1353 826 1354 967 1355 968 1338 968 1307 945 1300 944 1300 943 1300 942 1300 920 1307 919 1307 895 1301 894 1301 893 1301 861 1306 843 1298 842 1298 841 1298 806 1302 782 1299 781 1299 780 1299 759 1305 696 1298 695 1298 694 1298 680 1304 637 1296 636 1296 635 1296 607 1303 549 1303 538 1303 537 1303 499 1294 498 1294 497 1294 496 1294 468 1302 465 1302 393 1302 383 1294 382 1294 381 1294 335 1292 334 1292 333 1292 299 1300 286 1292 285 1292 284 1292 283 1292 184 1300 184 1332"/></Shape>
	    <String CONTENT="Nonò, ATTENDE QVOQVE DOCTRINAE,"
                    HPOS="183.0"
                    VPOS="1292.0"
                    WIDTH="785.0"
                    HEIGHT="63.0"></String>
          </TextLine>
          <TextLine ID="line_27"
                    TAGREFS="LT8"
                    BASELINE="179 1384 968 1382" 
                    HPOS="178.0"
                    VPOS="1343.0"
                    WIDTH="790.0"
                    HEIGHT="59.0">
            <Shape><Polygon POINTS="179 1384 179 1395 380 1395 381 1395 389 1401 390 1401 391 1401 392 1402 436 1402 436 1401 437 1401 461 1395 462 1395 467 1395 613 1400 614 1400 615 1400 634 1394 635 1394 637 1394 651 1399 652 1399 653 1399 677 1395 684 1400 685 1400 686 1400 687 1400 725 1395 752 1395 762 1400 763 1400 764 1400 765 1401 920 1401 920 1400 967 1393 968 1382 966 1355 807 1355 804 1353 781 1343 780 1343 738 1343 737 1343 736 1343 735 1343 724 1352 722 1353 720 1352 708 1345 707 1345 706 1345 678 1351 666 1354 604 1352 602 1350 593 1343 592 1343 591 1343 590 1343 589 1343 571 1350 567 1351 562 1350 538 1344 537 1344 536 1344 535 1344 528 1350 520 1355 501 1349 496 1348 495 1348 494 1348 481 1349 438 1353 398 1348 380 1346 379 1346 378 1346 373 1348 358 1354 353 1349 352 1349 351 1349 350 1349 322 1352 316 1347 312 1344 311 1344 310 1344 268 1344 267 1344 266 1344 259 1346 249 1351 237 1346 232 1344 231 1344 230 1344 178 1345 179 1384"/></Shape>
	    <String CONTENT="hoc eſt, vt opportunè doceas, ne bonam cau¬"
                    HPOS="178.0"
                    VPOS="1343.0"
                    WIDTH="790.0"
                    HEIGHT="59.0"
                    WC="0.9993241862817244"></String>
          </TextLine>
          <TextLine ID="line_28"
                    TAGREFS="LT8"
                    BASELINE="178 1432 968 1432" 
                    HPOS="178.0"
                    VPOS="1393.0"
                    WIDTH="790.0"
                    HEIGHT="59.0">
            <Shape><Polygon POINTS="178 1432 178 1444 240 1444 251 1450 252 1450 253 1450 254 1450 328 1444 347 1450 348 1450 349 1450 350 1450 371 1444 385 1451 386 1451 387 1451 419 1446 448 1451 449 1451 450 1451 466 1444 498 1451 499 1451 528 1444 550 1451 551 1451 552 1451 600 1446 636 1451 637 1451 638 1451 650 1444 751 1450 752 1450 753 1450 765 1445 774 1451 775 1451 776 1451 777 1451 778 1451 779 1451 787 1446 870 1451 871 1451 871 1451 872 1451 882 1444 891 1451 892 1451 893 1451 894 1452 951 1452 951 1451 952 1451 968 1443 968 1432 968 1400 939 1393 938 1393 937 1393 936 1393 916 1400 915 1401 800 1401 797 1399 787 1393 786 1393 785 1393 784 1393 708 1398 673 1400 660 1397 641 1393 640 1393 639 1393 638 1393 625 1397 621 1398 603 1396 567 1394 566 1394 565 1394 564 1394 560 1396 556 1399 551 1396 547 1393 546 1393 545 1393 544 1393 525 1396 516 1397 489 1396 448 1393 447 1393 446 1393 445 1393 441 1396 431 1401 376 1401 363 1395 360 1393 359 1393 331 1393 330 1393 329 1393 324 1394 302 1400 283 1394 281 1393 280 1393 279 1393 278 1393 276 1394 258 1400 244 1395 243 1395 178 1393 178 1432"/></Shape>
	    <String CONTENT="ſam malè agendo deperdas: doctrina indi¬"
                    HPOS="178.0"
                    VPOS="1393.0"
                    WIDTH="790.0"
                    HEIGHT="59.0"
                    WC="0.9873963768889265"></String>
          </TextLine>
          <TextLine ID="line_29"
                    TAGREFS="LT8"
                    BASELINE="181 1481 968 1481" 
                    HPOS="181.0"
                    VPOS="1443.0"
                    WIDTH="787.0"
                    HEIGHT="59.0">
            <Shape><Polygon POINTS="181 1481 181 1501 226 1496 238 1501 239 1501 240 1501 241 1501 242 1501 243 1501 256 1495 282 1500 283 1500 317 1495 569 1495 574 1498 579 1501 580 1501 580 1501 581 1501 700 1496 745 1495 755 1496 792 1501 793 1501 794 1501 806 1495 806 1495 807 1495 814 1501 815 1501 816 1501 817 1502 957 1502 957 1501 958 1501 959 1501 968 1495 968 1481 968 1454 875 1454 873 1453 868 1448 867 1448 866 1448 865 1448 836 1452 835 1452 816 1443 815 1443 814 1443 775 1451 745 1443 744 1443 709 1443 708 1443 707 1443 706 1443 697 1450 687 1443 686 1443 685 1443 647 1443 646 1443 616 1450 603 1453 509 1450 508 1449 500 1443 499 1443 498 1443 497 1443 458 1444 457 1444 456 1444 450 1448 442 1453 429 1448 416 1443 415 1443 414 1443 413 1443 400 1448 393 1450 369 1447 327 1443 326 1443 325 1443 317 1447 304 1453 269 1453 257 1446 250 1443 249 1443 248 1443 247 1443 239 1446 222 1453 181 1446 181 1481"/></Shape>
	    <String CONTENT="gent rudes, vt iuuentus, cui rudimẽta propo¬"
                    HPOS="181.0"
                    VPOS="1443.0"
                    WIDTH="787.0"
                    HEIGHT="59.0"
                    WC="0.9969824711481731"></String>
          </TextLine>
          <TextLine ID="line_30"
                    TAGREFS="LT8"
                    BASELINE="179 1529 972 1532" 
                    HPOS="178.0"
                    VPOS="1491.0"
                    WIDTH="794.0"
                    HEIGHT="67.0">
            <Shape><Polygon POINTS="179 1529 178 1544 214 1556 215 1556 216 1556 246 1550 276 1556 277 1556 278 1556 279 1556 295 1547 343 1556 344 1556 345 1556 365 1546 418 1546 428 1554 429 1554 430 1554 431 1554 432 1554 451 1547 476 1557 477 1557 478 1557 654 1555 655 1555 686 1547 745 1547 784 1558 785 1558 786 1558 787 1558 788 1558 806 1548 823 1548 848 1557 849 1557 850 1557 851 1557 852 1557 862 1550 878 1554 879 1554 880 1554 881 1554 894 1548 903 1553 904 1553 905 1553 971 1547 972 1532 972 1502 957 1502 957 1501 945 1492 944 1492 943 1492 942 1492 941 1492 921 1501 920 1502 866 1502 865 1501 854 1492 853 1492 852 1492 851 1492 784 1500 771 1501 677 1501 674 1499 661 1491 660 1491 659 1491 635 1491 634 1491 633 1491 632 1491 623 1498 622 1499 622 1498 612 1491 611 1491 610 1491 609 1491 608 1491 593 1496 577 1491 576 1491 463 1491 462 1491 461 1491 449 1497 444 1499 437 1497 416 1491 415 1491 414 1491 413 1491 396 1496 388 1499 345 1496 263 1491 262 1491 234 1495 211 1499 179 1495 179 1529"/></Shape>
	    <String CONTENT="nuntur pietatis perſpicua breuitate. Deinde"
                    HPOS="178.0"
                    VPOS="1491.0"
                    WIDTH="794.0"
                    HEIGHT="67.0"
                    WC="0.996935062630232"></String>
          </TextLine>
        </TextBlock>
        <TextBlock HPOS="848.0223388671875"
                   VPOS="1542.7926025390625"
                   WIDTH="131.5142822265625"
                   HEIGHT="60.1866455078125"
                   ID="block_1"
                   TAGREFS="BT17">
          <Shape><Polygon POINTS="848.022 1542.79 979.537 1542.79 979.537 1602.98 848.022 1602.98 848.022 1542.79"/></Shape>
          <TextLine ID="line_31"
                    TAGREFS="LT8"
                    BASELINE="848 1582 976 1580" 
                    HPOS="847.0"
                    VPOS="1542.0"
                    WIDTH="129.0"
                    HEIGHT="70.0">
            <Shape><Polygon POINTS="848 1582 848 1598 870 1598 874 1600 893 1612 894 1612 895 1612 896 1612 918 1611 919 1611 920 1611 920 1610 926 1605 932 1600 943 1607 949 1611 950 1611 951 1611 952 1611 976 1610 976 1580 974 1553 952 1553 933 1542 932 1542 931 1542 890 1543 889 1543 888 1543 888 1544 879 1552 857 1546 856 1546 855 1546 854 1546 853 1546 853 1547 847 1552 848 1582"/></Shape>
	    <String CONTENT="adulti"
                    HPOS="847.0"
                    VPOS="1542.0"
                    WIDTH="129.0"
                    HEIGHT="70.0"
                    WC="0.997148851553599"></String>
          </TextLine>
        </TextBlock>
      </PrintSpace>
    </Page>
  </Layout>
</alto>
