<?xml version="1.0" encoding="UTF-8"?>
<alto xmlns:xsi="http://www.w3.org/2001/XMLSchema-instance"
      xmlns="http://www.loc.gov/standards/alto/ns-v4#"
      xsi:schemaLocation="http://www.loc.gov/standards/alto/ns-v4# http://www.loc.gov/standards/alto/v4/alto-4-2.xsd">
  <Description>
    <MeasurementUnit>pixel</MeasurementUnit>
    <sourceImageInformation>
      <fileName>bsb10313792_00148.jpg</fileName>
    </sourceImageInformation>
  </Description>
  <Tags>
    <OtherTag ID="BT7" LABEL="CustomZone" DESCRIPTION="block type CustomZone"/><OtherTag ID="BT8" LABEL="DamageZone" DESCRIPTION="block type DamageZone"/><OtherTag ID="BT9" LABEL="DigitizationArtefactZone" DESCRIPTION="block type DigitizationArtefactZone"/><OtherTag ID="BT10" LABEL="DropCapitalZone" DESCRIPTION="block type DropCapitalZone"/><OtherTag ID="BT11" LABEL="GraphicZone" DESCRIPTION="block type GraphicZone"/><OtherTag ID="BT12" LABEL="MainZone" DESCRIPTION="block type MainZone"/><OtherTag ID="BT13" LABEL="MarginTextZone" DESCRIPTION="block type MarginTextZone"/><OtherTag ID="BT14" LABEL="MusicZone" DESCRIPTION="block type MusicZone"/><OtherTag ID="BT15" LABEL="NumberingZone" DESCRIPTION="block type NumberingZone"/><OtherTag ID="BT17" LABEL="QuireMarksZone" DESCRIPTION="block type QuireMarksZone"/><OtherTag ID="BT18" LABEL="RunningTitleZone" DESCRIPTION="block type RunningTitleZone"/><OtherTag ID="BT19" LABEL="SealZone" DESCRIPTION="block type SealZone"/><OtherTag ID="BT20" LABEL="StampZone" DESCRIPTION="block type StampZone"/><OtherTag ID="BT21" LABEL="TableZone" DESCRIPTION="block type TableZone"/><OtherTag ID="BT22" LABEL="TitlePageZone" DESCRIPTION="block type TitlePageZone"/><OtherTag ID="BT1851" LABEL="MainZone-P" DESCRIPTION="block type MainZone-P"/><OtherTag ID="BT1852" LABEL="MainZone-Head" DESCRIPTION="block type MainZone-Head"/><OtherTag ID="BT1853" LABEL="MainZone-P-Continued" DESCRIPTION="block type MainZone-P-Continued"/><OtherTag ID="BT1854" LABEL="MarginTextZone-ManuscriptAddendum" DESCRIPTION="block type MarginTextZone-ManuscriptAddendum"/><OtherTag ID="BT1855" LABEL="text" DESCRIPTION="block type text"/><OtherTag ID="BT1856" LABEL="MainZone-Entry" DESCRIPTION="block type MainZone-Entry"/><OtherTag ID="BT1857" LABEL="MainZone-Entry-Continued" DESCRIPTION="block type MainZone-Entry-Continued"/><OtherTag ID="BT1877" LABEL="GraphicZone-Decoration" DESCRIPTION="block type GraphicZone-Decoration"/><OtherTag ID="BT1894" LABEL="MainZone-Other" DESCRIPTION="block type MainZone-Other"/>
    <OtherTag ID="LT7" LABEL="CustomLine" DESCRIPTION="line type CustomLine"/><OtherTag ID="LT8" LABEL="DefaultLine" DESCRIPTION="line type DefaultLine"/><OtherTag ID="LT9" LABEL="DropCapitalLine" DESCRIPTION="line type DropCapitalLine"/><OtherTag ID="LT10" LABEL="HeadingLine" DESCRIPTION="line type HeadingLine"/><OtherTag ID="LT11" LABEL="InterlinearLine" DESCRIPTION="line type InterlinearLine"/><OtherTag ID="LT12" LABEL="MusicLine" DESCRIPTION="line type MusicLine"/><OtherTag ID="LT636" LABEL="default" DESCRIPTION="line type default"/>
  </Tags>
  <Layout>
    <Page WIDTH="1061"
          HEIGHT="1753"
          PHYSICAL_IMG_NR="132"
          ID="eSc_dummypage_">
      <PrintSpace HPOS="0"
                  VPOS="0"
                  WIDTH="1061"
                  HEIGHT="1753">
        <TextBlock HPOS="201"
                   VPOS="61"
                   WIDTH="65"
                   HEIGHT="39"
                   ID="block_3"
                   TAGREFS="BT15">
          <Shape><Polygon POINTS="266 61 266 100 201 100 201 61"/></Shape>
          <TextLine ID="line_0"
                    TAGREFS="LT8"
                    BASELINE="204 85 254 85" 
                    HPOS="204"
                    VPOS="58"
                    WIDTH="66"
                    HEIGHT="45">
            <Shape><Polygon POINTS="243 60 233 60 204 62 204 85 204 97 231 103 232 103 233 103 234 103 234 102 240 96 270 93 270 85 270 63 257 58 256 58 255 58 253 58 253 60"/></Shape>
	    <String CONTENT="140"
                    HPOS="204"
                    VPOS="58"
                    WIDTH="66"
                    HEIGHT="45"
                    WC="0.9999915758768717"></String>
          </TextLine>
        </TextBlock>
        <TextBlock HPOS="378"
                   VPOS="49"
                   WIDTH="473"
                   HEIGHT="47"
                   ID="block_0"
                   TAGREFS="BT18">
          <Shape><Polygon POINTS="851 49 851 96 378 96 378 49"/></Shape>
          <TextLine ID="line_1"
                    TAGREFS="LT10"
                    BASELINE="387 83 849 79" 
                    HPOS="376"
                    VPOS="44"
                    WIDTH="473"
                    HEIGHT="56">
            <Shape><Polygon POINTS="814 48 804 48 795 48 785 48 775 48 765 48 756 48 746 48 736 48 726 48 717 48 707 48 697 48 687 48 678 48 668 48 658 48 648 48 639 48 629 48 619 48 609 48 600 48 590 48 580 48 570 48 561 48 551 48 541 48 531 48 522 48 512 48 502 48 492 48 483 48 473 48 468 48 376 48 377 83 377 92 418 92 421 93 439 100 440 100 441 100 486 93 487 93 488 93 494 99 495 99 496 99 497 99 498 99 499 99 507 93 510 91 520 93 545 99 546 100 611 100 611 99 612 99 623 94 630 90 651 90 655 94 659 97 659 98 660 98 661 98 662 98 681 94 693 91 707 94 720 97 721 97 722 97 723 97 723 96 726 94 728 91 782 89 848 94 849 79 846 44 824 44 824 48"/></Shape>
	    <String CONTENT="COMMENTARTI"
                    HPOS="376"
                    VPOS="44"
                    WIDTH="473"
                    HEIGHT="56"
                    WC="0.9995721632784064"></String>
          </TextLine>
        </TextBlock>
        <TextBlock HPOS="188"
                   VPOS="106"
                   WIDTH="831"
                   HEIGHT="1180"
                   ID="block_2"
                   TAGREFS="BT1853">
          <Shape><Polygon POINTS="1019 106 1013 1286 188 1286 190 112"/></Shape>
          <TextLine ID="line_2"
                    TAGREFS="LT8"
                    BASELINE="201 140 994 142" 
                    HPOS="200"
                    VPOS="114"
                    WIDTH="794"
                    HEIGHT="42">
            <Shape><Polygon POINTS="970 117 960 117 950 117 941 117 931 117 921 117 911 117 902 117 892 117 882 117 872 117 863 117 853 117 843 117 833 117 824 117 814 117 804 117 795 117 785 117 775 117 765 117 756 117 746 117 736 117 726 117 717 117 707 117 697 117 687 117 678 117 668 117 658 117 648 117 639 117 629 117 619 117 609 117 600 117 590 117 580 117 570 117 561 117 551 117 541 117 531 117 522 117 512 117 502 117 492 117 483 117 473 117 463 117 454 117 444 117 434 117 424 117 415 117 405 117 395 117 385 117 376 117 366 117 356 117 346 117 337 117 327 117 317 117 307 117 298 117 288 117 278 117 268 117 259 117 249 117 239 117 229 117 220 117 210 117 201 117 201 140 200 149 240 155 241 155 314 149 320 149 326 149 385 155 386 155 387 155 397 149 401 149 496 149 497 150 505 155 506 155 507 155 508 155 589 151 597 156 598 156 599 156 600 156 676 154 677 154 678 154 682 151 684 149 703 151 729 154 730 154 749 151 764 149 832 149 837 152 842 154 843 154 844 154 872 152 909 149 919 152 931 156 932 156 933 156 993 152 994 142 993 115 980 114 980 117"/></Shape>
	    <String CONTENT="vino magis dediti, imprimis delicatioribus."
                    HPOS="200"
                    VPOS="114"
                    WIDTH="794"
                    HEIGHT="42"
                    WC="0.9981525595798049"></String>
          </TextLine>
          <TextLine ID="line_3"
                    TAGREFS="LT8"
                    BASELINE="201 187 1000 189" 
                    HPOS="200.0"
                    VPOS="146.0"
                    WIDTH="800.0"
                    HEIGHT="60.0">
            <Shape><Polygon POINTS="200 196 241 204 242 204 294 199 309 205 310 205 311 205 366 198 420 205 421 205 422 205 444 198 464 205 465 205 466 205 519 199 570 205 571 205 610 199 751 199 874 199 880 199 960 206 961 206 999 199 1000 189 999 162 947 162 946 160 917 148 916 148 835 148 834 148 833 148 833 148 818 158 816 159 814 158 793 148 792 148 687 148 686 148 685 148 684 148 673 155 662 162 601 162 582 154 581 154 580 154 579 154 563 161 479 161 449 150 436 147 435 147 412 147 411 147 410 147 403 149 381 161 309 161 274 148 273 148 272 148 271 148 216 154 203 146 201 187 200 196"/></Shape>
	    <String CONTENT="Olim peccabant magis in defectu boni pa¬"
                    HPOS="200.0"
                    VPOS="146.0"
                    WIDTH="800.0"
                    HEIGHT="60.0"
                    WC="0.999252824485302"></String>
          </TextLine>
          <TextLine ID="line_4"
                    TAGREFS="LT8"
                    BASELINE="197 237 993 240" 
                    HPOS="197.0"
                    VPOS="199.0"
                    WIDTH="796.0"
                    HEIGHT="55.0">
            <Shape><Polygon POINTS="197 237 197 250 939 248 991 254 993 240 992 213 960 207 959 207 958 207 944 211 907 202 906 202 905 202 882 210 840 203 839 203 838 203 817 209 811 211 804 209 780 202 779 202 778 202 777 202 776 202 766 209 761 211 717 211 711 208 695 201 694 201 693 201 692 201 691 201 683 207 679 211 666 207 660 205 659 205 658 205 657 205 652 207 640 212 580 212 567 205 557 201 556 201 555 201 554 201 553 201 549 205 542 210 479 211 467 203 463 200 462 200 461 200 460 200 437 203 380 210 344 201 339 200 338 200 337 200 334 201 313 210 300 203 299 203 298 203 297 203 280 209 267 200 266 200 265 200 197 199 197 237"/></Shape>
	    <String CONTENT="ſtores, hoc eſt, vt minus vinum curarent,"
                    HPOS="197.0"
                    VPOS="199.0"
                    WIDTH="796.0"
                    HEIGHT="55.0"
                    WC="0.9982247686967617"></String>
          </TextLine>
          <TextLine ID="line_5"
                    TAGREFS="LT8"
                    BASELINE="196 288 994 286" 
                    HPOS="195.0"
                    VPOS="243.0"
                    WIDTH="799.0"
                    HEIGHT="61.0">
            <Shape><Polygon POINTS="196 288 196 297 238 297 253 303 254 303 255 304 291 304 291 303 292 303 306 297 392 297 408 303 409 303 410 303 464 297 501 303 502 303 542 297 593 303 594 303 595 303 616 296 650 302 651 302 723 296 775 302 776 302 818 297 843 302 844 302 845 302 846 302 864 296 959 301 960 301 994 294 994 286 992 256 930 243 795 243 795 243 794 243 793 243 779 253 776 255 767 252 740 244 739 244 738 244 737 244 720 252 713 256 594 256 562 250 561 250 560 250 559 250 549 257 487 257 475 248 473 247 472 247 471 247 448 245 447 245 446 245 440 248 424 256 397 256 376 247 368 244 367 244 366 244 365 244 359 247 341 257 318 257 288 246 282 244 281 244 280 244 195 244 196 288"/></Shape>
	    <String CONTENT="magis eſſent ὑδροπόται: quæ laus eſt Muſa¬"
                    HPOS="195.0"
                    VPOS="243.0"
                    WIDTH="799.0"
                    HEIGHT="61.0"></String>
          </TextLine>
          <TextLine ID="line_6"
                    TAGREFS="LT8"
                    BASELINE="195 335 990 336" 
                    HPOS="194.0"
                    VPOS="292.0"
                    WIDTH="796.0"
                    HEIGHT="59.0">
            <Shape><Polygon POINTS="195 335 194 342 307 350 308 350 396 345 413 350 414 350 415 350 546 345 594 351 595 351 835 345 850 345 854 345 902 351 903 351 904 351 917 345 918 345 988 345 990 336 989 293 894 293 893 293 892 293 891 293 875 303 839 296 838 296 837 296 814 303 792 297 791 297 790 297 789 297 768 304 725 304 707 294 704 293 703 293 702 293 701 293 700 293 698 294 682 304 661 304 639 295 634 293 633 293 632 293 621 295 580 303 482 303 460 296 457 295 456 295 455 295 454 295 454 295 453 296 441 302 426 296 416 292 416 292 415 292 378 296 369 297 359 296 305 292 304 292 303 292 292 297 277 302 259 297 242 292 241 292 240 292 195 297 195 335"/></Shape>
	    <String CONTENT="rum apud Ethnicos, ideo fontes limpidos"
                    HPOS="194.0"
                    VPOS="292.0"
                    WIDTH="796.0"
                    HEIGHT="59.0"
                    WC="0.998347018009577"></String>
          </TextLine>
          <TextLine ID="line_7"
                    TAGREFS="LT8"
                    BASELINE="196 384 982 384" 
                    HPOS="196.0"
                    VPOS="344.0"
                    WIDTH="786.0"
                    HEIGHT="51.0">
            <Shape><Polygon POINTS="196 384 196 395 982 395 982 384 982 358 903 357 902 356 873 345 872 345 871 345 871 345 841 355 826 344 825 344 824 344 800 344 799 344 798 344 797 344 784 354 779 357 761 354 752 352 751 352 750 352 744 353 730 357 722 353 706 344 705 344 643 344 642 344 641 344 625 351 612 358 534 358 521 349 513 344 512 344 511 344 485 344 484 344 483 344 474 348 460 355 355 351 354 351 353 351 341 358 294 358 270 345 268 344 267 344 196 344 196 384"/></Shape>
	    <String CONTENT="&amp; fluminum tractus accolebant. Hodie res"
                    HPOS="196.0"
                    VPOS="344.0"
                    WIDTH="786.0"
                    HEIGHT="51.0"
                    WC="0.9994641318917274"></String>
          </TextLine>
          <TextLine ID="line_8"
                    TAGREFS="LT8"
                    BASELINE="196 434 978 434" 
                    HPOS="196.0"
                    VPOS="392.0"
                    WIDTH="782.0"
                    HEIGHT="56.0">
            <Shape><Polygon POINTS="196 434 196 447 368 444 426 448 434 448 435 448 441 448 488 444 509 448 511 448 512 448 515 448 537 444 611 448 618 448 619 448 620 448 631 444 662 448 664 448 665 448 666 448 667 448 686 444 747 448 750 448 751 448 753 448 781 444 810 448 811 448 812 448 813 448 814 448 822 444 939 444 977 448 978 434 978 407 864 405 863 404 843 392 842 392 841 392 840 392 816 395 815 395 814 395 804 403 803 404 801 403 776 393 775 393 774 393 773 393 757 402 749 407 619 407 607 399 597 392 596 392 595 392 594 392 593 392 576 397 556 392 555 392 554 392 553 392 541 398 533 403 499 406 486 397 481 393 480 393 479 393 478 393 453 396 433 399 416 396 398 392 397 392 396 392 395 392 391 395 378 406 365 406 346 394 343 392 342 392 341 392 196 392 196 434"/></Shape>
	    <String CONTENT="conuerſa eſt, ideo obſeruent noſtri οἰνοπόται,"
                    HPOS="196.0"
                    VPOS="392.0"
                    WIDTH="782.0"
                    HEIGHT="56.0"
                    WC="0.9646059721708298"></String>
          </TextLine>
          <TextLine ID="line_9"
                    TAGREFS="LT8"
                    BASELINE="197 483 990 483" 
                    HPOS="197.0"
                    VPOS="439.0"
                    WIDTH="793.0"
                    HEIGHT="60.0">
            <Shape><Polygon POINTS="197 483 197 493 450 493 456 498 457 498 458 498 459 499 515 499 515 498 516 498 517 498 524 493 562 498 563 498 644 493 690 498 691 499 739 499 739 498 740 498 741 498 747 493 771 498 772 498 884 493 979 498 980 498 981 498 990 492 990 483 990 452 941 452 940 451 922 439 921 439 920 439 881 439 880 439 879 439 878 439 862 451 861 452 770 452 768 451 748 440 747 440 746 440 745 440 744 440 727 451 726 451 719 451 633 441 632 441 631 441 596 450 591 451 586 450 536 439 535 439 458 441 457 441 456 441 442 449 438 452 403 452 397 449 366 439 365 439 255 439 254 439 197 448 197 483"/></Shape>
	    <String CONTENT="cõcedi illis in perſona Timothei paululum"
                    HPOS="197.0"
                    VPOS="439.0"
                    WIDTH="793.0"
                    HEIGHT="60.0"
                    WC="0.9951225845586686"></String>
          </TextLine>
          <TextLine ID="line_10"
                    TAGREFS="LT8"
                    BASELINE="199 532 992 530" 
                    HPOS="198.0"
                    VPOS="488.0"
                    WIDTH="794.0"
                    HEIGHT="63.0">
            <Shape><Polygon POINTS="199 532 199 542 263 542 264 542 272 549 273 549 274 549 275 549 276 549 277 549 288 542 291 541 311 541 314 542 327 550 328 550 329 550 330 551 349 551 349 550 350 550 351 550 363 542 366 541 492 541 497 543 519 550 520 550 521 551 595 551 595 550 628 543 635 542 639 543 654 549 655 549 656 550 709 550 709 549 710 549 724 543 731 541 747 544 763 546 764 546 765 546 766 546 769 544 775 540 807 544 836 547 837 547 852 544 870 540 874 544 880 549 881 549 882 549 883 549 884 549 901 544 909 542 924 544 957 549 958 549 991 544 992 530 990 502 955 500 934 490 933 490 932 490 931 490 895 501 807 493 806 493 805 493 786 501 772 490 771 490 770 490 769 490 674 493 635 488 634 488 633 488 632 488 610 502 593 503 479 503 458 489 457 489 456 489 455 489 374 494 366 489 365 489 364 489 274 489 273 489 272 489 242 503 198 503 199 532"/></Shape>
	    <String CONTENT="vini, vt pitiſsãdo magis &amp; guſtãdo illo vtãtur"
                    HPOS="198.0"
                    VPOS="488.0"
                    WIDTH="794.0"
                    HEIGHT="63.0"
                    WC="0.9966412125801554"></String>
          </TextLine>
          <TextLine ID="line_11"
                    TAGREFS="LT8"
                    BASELINE="197 581 995 581" 
                    HPOS="197.0"
                    VPOS="541.0"
                    WIDTH="798.0"
                    HEIGHT="58.0">
            <Shape><Polygon POINTS="197 581 197 592 211 598 212 598 213 598 281 593 303 591 314 593 343 598 344 599 369 599 369 598 370 598 371 598 378 593 382 591 425 591 429 594 433 596 434 596 435 596 436 596 437 596 450 594 457 592 460 594 468 598 469 598 470 598 471 598 492 594 498 593 513 594 559 598 560 598 579 595 596 591 609 595 619 597 620 597 621 597 622 597 628 595 635 591 645 595 655 598 656 598 657 598 674 595 692 591 712 596 716 596 717 596 721 596 747 591 754 596 757 598 758 598 759 598 760 598 761 598 772 596 782 593 792 596 797 597 798 597 799 597 800 597 801 597 803 596 809 591 866 591 893 596 905 598 906 598 920 596 955 591 994 596 995 581 995 546 963 541 962 541 961 541 960 541 953 545 940 554 922 554 909 545 908 545 907 545 906 545 905 545 904 545 893 553 844 548 843 548 727 553 718 547 717 547 716 547 715 547 714 547 698 551 688 544 688 543 687 543 686 543 685 543 684 543 682 544 668 549 655 544 654 544 653 544 652 544 651 544 643 551 600 544 599 544 598 544 577 554 500 554 474 542 470 541 469 541 468 541 467 541 464 542 446 553 431 542 430 541 429 541 428 541 379 541 378 541 378 541 377 541 377 542 358 554 315 554 274 541 273 541 272 541 197 541 197 581"/></Shape>
	    <String CONTENT="quàm replẽdo &amp; ingurgitãdo: nec minus eſt"
                    HPOS="197.0"
                    VPOS="541.0"
                    WIDTH="798.0"
                    HEIGHT="58.0"
                    WC="0.9860190126028928"></String>
          </TextLine>
          <TextLine ID="line_12"
                    TAGREFS="LT8"
                    BASELINE="194 631 992 628" 
                    HPOS="193.0"
                    VPOS="590.0"
                    WIDTH="799.0"
                    HEIGHT="54.0">
            <Shape><Polygon POINTS="194 631 194 644 991 641 992 628 991 599 964 590 963 590 962 590 913 595 859 590 858 590 857 590 834 597 829 599 766 596 624 591 623 591 603 596 580 601 537 601 528 595 527 595 526 595 525 595 522 595 478 600 453 596 452 596 451 596 435 602 263 602 193 592 194 631"/></Shape>
	    <String CONTENT="hoc peccatum in exceſſu quàm quod in Ti¬"
                    HPOS="193.0"
                    VPOS="590.0"
                    WIDTH="799.0"
                    HEIGHT="54.0"
                    WC="0.9885028237249793"></String>
          </TextLine>
          <TextLine ID="line_13"
                    TAGREFS="LT8"
                    BASELINE="195 678 995 680" 
                    HPOS="195.0"
                    VPOS="639.0"
                    WIDTH="800.0"
                    HEIGHT="53.0">
            <Shape><Polygon POINTS="195 678 195 692 994 689 995 680 993 647 931 650 915 647 902 644 901 644 888 647 874 650 869 647 856 640 855 640 732 640 731 640 730 640 717 647 711 651 660 651 653 647 640 641 639 641 581 639 580 639 534 647 514 642 513 642 512 642 511 642 510 642 501 648 500 648 499 648 473 639 472 639 418 639 417 639 416 639 384 648 379 650 313 650 310 648 292 640 291 640 290 640 289 640 271 648 269 649 265 648 244 644 243 644 195 648 195 678"/></Shape>
	    <String CONTENT="mot heo timebat Apoſtolus in defectu, aquæ"
                    HPOS="195.0"
                    VPOS="639.0"
                    WIDTH="800.0"
                    HEIGHT="53.0"
                    WC="0.9996447534788222"></String>
          </TextLine>
          <TextLine ID="line_14"
                    TAGREFS="LT8"
                    BASELINE="197 727 997 729" 
                    HPOS="197.0"
                    VPOS="686.0"
                    WIDTH="800.0"
                    HEIGHT="59.0">
            <Shape><Polygon POINTS="197 727 197 744 262 739 304 744 305 744 341 736 368 744 369 744 370 744 371 744 372 744 382 737 399 744 401 745 402 745 403 745 404 745 406 744 420 738 484 744 493 745 494 745 503 744 566 738 590 744 597 745 598 745 599 745 600 745 606 744 620 740 679 744 702 745 703 745 704 745 710 744 725 739 792 739 800 744 801 744 802 744 803 744 804 744 819 737 861 743 862 743 863 743 876 737 951 737 995 744 997 729 994 687 965 700 936 700 920 687 919 687 918 687 917 687 914 687 883 692 837 687 830 687 829 687 828 687 827 687 809 700 774 700 757 688 757 687 757 687 756 687 755 687 754 687 751 688 713 699 653 699 637 688 636 687 635 687 634 687 597 686 561 686 560 686 559 686 558 686 555 688 537 699 498 699 454 689 441 686 440 686 439 686 430 689 422 691 414 689 403 686 402 686 401 686 386 689 345 698 318 693 317 693 316 693 315 693 306 699 246 699 197 690 197 727"/></Shape>
	    <String CONTENT="potione reddebat, ſed languidum &amp; ob id"
                    HPOS="197.0"
                    VPOS="686.0"
                    WIDTH="800.0"
                    HEIGHT="59.0"
                    WC="0.9954963387587131"></String>
          </TextLine>
          <TextLine ID="line_15"
                    TAGREFS="LT8"
                    BASELINE="193 775 997 778" 
                    HPOS="192.0"
                    VPOS="735.0"
                    WIDTH="805.0"
                    HEIGHT="58.0">
            <Shape><Polygon POINTS="193 775 192 785 253 791 254 791 325 786 339 785 340 786 346 790 347 790 348 790 349 790 378 786 385 785 390 786 414 791 415 791 441 786 442 786 461 792 462 792 463 793 535 793 535 792 536 792 550 786 551 786 572 792 573 792 574 792 620 786 623 786 624 786 637 792 638 792 639 793 670 793 670 792 671 792 672 792 679 786 691 792 692 792 693 792 719 786 721 786 857 786 894 786 951 793 952 793 996 786 997 778 996 740 831 737 830 737 829 737 821 741 814 745 808 741 805 740 804 740 803 740 802 740 799 741 786 747 776 743 775 743 774 743 773 743 749 748 729 742 716 737 715 737 714 737 713 737 698 742 681 748 610 748 603 743 598 739 597 739 596 739 595 739 594 739 584 743 572 748 531 748 522 744 504 736 503 736 502 736 501 736 475 744 460 747 435 746 430 744 412 735 411 735 410 735 409 735 388 745 383 746 362 745 332 742 331 742 330 742 319 745 313 746 310 745 291 735 290 735 265 735 264 735 263 735 262 735 244 745 193 745 193 775"/></Shape>
	    <String CONTENT="inutilem. Sic noſtri vini potione reddunt ſe"
                    HPOS="192.0"
                    VPOS="735.0"
                    WIDTH="805.0"
                    HEIGHT="58.0"
                    WC="0.9998660223050551"></String>
          </TextLine>
          <TextLine ID="line_16"
                    TAGREFS="LT8"
                    BASELINE="193 823 995 825" 
                    HPOS="192.0"
                    VPOS="785.0"
                    WIDTH="803.0"
                    HEIGHT="60.0">
            <Shape><Polygon POINTS="193 823 192 833 227 841 228 841 229 841 246 837 253 843 254 843 255 843 256 843 340 842 341 842 341 842 348 837 364 843 365 843 366 844 413 844 413 843 414 843 415 843 422 837 448 842 449 842 479 835 495 843 496 843 497 843 647 836 679 844 680 844 681 844 744 837 759 844 760 844 761 845 803 845 803 844 804 844 805 844 816 836 862 842 863 842 864 842 881 836 994 836 995 825 994 797 933 797 933 796 912 787 911 787 910 787 909 787 909 787 899 794 865 786 796 786 795 786 743 796 738 796 731 796 670 788 669 788 668 788 641 795 637 796 636 795 624 786 623 786 622 786 594 785 593 785 592 785 576 792 569 786 568 786 568 786 494 785 493 785 492 785 478 793 452 785 451 785 450 785 449 785 431 794 429 796 368 796 365 794 341 785 340 785 274 785 273 785 272 785 255 794 252 795 193 794 193 823"/></Shape>
	    <String CONTENT="morbidos, podagricos, chiragricos, fræneti¬"
                    HPOS="192.0"
                    VPOS="785.0"
                    WIDTH="803.0"
                    HEIGHT="60.0"
                    WC="0.9968920003536136"></String>
          </TextLine>
          <TextLine ID="line_17"
                    TAGREFS="LT8"
                    BASELINE="195 875 996 875" 
                    HPOS="195.0"
                    VPOS="835.0"
                    WIDTH="801.0"
                    HEIGHT="60.0">
            <Shape><Polygon POINTS="195 875 195 886 245 886 246 886 256 894 257 894 258 894 259 894 305 887 362 894 363 894 423 889 494 893 495 893 527 887 529 887 539 894 540 894 541 894 542 895 625 895 625 894 626 894 627 894 635 888 660 892 661 892 662 892 674 888 681 886 718 886 721 888 730 894 731 894 732 894 733 895 766 895 766 894 767 894 777 888 782 886 790 888 797 891 798 891 799 891 800 891 805 889 811 886 913 887 916 889 926 894 927 894 928 894 996 889 996 875 996 847 907 847 905 845 882 835 881 835 880 835 810 844 807 844 802 844 733 835 732 835 731 835 716 843 708 847 674 847 665 842 655 837 654 837 653 837 622 841 614 835 613 835 612 835 529 835 528 835 527 835 512 840 493 846 481 839 478 838 477 838 476 838 475 838 474 838 472 839 460 847 385 847 372 839 371 839 362 838 322 835 276 835 275 835 274 835 271 837 258 844 240 836 237 835 236 835 235 835 195 835 195 875"/></Shape>
	    <String CONTENT="cos, &amp; aliis morbis ſeſe corrumpunt: in quo"
                    HPOS="195.0"
                    VPOS="835.0"
                    WIDTH="801.0"
                    HEIGHT="60.0"
                    WC="0.9956275973209116"></String>
          </TextLine>
          <TextLine ID="line_18"
                    TAGREFS="LT8"
                    BASELINE="193 926 996 926" 
                    HPOS="193.0"
                    VPOS="886.0"
                    WIDTH="803.0"
                    HEIGHT="58.0">
            <Shape><Polygon POINTS="193 926 193 935 262 941 263 941 264 941 280 936 294 943 295 943 296 944 364 944 364 943 365 943 382 936 383 936 401 943 402 943 403 943 545 941 546 941 561 937 565 936 573 937 619 943 620 943 646 937 653 936 715 936 719 937 735 943 736 943 737 943 767 938 777 936 786 938 809 943 810 943 811 943 826 938 832 936 995 938 996 926 996 894 973 888 972 888 912 893 911 893 910 893 878 886 877 886 845 893 844 893 843 893 823 886 822 886 821 886 788 893 785 894 730 894 728 893 719 886 719 886 718 886 717 886 716 886 697 892 694 893 688 892 649 887 648 887 589 891 581 886 580 886 579 886 578 886 550 892 542 893 507 893 505 892 496 886 495 886 494 886 493 886 492 886 477 892 473 893 468 892 456 887 455 887 454 887 454 887 443 891 438 893 428 891 399 886 398 886 193 890 193 926"/></Shape>
	    <String CONTENT="multiplex eſt peccatum. Peccant in vinum"
                    HPOS="193.0"
                    VPOS="886.0"
                    WIDTH="803.0"
                    HEIGHT="58.0"
                    WC="0.9848540857434273"></String>
          </TextLine>
          <TextLine ID="line_19"
                    TAGREFS="LT8"
                    BASELINE="194 974 994 971" 
                    HPOS="193.0"
                    VPOS="935.0"
                    WIDTH="801.0"
                    HEIGHT="58.0">
            <Shape><Polygon POINTS="194 974 194 986 209 993 210 993 211 993 282 986 290 986 293 986 315 993 316 993 317 993 424 987 442 986 492 986 492 987 498 992 499 992 500 992 501 992 542 987 544 987 546 987 598 992 599 992 600 992 614 987 621 985 648 987 701 991 702 991 703 991 717 987 727 984 733 987 740 991 741 991 742 992 767 992 767 991 768 991 769 991 773 987 777 984 783 987 792 991 793 991 794 992 826 992 826 991 827 991 828 991 833 987 838 984 874 984 880 987 884 990 885 990 886 990 887 990 888 990 895 987 902 984 909 987 914 990 915 990 916 990 993 987 994 971 993 947 970 935 969 935 955 935 954 935 953 935 952 935 938 946 938 947 881 947 880 946 865 938 864 938 863 938 862 938 836 945 833 946 830 945 811 936 810 936 809 936 770 942 750 935 749 935 748 935 747 935 746 935 734 943 702 940 701 940 700 940 699 940 694 943 688 948 641 948 634 943 628 938 627 938 626 938 625 938 624 938 611 942 598 947 590 942 581 936 580 936 579 936 578 936 529 941 528 941 491 936 490 936 489 936 477 941 458 948 425 940 422 940 421 940 420 940 419 940 394 948 364 943 363 943 306 948 282 939 278 937 277 937 237 937 236 937 235 937 234 937 233 938 227 943 220 938 219 937 218 937 217 937 216 937 193 937 194 974"/></Shape>
	    <String CONTENT="ipſum, nimis exquiſito vtentes, quum vul¬"
                    HPOS="193.0"
                    VPOS="935.0"
                    WIDTH="801.0"
                    HEIGHT="58.0"
                    WC="0.9911171474107882"></String>
          </TextLine>
          <TextLine ID="line_20"
                    TAGREFS="LT8"
                    BASELINE="199 1025 994 1023" 
                    HPOS="198.0"
                    VPOS="983.0"
                    WIDTH="796.0"
                    HEIGHT="59.0">
            <Shape><Polygon POINTS="199 1025 199 1042 288 1034 337 1041 339 1041 340 1041 341 1041 381 1034 401 1040 402 1040 403 1040 404 1040 421 1034 494 1034 502 1039 504 1041 505 1041 506 1041 507 1042 531 1042 531 1041 532 1041 533 1041 535 1039 543 1034 581 1039 595 1040 596 1040 614 1038 655 1034 666 1038 673 1040 674 1040 675 1040 698 1037 737 1033 780 1033 786 1037 790 1040 791 1040 792 1040 793 1040 817 1036 837 1033 851 1036 870 1040 871 1040 993 1034 994 1023 992 993 962 987 961 987 960 987 941 992 927 983 926 983 925 983 924 983 923 983 896 990 879 983 878 983 877 983 876 983 858 992 855 992 782 987 781 987 753 992 751 992 739 983 738 983 737 983 736 983 623 990 602 983 601 983 600 983 599 983 574 991 539 985 538 985 537 985 536 985 529 991 526 994 513 994 510 991 500 984 499 984 498 984 497 984 496 984 474 991 467 994 373 994 368 991 355 984 354 984 353 984 198 990 199 1025"/></Shape>
	    <String CONTENT="garia illis non ſapiant, niſi bis peregrina."
                    HPOS="198.0"
                    VPOS="983.0"
                    WIDTH="796.0"
                    HEIGHT="59.0"
                    WC="0.9992375265468251"></String>
          </TextLine>
          <TextLine ID="line_21"
                    TAGREFS="LT8"
                    BASELINE="195 1074 997 1074" 
                    HPOS="195.0"
                    VPOS="1033.0"
                    WIDTH="802.0"
                    HEIGHT="57.0">
            <Shape><Polygon POINTS="195 1074 195 1082 247 1082 249 1082 273 1089 274 1089 275 1089 276 1089 299 1083 302 1082 309 1083 343 1087 344 1087 382 1083 388 1083 389 1083 396 1089 397 1089 398 1089 399 1090 435 1090 435 1089 436 1089 448 1084 453 1082 461 1084 480 1089 481 1089 482 1089 552 1085 606 1082 663 1086 703 1089 704 1089 737 1087 803 1082 845 1088 855 1089 856 1089 857 1089 858 1089 859 1088 867 1083 945 1087 946 1087 947 1087 947 1087 954 1082 996 1089 997 1074 996 1033 946 1040 915 1036 914 1036 913 1036 912 1036 907 1041 872 1033 870 1033 869 1033 868 1033 867 1033 852 1042 787 1042 774 1034 773 1033 772 1033 771 1033 770 1033 762 1034 728 1038 679 1034 660 1033 659 1033 658 1033 654 1034 634 1041 596 1035 584 1033 583 1033 532 1034 531 1034 529 1035 512 1042 455 1042 447 1035 444 1033 443 1033 442 1033 441 1033 440 1033 433 1035 423 1039 412 1035 403 1033 402 1033 401 1033 371 1036 343 1038 329 1036 316 1034 315 1034 314 1034 313 1034 311 1036 303 1041 272 1036 251 1033 250 1033 195 1036 195 1074"/></Shape>
	    <String CONTENT="Deinde exẽplo peſsimo aliis præsũt, luxu &amp;"
                    HPOS="195.0"
                    VPOS="1033.0"
                    WIDTH="802.0"
                    HEIGHT="57.0"
                    WC="0.9914243126457388"></String>
          </TextLine>
          <TextLine ID="line_22"
                    TAGREFS="LT8"
                    BASELINE="194 1121 995 1119" 
                    HPOS="193.0"
                    VPOS="1079.0"
                    WIDTH="802.0"
                    HEIGHT="57.0">
            <Shape><Polygon POINTS="194 1121 194 1129 211 1136 212 1136 213 1136 275 1131 310 1135 311 1135 312 1135 328 1129 329 1129 335 1129 417 1136 418 1136 419 1136 420 1136 429 1129 430 1129 448 1134 449 1134 450 1134 479 1129 482 1129 489 1129 581 1134 582 1134 610 1130 626 1135 627 1135 628 1135 710 1129 712 1129 713 1129 747 1135 748 1135 749 1135 767 1129 770 1128 774 1129 800 1134 801 1134 859 1130 959 1135 960 1135 994 1128 995 1119 993 1089 827 1089 815 1081 814 1081 813 1081 812 1081 811 1081 799 1086 778 1079 777 1079 735 1079 734 1079 733 1079 714 1088 686 1079 685 1079 645 1079 644 1079 644 1079 612 1087 596 1080 595 1080 594 1080 563 1084 549 1080 548 1080 547 1080 504 1090 449 1090 433 1083 432 1083 431 1083 430 1083 412 1089 387 1080 386 1080 345 1080 344 1080 343 1080 325 1086 293 1080 292 1080 231 1085 211 1080 210 1080 209 1080 208 1080 207 1080 193 1088 194 1121"/></Shape>
	    <String CONTENT="deliciis effœminati. Tertiò, in ſuamet corpo¬"
                    HPOS="193.0"
                    VPOS="1079.0"
                    WIDTH="802.0"
                    HEIGHT="57.0"
                    WC="0.9957717618216639"></String>
          </TextLine>
          <TextLine ID="line_23"
                    TAGREFS="LT8"
                    BASELINE="192 1170 723 1167 995 1173" 
                    HPOS="192.0"
                    VPOS="1128.0"
                    WIDTH="803.0"
                    HEIGHT="57.0">
            <Shape><Polygon POINTS="192 1170 192 1184 228 1179 285 1184 286 1184 340 1177 355 1182 356 1182 357 1182 358 1182 359 1182 370 1176 466 1176 484 1181 485 1181 486 1181 487 1181 498 1176 515 1183 516 1183 517 1183 518 1183 530 1177 548 1184 549 1184 550 1184 600 1176 619 1184 620 1184 621 1184 622 1184 644 1176 714 1181 715 1181 757 1177 785 1184 786 1184 787 1184 832 1178 871 1184 872 1185 994 1185 995 1173 994 1140 909 1140 894 1128 893 1128 892 1128 891 1128 811 1137 764 1128 763 1128 722 1133 712 1128 711 1128 710 1128 709 1128 708 1128 699 1133 575 1128 574 1128 573 1128 563 1133 540 1128 539 1128 538 1128 509 1139 471 1139 447 1128 446 1128 401 1128 400 1128 399 1128 378 1140 281 1140 265 1132 264 1132 225 1132 224 1132 192 1139 192 1170"/></Shape>
	    <String CONTENT="ra quæ morbis corrũpunt. Demũ in officium"
                    HPOS="192.0"
                    VPOS="1128.0"
                    WIDTH="803.0"
                    HEIGHT="57.0"
                    WC="0.9905516214148943"></String>
          </TextLine>
          <TextLine ID="line_24"
                    TAGREFS="LT8"
                    BASELINE="191 1219 689 1216 993 1222" 
                    HPOS="191.0"
                    VPOS="1176.0"
                    WIDTH="802.0"
                    HEIGHT="58.0">
            <Shape><Polygon POINTS="191 1219 191 1233 218 1229 294 1233 295 1233 296 1233 297 1233 311 1227 482 1227 504 1233 505 1233 506 1234 586 1234 586 1233 587 1233 615 1227 755 1227 789 1233 790 1233 791 1233 818 1227 843 1233 844 1233 845 1234 992 1234 993 1222 992 1186 955 1186 943 1177 942 1177 941 1177 940 1177 939 1177 924 1185 912 1179 911 1179 910 1179 873 1183 864 1176 863 1176 862 1176 861 1176 860 1176 836 1184 824 1179 823 1179 822 1179 760 1185 745 1177 744 1177 743 1177 742 1177 729 1182 721 1176 720 1176 719 1176 719 1176 651 1181 608 1176 607 1176 606 1176 597 1181 586 1176 585 1176 584 1176 583 1176 565 1186 518 1186 508 1178 507 1178 506 1178 505 1178 504 1178 486 1184 464 1176 463 1176 443 1176 442 1176 441 1176 440 1176 431 1183 412 1176 411 1176 410 1176 375 1182 369 1177 368 1177 367 1177 303 1176 302 1176 301 1176 300 1176 287 1185 213 1178 212 1178 211 1178 191 1184 191 1219"/></Shape>
	    <String CONTENT="ſuum &amp; Eccleſiam, qui redduntur inhabiles"
                    HPOS="191.0"
                    VPOS="1176.0"
                    WIDTH="802.0"
                    HEIGHT="58.0"
                    WC="0.994458886181436"></String>
          </TextLine>
          <TextLine ID="line_25"
                    TAGREFS="LT8"
                    BASELINE="202 1267 837 1268" 
                    HPOS="201"
                    VPOS="1221"
                    WIDTH="634"
                    HEIGHT="58">
            <Shape><Polygon POINTS="201 1266 201 1279 835 1276 835 1266 835 1231 805 1221 803 1221 802 1221 800 1221 771 1231 771 1232 708 1232 708 1231 688 1221 686 1221 634 1221 632 1221 631 1221 607 1231 605 1232 569 1232 567 1230 553 1221 552 1221 550 1221 549 1221 464 1230 444 1231 439 1230 420 1221 419 1221 417 1221 416 1221 415 1221 404 1230 401 1231 394 1230 365 1221 363 1221 311 1221 309 1221 308 1221 306 1221 298 1228 293 1231 276 1228 233 1221 232 1221 201 1227 201 1266"/></Shape>
	    <String CONTENT="&amp; inutiles, interim ſaginandi otioſi."
                    HPOS="201"
                    VPOS="1221"
                    WIDTH="634"
                    HEIGHT="58"
                    WC="0.9979869610554463"></String>
          </TextLine>
        </TextBlock>
        <TextBlock HPOS="188"
                   VPOS="1284"
                   WIDTH="811"
                   HEIGHT="248"
                   ID="block_4"
                   TAGREFS="BT1851">
          <Shape><Polygon POINTS="999 1284 999 1532 188 1532 188 1284"/></Shape>
          <TextLine ID="line_26"
                    TAGREFS="LT8"
                    BASELINE="240 1311 987 1321" 
                    HPOS="239.0"
                    VPOS="1271.0"
                    WIDTH="748.0"
                    HEIGHT="68.0">
            <Shape><Polygon POINTS="240 1311 239 1320 262 1330 263 1330 264 1330 303 1322 389 1332 390 1332 391 1332 416 1324 446 1324 463 1332 464 1332 465 1332 466 1332 479 1325 531 1325 555 1334 556 1334 557 1334 600 1326 622 1335 623 1335 624 1336 683 1336 683 1335 716 1328 725 1336 726 1336 727 1336 728 1337 775 1337 775 1336 776 1336 777 1336 784 1331 816 1337 817 1337 818 1337 837 1329 862 1338 863 1338 864 1339 907 1339 907 1338 908 1338 927 1331 939 1339 940 1339 941 1339 942 1339 986 1330 987 1321 987 1285 934 1279 933 1279 892 1283 885 1283 884 1283 877 1278 876 1278 875 1278 874 1278 873 1278 862 1282 859 1283 856 1282 839 1276 838 1276 837 1276 836 1276 835 1276 830 1282 829 1282 765 1282 719 1280 614 1273 613 1273 581 1277 563 1279 554 1276 540 1272 539 1272 538 1272 501 1275 473 1278 458 1275 445 1271 444 1271 404 1271 403 1271 402 1271 397 1273 390 1277 373 1273 363 1271 240 1271 240 1311"/></Shape>
	    <String CONTENT="Ratio Apoſtoli eſt, contra aquæ potionem"
                    HPOS="239.0"
                    VPOS="1271.0"
                    WIDTH="748.0"
                    HEIGHT="68.0"
                    WC="0.9922682166099548"></String>
          </TextLine>
          <TextLine ID="line_27"
                    TAGREFS="LT8"
                    BASELINE="190 1362 974 1370" 
                    HPOS="190.0"
                    VPOS="1323.0"
                    WIDTH="784.0"
                    HEIGHT="60.0">
            <Shape><Polygon POINTS="190 1362 190 1376 271 1372 286 1377 289 1378 290 1378 291 1378 312 1377 385 1373 399 1378 404 1379 405 1379 406 1380 473 1380 473 1379 474 1379 477 1378 485 1374 500 1378 508 1380 509 1380 510 1380 511 1380 516 1378 524 1375 559 1378 588 1380 589 1380 590 1380 596 1379 602 1376 639 1379 681 1381 682 1381 697 1379 709 1377 759 1377 766 1379 776 1382 777 1382 778 1382 801 1380 815 1378 834 1380 875 1383 876 1383 973 1380 974 1370 974 1337 897 1331 896 1331 895 1331 880 1336 877 1336 874 1335 851 1330 850 1330 789 1335 779 1335 772 1334 720 1327 719 1327 644 1333 641 1333 638 1333 582 1325 581 1325 580 1325 559 1332 558 1332 557 1332 506 1326 505 1326 486 1330 477 1324 476 1324 475 1324 435 1324 434 1324 433 1324 416 1331 416 1331 402 1324 401 1324 400 1324 379 1328 367 1323 366 1323 365 1323 190 1328 190 1362"/></Shape>
	    <String CONTENT="accommodata, PROPTER STOMACHVM,"
                    HPOS="190.0"
                    VPOS="1323.0"
                    WIDTH="784.0"
                    HEIGHT="60.0"
                    WC="0.9990639205901853"></String>
          </TextLine>
          <TextLine ID="line_28"
                    TAGREFS="LT8"
                    BASELINE="189 1413 981 1415" 
                    HPOS="189.0"
                    VPOS="1374.0"
                    WIDTH="792.0"
                    HEIGHT="59.0">
            <Shape><Polygon POINTS="189 1413 189 1428 316 1432 317 1432 318 1432 319 1432 324 1428 333 1423 404 1423 412 1428 414 1429 415 1429 416 1429 416 1429 417 1429 421 1428 434 1423 449 1428 463 1432 464 1432 465 1433 514 1433 514 1432 548 1427 576 1423 585 1427 598 1433 599 1433 600 1433 631 1427 645 1424 653 1427 661 1430 662 1430 663 1430 664 1430 674 1427 682 1424 695 1427 724 1432 725 1432 726 1432 749 1426 752 1426 757 1426 815 1433 816 1433 817 1433 818 1433 827 1427 917 1431 918 1431 919 1431 935 1426 941 1424 979 1425 981 1415 980 1385 942 1385 941 1384 931 1378 930 1378 929 1378 928 1378 899 1383 894 1384 888 1383 855 1376 854 1376 795 1381 786 1376 785 1376 784 1376 744 1376 743 1376 742 1376 724 1381 722 1381 719 1381 703 1376 702 1376 701 1376 700 1376 686 1380 681 1382 644 1380 584 1376 583 1376 568 1379 548 1384 518 1384 506 1378 503 1377 502 1377 501 1377 500 1377 497 1378 482 1384 436 1384 429 1379 428 1379 427 1379 426 1379 425 1379 424 1379 416 1384 365 1384 356 1377 355 1377 354 1377 353 1377 352 1377 328 1383 265 1375 264 1375 263 1375 262 1375 246 1382 232 1376 231 1376 189 1374 189 1413"/></Shape>
	    <String CONTENT="inquit, TVVM, quia ſcilicet is frigiditate a¬"
                    HPOS="189.0"
                    VPOS="1374.0"
                    WIDTH="792.0"
                    HEIGHT="59.0"
                    WC="0.9818274193339878"></String>
          </TextLine>
          <TextLine ID="line_29"
                    TAGREFS="LT8"
                    BASELINE="190 1463 984 1465" 
                    HPOS="189.0"
                    VPOS="1423.0"
                    WIDTH="795.0"
                    HEIGHT="60.0">
            <Shape><Polygon POINTS="190 1463 189 1477 196 1482 197 1482 198 1482 199 1482 286 1477 296 1482 297 1482 298 1482 299 1482 300 1482 307 1476 309 1475 322 1476 365 1482 366 1482 404 1477 412 1476 418 1477 446 1482 447 1482 448 1482 449 1482 454 1477 458 1475 476 1477 500 1480 501 1480 526 1477 548 1475 563 1478 592 1483 593 1483 649 1478 675 1476 772 1476 777 1479 783 1483 784 1483 785 1483 786 1483 787 1483 795 1479 801 1476 849 1476 853 1479 858 1483 859 1483 860 1483 861 1483 983 1479 984 1465 983 1434 949 1428 948 1428 947 1428 938 1433 919 1425 918 1425 917 1425 916 1425 915 1425 906 1431 882 1424 881 1424 846 1424 845 1424 844 1424 823 1432 819 1433 813 1432 789 1426 788 1426 762 1431 749 1424 748 1424 747 1424 700 1431 682 1433 660 1430 627 1426 626 1426 555 1429 492 1432 486 1429 479 1425 478 1425 343 1423 342 1423 341 1423 341 1423 335 1427 328 1431 314 1427 302 1423 301 1423 300 1423 299 1423 291 1427 280 1433 229 1433 218 1426 212 1423 211 1423 210 1423 190 1425 190 1463"/></Shape>
	    <String CONTENT="quæ corruptus etiam concoctionis officium"
                    HPOS="189.0"
                    VPOS="1423.0"
                    WIDTH="795.0"
                    HEIGHT="60.0"
                    WC="0.9991380397866412"></String>
          </TextLine>
          <TextLine ID="line_30"
                    TAGREFS="LT8"
                    BASELINE="190 1515 983 1515" 
                    HPOS="190.0"
                    VPOS="1474.0"
                    WIDTH="793.0"
                    HEIGHT="66.0">
            <Shape><Polygon POINTS="190 1515 190 1539 244 1534 316 1538 317 1538 318 1538 334 1531 374 1537 375 1537 376 1537 377 1537 387 1531 420 1531 447 1539 448 1539 449 1539 450 1539 453 1539 499 1531 524 1531 533 1539 534 1539 535 1539 536 1539 537 1539 538 1539 561 1531 644 1531 654 1538 655 1538 656 1538 657 1538 658 1538 675 1534 683 1539 684 1539 685 1539 686 1539 687 1539 688 1539 700 1534 709 1539 710 1539 711 1539 712 1540 859 1540 859 1539 860 1539 861 1539 861 1538 871 1531 895 1536 896 1536 965 1531 981 1538 983 1515 983 1483 921 1477 920 1477 919 1477 918 1477 910 1483 807 1483 797 1476 796 1476 795 1476 795 1476 794 1476 783 1481 774 1474 773 1474 772 1474 745 1474 744 1474 743 1474 742 1474 731 1482 721 1475 720 1475 719 1475 719 1475 683 1482 645 1474 644 1474 600 1479 542 1474 541 1474 540 1474 526 1480 490 1474 489 1474 447 1482 401 1474 400 1474 399 1474 382 1481 367 1474 366 1474 272 1474 271 1474 235 1483 190 1483 190 1515"/></Shape>
	    <String CONTENT="non præſtabat: hinc varii morbi &amp; ex mor¬"
                    HPOS="190.0"
                    VPOS="1474.0"
                    WIDTH="793.0"
                    HEIGHT="66.0"
                    WC="0.9993570127138277"></String>
          </TextLine>
        </TextBlock>
        <TextBlock HPOS="924"
                   VPOS="1527"
                   WIDTH="71"
                   HEIGHT="56"
                   ID="block_1"
                   TAGREFS="BT17">
          <Shape><Polygon POINTS="995 1527 995 1583 924 1583 924 1527"/></Shape>
          <TextLine ID="line_31"
                    TAGREFS="LT8"
                    BASELINE="933 1566 985 1565" 
                    HPOS="932"
                    VPOS="1528"
                    WIDTH="51"
                    HEIGHT="67">
            <Shape><Polygon POINTS="976 1528 961 1528 947 1528 932 1528 932 1564 932 1589 982 1595 983 1564 983 1528 976 1528"/></Shape>
	    <String CONTENT="bis"
                    HPOS="932"
                    VPOS="1528"
                    WIDTH="51"
                    HEIGHT="67"
                    WC="0.9992797573407491"></String>
          </TextLine>
        </TextBlock>
      </PrintSpace>
    </Page>
  </Layout>
</alto>
