<?xml version="1.0" encoding="UTF-8"?>
<alto xmlns:xsi="http://www.w3.org/2001/XMLSchema-instance"
      xmlns="http://www.loc.gov/standards/alto/ns-v4#"
      xsi:schemaLocation="http://www.loc.gov/standards/alto/ns-v4# http://www.loc.gov/standards/alto/v4/alto-4-2.xsd">
  <Description>
    <MeasurementUnit>pixel</MeasurementUnit>
    <sourceImageInformation>
      <fileName>bsb10313792_00062.jpg</fileName>
    </sourceImageInformation>
  </Description>
  <Tags>
    <OtherTag ID="BT7" LABEL="CustomZone" DESCRIPTION="block type CustomZone"/><OtherTag ID="BT8" LABEL="DamageZone" DESCRIPTION="block type DamageZone"/><OtherTag ID="BT9" LABEL="DigitizationArtefactZone" DESCRIPTION="block type DigitizationArtefactZone"/><OtherTag ID="BT10" LABEL="DropCapitalZone" DESCRIPTION="block type DropCapitalZone"/><OtherTag ID="BT11" LABEL="GraphicZone" DESCRIPTION="block type GraphicZone"/><OtherTag ID="BT12" LABEL="MainZone" DESCRIPTION="block type MainZone"/><OtherTag ID="BT13" LABEL="MarginTextZone" DESCRIPTION="block type MarginTextZone"/><OtherTag ID="BT14" LABEL="MusicZone" DESCRIPTION="block type MusicZone"/><OtherTag ID="BT15" LABEL="NumberingZone" DESCRIPTION="block type NumberingZone"/><OtherTag ID="BT17" LABEL="QuireMarksZone" DESCRIPTION="block type QuireMarksZone"/><OtherTag ID="BT18" LABEL="RunningTitleZone" DESCRIPTION="block type RunningTitleZone"/><OtherTag ID="BT19" LABEL="SealZone" DESCRIPTION="block type SealZone"/><OtherTag ID="BT20" LABEL="StampZone" DESCRIPTION="block type StampZone"/><OtherTag ID="BT21" LABEL="TableZone" DESCRIPTION="block type TableZone"/><OtherTag ID="BT22" LABEL="TitlePageZone" DESCRIPTION="block type TitlePageZone"/><OtherTag ID="BT1851" LABEL="MainZone-P" DESCRIPTION="block type MainZone-P"/><OtherTag ID="BT1852" LABEL="MainZone-Head" DESCRIPTION="block type MainZone-Head"/><OtherTag ID="BT1853" LABEL="MainZone-P-Continued" DESCRIPTION="block type MainZone-P-Continued"/><OtherTag ID="BT1854" LABEL="MarginTextZone-ManuscriptAddendum" DESCRIPTION="block type MarginTextZone-ManuscriptAddendum"/><OtherTag ID="BT1855" LABEL="text" DESCRIPTION="block type text"/><OtherTag ID="BT1856" LABEL="MainZone-Entry" DESCRIPTION="block type MainZone-Entry"/><OtherTag ID="BT1857" LABEL="MainZone-Entry-Continued" DESCRIPTION="block type MainZone-Entry-Continued"/><OtherTag ID="BT1877" LABEL="GraphicZone-Decoration" DESCRIPTION="block type GraphicZone-Decoration"/><OtherTag ID="BT1894" LABEL="MainZone-Other" DESCRIPTION="block type MainZone-Other"/>
    <OtherTag ID="LT7" LABEL="CustomLine" DESCRIPTION="line type CustomLine"/><OtherTag ID="LT8" LABEL="DefaultLine" DESCRIPTION="line type DefaultLine"/><OtherTag ID="LT9" LABEL="DropCapitalLine" DESCRIPTION="line type DropCapitalLine"/><OtherTag ID="LT10" LABEL="HeadingLine" DESCRIPTION="line type HeadingLine"/><OtherTag ID="LT11" LABEL="InterlinearLine" DESCRIPTION="line type InterlinearLine"/><OtherTag ID="LT12" LABEL="MusicLine" DESCRIPTION="line type MusicLine"/><OtherTag ID="LT636" LABEL="default" DESCRIPTION="line type default"/>
  </Tags>
  <Layout>
    <Page WIDTH="1098"
          HEIGHT="1756"
          PHYSICAL_IMG_NR="46"
          ID="eSc_dummypage_">
      <PrintSpace HPOS="0"
                  VPOS="0"
                  WIDTH="1098"
                  HEIGHT="1756">
        <TextBlock HPOS="403"
                   VPOS="44"
                   WIDTH="469"
                   HEIGHT="43"
                   ID="block_0"
                   TAGREFS="BT18">
          <Shape><Polygon POINTS="872 44 872 87 403 87 403 44"/></Shape>
          <TextLine ID="line_0"
                    TAGREFS="LT10"
                    BASELINE="406 78 866 76" 
                    HPOS="406"
                    VPOS="39"
                    WIDTH="460"
                    HEIGHT="58">
            <Shape><Polygon POINTS="835 42 825 42 815 42 806 42 796 42 791 42 790 42 787 42 786 42 776 42 767 42 757 42 747 42 737 42 728 42 718 42 708 42 698 42 689 42 679 42 669 42 659 42 650 42 640 42 630 42 620 42 610 42 601 42 591 42 581 42 577 42 569 43 566 42 562 42 552 42 542 42 537 42 532 42 523 42 513 42 503 42 493 42 490 42 484 42 474 42 464 42 454 42 445 42 435 42 425 42 406 44 406 78 407 94 427 88 450 94 456 96 457 96 458 96 459 96 460 96 462 94 471 88 492 88 505 95 506 95 507 95 508 95 509 95 510 95 521 89 530 95 533 96 534 96 535 97 626 97 626 96 627 96 628 96 628 95 629 95 637 87 657 87 691 95 693 95 694 95 695 95 696 95 696 94 703 87 724 87 735 95 736 95 737 95 738 95 739 95 755 90 806 95 807 95 808 95 809 95 831 87 839 94 839 95 840 95 841 95 842 96 865 96 866 76 864 42 845 39 845 42"/></Shape>
	    <String CONTENT="COMMENTARII"
                    HPOS="406"
                    VPOS="39"
                    WIDTH="460"
                    HEIGHT="58"
                    WC="0.9998342069712552"></String>
          </TextLine>
        </TextBlock>
        <TextBlock HPOS="223"
                   VPOS="59"
                   WIDTH="47"
                   HEIGHT="40"
                   ID="block_4"
                   TAGREFS="BT15">
          <Shape><Polygon POINTS="270 59 270 99 223 99 223 59"/></Shape>
          <TextLine ID="line_1"
                    TAGREFS="LT8"
                    BASELINE="230 86 266 83" 
                    HPOS="227.0"
                    VPOS="58.0"
                    WIDTH="39.0"
                    HEIGHT="43.0">
            <Shape><Polygon POINTS="256 58 246 58 237 58 227 58 230 86 232 101 266 90 266 83 263 58 256 58"/></Shape>
	    <String CONTENT="5"
                    HPOS="227.0"
                    VPOS="58.0"
                    WIDTH="39.0"
                    HEIGHT="43.0"
                    WC="1.0"></String>
          </TextLine>
        </TextBlock>
        <TextBlock HPOS="219"
                   VPOS="94"
                   WIDTH="814"
                   HEIGHT="640"
                   ID="block_3"
                   TAGREFS="BT1853">
          <Shape><Polygon POINTS="1033 94 1033 734 219 734 219 94"/></Shape>
          <TextLine ID="line_2"
                    TAGREFS="LT8"
                    BASELINE="224 132 1017 130" 
                    HPOS="223.0"
                    VPOS="94.0"
                    WIDTH="794.0"
                    HEIGHT="57.0">
            <Shape><Polygon POINTS="224 132 224 141 243 151 244 151 244 151 300 141 308 140 310 141 327 151 328 151 329 151 414 143 444 140 448 143 461 151 462 151 463 151 464 151 465 151 481 143 482 143 487 144 512 148 513 148 542 144 575 140 593 145 601 147 602 147 603 147 604 147 605 147 607 145 613 140 632 144 633 144 661 139 721 139 741 146 742 146 743 146 840 139 876 148 877 148 878 148 915 140 941 150 943 150 944 150 945 151 1016 151 1017 130 1016 103 1005 97 1004 97 970 95 969 95 938 102 926 95 925 95 874 94 873 94 872 94 857 102 844 97 843 97 842 97 841 97 840 97 834 102 797 94 796 94 749 103 688 103 634 94 633 94 595 95 594 95 593 95 582 103 569 96 569 96 568 96 536 103 519 96 518 96 517 96 516 96 503 100 473 95 472 95 471 95 455 104 409 104 374 95 373 95 372 95 354 103 309 96 308 96 307 96 290 103 266 96 265 96 264 96 223 104 224 132"/></Shape>
	    <String CONTENT="quanquam ad totum hominem referatur"
                    HPOS="223.0"
                    VPOS="94.0"
                    WIDTH="794.0"
                    HEIGHT="57.0"
                    WC="0.9990812540054321"></String>
          </TextLine>
          <TextLine ID="line_3"
                    TAGREFS="LT8"
                    BASELINE="219 182 1021 178" 
                    HPOS="218.0"
                    VPOS="137.0"
                    WIDTH="803.0"
                    HEIGHT="64.0">
            <Shape><Polygon POINTS="219 182 219 192 250 199 251 199 252 199 269 193 270 193 356 198 357 198 409 193 425 192 430 193 454 200 455 200 456 201 550 201 550 200 551 200 574 194 581 192 596 194 639 199 640 199 641 199 658 194 668 191 684 194 711 199 712 199 713 199 724 194 729 192 747 194 788 199 789 199 790 199 807 195 821 190 883 190 893 195 900 199 901 199 902 199 926 195 945 192 955 195 965 199 966 199 967 199 1020 195 1021 178 1019 151 927 151 924 149 911 145 910 145 909 145 873 149 867 149 865 149 851 138 850 138 849 138 827 137 826 137 825 137 824 137 811 148 785 138 784 138 783 138 782 138 764 147 758 150 752 147 747 145 746 145 745 145 744 145 743 145 741 147 735 151 729 147 713 138 712 138 627 138 626 138 625 138 608 145 598 149 585 145 565 139 564 139 563 139 562 139 561 139 553 145 544 150 532 144 520 139 519 139 518 139 517 139 516 139 509 144 503 149 465 152 447 143 438 139 437 139 419 139 418 139 389 140 388 140 387 140 384 143 369 154 279 154 243 141 240 140 239 140 238 140 218 140 219 182"/></Shape>
	    <String CONTENT="fortè meliùs, q.d. abeſſe debet ſtudium vin¬"
                    HPOS="218.0"
                    VPOS="137.0"
                    WIDTH="803.0"
                    HEIGHT="64.0"
                    WC="0.9559449670107468"></String>
          </TextLine>
          <TextLine ID="line_4"
                    TAGREFS="LT8"
                    BASELINE="222 230 1019 228" 
                    HPOS="221.0"
                    VPOS="194.0"
                    WIDTH="798.0"
                    HEIGHT="54.0">
            <Shape><Polygon POINTS="222 230 222 238 244 247 245 247 246 248 335 248 335 247 336 247 337 247 344 241 356 246 357 246 358 246 359 246 360 246 368 239 369 239 377 239 610 247 610 247 611 247 629 241 645 238 719 242 720 242 721 242 723 242 884 238 903 244 908 246 909 246 910 246 911 246 915 244 928 239 964 239 1018 245 1019 228 1016 199 821 202 794 198 774 194 773 194 754 198 731 201 722 197 715 194 714 194 652 194 651 194 637 197 608 203 596 197 593 195 592 195 591 195 550 195 549 195 548 195 547 195 545 197 533 204 429 204 407 197 406 197 406 197 329 203 298 202 289 196 289 195 288 195 287 195 286 195 221 195 222 230"/></Shape>
	    <String CONTENT="dictæ, ne contra aduerſarium tuum ores vt"
                    HPOS="221.0"
                    VPOS="194.0"
                    WIDTH="798.0"
                    HEIGHT="54.0"
                    WC="0.9971867305476491"></String>
          </TextLine>
          <TextLine ID="line_5"
                    TAGREFS="LT8"
                    BASELINE="222 280 1018 278" 
                    HPOS="221.0"
                    VPOS="239.0"
                    WIDTH="797.0"
                    HEIGHT="61.0">
            <Shape><Polygon POINTS="222 280 223 297 237 290 353 290 370 296 378 299 379 299 380 300 477 300 477 299 478 299 479 299 483 296 492 289 542 289 552 296 555 298 556 298 557 298 558 298 572 295 586 293 604 295 623 298 624 298 625 298 635 295 656 289 675 295 684 298 685 298 686 298 727 295 808 288 1017 293 1018 278 1016 249 986 249 966 239 965 239 964 239 963 239 937 248 851 243 850 243 815 248 801 239 800 239 799 239 798 239 716 239 715 239 714 239 702 249 700 250 657 250 655 249 638 239 637 239 610 239 609 239 608 239 607 239 592 249 591 249 587 249 536 239 535 239 501 240 500 240 499 240 486 249 482 251 403 251 397 249 371 240 370 240 369 240 308 249 295 250 284 249 230 240 229 240 228 240 227 240 227 241 221 246 222 280"/></Shape>
	    <String CONTENT="Deus illum malè perdat, ſed ſanam ei det"
                    HPOS="221.0"
                    VPOS="239.0"
                    WIDTH="797.0"
                    HEIGHT="61.0"
                    WC="0.9991973347780181"></String>
          </TextLine>
          <TextLine ID="line_6"
                    TAGREFS="LT8"
                    BASELINE="221 330 1016 325" 
                    HPOS="220.0"
                    VPOS="290.0"
                    WIDTH="796.0"
                    HEIGHT="59.0">
            <Shape><Polygon POINTS="221 330 221 345 289 340 296 345 297 346 298 346 299 346 300 346 314 344 336 341 352 344 365 346 366 346 366 346 371 344 380 339 407 339 413 343 419 348 420 348 421 348 422 349 462 349 462 348 463 348 474 342 478 340 546 338 557 341 572 346 573 346 574 346 604 341 613 339 616 340 628 347 629 347 630 348 662 348 662 347 663 347 677 340 680 338 688 340 716 346 717 346 776 341 834 346 835 346 836 346 854 337 857 336 953 336 955 336 982 345 983 345 984 346 984 345 985 345 1016 335 1016 325 1014 298 917 290 916 290 915 290 901 297 885 292 884 292 883 292 846 298 837 299 824 298 760 291 759 291 758 291 737 298 734 299 729 298 698 293 697 293 666 298 659 293 658 293 657 293 656 293 655 293 639 298 633 301 565 301 560 299 539 292 538 292 537 292 494 293 493 293 492 293 485 299 484 300 478 299 457 294 456 294 455 294 454 294 447 299 443 299 402 294 401 294 365 299 349 301 220 300 221 330"/></Shape>
	    <String CONTENT="mentem: aut abſit ira quæ indignatur Deo"
                    HPOS="220.0"
                    VPOS="290.0"
                    WIDTH="796.0"
                    HEIGHT="59.0"
                    WC="0.9930949181318283"></String>
          </TextLine>
          <TextLine ID="line_7"
                    TAGREFS="LT8"
                    BASELINE="224 378 1008 372" 
                    HPOS="224.0"
                    VPOS="339.0"
                    WIDTH="784.0"
                    HEIGHT="56.0">
            <Shape><Polygon POINTS="224 395 273 390 292 394 296 395 297 395 298 395 301 394 320 389 344 394 353 395 354 395 363 393 386 388 397 393 398 393 399 393 400 393 401 393 402 393 413 388 544 388 551 390 558 393 559 393 560 393 579 390 593 388 600 390 611 393 612 393 613 393 614 393 628 389 642 386 670 389 705 392 706 392 742 388 765 385 799 387 875 391 876 391 917 385 925 384 929 385 948 390 949 390 950 390 951 390 952 390 958 385 972 389 973 389 974 389 1008 383 1008 372 1006 347 983 347 983 346 973 339 972 339 971 339 909 339 908 339 867 346 861 348 804 348 802 346 790 340 789 340 763 340 762 340 761 340 748 346 744 348 736 346 712 341 664 341 663 341 662 341 661 341 654 346 651 348 626 346 584 343 583 343 582 343 581 343 576 346 571 349 543 346 504 342 503 342 502 342 492 346 483 351 382 351 368 346 362 344 361 344 360 344 359 344 358 344 356 346 347 352 265 352 254 346 252 345 251 345 250 345 249 345 246 346 234 350 224 346 224 378 224 395"/></Shape>
	    <String CONTENT="per impatientiam: nam ſolent homines fra¬"
                    HPOS="224.0"
                    VPOS="339.0"
                    WIDTH="784.0"
                    HEIGHT="56.0"
                    WC="0.996454128404943"></String>
          </TextLine>
          <TextLine ID="line_8"
                    TAGREFS="LT8"
                    BASELINE="222 428 1007 423" 
                    HPOS="221.0"
                    VPOS="386.0"
                    WIDTH="786.0"
                    HEIGHT="59.0">
            <Shape><Polygon POINTS="1004 393 938 386 937 386 936 386 922 394 918 396 912 394 902 391 901 391 900 391 859 394 828 397 823 395 810 387 809 387 759 387 758 387 757 387 735 395 732 397 691 398 684 396 663 388 662 388 661 388 660 388 645 396 644 396 643 396 612 388 611 388 610 388 610 388 588 396 582 398 573 396 535 388 534 388 533 388 507 397 499 399 428 399 425 397 414 389 413 389 412 389 384 389 383 389 382 389 381 389 369 398 367 399 359 398 331 393 330 393 329 393 316 398 310 400 267 400 264 398 253 390 252 390 251 390 250 390 249 390 221 398 222 428 222 439 378 437 386 439 407 445 408 445 409 445 410 445 427 439 435 436 472 439 515 441 516 441 517 441 526 439 527 438 528 439 544 444 545 444 546 445 644 445 644 444 645 444 657 438 660 437 687 438 788 443 789 443 790 443 791 443 799 438 805 434 877 434 883 438 893 442 894 442 894 442 928 437 955 433 968 437 977 440 978 440 979 440 980 440 988 437 995 434 1004 437 1007 423 1006 413 1004 393"/></Shape>
	    <String CONTENT="cti mora Deo iraſci quòd non liberet quãdo"
                    HPOS="221.0"
                    VPOS="386.0"
                    WIDTH="786.0"
                    HEIGHT="59.0"
                    WC="0.986403149637309"></String>
          </TextLine>
          <TextLine ID="line_9"
                    TAGREFS="LT8"
                    BASELINE="223 478 1014 473" 
                    HPOS="222.0"
                    VPOS="436.0"
                    WIDTH="792.0"
                    HEIGHT="59.0">
            <Shape><Polygon POINTS="223 478 223 489 274 495 275 495 276 495 288 490 293 487 297 490 305 495 306 495 307 495 308 495 309 495 319 490 325 486 507 486 521 490 535 494 536 494 537 494 538 494 539 494 544 490 550 485 573 490 589 493 590 493 616 490 657 485 670 490 678 493 679 493 680 493 694 490 722 484 791 490 814 492 815 492 816 492 821 490 830 487 878 490 880 490 881 490 882 490 897 483 911 490 912 490 913 490 914 490 942 484 955 490 957 491 958 491 959 491 1013 490 1014 473 1012 446 976 445 964 436 963 436 962 436 914 436 913 436 912 436 911 436 899 444 886 436 885 436 884 436 855 436 854 436 854 436 836 444 806 437 805 437 804 437 803 437 802 437 789 447 693 447 673 442 672 442 671 442 670 442 658 448 526 448 488 439 487 439 486 439 459 448 439 442 438 442 437 442 436 442 435 442 426 449 402 449 372 439 371 439 370 439 307 447 296 439 295 439 294 439 269 439 268 439 267 439 266 439 252 448 222 450 223 478"/></Shape>
	    <String CONTENT="ipſis videtur. Vtrunque vitium abeſſe debet"
                    HPOS="222.0"
                    VPOS="436.0"
                    WIDTH="792.0"
                    HEIGHT="59.0"
                    WC="0.9982399690982907"></String>
          </TextLine>
          <TextLine ID="line_10"
                    TAGREFS="LT8"
                    BASELINE="223 526 1018 521" 
                    HPOS="222.0"
                    VPOS="485.0"
                    WIDTH="796.0"
                    HEIGHT="61.0">
            <Shape><Polygon POINTS="223 526 223 546 271 546 271 545 272 545 273 545 288 536 318 543 319 543 320 543 334 535 436 535 447 541 448 541 449 541 502 535 536 541 540 541 541 541 542 541 544 541 567 534 599 540 618 543 619 543 620 543 635 539 656 534 690 538 718 542 719 543 799 543 799 542 833 536 858 532 878 536 905 541 906 541 1018 533 1018 521 1016 497 932 496 909 485 908 485 907 485 852 486 851 486 850 486 836 495 831 498 771 498 765 494 757 491 756 491 755 491 722 494 718 494 717 494 707 486 706 486 705 486 704 486 675 491 657 487 656 487 655 487 654 487 641 493 630 498 533 492 460 488 459 488 458 488 450 492 444 495 431 492 430 492 429 492 375 500 335 495 334 495 311 500 222 490 223 526"/></Shape>
	    <String CONTENT="à pia oratione. Tertiò, abſit etiam diſcepta¬"
                    HPOS="222.0"
                    VPOS="485.0"
                    WIDTH="796.0"
                    HEIGHT="61.0"
                    WC="0.9925613225774562"></String>
          </TextLine>
          <TextLine ID="line_11"
                    TAGREFS="LT8"
                    BASELINE="226 574 1020 572" 
                    HPOS="225.0"
                    VPOS="535.0"
                    WIDTH="795.0"
                    HEIGHT="57.0">
            <Shape><Polygon POINTS="1006 554 1002 542 946 535 945 535 944 535 908 545 903 546 900 545 881 535 880 535 836 535 835 535 834 535 833 535 820 545 818 546 811 545 754 537 753 537 752 537 731 545 728 546 713 545 667 542 666 542 560 546 514 547 512 546 499 536 498 536 497 536 436 536 435 536 434 536 433 536 423 542 397 536 396 536 395 536 394 536 378 546 355 538 354 538 353 538 352 538 329 545 303 536 302 536 301 536 300 536 299 536 286 546 284 547 225 547 226 574 226 585 272 592 273 592 274 592 295 585 296 585 304 591 305 591 306 591 307 591 369 585 374 585 375 585 388 592 389 592 390 592 440 586 493 592 494 592 495 592 496 592 506 586 601 591 602 591 603 591 604 591 610 585 619 592 620 592 621 592 622 592 748 591 749 591 772 584 773 584 816 584 817 584 831 591 832 591 833 591 834 591 859 584 860 584 863 584 921 589 922 589 1019 583 1020 572 1018 545 1009 543 1006 554"/></Shape>
	    <String CONTENT="tio, hoc eſt, dubitatio, quæ promiſsionibus"
                    HPOS="225.0"
                    VPOS="535.0"
                    WIDTH="795.0"
                    HEIGHT="57.0"
                    WC="0.9989215994990149"></String>
          </TextLine>
          <TextLine ID="line_12"
                    TAGREFS="LT8"
                    BASELINE="225 624 1018 621" 
                    HPOS="224.0"
                    VPOS="588.0"
                    WIDTH="794.0"
                    HEIGHT="54.0">
            <Shape><Polygon POINTS="225 624 225 635 285 635 288 636 303 642 304 642 305 642 346 637 404 641 405 641 406 641 419 637 423 636 430 637 461 642 462 642 501 638 528 634 547 638 568 641 569 642 673 642 673 641 688 638 710 634 717 638 720 641 721 641 722 641 723 642 743 642 743 641 744 641 745 641 748 638 757 633 888 633 913 640 915 640 916 640 917 641 917 640 918 640 920 640 944 633 955 639 956 639 957 639 958 639 982 635 1016 640 1018 621 1016 596 886 596 883 594 862 588 861 588 860 588 859 588 849 594 847 595 837 594 787 588 786 588 785 588 784 588 776 594 775 594 770 594 740 590 739 590 738 590 727 593 720 595 715 593 703 588 702 588 650 588 649 588 648 588 647 588 641 593 636 596 605 592 590 591 589 591 588 591 583 592 570 596 556 592 548 590 547 590 546 590 535 592 516 596 501 592 490 588 489 588 488 588 488 588 481 591 470 597 447 592 446 592 445 592 430 597 421 591 418 589 417 589 416 589 394 589 393 589 392 589 391 589 389 591 381 597 351 590 342 589 312 589 311 589 310 589 307 590 295 596 283 590 280 589 279 589 278 589 224 589 225 624"/></Shape>
	    <String CONTENT="Dei detrahit, &amp; incipit diſceptare in vtram¬"
                    HPOS="224.0"
                    VPOS="588.0"
                    WIDTH="794.0"
                    HEIGHT="54.0"
                    WC="0.9936281402002681"></String>
          </TextLine>
          <TextLine ID="line_13"
                    TAGREFS="LT8"
                    BASELINE="225 672 1020 672" 
                    HPOS="225.0"
                    VPOS="634.0"
                    WIDTH="795.0"
                    HEIGHT="70.0">
            <Shape><Polygon POINTS="225 672 225 696 299 703 300 703 301 703 322 697 348 690 365 698 375 703 376 703 377 703 414 698 440 695 452 698 457 700 458 700 459 700 460 700 461 700 462 699 475 690 550 690 563 699 565 701 566 701 567 701 568 701 569 701 569 701 571 700 585 690 598 690 613 700 614 701 615 701 616 701 617 701 618 701 619 701 620 700 637 690 676 690 691 701 692 702 693 702 694 702 747 703 748 703 749 703 753 701 774 690 819 690 836 702 837 703 838 703 839 703 840 704 915 704 915 703 916 703 917 703 933 696 1019 703 1020 672 1020 645 939 645 918 634 917 634 873 634 872 634 871 634 870 634 859 642 833 644 817 634 816 634 815 634 744 634 743 634 742 634 716 644 690 634 689 634 688 634 650 639 614 634 613 634 612 634 611 634 595 645 580 645 544 634 543 634 542 634 541 634 517 644 441 639 440 639 439 639 422 645 225 645 225 672"/></Shape>
	    <String CONTENT="que partem, vt oſtendit Apoſtolus Rom.2."
                    HPOS="225.0"
                    VPOS="634.0"
                    WIDTH="795.0"
                    HEIGHT="70.0"
                    WC="0.9995614618062973"></String>
          </TextLine>
          <TextLine ID="line_14"
                    TAGREFS="LT8"
                    BASELINE="227 722 356 722" 
                    HPOS="227.0"
                    VPOS="693.0"
                    WIDTH="129.0"
                    HEIGHT="61.0">
            <Shape><Polygon POINTS="227 722 227 745 273 754 274 754 275 754 290 749 293 749 302 750 328 754 329 754 330 754 331 754 333 752 338 748 354 753 356 722 356 696 227 693 227 722"/></Shape>
	    <String CONTENT="ver.15."
                    HPOS="227.0"
                    VPOS="693.0"
                    WIDTH="129.0"
                    HEIGHT="61.0"
                    WC="0.9936216814177377"></String>
          </TextLine>
        </TextBlock>
        <TextBlock HPOS="254"
                   VPOS="737"
                   WIDTH="582"
                   HEIGHT="56"
                   ID="block_2"
                   TAGREFS="BT1852">
          <Shape><Polygon POINTS="836 737 836 793 261 789 254 743"/></Shape>
          <TextLine ID="line_16"
                    TAGREFS="LT8"
                    BASELINE="283 779 827 775" 
                    HPOS="281"
                    VPOS="737"
                    WIDTH="544"
                    HEIGHT="64">
            <Shape><Polygon POINTS="793 737 765 737 749 743 699 737 629 738 616 744 597 738 551 738 535 743 513 740 440 740 428 746 406 740 370 741 364 746 320 741 284 741 281 743 284 801 308 788 434 800 461 787 469 797 475 797 496 787 513 800 642 800 696 785 768 797 790 785 821 797 825 774 824 744 803 737 793 737"/></Shape>
	    <String CONTENT="9 Similiter &amp; mulieres, &amp;c."
                    HPOS="281"
                    VPOS="737"
                    WIDTH="544"
                    HEIGHT="64"
                    WC="0.9715361462699043"></String>
          </TextLine>
        </TextBlock>
        <TextBlock HPOS="220"
                   VPOS="794"
                   WIDTH="805"
                   HEIGHT="243"
                   ID="block_6"
                   TAGREFS="BT1851">
          <Shape><Polygon POINTS="1025 794 1025 1037 220 1037 224 798"/></Shape>
          <TextLine ID="line_17"
                    TAGREFS="LT8"
                    BASELINE="272 829 1015 826" 
                    HPOS="271.0"
                    VPOS="788.0"
                    WIDTH="744.0"
                    HEIGHT="59.0">
            <Shape><Polygon POINTS="272 829 272 842 318 839 338 842 360 846 361 846 362 846 375 842 388 839 395 842 403 846 404 846 405 847 464 847 464 846 465 846 466 846 471 842 477 838 551 838 560 842 567 845 568 845 569 845 584 842 596 840 611 842 633 845 634 845 635 845 643 842 653 838 673 842 685 844 686 844 697 842 717 838 742 842 765 845 766 845 767 845 776 842 791 838 813 842 826 844 827 845 902 845 902 844 903 844 910 842 922 838 932 842 936 844 937 844 938 844 1014 841 1015 826 1013 797 938 797 901 788 900 788 899 788 871 796 816 788 815 788 814 788 795 796 786 788 785 788 784 788 767 788 766 788 765 788 764 788 764 789 759 793 649 789 648 789 647 789 617 797 595 793 594 793 518 798 494 790 493 790 477 790 476 790 475 790 474 790 465 798 443 793 442 793 411 798 383 790 382 790 381 790 380 790 364 798 351 792 350 792 290 790 289 790 288 790 271 798 272 829"/></Shape>
	    <String CONTENT="Alter locus huius capitis de decoro à mu¬"
                    HPOS="271.0"
                    VPOS="788.0"
                    WIDTH="744.0"
                    HEIGHT="59.0"
                    WC="0.98684665844554"></String>
          </TextLine>
          <TextLine ID="line_18"
                    TAGREFS="LT8"
                    BASELINE="222 879 1014 876" 
                    HPOS="221.0"
                    VPOS="835.0"
                    WIDTH="793.0"
                    HEIGHT="66.0">
            <Shape><Polygon POINTS="222 879 222 901 336 901 336 900 337 900 338 900 339 899 349 892 387 892 397 898 399 900 400 900 401 900 402 900 488 899 488 899 492 897 503 892 518 897 524 899 525 899 526 900 617 900 617 899 618 899 619 899 623 896 633 890 656 896 668 898 669 898 670 898 680 895 689 893 713 895 751 898 752 898 779 894 815 889 850 889 860 893 867 896 868 896 869 896 870 896 871 896 874 893 880 889 898 889 904 893 908 896 909 896 910 896 911 896 912 896 920 893 928 889 935 892 945 897 946 897 947 897 1013 891 1014 876 1012 845 946 845 945 844 917 835 916 835 915 835 914 835 886 843 883 844 879 843 838 835 837 835 798 843 785 846 720 846 715 842 710 838 709 838 708 838 664 836 663 836 627 841 598 847 538 847 525 840 517 838 516 838 515 838 514 838 504 840 491 845 418 847 404 839 400 838 399 838 398 838 397 838 391 839 374 845 345 839 336 838 335 838 320 838 271 844 221 838 222 879"/></Shape>
	    <String CONTENT="lieribus ſeruando in publicis cœtibus. Ac¬"
                    HPOS="221.0"
                    VPOS="835.0"
                    WIDTH="793.0"
                    HEIGHT="66.0"
                    WC="0.9934782726424081"></String>
          </TextLine>
          <TextLine ID="line_19"
                    TAGREFS="LT8"
                    BASELINE="220 928 1006 924" 
                    HPOS="219.0"
                    VPOS="887.0"
                    WIDTH="787.0"
                    HEIGHT="61.0">
            <Shape><Polygon POINTS="220 928 220 938 236 938 238 938 248 947 249 947 250 947 251 947 252 947 275 938 277 938 300 938 302 938 315 947 316 947 317 947 318 948 390 948 390 947 391 947 416 938 421 937 425 938 443 946 444 946 445 946 446 946 465 938 470 937 529 938 538 946 539 946 540 946 541 946 635 945 636 945 637 945 646 938 649 936 665 938 689 942 690 942 691 942 697 938 703 936 776 936 781 938 791 945 792 945 793 945 794 945 795 945 818 938 831 935 838 938 848 944 849 944 850 944 851 944 869 938 882 935 953 935 960 938 971 944 972 944 973 944 1005 938 1006 924 1004 898 961 898 944 887 943 887 942 887 941 887 940 887 921 898 884 898 848 887 847 887 809 887 808 887 807 887 783 898 759 889 758 889 757 889 690 896 630 888 629 888 628 888 598 898 581 889 580 889 579 889 578 889 543 899 503 892 502 892 415 900 392 890 391 890 390 890 349 898 300 890 299 890 298 890 268 899 253 895 252 895 251 895 219 901 220 928"/></Shape>
	    <String CONTENT="commodat autem quæſtionem ad duo. Pri¬"
                    HPOS="219.0"
                    VPOS="887.0"
                    WIDTH="787.0"
                    HEIGHT="61.0"
                    WC="0.9985462144801491"></String>
          </TextLine>
          <TextLine ID="line_20"
                    TAGREFS="LT8"
                    BASELINE="219 978 1011 973" 
                    HPOS="218.0"
                    VPOS="936.0"
                    WIDTH="793.0"
                    HEIGHT="65.0">
            <Shape><Polygon POINTS="219 978 220 1001 244 994 262 1000 263 1000 264 1001 277 1001 357 1001 357 1000 358 1000 361 999 378 995 389 999 390 999 391 1000 470 1000 470 999 471 999 474 998 488 992 529 996 530 996 531 996 532 996 538 991 614 996 615 996 616 996 626 992 633 997 636 998 637 998 638 998 639 998 653 996 680 991 695 996 703 997 704 997 705 998 776 998 776 997 777 997 787 995 801 989 867 989 881 993 887 995 888 995 889 995 898 993 916 989 930 993 945 997 946 997 947 997 1010 991 1011 973 1008 946 934 946 933 946 908 936 907 936 906 936 861 944 849 937 848 937 798 937 797 937 796 937 772 946 723 947 693 948 691 948 678 938 677 938 676 938 635 938 634 938 633 938 632 938 617 948 616 949 547 949 534 949 523 939 522 939 521 939 478 939 477 939 476 939 453 946 424 939 423 939 422 939 401 948 382 944 381 944 335 950 331 950 330 950 305 940 304 940 303 940 302 940 301 940 284 950 284 950 239 945 238 945 237 945 218 950 219 978"/></Shape>
	    <String CONTENT="mùm, quales debeant eſſe in precibus. Dein¬"
                    HPOS="218.0"
                    VPOS="936.0"
                    WIDTH="793.0"
                    HEIGHT="65.0"
                    WC="0.9982814219864932"></String>
          </TextLine>
          <TextLine ID="line_21"
                    TAGREFS="LT8"
                    BASELINE="234 1027 726 1023" 
                    HPOS="231"
                    VPOS="986"
                    WIDTH="493"
                    HEIGHT="66">
            <Shape><Polygon POINTS="232 1025 232 1041 256 1052 257 1052 259 1052 260 1052 292 1043 294 1043 297 1043 390 1052 392 1052 393 1052 415 1044 426 1041 477 1044 551 1050 553 1050 554 1050 556 1050 560 1046 569 1040 600 1046 620 1050 622 1050 638 1047 663 1041 721 1047 724 1022 721 995 648 995 647 993 636 986 635 986 633 986 632 986 505 993 458 995 231 992 232 1025"/></Shape>
	    <String CONTENT="de, in reliqua converſatione."
                    HPOS="231"
                    VPOS="986"
                    WIDTH="493"
                    HEIGHT="66"></String>
          </TextLine>
        </TextBlock>
        <TextBlock HPOS="218"
                   VPOS="1037"
                   WIDTH="805"
                   HEIGHT="501"
                   ID="block_5"
                   TAGREFS="BT1851">
          <Shape><Polygon POINTS="1023 1037 1023 1538 218 1538 218 1037"/></Shape>
          <TextLine ID="line_22"
                    TAGREFS="LT8"
                    BASELINE="272 1075 1012 1071" 
                    HPOS="271.0"
                    VPOS="1034.0"
                    WIDTH="741.0"
                    HEIGHT="58.0">
            <Shape><Polygon POINTS="272 1075 272 1085 312 1085 322 1092 323 1092 324 1092 325 1092 408 1085 439 1092 440 1092 441 1092 456 1083 457 1083 461 1083 499 1090 500 1090 579 1083 582 1083 583 1083 616 1091 617 1091 618 1091 641 1082 643 1082 658 1082 804 1090 805 1090 892 1081 896 1081 897 1081 912 1089 913 1089 914 1089 1011 1080 1012 1071 1010 1042 918 1034 917 1034 916 1034 915 1034 904 1042 879 1042 831 1034 830 1034 791 1042 789 1042 788 1042 771 1035 770 1035 769 1035 690 1042 686 1042 685 1042 669 1035 668 1035 645 1035 644 1035 643 1035 642 1035 633 1042 632 1043 629 1042 610 1036 609 1036 574 1036 573 1036 572 1036 556 1042 553 1043 536 1042 450 1037 424 1037 423 1037 422 1037 421 1037 414 1042 411 1045 325 1045 323 1042 316 1037 315 1037 314 1037 313 1037 271 1042 272 1075"/></Shape>
	    <String CONTENT="De precibus ait, Mulieres ſimiliter debe¬"
                    HPOS="271.0"
                    VPOS="1034.0"
                    WIDTH="741.0"
                    HEIGHT="58.0"
                    WC="0.9997228035112706"></String>
          </TextLine>
          <TextLine ID="line_23"
                    TAGREFS="LT8"
                    BASELINE="218 1123 1012 1121" 
                    HPOS="217.0"
                    VPOS="1085.0"
                    WIDTH="795.0"
                    HEIGHT="60.0">
            <Shape><Polygon POINTS="218 1123 218 1137 255 1134 263 1137 277 1143 278 1143 333 1144 334 1144 335 1144 356 1137 365 1134 398 1134 403 1136 414 1144 415 1144 416 1144 417 1145 543 1145 543 1144 544 1144 545 1144 556 1135 559 1134 580 1134 582 1135 594 1144 595 1144 596 1144 597 1144 719 1143 720 1143 731 1138 773 1143 774 1143 775 1143 776 1143 791 1134 793 1133 807 1134 868 1139 869 1139 896 1133 898 1133 901 1133 942 1143 943 1143 944 1143 973 1133 1011 1132 1012 1121 1011 1095 995 1087 994 1087 993 1087 992 1087 991 1087 980 1095 849 1095 807 1085 806 1085 805 1085 777 1094 755 1086 754 1086 708 1085 707 1085 669 1094 651 1089 650 1089 650 1089 649 1089 636 1094 585 1089 584 1089 554 1095 551 1095 550 1095 536 1088 535 1088 534 1088 533 1088 510 1095 509 1095 508 1095 491 1086 490 1086 489 1086 370 1091 361 1086 360 1086 304 1086 303 1086 266 1095 264 1095 263 1095 245 1086 244 1086 244 1086 243 1086 217 1094 218 1123"/></Shape>
	    <String CONTENT="re orare: ſic enim accipio illa, VOLO EAS"
                    HPOS="217.0"
                    VPOS="1085.0"
                    WIDTH="795.0"
                    HEIGHT="60.0"
                    WC="0.9930433645481016"></String>
          </TextLine>
          <TextLine ID="line_24"
                    TAGREFS="LT8"
                    BASELINE="223 1173 1014 1171" 
                    HPOS="222.0"
                    VPOS="1134.0"
                    WIDTH="792.0"
                    HEIGHT="57.0">
            <Shape><Polygon POINTS="223 1173 223 1181 233 1186 234 1186 235 1186 236 1186 237 1186 243 1181 244 1181 390 1181 392 1181 411 1190 412 1190 413 1191 437 1191 437 1190 438 1190 439 1190 450 1182 451 1181 454 1182 490 1190 491 1190 492 1190 509 1183 525 1190 526 1190 527 1190 636 1189 637 1189 657 1182 663 1180 667 1182 681 1189 682 1189 683 1189 730 1182 732 1182 745 1189 746 1189 747 1189 782 1182 789 1181 797 1182 830 1189 831 1189 864 1182 867 1182 869 1182 892 1189 893 1189 894 1189 946 1187 947 1187 957 1182 962 1180 967 1182 973 1185 974 1185 975 1185 1013 1182 1014 1171 1013 1142 993 1135 992 1135 991 1135 990 1135 968 1141 965 1142 961 1141 935 1134 935 1134 893 1134 892 1134 891 1134 878 1140 854 1134 854 1134 853 1134 852 1134 835 1141 831 1142 823 1140 792 1134 791 1134 790 1134 789 1134 779 1140 775 1143 615 1144 556 1144 542 1139 530 1135 529 1135 528 1135 513 1138 497 1142 483 1138 477 1137 476 1137 475 1137 474 1137 473 1137 472 1138 466 1143 450 1138 447 1137 446 1137 445 1137 444 1137 443 1137 442 1138 434 1143 423 1138 416 1135 415 1135 356 1135 355 1135 354 1135 353 1135 350 1137 344 1141 322 1137 307 1135 306 1135 290 1137 250 1143 222 1137 223 1173"/></Shape>
	    <String CONTENT="SIMILITER ORARE: æquantur viris ſtudio &amp;"
                    HPOS="222.0"
                    VPOS="1134.0"
                    WIDTH="792.0"
                    HEIGHT="57.0"
                    WC="0.9943941801786422"></String>
          </TextLine>
          <TextLine ID="line_25"
                    TAGREFS="LT8"
                    BASELINE="215 1219 1014 1221" 
                    HPOS="214.0"
                    VPOS="1182.0"
                    WIDTH="800.0"
                    HEIGHT="56.0">
            <Shape><Polygon POINTS="215 1219 214 1236 259 1237 260 1237 261 1237 264 1236 283 1229 304 1236 306 1236 307 1236 308 1236 309 1236 310 1236 320 1229 353 1229 369 1235 374 1237 375 1237 376 1237 413 1237 413 1237 414 1237 415 1237 418 1235 426 1230 462 1234 486 1237 487 1237 488 1237 488 1237 492 1234 500 1229 575 1229 623 1233 683 1237 684 1238 732 1238 732 1237 732 1237 755 1232 762 1230 765 1232 774 1237 775 1237 776 1237 777 1237 778 1237 797 1231 799 1231 800 1231 813 1236 814 1236 815 1236 867 1231 879 1230 889 1231 968 1237 969 1237 1013 1229 1014 1221 1013 1194 929 1187 928 1187 927 1187 926 1187 916 1193 893 1183 892 1183 821 1183 820 1183 819 1183 800 1193 799 1194 775 1194 773 1193 756 1183 755 1183 754 1183 710 1193 707 1194 668 1194 667 1193 647 1183 646 1183 645 1183 603 1192 522 1186 521 1186 489 1192 488 1192 475 1182 474 1182 473 1182 472 1182 404 1186 403 1186 390 1192 389 1192 365 1183 364 1183 363 1183 362 1183 339 1192 338 1192 334 1192 259 1182 258 1182 257 1182 256 1182 244 1192 243 1192 215 1192 215 1219"/></Shape>
	    <String CONTENT="ardore orandi, vt conditionibus illis omni¬"
                    HPOS="214.0"
                    VPOS="1182.0"
                    WIDTH="800.0"
                    HEIGHT="56.0"
                    WC="0.9879708040592282"></String>
          </TextLine>
          <TextLine ID="line_26"
                    TAGREFS="LT8"
                    BASELINE="217 1267 1006 1270" 
                    HPOS="216.0"
                    VPOS="1231.0"
                    WIDTH="790.0"
                    HEIGHT="56.0">
            <Shape><Polygon POINTS="217 1267 216 1277 253 1284 254 1284 336 1278 380 1284 572 1285 573 1285 629 1279 639 1285 640 1285 641 1285 642 1285 643 1285 660 1280 708 1285 709 1285 710 1285 731 1279 755 1286 756 1286 757 1286 796 1280 810 1286 811 1286 812 1287 860 1287 860 1286 861 1286 862 1286 872 1280 973 1286 974 1286 1005 1279 1006 1270 1006 1242 876 1242 871 1239 853 1234 852 1234 851 1234 850 1234 831 1239 823 1242 786 1242 778 1238 769 1235 768 1235 767 1235 714 1237 664 1240 640 1237 616 1233 509 1233 508 1233 507 1233 501 1235 487 1239 476 1234 471 1232 470 1232 469 1232 456 1234 427 1239 412 1233 410 1233 409 1233 408 1233 407 1233 406 1233 384 1240 324 1240 301 1234 300 1234 299 1234 298 1234 281 1239 217 1231 217 1267"/></Shape>
	    <String CONTENT="bus viris pares eſſe debeant. Singularia au¬"
                    HPOS="216.0"
                    VPOS="1231.0"
                    WIDTH="790.0"
                    HEIGHT="56.0"
                    WC="0.988283627412536"></String>
          </TextLine>
          <TextLine ID="line_27"
                    TAGREFS="LT8"
                    BASELINE="217 1316 1004 1320" 
                    HPOS="216.0"
                    VPOS="1277.0"
                    WIDTH="788.0"
                    HEIGHT="62.0">
            <Shape><Polygon POINTS="217 1316 216 1325 240 1332 241 1332 242 1332 243 1332 252 1327 264 1332 265 1332 266 1332 363 1327 366 1327 366 1327 406 1336 407 1336 469 1329 532 1337 533 1338 682 1338 682 1337 727 1330 731 1330 768 1330 770 1331 790 1338 791 1338 792 1338 829 1336 830 1336 831 1336 837 1331 840 1330 852 1331 899 1337 900 1337 953 1332 970 1331 975 1332 993 1339 994 1339 995 1339 996 1339 997 1339 1003 1333 1004 1320 1004 1292 912 1292 910 1291 895 1280 894 1280 894 1280 893 1280 854 1281 853 1281 828 1290 826 1290 817 1290 792 1288 780 1279 779 1279 778 1279 747 1279 746 1279 745 1279 722 1289 721 1290 695 1290 693 1288 680 1278 679 1278 678 1278 615 1278 614 1278 613 1278 612 1278 600 1288 597 1290 544 1290 541 1287 529 1277 528 1277 528 1277 527 1277 477 1285 466 1278 465 1278 464 1278 463 1278 462 1278 441 1286 435 1289 377 1289 364 1285 322 1277 321 1277 320 1277 293 1285 289 1286 286 1285 275 1278 274 1278 273 1278 272 1278 271 1278 263 1284 261 1286 241 1286 237 1284 230 1279 229 1279 228 1279 227 1279 226 1279 217 1283 217 1316"/></Shape>
	    <String CONTENT="tem ſunt, quæ afferre debent de ſuo decoro,"
                    HPOS="216.0"
                    VPOS="1277.0"
                    WIDTH="788.0"
                    HEIGHT="62.0"
                    WC="0.9986806941586871"></String>
          </TextLine>
          <TextLine ID="line_28"
                    TAGREFS="LT8"
                    BASELINE="214 1364 1004 1368" 
                    HPOS="213.0"
                    VPOS="1328.0"
                    WIDTH="791.0"
                    HEIGHT="61.0">
            <Shape><Polygon POINTS="214 1364 213 1375 246 1385 247 1385 248 1386 309 1386 309 1385 310 1385 330 1376 363 1376 443 1376 457 1386 458 1386 459 1386 460 1387 579 1387 579 1386 580 1386 598 1377 699 1377 717 1384 718 1384 719 1384 797 1378 810 1388 811 1388 812 1388 813 1389 858 1389 858 1388 900 1379 989 1388 990 1388 991 1388 992 1388 1003 1378 1004 1368 1004 1341 970 1331 969 1331 968 1331 903 1340 892 1331 891 1331 890 1331 845 1331 844 1331 806 1340 765 1340 739 1330 738 1330 737 1330 610 1339 573 1329 572 1329 571 1329 570 1329 549 1338 528 1330 528 1330 527 1330 526 1330 525 1330 518 1335 483 1329 482 1329 481 1329 480 1329 464 1339 411 1339 385 1338 366 1328 365 1328 364 1328 263 1334 253 1328 252 1328 251 1328 250 1328 249 1328 214 1337 214 1364"/></Shape>
	    <String CONTENT="modeſtia in veſtitu, &amp; modeſtia in diſcendo:"
                    HPOS="213.0"
                    VPOS="1328.0"
                    WIDTH="791.0"
                    HEIGHT="61.0"
                    WC="0.9932463020086288"></String>
          </TextLine>
          <TextLine ID="line_29"
                    TAGREFS="LT8"
                    BASELINE="215 1414 1001 1418" 
                    HPOS="214.0"
                    VPOS="1379.0"
                    WIDTH="787.0"
                    HEIGHT="58.0">
            <Shape><Polygon POINTS="215 1414 214 1430 261 1435 262 1435 263 1435 275 1430 288 1425 327 1430 337 1431 338 1431 339 1431 340 1431 341 1430 348 1425 390 1425 399 1430 405 1432 406 1432 406 1432 407 1432 416 1430 427 1427 463 1430 487 1431 488 1431 530 1429 605 1426 612 1429 633 1436 634 1436 635 1436 697 1429 714 1436 715 1436 902 1437 903 1437 904 1437 920 1429 1000 1427 1001 1418 1001 1393 966 1382 965 1382 907 1382 906 1382 905 1382 904 1382 893 1391 890 1393 874 1393 870 1390 858 1382 857 1382 856 1382 803 1381 802 1381 758 1388 757 1388 728 1381 727 1381 726 1381 725 1381 715 1388 709 1392 611 1392 587 1385 569 1381 569 1381 550 1385 523 1391 442 1391 432 1382 429 1380 428 1380 427 1380 426 1380 379 1381 378 1382 377 1382 376 1382 367 1389 335 1383 334 1383 284 1389 249 1379 248 1379 247 1379 215 1379 215 1414"/></Shape>
	    <String CONTENT="duo enim hic taxat vitia in muliebri ſexu."
                    HPOS="214.0"
                    VPOS="1379.0"
                    WIDTH="787.0"
                    HEIGHT="58.0"
                    WC="0.9903075765995752"></String>
          </TextLine>
          <TextLine ID="line_30"
                    TAGREFS="LT8"
                    BASELINE="214 1464 1001 1468" 
                    HPOS="213.0"
                    VPOS="1430.0"
                    WIDTH="788.0"
                    HEIGHT="57.0">
            <Shape><Polygon POINTS="214 1464 213 1474 239 1481 240 1481 241 1481 242 1481 253 1477 261 1484 262 1484 263 1484 264 1485 343 1485 343 1484 344 1484 361 1476 375 1481 376 1481 377 1481 424 1476 447 1482 448 1482 449 1482 450 1482 463 1476 565 1476 568 1477 579 1485 580 1485 581 1485 608 1486 609 1486 610 1486 631 1478 634 1477 638 1478 671 1486 672 1487 707 1487 707 1486 708 1486 731 1479 736 1477 760 1479 802 1483 803 1483 848 1480 876 1478 880 1480 889 1487 890 1487 891 1487 892 1487 1000 1481 1001 1468 1000 1437 934 1433 933 1433 932 1433 921 1436 911 1440 893 1436 881 1435 880 1435 879 1435 878 1435 875 1436 867 1441 809 1441 793 1436 779 1433 778 1433 777 1433 776 1433 775 1433 772 1436 767 1439 751 1436 742 1435 741 1435 740 1435 739 1435 737 1436 732 1440 691 1440 682 1436 672 1432 671 1432 670 1432 638 1436 609 1439 595 1436 579 1431 578 1431 577 1431 576 1431 565 1436 557 1438 552 1436 545 1431 544 1431 543 1431 521 1431 520 1431 519 1431 518 1431 511 1436 505 1438 495 1436 481 1431 480 1431 479 1431 478 1431 477 1431 471 1436 466 1439 411 1439 400 1435 390 1432 389 1432 388 1432 367 1435 351 1437 346 1435 340 1430 339 1430 338 1430 304 1430 303 1430 302 1430 301 1430 293 1435 290 1436 251 1436 247 1435 241 1430 240 1430 239 1430 238 1430 214 1434 214 1464"/></Shape>
	    <String CONTENT="Superbiam in habitu, natura enim mulier"
                    HPOS="213.0"
                    VPOS="1430.0"
                    WIDTH="788.0"
                    HEIGHT="57.0"
                    WC="0.9990903383646256"></String>
          </TextLine>
          <TextLine ID="line_31"
                    TAGREFS="LT8"
                    BASELINE="215 1513 1005 1516" 
                    HPOS="214.0"
                    VPOS="1477.0"
                    WIDTH="791.0"
                    HEIGHT="70.0">
            <Shape><Polygon POINTS="215 1513 214 1544 239 1545 240 1545 241 1545 242 1545 242 1544 253 1536 287 1544 289 1544 290 1544 291 1544 292 1544 306 1535 329 1544 333 1545 334 1545 335 1545 374 1544 375 1544 376 1544 377 1543 388 1535 427 1543 430 1543 431 1543 434 1543 471 1536 480 1542 484 1546 485 1546 486 1546 487 1547 548 1547 548 1546 567 1542 591 1536 610 1541 619 1544 620 1544 621 1544 622 1544 628 1541 639 1537 681 1541 742 1547 743 1547 787 1540 810 1537 839 1540 901 1546 902 1546 933 1539 942 1537 1003 1538 1005 1516 1004 1487 983 1489 978 1487 965 1479 964 1479 963 1479 911 1486 884 1479 883 1479 782 1479 781 1479 780 1479 761 1486 753 1489 746 1486 729 1478 728 1478 727 1478 726 1478 725 1478 715 1486 705 1486 666 1488 662 1486 647 1478 646 1478 623 1478 622 1478 621 1478 620 1478 608 1486 604 1489 480 1489 461 1488 459 1486 450 1479 449 1479 448 1479 447 1479 410 1482 401 1477 400 1477 376 1477 375 1477 374 1477 359 1486 358 1486 356 1486 342 1482 341 1482 340 1482 339 1482 325 1486 321 1487 318 1486 311 1481 310 1481 309 1481 308 1481 283 1486 280 1486 279 1486 266 1477 265 1477 264 1477 263 1477 215 1485 215 1513"/></Shape>
	    <String CONTENT="eſt animal φιλόκοσμον. Deinde ſtudium do¬"
                    HPOS="214.0"
                    VPOS="1477.0"
                    WIDTH="791.0"
                    HEIGHT="70.0"
                    WC="0.9859814615476699"></String>
          </TextLine>
        </TextBlock>
        <TextBlock HPOS="834"
                   VPOS="1524"
                   WIDTH="173"
                   HEIGHT="62"
                   ID="block_1"
                   TAGREFS="BT17">
          <Shape><Polygon POINTS="1007 1524 1007 1586 834 1586 834 1524"/></Shape>
          <TextLine ID="line_32"
                    TAGREFS="LT8"
                    BASELINE="833 1566 1004 1566" 
                    HPOS="833.0"
                    VPOS="1530.0"
                    WIDTH="171.0"
                    HEIGHT="65.0">
            <Shape><Polygon POINTS="1004 1566 1003 1532 854 1537 834 1530 833 1566 835 1595 846 1588 867 1593 875 1595 876 1595 1004 1587 1004 1566"/></Shape>
	    <String CONTENT="minandi"
                    HPOS="833.0"
                    VPOS="1530.0"
                    WIDTH="171.0"
                    HEIGHT="65.0"
                    WC="0.9947743671280997"></String>
          </TextLine>
        </TextBlock>
      </PrintSpace>
    </Page>
  </Layout>
</alto>
