<?xml version="1.0" encoding="UTF-8"?>
<alto xmlns:xsi="http://www.w3.org/2001/XMLSchema-instance"
      xmlns="http://www.loc.gov/standards/alto/ns-v4#"
      xsi:schemaLocation="http://www.loc.gov/standards/alto/ns-v4# http://www.loc.gov/standards/alto/v4/alto-4-2.xsd">
  <Description>
    <MeasurementUnit>pixel</MeasurementUnit>
    <sourceImageInformation>
      <fileName>bsb10313792_00060.jpg</fileName>
    </sourceImageInformation>
  </Description>
  <Tags>
    <OtherTag ID="BT7" LABEL="CustomZone" DESCRIPTION="block type CustomZone"/><OtherTag ID="BT8" LABEL="DamageZone" DESCRIPTION="block type DamageZone"/><OtherTag ID="BT9" LABEL="DigitizationArtefactZone" DESCRIPTION="block type DigitizationArtefactZone"/><OtherTag ID="BT10" LABEL="DropCapitalZone" DESCRIPTION="block type DropCapitalZone"/><OtherTag ID="BT11" LABEL="GraphicZone" DESCRIPTION="block type GraphicZone"/><OtherTag ID="BT12" LABEL="MainZone" DESCRIPTION="block type MainZone"/><OtherTag ID="BT13" LABEL="MarginTextZone" DESCRIPTION="block type MarginTextZone"/><OtherTag ID="BT14" LABEL="MusicZone" DESCRIPTION="block type MusicZone"/><OtherTag ID="BT15" LABEL="NumberingZone" DESCRIPTION="block type NumberingZone"/><OtherTag ID="BT17" LABEL="QuireMarksZone" DESCRIPTION="block type QuireMarksZone"/><OtherTag ID="BT18" LABEL="RunningTitleZone" DESCRIPTION="block type RunningTitleZone"/><OtherTag ID="BT19" LABEL="SealZone" DESCRIPTION="block type SealZone"/><OtherTag ID="BT20" LABEL="StampZone" DESCRIPTION="block type StampZone"/><OtherTag ID="BT21" LABEL="TableZone" DESCRIPTION="block type TableZone"/><OtherTag ID="BT22" LABEL="TitlePageZone" DESCRIPTION="block type TitlePageZone"/><OtherTag ID="BT1851" LABEL="MainZone-P" DESCRIPTION="block type MainZone-P"/><OtherTag ID="BT1852" LABEL="MainZone-Head" DESCRIPTION="block type MainZone-Head"/><OtherTag ID="BT1853" LABEL="MainZone-P-Continued" DESCRIPTION="block type MainZone-P-Continued"/><OtherTag ID="BT1854" LABEL="MarginTextZone-ManuscriptAddendum" DESCRIPTION="block type MarginTextZone-ManuscriptAddendum"/><OtherTag ID="BT1855" LABEL="text" DESCRIPTION="block type text"/><OtherTag ID="BT1856" LABEL="MainZone-Entry" DESCRIPTION="block type MainZone-Entry"/><OtherTag ID="BT1857" LABEL="MainZone-Entry-Continued" DESCRIPTION="block type MainZone-Entry-Continued"/><OtherTag ID="BT1877" LABEL="GraphicZone-Decoration" DESCRIPTION="block type GraphicZone-Decoration"/><OtherTag ID="BT1894" LABEL="MainZone-Other" DESCRIPTION="block type MainZone-Other"/>
    <OtherTag ID="LT7" LABEL="CustomLine" DESCRIPTION="line type CustomLine"/><OtherTag ID="LT8" LABEL="DefaultLine" DESCRIPTION="line type DefaultLine"/><OtherTag ID="LT9" LABEL="DropCapitalLine" DESCRIPTION="line type DropCapitalLine"/><OtherTag ID="LT10" LABEL="HeadingLine" DESCRIPTION="line type HeadingLine"/><OtherTag ID="LT11" LABEL="InterlinearLine" DESCRIPTION="line type InterlinearLine"/><OtherTag ID="LT12" LABEL="MusicLine" DESCRIPTION="line type MusicLine"/><OtherTag ID="LT636" LABEL="default" DESCRIPTION="line type default"/>
  </Tags>
  <Layout>
    <Page WIDTH="1072"
          HEIGHT="1742"
          PHYSICAL_IMG_NR="44"
          ID="eSc_dummypage_">
      <PrintSpace HPOS="0"
                  VPOS="0"
                  WIDTH="1072"
                  HEIGHT="1742">
        <TextBlock HPOS="217.58558654785156"
                   VPOS="87.826416015625"
                   WIDTH="47.51191711425781"
                   HEIGHT="42.84779357910156"
                   ID="block_3"
                   TAGREFS="BT15">
          <Shape><Polygon POINTS="217.586 87.8264 265.098 87.8264 265.098 130.674 217.586 130.674 217.586 87.8264"/></Shape>
          <TextLine ID="line_0"
                    TAGREFS="LT8"
                    BASELINE="226 116 251 116" 
                    HPOS="225"
                    VPOS="88"
                    WIDTH="24"
                    HEIGHT="45">
            <Shape><Polygon POINTS="239 88 225 88 225 114 225 133 249 130 249 114 249 88 239 88"/></Shape>
	    <String CONTENT="52"
                    HPOS="225"
                    VPOS="88"
                    WIDTH="24"
                    HEIGHT="45"
                    WC="0.8715041875839233"></String>
          </TextLine>
        </TextBlock>
        <TextBlock HPOS="380.3537902832031"
                   VPOS="78.12207794189453"
                   WIDTH="471.8535461425781"
                   HEIGHT="47.52696228027344"
                   ID="block_0"
                   TAGREFS="BT18">
          <Shape><Polygon POINTS="380.354 78.1221 852.207 78.1221 852.207 125.649 380.354 125.649 380.354 78.1221"/></Shape>
          <TextLine ID="line_1"
                    TAGREFS="LT10"
                    BASELINE="385 112 849 110" 
                    HPOS="384"
                    VPOS="74"
                    WIDTH="465"
                    HEIGHT="57">
            <Shape><Polygon POINTS="810 76 800 76 791 76 781 76 771 76 762 76 752 76 746 76 744 76 742 76 733 76 723 76 713 76 709 76 708 76 707 76 704 76 694 76 684 76 674 76 665 76 655 76 651 76 647 76 645 76 644 76 636 76 626 76 616 76 607 76 597 76 589 76 587 77 384 77 385 112 385 131 427 130 428 130 428 129 433 125 448 130 449 130 450 130 451 130 452 130 459 125 464 130 465 130 466 130 467 130 468 130 469 130 469 129 475 123 490 129 491 129 492 129 504 123 510 129 511 129 512 129 572 130 588 130 589 130 590 130 616 122 692 122 701 128 702 128 703 128 704 128 734 123 756 129 757 129 758 129 759 129 762 129 814 122 821 128 821 129 822 129 823 129 824 129 848 128 849 110 847 76 820 74 820 76"/></Shape>
	    <String CONTENT="COMMENTARII"
                    HPOS="384"
                    VPOS="74"
                    WIDTH="465"
                    HEIGHT="57"
                    WC="0.9997400803999468"></String>
          </TextLine>
        </TextBlock>
        <TextBlock HPOS="217.82675170898438"
                   VPOS="133.4460906982422"
                   WIDTH="809.6041564941406"
                   HEIGHT="393.52210998535156"
                   ID="block_2"
                   TAGREFS="BT1853">
          <Shape><Polygon POINTS="217.827 133.446 1027.43 133.446 1027.43 526.968 217.827 526.968 217.827 133.446"/></Shape>
          <TextLine ID="line_2"
                    TAGREFS="LT8"
                    BASELINE="221 172 443 168 1019 169" 
                    HPOS="220.0"
                    VPOS="129.0"
                    WIDTH="799.0"
                    HEIGHT="60.0">
            <Shape><Polygon POINTS="966 129 962 129 944 138 942 139 787 139 758 135 701 129 695 129 685 129 675 129 668 129 637 134 609 138 602 133 596 129 588 129 582 129 565 133 563 133 561 133 551 129 550 129 540 129 530 129 520 129 520 129 483 132 475 132 468 132 446 129 443 129 433 129 424 129 422 129 413 131 382 138 358 130 354 129 346 129 336 129 327 129 317 129 307 129 298 129 293 129 280 139 265 139 252 129 251 129 250 129 249 129 240 129 230 129 220 129 221 172 221 183 362 188 363 188 364 188 365 188 370 183 374 181 422 181 426 183 435 188 436 188 437 189 505 189 505 188 506 188 518 183 520 183 582 188 583 188 584 188 585 188 593 183 594 182 596 183 612 188 612 188 613 188 650 182 662 181 673 182 710 188 711 188 777 182 793 181 798 182 824 188 825 188 826 188 838 182 840 181 854 182 919 188 920 188 921 188 922 188 931 182 933 181 1017 181 1019 169 1018 139 987 139 986 138 969 129 966 129"/></Shape>
	    <String CONTENT="ſimul ac mulieribus, hoc eſt, à toto cœtu con¬"
                    HPOS="220.0"
                    VPOS="129.0"
                    WIDTH="799.0"
                    HEIGHT="60.0"
                    WC="0.9841684914649801"></String>
          </TextLine>
          <TextLine ID="line_3"
                    TAGREFS="LT8"
                    BASELINE="221 220 615 216 1021 219" 
                    HPOS="220.0"
                    VPOS="180.0"
                    WIDTH="801.0"
                    HEIGHT="58.0">
            <Shape><Polygon POINTS="221 220 221 230 368 237 369 237 418 230 421 230 422 230 430 237 431 237 432 237 433 238 465 238 465 237 466 237 467 237 478 230 488 235 489 235 490 235 541 230 546 230 553 235 554 235 555 235 627 237 628 237 629 237 630 237 639 230 640 230 687 230 689 230 725 237 726 237 756 230 757 230 784 237 785 237 786 237 787 237 803 231 828 236 829 236 873 230 883 236 884 236 885 236 886 236 887 236 906 230 912 235 913 235 914 235 990 237 991 237 992 237 1021 229 1021 219 1020 191 894 191 891 189 875 180 874 180 776 180 775 180 774 180 762 187 759 189 737 189 734 187 714 180 713 180 712 180 711 180 690 186 681 189 673 186 659 181 658 181 657 181 656 181 644 186 637 189 627 186 611 180 610 180 609 180 567 185 555 186 553 185 548 180 547 180 546 180 508 180 507 180 506 180 495 184 479 190 452 183 444 182 443 182 442 182 437 183 411 190 362 185 361 185 360 185 359 185 351 191 275 191 253 181 250 180 249 180 248 180 220 180 221 220"/></Shape>
	    <String CONTENT="ſentienter orandũ eſt pro omnibus homini¬"
                    HPOS="220.0"
                    VPOS="180.0"
                    WIDTH="801.0"
                    HEIGHT="58.0"
                    WC="0.9877807966300419"></String>
          </TextLine>
          <TextLine ID="line_4"
                    TAGREFS="LT8"
                    BASELINE="222 270 474 267 1019 269" 
                    HPOS="221.0"
                    VPOS="229.0"
                    WIDTH="798.0"
                    HEIGHT="57.0">
            <Shape><Polygon POINTS="222 270 221 280 531 286 532 286 550 283 573 279 607 283 629 286 630 286 674 284 765 279 826 285 838 286 839 286 840 286 841 286 842 285 851 279 908 279 925 286 926 286 927 286 928 286 931 286 960 280 1017 286 1019 269 1018 240 984 233 983 233 982 233 972 239 971 239 964 239 904 234 903 234 886 238 879 239 877 238 863 229 862 229 861 229 860 229 824 235 790 229 789 229 788 229 787 229 777 236 772 240 735 240 729 236 720 231 719 231 633 229 632 229 631 229 630 229 622 234 617 237 610 234 601 231 600 231 599 231 598 231 590 234 576 239 566 233 559 229 558 229 557 229 556 229 525 233 514 234 499 232 471 229 470 229 455 232 418 239 398 231 394 229 393 229 392 229 391 229 390 229 388 231 376 240 356 240 340 230 338 229 337 229 336 229 336 229 335 229 334 229 333 230 320 240 287 240 274 231 273 231 272 231 271 231 270 231 257 237 222 229 222 270"/></Shape>
	    <String CONTENT="bus. Ac hac diuiſione ſexus includit omnes"
                    HPOS="221.0"
                    VPOS="229.0"
                    WIDTH="798.0"
                    HEIGHT="57.0"
                    WC="0.9831147392590841"></String>
          </TextLine>
          <TextLine ID="line_5"
                    TAGREFS="LT8"
                    BASELINE="223 318 1017 318" 
                    HPOS="223.0"
                    VPOS="278.0"
                    WIDTH="794.0"
                    HEIGHT="61.0">
            <Shape><Polygon POINTS="223 318 223 334 357 338 358 338 359 338 365 335 374 330 384 335 390 338 391 338 392 339 428 339 428 338 428 338 438 336 458 330 464 336 467 338 468 338 469 338 470 339 491 339 491 338 504 336 533 330 557 336 565 338 566 338 567 338 568 338 575 336 596 330 636 336 637 336 638 336 649 330 704 330 718 336 719 336 720 336 765 330 784 337 787 338 788 338 789 338 790 338 793 337 818 330 835 335 836 335 837 335 978 330 1016 338 1017 318 1017 286 995 279 994 279 993 279 992 279 980 285 971 278 970 278 969 278 968 278 967 278 941 286 940 286 938 286 914 278 913 278 912 278 911 278 886 285 883 286 881 285 868 278 867 278 866 278 832 283 785 278 784 278 758 284 748 286 686 286 682 283 673 279 673 279 672 279 671 279 670 279 665 283 660 287 639 287 630 283 618 278 617 278 616 278 593 282 573 286 456 284 452 281 448 278 447 278 446 278 445 278 444 278 435 281 419 286 223 279 223 318"/></Shape>
	    <String CONTENT="fideles omnium etiam ætatum, vt ſit ſenſus,"
                    HPOS="223.0"
                    VPOS="278.0"
                    WIDTH="794.0"
                    HEIGHT="61.0"
                    WC="0.997592759686847"></String>
          </TextLine>
          <TextLine ID="line_6"
                    TAGREFS="LT8"
                    BASELINE="227 366 1010 363" 
                    HPOS="226.0"
                    VPOS="327.0"
                    WIDTH="784.0"
                    HEIGHT="60.0">
            <Shape><Polygon POINTS="227 366 227 378 262 378 264 379 274 386 275 386 275 386 276 387 318 387 318 386 319 386 338 379 342 378 367 378 368 379 377 386 378 386 379 386 380 386 381 386 404 379 410 378 424 379 484 386 485 386 486 386 500 380 506 377 517 380 539 385 540 385 563 380 564 380 569 380 671 385 672 385 673 385 686 380 696 377 720 380 747 384 748 384 782 381 826 376 1008 381 1010 363 1009 335 980 327 980 327 979 327 935 334 887 327 886 327 885 327 884 327 871 334 834 330 833 330 832 330 814 334 805 329 804 329 803 329 755 327 754 327 694 328 693 328 674 335 673 335 671 335 603 328 602 328 601 328 600 328 589 335 588 336 506 336 506 335 492 330 491 330 490 330 490 330 489 330 479 335 466 329 465 329 434 329 433 329 432 329 413 335 402 330 401 330 400 330 399 330 398 330 393 335 391 337 269 337 267 336 255 331 254 331 253 331 226 335 227 366"/></Shape>
	    <String CONTENT="vt pro omnibus orandum ſit, ab omnibus fa¬"
                    HPOS="226.0"
                    VPOS="327.0"
                    WIDTH="784.0"
                    HEIGHT="60.0"
                    WC="0.998771132457824"></String>
          </TextLine>
          <TextLine ID="line_7"
                    TAGREFS="LT8"
                    BASELINE="225 417 1010 411" 
                    HPOS="224.0"
                    VPOS="376.0"
                    WIDTH="786.0"
                    HEIGHT="59.0">
            <Shape><Polygon POINTS="225 417 225 430 353 435 354 435 355 435 365 430 404 434 405 434 501 428 511 428 518 428 606 433 607 433 608 433 609 433 618 427 619 427 639 427 871 431 872 431 873 431 874 431 880 425 892 430 893 430 894 430 959 425 1001 430 1002 430 1003 430 1004 430 1010 424 1010 411 1009 385 971 378 970 378 875 384 840 376 765 376 765 376 764 376 763 376 748 385 746 386 745 385 727 377 726 377 725 377 687 385 683 386 681 385 662 377 661 377 660 377 659 377 649 382 638 377 637 377 636 377 635 377 618 386 615 388 591 388 588 386 578 378 577 378 576 378 575 378 537 386 529 387 520 386 490 381 489 381 459 385 447 379 446 379 424 379 423 379 422 379 421 379 410 386 408 387 407 386 399 381 398 381 398 381 397 381 361 385 336 380 315 380 314 380 313 380 302 386 296 389 224 387 225 417"/></Shape>
	    <String CONTENT="ciendum eſt : neminem excludit Deus in o¬"
                    HPOS="224.0"
                    VPOS="376.0"
                    WIDTH="786.0"
                    HEIGHT="59.0"
                    WC="0.9897943647896371"></String>
          </TextLine>
          <TextLine ID="line_8"
                    TAGREFS="LT8"
                    BASELINE="225 467 1014 462" 
                    HPOS="224.0"
                    VPOS="423.0"
                    WIDTH="790.0"
                    HEIGHT="61.0">
            <Shape><Polygon POINTS="225 467 225 478 244 484 245 484 245 484 246 484 268 479 539 483 540 483 583 482 584 482 597 477 685 482 686 482 687 482 713 476 753 481 754 481 787 476 980 480 981 480 1014 473 1014 462 1012 434 972 434 955 423 954 423 953 423 931 423 930 423 929 423 928 423 915 434 854 435 795 435 775 424 774 424 699 424 698 424 659 425 658 425 636 435 600 427 599 427 598 427 579 435 531 429 530 429 529 429 528 429 518 437 436 437 384 427 383 427 338 437 305 427 304 427 303 427 302 427 301 427 287 436 274 430 273 430 272 430 224 438 225 467"/></Shape>
	    <String CONTENT="rando. Omnium pater eſt &amp; Deus: omnibus"
                    HPOS="224.0"
                    VPOS="423.0"
                    WIDTH="790.0"
                    HEIGHT="61.0"
                    WC="0.9890197163973099"></String>
          </TextLine>
          <TextLine ID="line_9"
                    TAGREFS="LT8"
                    BASELINE="233 516 799 514" 
                    HPOS="230"
                    VPOS="473"
                    WIDTH="568"
                    HEIGHT="67">
            <Shape><Polygon POINTS="232 515 232 540 379 537 380 537 382 537 392 528 428 538 429 538 431 538 432 538 459 528 796 535 798 513 793 473 762 483 726 483 716 474 714 473 713 473 711 473 710 473 658 476 531 481 502 479 457 473 456 473 413 480 402 481 393 480 345 473 344 473 342 473 341 473 341 474 332 481 316 476 315 476 313 476 230 483 232 515"/></Shape>
	    <String CONTENT="igitur liberum conceſsit aditum."
                    HPOS="230"
                    VPOS="473"
                    WIDTH="568"
                    HEIGHT="67"></String>
          </TextLine>
        </TextBlock>
        <TextBlock HPOS="221.39303588867188"
                   VPOS="529.7457885742188"
                   WIDTH="815.4787902832031"
                   HEIGHT="959.8434448242188"
                   ID="block_4"
                   TAGREFS="BT1851">
          <Shape><Polygon POINTS="221.393 529.746 1036.87 529.746 1036.87 1489.59 221.393 1489.59 221.393 529.746"/></Shape>
          <TextLine ID="line_10"
                    TAGREFS="LT8"
                    BASELINE="274 565 1024 560" 
                    HPOS="273.0"
                    VPOS="521.0"
                    WIDTH="751.0"
                    HEIGHT="57.0">
            <Shape><Polygon POINTS="274 565 274 573 370 578 371 578 372 578 385 574 388 573 390 574 403 578 404 578 405 578 406 578 424 574 431 572 462 574 515 577 516 577 610 574 700 571 713 574 721 576 722 576 723 576 754 574 815 570 853 574 862 575 863 575 868 574 890 570 1022 574 1024 560 1021 529 963 531 960 529 950 521 949 521 949 521 948 521 947 521 931 527 924 521 923 521 922 521 874 521 873 521 807 531 797 532 796 531 783 524 782 524 781 524 738 530 694 523 693 523 692 523 673 532 673 533 672 532 663 528 662 528 661 528 660 528 651 533 649 534 567 534 566 534 555 525 554 525 553 525 506 524 505 524 504 524 478 534 460 528 459 528 459 528 415 533 397 528 396 528 395 528 394 528 393 528 381 536 352 536 344 529 343 529 342 529 341 529 310 533 300 525 299 525 298 525 297 525 296 525 273 535 274 565"/></Shape>
	    <String CONTENT="Sexta orationis circunſtantia eſt de loco"
                    HPOS="273.0"
                    VPOS="521.0"
                    WIDTH="751.0"
                    HEIGHT="57.0"
                    WC="0.9951643943786621"></String>
          </TextLine>
          <TextLine ID="line_11"
                    TAGREFS="LT8"
                    BASELINE="227 614 1028 610" 
                    HPOS="226.0"
                    VPOS="570.0"
                    WIDTH="802.0"
                    HEIGHT="63.0">
            <Shape><Polygon POINTS="227 614 228 633 244 626 361 626 378 630 379 630 380 630 381 630 382 630 389 626 411 630 420 632 421 632 422 632 423 632 425 630 431 626 458 630 466 631 467 632 493 632 493 631 494 631 495 631 497 630 507 625 574 629 626 631 627 631 655 628 681 624 690 627 699 630 700 630 701 630 719 627 732 624 740 627 754 630 755 630 756 631 826 631 826 630 885 630 886 630 900 624 904 623 911 624 941 630 942 630 943 630 957 623 959 623 960 623 975 630 976 630 977 630 1027 622 1028 610 1026 581 982 581 981 580 952 570 951 570 855 570 854 570 853 570 832 579 826 581 813 579 770 571 689 571 688 571 687 571 674 577 668 581 648 577 627 573 626 573 625 573 617 577 608 582 546 582 538 576 533 572 532 572 531 572 530 572 529 572 515 576 493 582 482 576 481 576 480 576 479 576 433 582 412 575 405 573 404 573 403 573 402 573 398 575 378 584 287 584 269 574 267 573 266 573 265 573 226 573 227 614"/></Shape>
	    <String CONTENT="idoneo adorandum. Ex diſciplina Moſis ac"
                    HPOS="226.0"
                    VPOS="570.0"
                    WIDTH="802.0"
                    HEIGHT="63.0"
                    WC="0.9856013759970665"></String>
          </TextLine>
          <TextLine ID="line_12"
                    TAGREFS="LT8"
                    BASELINE="229 664 1027 660" 
                    HPOS="228.0"
                    VPOS="623.0"
                    WIDTH="799.0"
                    HEIGHT="62.0">
            <Shape><Polygon POINTS="229 664 229 674 268 684 269 685 362 685 362 684 363 684 388 673 389 673 396 673 455 678 456 678 526 674 537 679 538 679 539 679 540 679 541 679 551 672 583 672 594 672 618 682 619 682 620 683 684 683 684 682 685 682 702 674 795 681 796 681 796 681 811 673 875 670 885 677 886 677 887 677 931 680 932 680 933 680 934 680 949 671 972 677 973 677 974 677 1027 668 1027 660 1024 628 947 630 942 628 936 623 935 623 934 623 878 623 877 623 876 623 875 623 868 628 867 629 858 628 827 624 826 624 826 624 816 628 808 632 661 632 647 629 636 625 635 625 617 625 616 625 615 625 614 625 610 629 604 632 589 629 584 628 583 628 582 628 573 629 543 633 526 629 515 626 514 626 513 626 473 630 425 634 356 634 348 630 342 627 341 627 340 627 324 630 301 634 276 630 257 627 256 627 228 630 229 664"/></Shape>
	    <String CONTENT="Prophetarum vnus certus erat cultui diuino"
                    HPOS="228.0"
                    VPOS="623.0"
                    WIDTH="799.0"
                    HEIGHT="62.0"
                    WC="0.9907121119045076"></String>
          </TextLine>
          <TextLine ID="line_13"
                    TAGREFS="LT8"
                    BASELINE="229 713 1025 710" 
                    HPOS="228.0"
                    VPOS="675.0"
                    WIDTH="797.0"
                    HEIGHT="58.0">
            <Shape><Polygon POINTS="229 713 229 722 249 722 265 732 266 732 267 732 268 733 298 733 298 732 299 732 300 732 313 722 327 727 328 727 329 727 383 722 390 722 391 722 398 728 399 728 400 728 401 728 402 728 418 722 420 722 490 722 496 723 541 731 542 732 580 732 580 731 581 731 595 724 612 731 612 731 613 732 674 732 674 731 675 731 676 731 685 724 690 721 737 721 742 724 751 731 752 731 753 731 754 731 794 724 803 723 812 724 834 729 835 729 836 729 850 725 864 720 873 725 874 725 875 725 876 725 885 725 949 720 959 725 969 730 970 730 971 730 1025 725 1025 710 1024 684 995 675 994 675 993 675 938 683 857 675 857 675 856 675 855 675 842 683 820 676 819 676 818 676 817 676 803 683 761 678 760 678 759 678 758 678 752 684 734 676 733 676 706 676 705 676 704 676 688 684 669 677 668 677 667 677 518 684 424 677 423 677 422 677 401 686 342 686 332 678 331 678 330 678 329 678 296 685 240 677 239 677 238 677 237 677 228 683 229 713"/></Shape>
	    <String CONTENT="deputatus locus, quem poſtea confirmauit,"
                    HPOS="228.0"
                    VPOS="675.0"
                    WIDTH="797.0"
                    HEIGHT="58.0"
                    WC="0.9994432141141194"></String>
          </TextLine>
          <TextLine ID="line_14"
                    TAGREFS="LT8"
                    BASELINE="228 762 1022 760" 
                    HPOS="227.0"
                    VPOS="722.0"
                    WIDTH="795.0"
                    HEIGHT="57.0">
            <Shape><Polygon POINTS="228 762 228 770 253 778 254 778 255 778 256 778 257 778 266 771 267 771 325 779 326 779 327 779 328 779 337 771 339 770 456 770 459 773 462 775 463 775 464 775 465 775 489 773 503 772 514 773 551 779 551 779 552 779 553 779 561 774 566 771 615 774 630 775 631 775 632 775 633 775 643 769 715 775 748 778 749 778 750 778 755 776 766 769 779 776 783 778 784 778 785 779 909 779 909 778 910 778 912 777 929 769 1020 778 1022 760 1020 733 943 722 942 722 941 722 940 722 926 733 821 733 793 722 792 722 791 722 790 722 756 732 739 722 738 722 737 722 719 722 718 722 717 722 716 722 700 733 587 733 580 727 579 727 578 727 577 727 551 730 541 723 540 723 539 723 498 723 497 723 496 723 478 732 459 725 459 725 458 725 457 725 442 730 433 723 432 723 431 723 392 723 391 723 390 723 367 732 356 723 355 723 354 723 335 723 334 723 333 723 332 723 321 730 306 726 305 726 304 726 303 726 289 733 272 727 271 727 270 727 227 734 228 762"/></Shape>
	    <String CONTENT="templi Hieroſolymis conſtructi maieſtas,"
                    HPOS="227.0"
                    VPOS="722.0"
                    WIDTH="795.0"
                    HEIGHT="57.0"
                    WC="0.9864621087908745"></String>
          </TextLine>
          <TextLine ID="line_15"
                    TAGREFS="LT8"
                    BASELINE="227 812 713 809 1022 811" 
                    HPOS="226.0"
                    VPOS="771.0"
                    WIDTH="796.0"
                    HEIGHT="55.0">
            <Shape><Polygon POINTS="227 812 227 821 265 826 266 826 267 826 282 822 294 819 367 819 379 822 393 826 394 826 395 826 396 826 408 822 413 821 423 822 450 826 451 826 452 826 459 822 466 819 476 822 487 826 488 826 489 826 490 826 502 823 515 819 526 823 537 826 538 826 539 826 564 823 598 818 627 823 641 825 642 825 667 823 729 818 818 824 843 825 844 825 852 824 884 817 896 824 897 824 898 825 1021 825 1022 811 1021 781 926 781 896 771 895 771 894 771 893 771 862 781 861 781 849 781 824 781 814 775 813 775 812 775 811 775 810 775 795 780 774 772 773 772 772 772 771 772 746 781 724 775 723 775 722 775 721 775 720 775 712 780 675 777 674 777 648 781 626 772 625 772 551 772 551 772 511 773 510 773 509 773 498 780 476 773 475 773 402 773 401 773 400 773 386 780 375 775 374 775 373 775 372 775 355 782 307 782 271 773 270 773 269 773 268 773 226 783 227 812"/></Shape>
	    <String CONTENT="adeò vt ſolùm illic Deum adorare liceret,"
                    HPOS="226.0"
                    VPOS="771.0"
                    WIDTH="796.0"
                    HEIGHT="55.0"
                    WC="0.9937795123388601"></String>
          </TextLine>
          <TextLine ID="line_16"
                    TAGREFS="LT8"
                    BASELINE="231 861 1019 856" 
                    HPOS="230.0"
                    VPOS="822.0"
                    WIDTH="789.0"
                    HEIGHT="61.0">
            <Shape><Polygon POINTS="231 861 232 876 241 873 246 876 257 882 258 882 259 883 284 883 284 882 285 882 306 876 313 873 321 875 338 882 339 882 340 882 341 882 360 875 365 873 367 875 377 882 378 882 379 882 380 882 435 875 460 881 461 881 462 881 463 881 464 881 474 874 477 872 481 874 495 880 496 880 497 880 533 873 541 872 547 873 570 880 571 880 572 880 604 873 612 871 614 872 625 880 626 880 627 880 628 881 693 881 693 880 694 880 695 880 706 872 731 871 769 871 771 871 788 879 789 879 790 879 791 879 807 871 844 879 845 879 846 879 847 879 860 871 863 870 913 870 915 870 921 875 922 875 923 875 924 875 925 875 943 870 945 870 948 870 976 874 977 874 1018 869 1019 856 1017 831 947 831 918 822 917 822 916 822 915 822 897 831 863 831 852 823 851 823 850 823 849 823 750 828 704 823 703 823 631 833 551 833 531 826 530 826 529 826 500 833 488 827 487 827 486 827 458 831 443 826 442 826 441 826 440 826 439 826 429 832 417 827 416 827 415 827 389 828 388 828 387 828 380 834 321 829 320 829 319 829 318 829 311 834 242 830 241 830 240 830 230 834 231 861"/></Shape>
	    <String CONTENT="quò qui peruenire non poſſent, ſaltem ver¬"
                    HPOS="230.0"
                    VPOS="822.0"
                    WIDTH="789.0"
                    HEIGHT="61.0"
                    WC="0.9802865566209306"></String>
          </TextLine>
          <TextLine ID="line_17"
                    TAGREFS="LT8"
                    BASELINE="229 912 1019 906" 
                    HPOS="228.0"
                    VPOS="870.0"
                    WIDTH="791.0"
                    HEIGHT="59.0">
            <Shape><Polygon POINTS="229 912 229 923 297 923 298 923 307 929 308 929 309 929 310 929 356 923 366 922 386 923 485 929 486 929 487 929 499 923 505 921 513 923 523 926 524 926 525 926 526 926 532 923 538 921 554 923 568 925 569 925 598 923 654 920 662 924 667 926 668 926 753 927 754 927 755 927 765 924 779 919 1018 924 1019 906 1017 870 988 870 987 870 986 870 985 870 971 881 878 881 871 876 870 876 869 876 868 876 867 876 847 881 830 873 829 873 828 873 827 873 802 881 751 872 743 871 742 871 728 872 637 882 607 877 606 877 481 884 463 876 459 873 458 873 409 873 408 873 407 873 398 876 379 884 360 877 352 874 351 874 350 874 228 878 229 912"/></Shape>
	    <String CONTENT="ſus Hieroſolymam conuerſi orarent, quod"
                    HPOS="228.0"
                    VPOS="870.0"
                    WIDTH="791.0"
                    HEIGHT="59.0"
                    WC="0.9992921260687021"></String>
          </TextLine>
          <TextLine ID="line_18"
                    TAGREFS="LT8"
                    BASELINE="232 961 1020 957" 
                    HPOS="231.0"
                    VPOS="921.0"
                    WIDTH="789.0"
                    HEIGHT="57.0">
            <Shape><Polygon POINTS="232 961 232 978 284 977 285 977 286 977 294 970 309 977 310 977 311 978 389 978 389 977 390 977 395 976 417 970 431 975 433 976 434 976 435 976 436 976 438 975 452 968 519 974 532 975 533 975 549 974 602 968 615 973 622 975 623 975 624 975 654 972 675 970 680 972 689 975 690 975 691 975 692 975 701 971 710 967 765 967 776 970 789 974 790 974 791 974 792 974 793 974 798 970 800 969 810 970 843 973 844 973 845 973 857 969 866 966 877 969 899 974 900 974 1019 966 1020 957 1017 928 918 930 910 929 882 921 881 921 880 921 879 921 878 921 867 929 865 931 829 931 826 929 812 921 811 921 765 921 765 921 764 921 763 921 751 930 749 931 731 930 661 926 660 926 629 931 628 931 627 931 607 922 606 922 605 922 563 928 534 922 533 922 532 922 518 928 475 922 474 922 473 922 472 922 459 931 409 923 408 923 407 923 406 923 392 932 377 923 376 923 375 923 357 923 356 923 355 923 354 923 340 933 310 933 297 923 296 923 295 923 257 923 256 923 255 923 231 932 232 961"/></Shape>
	    <String CONTENT="adhuc Iudæi hodie ſeruant. Hinc Ioannis"
                    HPOS="231.0"
                    VPOS="921.0"
                    WIDTH="789.0"
                    HEIGHT="57.0"
                    WC="0.988481954122201"></String>
          </TextLine>
          <TextLine ID="line_19"
                    TAGREFS="LT8"
                    BASELINE="232 1009 1025 1006" 
                    HPOS="232.0"
                    VPOS="972.0"
                    WIDTH="793.0"
                    HEIGHT="54.0">
            <Shape><Polygon POINTS="232 1019 256 1025 257 1025 258 1026 317 1026 317 1025 318 1025 342 1019 343 1019 344 1019 373 1025 374 1026 473 1026 473 1025 508 1018 511 1018 514 1018 541 1024 542 1024 580 1018 581 1018 583 1018 606 1024 607 1024 608 1024 609 1024 622 1018 630 1018 765 1023 765 1023 766 1023 767 1023 777 1018 866 1021 867 1021 868 1021 885 1017 886 1017 904 1022 905 1022 980 1023 980 1023 1024 1016 1025 1006 1023 983 998 977 997 977 884 982 880 982 879 982 826 972 761 972 760 972 759 972 735 979 690 973 689 973 688 973 687 973 675 982 673 983 669 982 636 973 635 973 634 973 581 982 575 982 568 982 530 977 529 977 502 981 484 985 451 985 445 981 431 974 430 974 429 974 428 974 412 981 405 985 351 985 342 981 335 978 334 978 333 978 295 981 277 982 275 981 266 974 265 974 264 974 263 974 262 974 248 981 242 984 232 981 232 1009 232 1019"/></Shape>
	    <String CONTENT="capite 4. Quærit mulier illa de loco oratio¬"
                    HPOS="232.0"
                    VPOS="972.0"
                    WIDTH="793.0"
                    HEIGHT="54.0"
                    WC="0.9976015280593525"></String>
          </TextLine>
          <TextLine ID="line_20"
                    TAGREFS="LT8"
                    BASELINE="232 1059 1028 1056" 
                    HPOS="231.0"
                    VPOS="1021.0"
                    WIDTH="797.0"
                    HEIGHT="57.0">
            <Shape><Polygon POINTS="232 1059 232 1069 291 1068 294 1069 303 1074 304 1074 305 1074 306 1074 316 1069 320 1068 324 1069 335 1075 336 1075 336 1075 337 1075 338 1075 346 1069 348 1068 350 1069 355 1073 356 1073 357 1073 358 1073 384 1069 397 1068 404 1069 427 1075 428 1075 428 1075 429 1075 436 1069 439 1068 454 1069 479 1072 480 1072 494 1069 509 1067 513 1069 523 1077 524 1077 525 1077 526 1077 527 1077 544 1069 550 1067 566 1069 612 1077 613 1078 654 1078 654 1077 655 1077 669 1070 688 1077 689 1077 690 1078 733 1078 733 1077 734 1077 759 1069 765 1068 771 1069 799 1076 800 1076 841 1069 846 1069 847 1069 856 1076 857 1076 857 1076 858 1076 908 1069 914 1069 915 1069 926 1076 927 1076 928 1076 1027 1069 1028 1056 1026 1030 941 1030 941 1029 929 1021 928 1021 927 1021 877 1021 876 1021 875 1021 874 1021 859 1029 858 1030 840 1030 839 1029 823 1021 822 1021 769 1021 768 1021 767 1021 750 1029 747 1030 735 1029 685 1023 684 1023 657 1029 648 1031 563 1031 552 1028 513 1021 512 1021 465 1022 464 1022 463 1022 457 1028 452 1031 417 1031 412 1028 403 1022 402 1022 401 1022 400 1022 399 1022 380 1028 372 1030 367 1028 353 1022 352 1022 351 1022 324 1028 307 1031 231 1028 232 1059"/></Shape>
	    <String CONTENT="nis, Iudæi dicunt oportere Hieroſolymis"
                    HPOS="231.0"
                    VPOS="1021.0"
                    WIDTH="797.0"
                    HEIGHT="57.0"
                    WC="0.9997168504274808"></String>
          </TextLine>
          <TextLine ID="line_21"
                    TAGREFS="LT8"
                    BASELINE="233 1105 1029 1109" 
                    HPOS="232.0"
                    VPOS="1074.0"
                    WIDTH="797.0"
                    HEIGHT="50.0">
            <Shape><Polygon POINTS="233 1105 232 1112 248 1118 249 1118 250 1118 286 1114 296 1121 297 1121 298 1121 299 1121 334 1114 382 1121 383 1121 504 1115 521 1122 522 1122 523 1122 601 1115 668 1123 669 1124 723 1124 723 1123 724 1123 725 1123 733 1118 743 1122 744 1122 745 1122 746 1122 747 1122 754 1117 768 1123 769 1123 770 1123 1028 1116 1029 1109 1028 1083 977 1077 976 1077 975 1077 955 1081 931 1077 930 1077 929 1077 914 1081 893 1077 892 1077 891 1077 833 1081 823 1076 822 1076 821 1076 778 1081 777 1082 747 1082 746 1081 738 1076 737 1076 736 1076 735 1076 710 1081 708 1081 699 1081 605 1077 604 1077 533 1081 527 1081 525 1081 500 1075 499 1075 314 1080 299 1080 298 1080 290 1074 289 1074 288 1074 259 1074 258 1074 233 1079 233 1105"/></Shape>
	    <String CONTENT="adorare, patres autem in monte Samariæ"
                    HPOS="232.0"
                    VPOS="1074.0"
                    WIDTH="797.0"
                    HEIGHT="50.0"
                    WC="0.9881013710247842"></String>
          </TextLine>
          <TextLine ID="line_22"
                    TAGREFS="LT8"
                    BASELINE="232 1157 1029 1157" 
                    HPOS="232.0"
                    VPOS="1118.0"
                    WIDTH="797.0"
                    HEIGHT="57.0">
            <Shape><Polygon POINTS="232 1157 232 1168 608 1166 619 1168 665 1174 666 1175 762 1175 762 1174 763 1174 775 1170 786 1174 787 1174 788 1175 865 1175 865 1174 866 1174 883 1168 918 1174 918 1174 919 1174 937 1168 966 1171 967 1171 1029 1166 1029 1157 1029 1127 1013 1119 1012 1119 1011 1119 1010 1119 986 1128 980 1131 957 1131 954 1128 943 1119 942 1119 941 1119 909 1118 908 1118 907 1118 906 1118 891 1128 888 1131 833 1131 829 1129 807 1118 806 1118 805 1118 804 1118 803 1118 790 1129 788 1131 729 1131 726 1129 705 1120 704 1120 704 1120 703 1120 702 1120 690 1129 688 1131 557 1131 555 1129 528 1118 527 1118 440 1118 439 1118 438 1118 409 1130 408 1130 378 1118 377 1118 347 1118 346 1118 345 1118 344 1118 332 1128 314 1128 270 1118 269 1118 268 1118 267 1118 252 1130 232 1130 232 1157"/></Shape>
	    <String CONTENT="adoraſſe: id diſcrimen valuit vſque ad natũ"
                    HPOS="232.0"
                    VPOS="1118.0"
                    WIDTH="797.0"
                    HEIGHT="57.0"
                    WC="0.9981388707052578"></String>
          </TextLine>
          <TextLine ID="line_23"
                    TAGREFS="LT8"
                    BASELINE="234 1204 1028 1204" 
                    HPOS="234.0"
                    VPOS="1167.0"
                    WIDTH="794.0"
                    HEIGHT="55.0">
            <Shape><Polygon POINTS="234 1204 234 1215 288 1215 305 1222 306 1222 306 1222 336 1215 367 1220 367 1220 368 1220 369 1220 376 1215 446 1220 447 1220 487 1215 501 1221 502 1221 503 1221 621 1215 656 1222 657 1222 740 1217 996 1222 997 1222 1028 1214 1028 1204 1028 1175 1013 1167 1012 1167 1011 1167 1010 1167 972 1168 971 1168 970 1168 956 1176 939 1171 938 1171 937 1171 936 1171 923 1176 911 1167 910 1167 909 1167 908 1167 907 1167 882 1176 880 1176 798 1176 797 1175 786 1167 785 1167 784 1167 783 1167 758 1168 757 1168 756 1168 745 1174 742 1176 721 1174 695 1171 694 1171 693 1171 683 1173 673 1176 666 1173 651 1168 650 1168 649 1168 648 1168 637 1173 630 1177 601 1177 591 1172 575 1167 574 1167 573 1167 572 1167 554 1172 543 1176 535 1172 526 1167 525 1167 524 1167 491 1167 490 1167 490 1167 489 1167 481 1171 471 1177 367 1177 358 1171 353 1167 352 1167 351 1167 350 1167 234 1169 234 1204"/></Shape>
	    <String CONTENT="Chriſtum.2. Nodum hunc ſoluit ipſe Meſ¬"
                    HPOS="234.0"
                    VPOS="1167.0"
                    WIDTH="794.0"
                    HEIGHT="55.0"
                    WC="0.999640397536449"></String>
          </TextLine>
          <TextLine ID="line_24"
                    TAGREFS="LT8"
                    BASELINE="231 1254 1028 1257" 
                    HPOS="231.0"
                    VPOS="1219.0"
                    WIDTH="797.0"
                    HEIGHT="59.0">
            <Shape><Polygon POINTS="231 1254 231 1272 261 1265 371 1265 382 1272 386 1275 387 1275 388 1275 389 1276 407 1276 407 1275 408 1275 409 1275 414 1271 421 1266 444 1270 445 1270 470 1265 478 1271 483 1275 484 1275 485 1275 504 1276 505 1276 506 1276 518 1271 525 1267 530 1271 536 1276 537 1276 538 1276 539 1277 603 1277 603 1276 637 1270 662 1266 681 1270 708 1276 709 1276 710 1276 731 1270 743 1266 750 1270 760 1275 761 1275 762 1275 763 1275 778 1269 780 1269 789 1276 790 1276 791 1276 819 1277 820 1277 821 1277 844 1269 850 1267 856 1269 862 1272 863 1272 864 1272 886 1269 887 1269 897 1277 898 1277 899 1277 900 1278 947 1278 947 1277 948 1277 963 1268 967 1267 988 1267 992 1268 1009 1276 1010 1276 1010 1276 1011 1276 1027 1268 1028 1257 1027 1227 1001 1221 1000 1221 976 1227 964 1230 844 1230 839 1227 831 1221 830 1221 829 1221 802 1221 801 1221 800 1221 799 1221 791 1227 786 1229 710 1229 707 1227 699 1220 698 1220 697 1220 676 1220 675 1220 627 1227 615 1229 531 1229 528 1227 523 1223 522 1223 521 1223 520 1223 520 1223 510 1227 506 1228 498 1227 475 1223 474 1223 402 1227 395 1227 390 1227 318 1219 317 1219 316 1219 300 1227 299 1227 297 1227 244 1219 243 1219 242 1219 241 1219 231 1225 231 1254"/></Shape>
	    <String CONTENT="ſias, Ioannis quarto verſu viceſimo primo:"
                    HPOS="231.0"
                    VPOS="1219.0"
                    WIDTH="797.0"
                    HEIGHT="59.0"
                    WC="0.9878454875378382"></String>
          </TextLine>
          <TextLine ID="line_25"
                    TAGREFS="LT8"
                    BASELINE="231 1301 1026 1305" 
                    HPOS="230.0"
                    VPOS="1264.0"
                    WIDTH="796.0"
                    HEIGHT="57.0">
            <Shape><Polygon POINTS="231 1301 230 1311 251 1319 252 1319 253 1320 443 1320 443 1319 470 1314 477 1320 478 1320 479 1320 480 1321 582 1321 582 1320 628 1314 639 1321 640 1321 641 1321 642 1321 685 1315 725 1321 726 1321 727 1321 736 1316 851 1321 852 1321 879 1316 897 1321 898 1321 899 1321 1025 1315 1026 1305 1025 1279 990 1277 979 1267 978 1267 977 1267 951 1267 950 1267 949 1267 949 1267 935 1277 933 1279 827 1279 780 1277 776 1275 759 1266 758 1266 722 1266 721 1266 720 1266 704 1274 700 1276 695 1274 683 1266 682 1266 681 1266 680 1266 679 1266 678 1266 669 1273 663 1277 643 1277 639 1273 630 1265 629 1265 628 1265 627 1265 626 1265 601 1272 585 1276 562 1272 552 1270 551 1270 551 1270 547 1271 535 1276 492 1275 487 1270 480 1265 479 1265 478 1265 413 1264 412 1264 411 1264 410 1264 404 1269 402 1271 335 1274 319 1268 309 1264 308 1264 307 1264 231 1266 231 1301"/></Shape>
	    <String CONTENT="deinceps ſublatum eſt, &amp; hîc etiam teſta¬"
                    HPOS="230.0"
                    VPOS="1264.0"
                    WIDTH="796.0"
                    HEIGHT="57.0"
                    WC="0.9858098909968421"></String>
          </TextLine>
          <TextLine ID="line_26"
                    TAGREFS="LT8"
                    BASELINE="231 1351 1025 1354" 
                    HPOS="230.0"
                    VPOS="1316.0"
                    WIDTH="795.0"
                    HEIGHT="57.0">
            <Shape><Polygon POINTS="231 1351 230 1361 259 1370 260 1370 261 1371 351 1371 351 1370 352 1370 353 1370 364 1363 407 1370 408 1370 409 1370 426 1363 427 1363 429 1363 471 1370 472 1370 510 1364 512 1364 573 1364 576 1364 596 1371 597 1371 598 1371 696 1366 728 1371 729 1371 757 1366 759 1366 760 1366 770 1372 771 1372 772 1373 828 1373 828 1372 829 1372 830 1372 837 1367 840 1365 874 1367 918 1370 919 1370 931 1368 944 1365 948 1368 952 1372 953 1372 954 1372 955 1372 956 1372 966 1368 974 1365 1023 1368 1025 1354 1024 1326 998 1321 997 1321 962 1325 948 1327 944 1325 927 1318 926 1318 872 1318 871 1318 870 1318 869 1318 857 1325 854 1328 827 1325 800 1322 799 1322 798 1322 788 1325 776 1328 755 1325 735 1322 734 1322 718 1325 705 1327 693 1325 647 1317 646 1317 645 1317 626 1325 620 1327 599 1324 577 1322 576 1322 538 1324 495 1327 455 1327 452 1324 440 1316 439 1316 438 1316 376 1316 375 1316 374 1316 373 1316 362 1324 359 1326 354 1324 332 1316 331 1316 278 1316 277 1316 276 1316 261 1324 256 1326 231 1324 231 1351"/></Shape>
	    <String CONTENT="tur Apoſtolus in omni loco pium eſt Deum"
                    HPOS="230.0"
                    VPOS="1316.0"
                    WIDTH="795.0"
                    HEIGHT="57.0"
                    WC="0.9997024655342102"></String>
          </TextLine>
          <TextLine ID="line_27"
                    TAGREFS="LT8"
                    BASELINE="231 1404 1024 1402" 
                    HPOS="230.0"
                    VPOS="1367.0"
                    WIDTH="794.0"
                    HEIGHT="62.0">
            <Shape><Polygon POINTS="231 1404 231 1416 289 1423 290 1423 291 1423 292 1423 301 1417 324 1422 325 1422 326 1422 338 1417 377 1422 378 1422 468 1417 480 1423 481 1423 482 1423 515 1417 528 1428 529 1428 530 1428 531 1429 626 1429 626 1428 659 1427 660 1427 661 1427 672 1419 695 1427 696 1427 697 1427 769 1422 778 1426 779 1426 780 1426 781 1426 782 1426 789 1421 830 1427 831 1427 832 1427 833 1427 848 1417 866 1426 867 1426 868 1426 869 1426 893 1416 910 1425 911 1425 912 1425 913 1425 914 1425 925 1416 949 1423 949 1423 950 1423 951 1423 964 1417 979 1424 980 1424 980 1424 1024 1414 1024 1402 1021 1371 964 1375 951 1371 939 1367 938 1367 937 1367 936 1367 925 1371 916 1376 834 1376 829 1372 825 1369 824 1369 823 1369 822 1369 803 1372 790 1375 787 1373 780 1367 779 1367 778 1367 777 1367 748 1373 746 1373 745 1373 733 1367 732 1367 731 1367 730 1367 729 1367 721 1373 717 1376 620 1376 604 1374 553 1368 552 1368 551 1368 532 1375 528 1377 478 1377 476 1375 466 1368 465 1368 464 1368 391 1368 390 1368 389 1368 366 1376 329 1368 328 1368 283 1373 266 1368 265 1368 264 1368 263 1368 230 1377 231 1404"/></Shape>
	    <String CONTENT="inuocare: locus enim nec addit, nec adimit"
                    HPOS="230.0"
                    VPOS="1367.0"
                    WIDTH="794.0"
                    HEIGHT="62.0"
                    WC="0.9839279694216592"></String>
          </TextLine>
          <TextLine ID="line_28"
                    TAGREFS="LT8"
                    BASELINE="234 1454 376 1452" 
                    HPOS="233.0"
                    VPOS="1421.0"
                    WIDTH="143.0"
                    HEIGHT="55.0">
            <Shape><Polygon POINTS="301 1421 291 1421 286 1421 233 1427 234 1454 234 1476 265 1472 267 1473 273 1476 274 1476 275 1476 275 1476 276 1476 281 1471 291 1464 323 1467 334 1467 335 1467 375 1459 376 1452 374 1430 304 1421 301 1421"/></Shape>
	    <String CONTENT="pietati."
                    HPOS="233.0"
                    VPOS="1421.0"
                    WIDTH="143.0"
                    HEIGHT="55.0"
                    WC="0.9989348500967026"></String>
          </TextLine>
        </TextBlock>
        <TextBlock HPOS="228.71820068359375"
                   VPOS="1468.471435546875"
                   WIDTH="809.7731323242188"
                   HEIGHT="106.2103271484375"
                   ID="block_5"
                   TAGREFS="BT1851">
          <Shape><Polygon POINTS="228.718 1468.47 1038.49 1468.47 1038.49 1574.68 228.718 1574.68 228.718 1468.47"/></Shape>
          <TextLine ID="line_29"
                    TAGREFS="LT8"
                    BASELINE="278 1503 1034 1501" 
                    HPOS="277.0"
                    VPOS="1451.0"
                    WIDTH="757.0"
                    HEIGHT="73.0">
            <Shape><Polygon POINTS="278 1503 278 1515 299 1515 309 1523 310 1523 311 1523 312 1524 371 1524 371 1523 372 1523 373 1523 381 1517 406 1522 407 1522 408 1522 423 1514 424 1514 425 1514 441 1520 442 1520 443 1520 444 1520 464 1514 466 1514 467 1514 506 1523 507 1523 508 1523 529 1514 546 1519 547 1519 548 1519 653 1514 676 1522 677 1522 678 1522 679 1522 699 1515 711 1522 712 1522 713 1523 754 1523 754 1522 755 1522 775 1513 776 1513 777 1513 810 1522 811 1522 812 1523 834 1523 834 1522 835 1522 836 1522 844 1515 864 1522 865 1522 866 1523 917 1523 917 1522 918 1522 935 1513 946 1520 947 1520 948 1520 949 1520 1033 1512 1034 1501 1032 1471 984 1465 983 1465 982 1465 963 1470 944 1461 943 1461 942 1461 941 1461 940 1461 925 1470 924 1471 868 1471 867 1470 834 1451 833 1451 764 1451 763 1451 762 1451 761 1451 736 1470 682 1451 681 1451 680 1451 564 1452 563 1452 562 1452 543 1468 532 1459 531 1459 530 1459 529 1459 528 1459 514 1464 493 1458 492 1458 491 1458 463 1461 462 1461 461 1461 451 1470 450 1471 447 1470 423 1461 422 1461 421 1461 420 1461 405 1466 377 1462 376 1462 375 1462 351 1470 346 1471 336 1470 302 1464 301 1464 277 1469 278 1503"/></Shape>
	    <String CONTENT="Septima, Quomodo orandum ſit, qui mo¬"
                    HPOS="277.0"
                    VPOS="1451.0"
                    WIDTH="757.0"
                    HEIGHT="73.0"
                    WC="0.9947632760614962"></String>
          </TextLine>
          <TextLine ID="line_30"
                    TAGREFS="LT8"
                    BASELINE="232 1550 1037 1552" 
                    HPOS="231.0"
                    VPOS="1512.0"
                    WIDTH="806.0"
                    HEIGHT="79.0">
            <Shape><Polygon POINTS="232 1550 231 1588 323 1589 324 1589 349 1586 382 1581 383 1581 403 1571 461 1571 486 1583 491 1586 492 1586 553 1588 554 1588 590 1582 613 1588 614 1588 615 1588 616 1588 636 1580 644 1576 650 1580 654 1583 655 1583 656 1583 657 1583 699 1583 708 1590 709 1590 710 1590 711 1591 775 1591 775 1590 806 1583 826 1587 827 1587 828 1587 829 1587 836 1582 871 1590 872 1590 906 1586 907 1586 908 1586 926 1574 930 1572 1036 1572 1037 1552 1036 1527 924 1527 917 1524 882 1514 881 1514 880 1514 879 1514 856 1523 847 1527 772 1527 759 1521 739 1514 738 1514 737 1514 736 1514 735 1514 725 1521 723 1522 716 1521 690 1514 689 1514 688 1514 673 1520 661 1524 648 1519 644 1518 643 1518 643 1518 642 1518 641 1518 640 1519 632 1524 620 1519 613 1516 612 1516 612 1516 611 1516 604 1518 591 1523 572 1519 571 1519 538 1525 532 1520 531 1520 530 1520 529 1520 528 1520 517 1525 505 1517 501 1513 500 1513 499 1513 477 1513 476 1513 475 1513 469 1516 452 1526 413 1526 396 1516 395 1516 394 1516 326 1525 295 1513 294 1513 232 1512 232 1550"/></Shape>
	    <String CONTENT="dus propriè ad pietatem pertinet. Huc re¬"
                    HPOS="231.0"
                    VPOS="1512.0"
                    WIDTH="806.0"
                    HEIGHT="79.0"></String>
          </TextLine>
        </TextBlock>
        <TextBlock HPOS="949.9542846679688"
                   VPOS="1566.3951416015625"
                   WIDTH="91.62579345703125"
                   HEIGHT="50.7449951171875"
                   ID="block_1"
                   TAGREFS="BT17">
          <Shape><Polygon POINTS="949.954 1566.4 1041.58 1566.4 1041.58 1617.14 949.954 1617.14 949.954 1566.4"/></Shape>
          <TextLine ID="line_31"
                    TAGREFS="LT8"
                    BASELINE="947 1604 1042 1602" 
                    HPOS="945.0"
                    VPOS="1560.0"
                    WIDTH="97.0"
                    HEIGHT="70.0">
            <Shape><Polygon POINTS="947 1604 947 1630 968 1630 968 1629 969 1629 970 1629 973 1626 980 1621 1002 1622 1017 1624 1018 1624 1019 1624 1042 1618 1042 1602 1041 1570 1017 1565 1016 1565 1015 1565 1010 1566 1000 1570 990 1564 982 1560 981 1560 980 1560 980 1560 945 1560 947 1604"/></Shape>
	    <String CONTENT="fero"
                    HPOS="945.0"
                    VPOS="1560.0"
                    WIDTH="97.0"
                    HEIGHT="70.0"
                    WC="0.9998069852590561"></String>
          </TextLine>
        </TextBlock>
      </PrintSpace>
    </Page>
  </Layout>
</alto>
