<?xml version="1.0" encoding="UTF-8"?>
<alto xmlns:xsi="http://www.w3.org/2001/XMLSchema-instance"
      xmlns="http://www.loc.gov/standards/alto/ns-v4#"
      xsi:schemaLocation="http://www.loc.gov/standards/alto/ns-v4# http://www.loc.gov/standards/alto/v4/alto-4-2.xsd">
  <Description>
    <MeasurementUnit>pixel</MeasurementUnit>
    <sourceImageInformation>
      <fileName>bsb10313792_00076.jpg</fileName>
    </sourceImageInformation>
  </Description>
  <Tags>
    <OtherTag ID="BT7" LABEL="CustomZone" DESCRIPTION="block type CustomZone"/><OtherTag ID="BT8" LABEL="DamageZone" DESCRIPTION="block type DamageZone"/><OtherTag ID="BT9" LABEL="DigitizationArtefactZone" DESCRIPTION="block type DigitizationArtefactZone"/><OtherTag ID="BT10" LABEL="DropCapitalZone" DESCRIPTION="block type DropCapitalZone"/><OtherTag ID="BT11" LABEL="GraphicZone" DESCRIPTION="block type GraphicZone"/><OtherTag ID="BT12" LABEL="MainZone" DESCRIPTION="block type MainZone"/><OtherTag ID="BT13" LABEL="MarginTextZone" DESCRIPTION="block type MarginTextZone"/><OtherTag ID="BT14" LABEL="MusicZone" DESCRIPTION="block type MusicZone"/><OtherTag ID="BT15" LABEL="NumberingZone" DESCRIPTION="block type NumberingZone"/><OtherTag ID="BT17" LABEL="QuireMarksZone" DESCRIPTION="block type QuireMarksZone"/><OtherTag ID="BT18" LABEL="RunningTitleZone" DESCRIPTION="block type RunningTitleZone"/><OtherTag ID="BT19" LABEL="SealZone" DESCRIPTION="block type SealZone"/><OtherTag ID="BT20" LABEL="StampZone" DESCRIPTION="block type StampZone"/><OtherTag ID="BT21" LABEL="TableZone" DESCRIPTION="block type TableZone"/><OtherTag ID="BT22" LABEL="TitlePageZone" DESCRIPTION="block type TitlePageZone"/><OtherTag ID="BT1851" LABEL="MainZone-P" DESCRIPTION="block type MainZone-P"/><OtherTag ID="BT1852" LABEL="MainZone-Head" DESCRIPTION="block type MainZone-Head"/><OtherTag ID="BT1853" LABEL="MainZone-P-Continued" DESCRIPTION="block type MainZone-P-Continued"/><OtherTag ID="BT1854" LABEL="MarginTextZone-ManuscriptAddendum" DESCRIPTION="block type MarginTextZone-ManuscriptAddendum"/><OtherTag ID="BT1855" LABEL="text" DESCRIPTION="block type text"/><OtherTag ID="BT1856" LABEL="MainZone-Entry" DESCRIPTION="block type MainZone-Entry"/><OtherTag ID="BT1857" LABEL="MainZone-Entry-Continued" DESCRIPTION="block type MainZone-Entry-Continued"/><OtherTag ID="BT1877" LABEL="GraphicZone-Decoration" DESCRIPTION="block type GraphicZone-Decoration"/><OtherTag ID="BT1894" LABEL="MainZone-Other" DESCRIPTION="block type MainZone-Other"/>
    <OtherTag ID="LT7" LABEL="CustomLine" DESCRIPTION="line type CustomLine"/><OtherTag ID="LT8" LABEL="DefaultLine" DESCRIPTION="line type DefaultLine"/><OtherTag ID="LT9" LABEL="DropCapitalLine" DESCRIPTION="line type DropCapitalLine"/><OtherTag ID="LT10" LABEL="HeadingLine" DESCRIPTION="line type HeadingLine"/><OtherTag ID="LT11" LABEL="InterlinearLine" DESCRIPTION="line type InterlinearLine"/><OtherTag ID="LT12" LABEL="MusicLine" DESCRIPTION="line type MusicLine"/><OtherTag ID="LT636" LABEL="default" DESCRIPTION="line type default"/>
  </Tags>
  <Layout>
    <Page WIDTH="1074"
          HEIGHT="1770"
          PHYSICAL_IMG_NR="60"
          ID="eSc_dummypage_">
      <PrintSpace HPOS="0"
                  VPOS="0"
                  WIDTH="1074"
                  HEIGHT="1770">
        <TextBlock HPOS="201"
                   VPOS="89"
                   WIDTH="56"
                   HEIGHT="40"
                   ID="block_4"
                   TAGREFS="BT15">
          <Shape><Polygon POINTS="257 89 257 129 201 129 201 89"/></Shape>
          <TextLine ID="line_0"
                    TAGREFS="LT8"
                    BASELINE="206 118 259 117" 
                    HPOS="204"
                    VPOS="85"
                    WIDTH="55"
                    HEIGHT="44">
            <Shape><Polygon POINTS="243 87 234 87 224 87 214 87 207 87 204 87 206 118 206 129 259 124 259 117 257 90 243 85 243 87"/></Shape>
	    <String CONTENT="68"
                    HPOS="204"
                    VPOS="85"
                    WIDTH="55"
                    HEIGHT="44"
                    WC="0.9986966848373413"></String>
          </TextLine>
        </TextBlock>
        <TextBlock HPOS="370"
                   VPOS="81"
                   WIDTH="455"
                   HEIGHT="42"
                   ID="block_0"
                   TAGREFS="BT18">
          <Shape><Polygon POINTS="825 81 825 123 370 123 370 81"/></Shape>
          <TextLine ID="line_1"
                    TAGREFS="LT10"
                    BASELINE="373 114 825 111" 
                    HPOS="372"
                    VPOS="73"
                    WIDTH="453"
                    HEIGHT="52">
            <Shape><Polygon POINTS="795 80 785 80 775 80 766 80 756 80 746 80 736 80 726 80 716 80 707 80 697 80 687 80 677 80 667 80 657 80 648 80 638 80 628 80 618 80 608 80 598 80 589 80 579 80 569 80 559 80 549 80 539 80 530 80 520 80 510 80 500 80 490 80 480 80 471 80 461 80 451 80 441 80 431 80 421 80 412 80 402 80 392 80 382 80 372 80 373 114 373 125 824 122 825 111 822 73 805 73 805 80"/></Shape>
	    <String CONTENT="COMMENTARII"
                    HPOS="372"
                    VPOS="73"
                    WIDTH="453"
                    HEIGHT="52"
                    WC="0.9994117455048994"></String>
          </TextLine>
        </TextBlock>
        <TextBlock HPOS="198"
                   VPOS="130"
                   WIDTH="811"
                   HEIGHT="199"
                   ID="block_3"
                   TAGREFS="BT1853">
          <Shape><Polygon POINTS="1009 130 1009 329 198 329 198 130"/></Shape>
          <TextLine ID="line_2"
                    TAGREFS="LT8"
                    BASELINE="204 172 993 165" 
                    HPOS="203"
                    VPOS="128"
                    WIDTH="790"
                    HEIGHT="58">
            <Shape><Polygon POINTS="951 128 941 128 931 128 921 128 914 128 885 133 878 134 870 133 840 128 833 128 823 128 813 128 803 128 793 128 783 128 774 128 764 128 754 128 744 128 734 128 732 128 722 132 679 128 675 128 665 128 656 128 653 128 645 132 637 137 602 137 592 132 580 128 577 128 567 128 557 128 547 128 537 128 530 128 529 128 528 128 522 132 512 138 331 138 308 131 305 130 304 130 303 130 302 130 300 131 282 140 244 140 231 131 231 130 230 130 229 130 228 130 203 130 204 172 204 185 386 179 395 184 399 186 400 186 401 186 402 186 403 186 405 184 411 179 435 178 447 184 448 184 449 184 450 184 451 184 453 184 472 178 510 183 533 186 534 186 535 186 536 186 536 185 538 183 544 177 584 177 600 182 605 184 606 184 607 184 623 182 670 177 698 182 710 184 711 184 804 183 818 181 851 176 862 180 867 183 868 183 869 183 992 179 993 165 991 134 959 128 951 128"/></Shape>
	    <String CONTENT="ſtrare: negatiuè igitur rectè colligit Apoſto¬"
                    HPOS="203"
                    VPOS="128"
                    WIDTH="790"
                    HEIGHT="58"
                    WC="0.9966108500957489"></String>
          </TextLine>
          <TextLine ID="line_3"
                    TAGREFS="LT8"
                    BASELINE="204 220 1004 215" 
                    HPOS="203"
                    VPOS="176"
                    WIDTH="801"
                    HEIGHT="58">
            <Shape><Polygon POINTS="204 220 204 234 297 229 347 233 362 234 363 234 364 234 369 233 387 228 468 232 479 232 480 232 498 232 596 227 624 230 640 232 641 232 642 232 647 230 654 227 667 230 678 232 679 232 680 232 681 232 683 230 687 226 699 230 705 231 706 231 707 231 1003 226 1004 215 1002 186 973 186 973 185 954 176 953 176 952 176 951 176 936 182 911 176 910 176 909 176 908 176 907 176 894 185 892 185 867 179 866 179 843 184 835 187 775 187 769 184 749 177 748 177 685 177 684 177 683 177 682 177 670 183 665 186 656 183 643 178 642 178 641 178 620 183 600 187 558 182 545 181 544 181 543 181 539 182 523 188 511 182 503 178 502 178 501 178 483 182 466 185 439 181 415 178 414 178 413 178 405 181 387 188 369 181 364 179 363 179 337 179 336 179 335 179 334 179 333 180 324 187 311 184 310 184 309 184 308 184 298 190 246 190 231 180 230 179 229 179 228 179 227 179 203 179 204 220"/></Shape>
	    <String CONTENT="lus, ac defectus ſcientiæ includit etiam defe¬"
                    HPOS="203"
                    VPOS="176"
                    WIDTH="801"
                    HEIGHT="58"
                    WC="0.9901316528734954"></String>
          </TextLine>
          <TextLine ID="line_4"
                    TAGREFS="LT8"
                    BASELINE="204 268 1018 266" 
                    HPOS="203"
                    VPOS="225"
                    WIDTH="815"
                    HEIGHT="63">
            <Shape><Polygon POINTS="204 268 204 279 250 287 251 287 252 287 277 280 279 280 281 280 323 288 324 288 325 288 348 281 351 280 378 281 522 288 523 288 524 288 541 282 549 279 611 279 631 279 637 283 642 287 643 287 644 287 645 287 671 283 706 279 734 279 741 284 744 287 745 287 746 287 747 288 822 288 822 287 833 285 853 280 865 285 870 287 871 287 872 288 924 288 924 287 925 287 928 286 943 279 1016 286 1018 266 1015 227 954 233 945 227 942 225 941 225 940 225 939 225 938 225 927 228 906 233 879 228 858 225 857 225 856 225 855 225 850 229 842 235 726 235 711 230 705 229 704 229 703 229 692 231 673 234 669 231 667 229 666 229 665 229 664 229 651 231 634 234 627 231 612 225 611 225 610 225 560 226 559 226 558 226 549 232 545 235 513 233 440 228 439 228 438 228 427 234 424 236 401 236 399 234 389 227 388 227 387 227 386 227 352 235 351 235 334 226 333 226 290 226 289 226 288 226 287 226 273 236 255 236 226 226 225 226 224 226 223 226 203 235 204 268"/></Shape>
	    <String CONTENT="ctum facultatis, quaſi dicat, non poteſt planè"
                    HPOS="203"
                    VPOS="225"
                    WIDTH="815"
                    HEIGHT="63"
                    WC="0.9891274596782441"></String>
          </TextLine>
          <TextLine ID="line_5"
                    TAGREFS="LT8"
                    BASELINE="208 318 644 314" 
                    HPOS="207"
                    VPOS="272"
                    WIDTH="437"
                    HEIGHT="63">
            <Shape><Polygon POINTS="208 318 208 328 307 335 308 335 344 329 373 334 374 334 375 334 387 327 393 333 393 334 394 334 395 334 396 335 424 335 424 334 425 334 441 328 495 333 496 333 497 333 498 333 505 326 528 326 537 332 537 332 538 332 539 332 571 325 601 332 602 332 644 323 644 314 642 285 599 281 592 273 592 272 591 272 590 272 543 272 542 272 541 272 514 285 491 275 490 275 489 275 464 280 424 273 423 273 422 273 421 273 407 286 355 274 354 274 353 274 327 287 300 287 285 275 284 275 283 275 259 275 258 275 257 275 256 275 238 288 207 288 208 318"/></Shape>
	    <String CONTENT="vtilis eſſe talis Eecleſiæ."
                    HPOS="207"
                    VPOS="272"
                    WIDTH="437"
                    HEIGHT="63"
                    WC="0.9891175142040959"></String>
          </TextLine>
        </TextBlock>
        <TextBlock HPOS="258"
                   VPOS="342"
                   WIDTH="421"
                   HEIGHT="55"
                   ID="block_2"
                   TAGREFS="BT1852">
          <Shape><Polygon POINTS="679 342 679 397 258 397 258 342"/></Shape>
          <TextLine ID="line_6"
                    TAGREFS="LT8"
                    BASELINE="265 384 677 381" 
                    HPOS="264"
                    VPOS="335"
                    WIDTH="413"
                    HEIGHT="64">
            <Shape><Polygon POINTS="657 336 648 336 638 336 628 336 620 336 619 336 611 345 577 345 569 338 567 336 559 336 549 336 539 336 530 336 520 336 510 336 500 336 490 336 480 336 479 336 478 336 478 337 474 341 470 344 460 341 446 338 445 338 444 338 418 343 400 346 384 344 358 340 357 340 356 340 344 345 342 346 340 345 327 337 326 337 325 337 324 337 323 337 307 342 300 337 299 337 298 337 298 337 297 337 264 347 265 384 266 399 290 393 360 397 399 399 400 399 401 399 414 396 429 392 443 395 458 398 459 398 460 398 461 398 465 395 469 392 480 394 495 397 496 397 524 393 539 391 546 393 563 397 564 397 565 398 638 398 638 397 677 389 677 381 675 335 662 335 657 336"/></Shape>
	    <String CONTENT="6 Non nouitium, &amp;c."
                    HPOS="264"
                    VPOS="335"
                    WIDTH="413"
                    HEIGHT="64"
                    WC="0.9996072273505362"></String>
          </TextLine>
        </TextBlock>
        <TextBlock HPOS="202"
                   VPOS="394"
                   WIDTH="826"
                   HEIGHT="1030"
                   ID="block_7"
                   TAGREFS="BT1851">
          <Shape><Polygon POINTS="1028 394 1028 1424 202 1424 202 394"/></Shape>
          <TextLine ID="line_7"
                    TAGREFS="LT8"
                    BASELINE="323 434 995 429" 
                    HPOS="322"
                    VPOS="387"
                    WIDTH="673"
                    HEIGHT="61">
            <Shape><Polygon POINTS="835 387 834 387 805 396 754 387 753 387 752 387 734 395 719 391 718 391 717 391 716 391 709 396 703 400 693 396 674 388 673 388 672 388 607 394 571 391 570 391 569 391 568 391 562 395 551 401 533 401 525 394 518 389 517 389 516 389 491 389 490 389 489 389 478 394 466 400 455 394 449 390 448 390 447 390 446 390 421 391 420 391 419 391 417 393 406 402 395 393 391 390 390 390 389 390 388 390 322 392 323 434 323 442 401 448 402 448 403 448 422 442 424 442 429 442 473 447 474 447 475 447 476 447 480 442 481 441 482 442 490 447 491 447 492 447 493 447 535 442 537 442 540 442 582 445 583 445 584 445 591 442 595 440 621 442 683 446 684 446 772 441 781 441 784 441 803 445 804 445 805 445 815 441 820 439 828 441 843 445 844 445 845 445 896 443 897 443 898 443 900 441 903 438 910 441 919 444 920 444 921 444 994 440 995 429 993 399 898 399 895 398 867 391 866 391 865 391 853 397 852 398 851 397 837 387 836 387"/></Shape>
	    <String CONTENT="Νεέφυτος dicitur recèns plantatus : veο¬"
                    HPOS="322"
                    VPOS="387"
                    WIDTH="673"
                    HEIGHT="61"
                    WC="0.9832135850474948"></String>
          </TextLine>
          <TextLine ID="line_8"
                    TAGREFS="LT8"
                    BASELINE="207 484 1000 477" 
                    HPOS="206"
                    VPOS="436"
                    WIDTH="794"
                    HEIGHT="65">
            <Shape><Polygon POINTS="207 484 207 494 315 501 316 501 317 501 318 501 328 493 336 499 337 499 338 499 388 500 389 500 390 500 391 500 401 493 402 492 436 492 448 492 516 497 517 497 542 492 547 491 562 491 657 496 658 496 688 491 725 497 726 497 727 497 751 490 760 496 761 496 762 496 763 496 764 496 777 489 778 489 779 489 791 496 792 496 793 497 825 497 825 496 826 496 827 496 835 490 878 496 879 496 999 487 1000 477 998 451 975 451 964 443 963 443 962 443 961 443 960 443 942 451 875 451 856 440 855 440 854 440 824 436 823 436 755 452 728 437 727 437 726 437 725 437 692 446 680 437 679 437 678 437 659 437 658 437 465 440 393 456 254 456 236 449 235 449 234 449 233 449 206 457 207 484"/></Shape>
	    <String CONTENT="κατηχητης, nouiter admiſſus ad religionis pro¬"
                    HPOS="206"
                    VPOS="436"
                    WIDTH="794"
                    HEIGHT="65"
                    WC="0.9915384650230408"></String>
          </TextLine>
          <TextLine ID="line_9"
                    TAGREFS="LT8"
                    BASELINE="206 534 524 530 1008 530" 
                    HPOS="205"
                    VPOS="487"
                    WIDTH="803"
                    HEIGHT="55">
            <Shape><Polygon POINTS="206 534 206 541 1006 542 1008 530 1007 502 876 502 850 487 849 487 848 487 847 487 846 487 823 502 790 488 789 488 734 487 733 487 732 487 715 495 704 487 703 487 702 487 627 487 626 487 589 494 581 488 580 488 579 488 466 488 465 488 464 488 436 503 415 504 410 505 342 505 253 505 232 489 231 489 230 489 229 489 228 489 227 489 205 502 206 534"/></Shape>
	    <String CONTENT="fesionem, quales dicebantur Catechumeni:"
                    HPOS="205"
                    VPOS="487"
                    WIDTH="803"
                    HEIGHT="55"
                    WC="0.9934591442346573"></String>
          </TextLine>
          <TextLine ID="line_10"
                    TAGREFS="LT8"
                    BASELINE="208 583 1009 577" 
                    HPOS="207"
                    VPOS="535"
                    WIDTH="802"
                    HEIGHT="65">
            <Shape><Polygon POINTS="208 583 208 595 247 600 248 600 249 600 261 595 271 591 326 595 362 597 363 597 375 594 394 590 462 590 472 594 477 596 477 596 478 596 494 594 522 590 537 593 546 596 547 596 548 596 576 593 590 592 615 593 697 597 698 597 699 597 700 597 707 592 716 588 743 588 777 588 786 592 794 596 795 596 796 596 863 591 927 588 947 591 968 595 969 595 1009 590 1009 577 1007 541 912 535 911 535 910 535 895 541 886 546 854 547 846 542 839 536 838 536 837 536 741 536 740 536 739 536 722 543 710 549 595 549 587 544 579 538 578 538 577 538 494 538 493 538 492 538 475 545 463 550 452 545 449 544 448 544 447 544 446 544 445 544 444 545 435 551 380 551 363 546 355 544 354 544 353 544 352 544 348 546 338 551 304 546 291 545 290 545 289 545 288 545 286 547 278 551 271 547 259 540 258 540 216 540 215 540 214 540 213 540 207 544 208 583"/></Shape>
	    <String CONTENT="igitur nouitius dicitur, qui in his quæ ad mi¬"
                    HPOS="207"
                    VPOS="535"
                    WIDTH="802"
                    HEIGHT="65"
                    WC="0.9940490074779676"></String>
          </TextLine>
          <TextLine ID="line_11"
                    TAGREFS="LT8"
                    BASELINE="207 633 574 628 1004 629" 
                    HPOS="206"
                    VPOS="586"
                    WIDTH="798"
                    HEIGHT="53">
            <Shape><Polygon POINTS="207 633 207 639 1004 639 1004 629 1003 586 957 586 956 586 955 586 954 586 939 597 888 597 862 588 858 587 857 587 832 587 831 587 830 587 829 587 827 589 814 598 799 598 785 590 781 587 780 587 779 587 702 587 701 587 700 587 683 591 659 599 627 599 615 592 605 588 604 588 603 588 567 593 539 598 535 594 527 589 526 589 525 589 482 588 481 588 480 588 464 595 459 598 432 600 376 600 373 597 369 594 368 594 367 594 366 594 348 598 340 599 338 598 325 591 324 591 323 591 322 591 304 599 302 599 300 599 265 589 264 589 263 589 262 589 237 600 206 600 207 633"/></Shape>
	    <String CONTENT="niſterium neceſſaria ſunt, rudis adhuc eſt"
                    HPOS="206"
                    VPOS="586"
                    WIDTH="798"
                    HEIGHT="53"
                    WC="0.9947297899495988"></String>
          </TextLine>
          <TextLine ID="line_12"
                    TAGREFS="LT8"
                    BASELINE="210 683 492 677 1007 679" 
                    HPOS="209"
                    VPOS="632"
                    WIDTH="798"
                    HEIGHT="63">
            <Shape><Polygon POINTS="210 683 210 695 286 689 345 694 346 694 413 689 450 694 451 694 698 689 707 694 708 694 709 694 710 694 711 694 713 694 728 688 748 693 749 693 750 693 777 688 1005 692 1007 679 1006 636 955 635 954 635 954 635 953 635 952 636 943 642 930 636 921 632 920 632 919 632 882 636 872 637 866 636 846 632 845 632 656 633 656 633 646 637 630 644 536 638 486 635 485 635 469 638 459 640 435 638 401 636 400 636 399 636 398 636 395 639 386 645 290 645 260 639 233 635 232 635 209 639 210 683"/></Shape>
	    <String CONTENT="Huic imminent duo pericula, prius à ſeipſo"
                    HPOS="209"
                    VPOS="632"
                    WIDTH="798"
                    HEIGHT="63"
                    WC="0.9889480125072391"></String>
          </TextLine>
          <TextLine ID="line_13"
                    TAGREFS="LT8"
                    BASELINE="212 728 1009 728" 
                    HPOS="212"
                    VPOS="684"
                    WIDTH="797"
                    HEIGHT="61">
            <Shape><Polygon POINTS="212 728 212 745 297 745 297 744 298 744 298 744 315 738 332 744 333 744 334 744 335 744 336 744 337 744 345 739 375 743 382 744 383 744 384 744 387 743 410 738 470 738 478 743 479 744 480 744 481 744 482 744 501 743 556 738 596 742 618 744 619 744 630 742 649 738 701 738 712 741 719 744 720 744 721 744 741 741 763 738 774 741 784 744 785 744 786 744 1009 739 1009 728 1009 694 977 684 976 684 975 684 949 686 948 686 947 686 935 695 899 695 878 684 877 684 876 684 875 684 845 695 794 695 785 688 784 688 783 688 782 688 757 691 734 684 733 684 601 684 600 684 599 684 598 684 589 691 558 684 557 684 425 689 405 684 404 684 403 684 365 690 338 685 337 685 336 685 335 685 323 694 277 686 276 686 275 686 258 695 212 695 212 728"/></Shape>
	    <String CONTENT="poſterius ab auditorib. Ex ſeipſo, ne fiat infla"
                    HPOS="212"
                    VPOS="684"
                    WIDTH="797"
                    HEIGHT="61"
                    WC="0.9922003882626692"></String>
          </TextLine>
          <TextLine ID="line_14"
                    TAGREFS="LT8"
                    BASELINE="209 778 1008 774" 
                    HPOS="208"
                    VPOS="734"
                    WIDTH="800"
                    HEIGHT="61">
            <Shape><Polygon POINTS="209 778 209 787 274 795 275 795 276 795 302 787 304 787 366 787 377 792 378 792 379 792 417 787 424 786 425 787 435 794 436 794 437 794 438 794 510 789 520 794 521 794 522 794 523 794 551 786 553 786 556 786 588 791 589 791 614 786 619 785 624 786 652 793 653 793 654 793 655 793 669 786 671 785 698 785 702 786 732 793 733 793 734 793 754 785 756 785 760 785 802 793 803 793 804 793 805 793 818 785 820 784 825 785 849 792 850 792 851 793 977 793 977 792 978 792 1008 784 1008 774 1006 745 974 745 961 735 960 735 959 735 958 735 914 736 913 736 896 745 806 745 792 735 791 735 790 735 789 735 727 740 719 734 718 734 717 734 681 734 680 734 627 740 609 734 608 734 607 734 578 739 545 735 544 735 543 735 518 743 490 735 489 735 431 735 430 735 429 735 406 747 333 745 309 736 308 736 307 736 306 736 305 736 297 742 279 736 278 736 277 736 276 736 275 736 259 747 208 748 209 778"/></Shape>
	    <String CONTENT="tus, hinc arrogans &amp; aliorũ contẽptor, cõple¬"
                    HPOS="208"
                    VPOS="734"
                    WIDTH="800"
                    HEIGHT="61"
                    WC="0.9947148561477661"></String>
          </TextLine>
          <TextLine ID="line_15"
                    TAGREFS="LT8"
                    BASELINE="212 827 1007 824" 
                    HPOS="211"
                    VPOS="783"
                    WIDTH="796"
                    HEIGHT="60">
            <Shape><Polygon POINTS="212 827 212 840 283 835 291 839 291 840 292 840 293 840 294 840 295 840 298 839 310 836 336 839 357 841 358 841 358 841 359 841 362 839 367 835 372 838 376 842 377 842 378 842 379 843 410 843 410 842 411 842 427 838 442 834 470 837 495 840 496 840 524 836 543 834 547 836 557 841 558 841 559 841 604 835 617 834 619 835 626 840 627 840 628 840 629 840 657 835 658 835 659 835 733 840 734 840 735 840 755 834 785 840 786 840 822 833 827 832 841 832 988 839 989 839 990 839 1007 830 1007 824 1005 794 935 794 910 785 909 785 908 785 876 786 875 786 874 786 864 794 820 794 800 794 779 783 778 783 716 783 716 783 715 783 700 790 609 783 608 783 575 790 480 785 479 785 478 785 441 796 418 796 393 785 392 785 391 785 353 792 309 788 308 788 307 788 306 788 297 796 296 796 255 788 254 788 253 788 236 796 236 797 211 797 212 827"/></Shape>
	    <String CONTENT="tur in eo quod dici ſolet, magiſtratus virũ ar¬"
                    HPOS="211"
                    VPOS="783"
                    WIDTH="796"
                    HEIGHT="60"
                    WC="0.9890672490000725"></String>
          </TextLine>
          <TextLine ID="line_16"
                    TAGREFS="LT8"
                    BASELINE="215 877 1006 877" 
                    HPOS="215"
                    VPOS="835"
                    WIDTH="791"
                    HEIGHT="59">
            <Shape><Polygon POINTS="215 877 215 894 291 894 291 893 292 893 307 885 328 885 341 893 342 893 343 893 344 893 417 888 435 893 436 893 437 893 438 893 461 886 545 892 546 892 547 892 560 887 567 893 568 893 569 893 570 893 604 887 613 893 614 893 615 893 616 893 617 893 647 885 722 885 742 893 743 893 744 893 785 885 895 885 911 893 912 893 913 893 949 886 1004 893 1006 877 1005 835 961 835 960 835 959 835 958 835 940 846 891 846 870 836 869 836 868 836 867 836 866 836 864 836 846 844 821 837 813 835 812 835 763 835 762 835 761 835 753 838 735 845 684 839 657 836 656 836 656 836 655 836 651 839 642 846 588 846 575 840 559 835 558 835 557 835 487 841 478 835 477 835 477 835 438 835 437 835 436 835 435 835 426 843 422 846 395 846 391 843 381 835 380 835 379 835 348 835 347 835 346 835 310 844 306 845 302 844 272 836 271 836 270 836 269 836 268 836 254 845 215 845 215 877"/></Shape>
	    <String CONTENT="guit. Ex auditoribus autem periculum eſt,"
                    HPOS="215"
                    VPOS="835"
                    WIDTH="791"
                    HEIGHT="59"
                    WC="0.9976993842822749"></String>
          </TextLine>
          <TextLine ID="line_17"
                    TAGREFS="LT8"
                    BASELINE="210 927 1004 922" 
                    HPOS="209"
                    VPOS="880"
                    WIDTH="795"
                    HEIGHT="64">
            <Shape><Polygon POINTS="210 927 211 944 236 938 254 944 255 944 256 944 257 944 260 944 293 938 349 943 363 944 364 944 365 944 366 944 367 943 373 938 470 942 508 943 509 943 510 943 511 943 513 941 521 937 549 941 559 942 560 942 561 942 562 942 563 941 571 936 588 941 593 942 594 942 595 942 596 942 599 941 609 936 624 940 631 942 632 942 633 942 649 940 670 937 684 940 692 941 693 941 694 941 698 940 710 935 724 939 730 941 731 941 732 942 787 942 787 941 788 941 789 941 792 939 797 935 823 938 837 940 838 940 854 938 882 934 908 937 930 940 931 940 1004 936 1004 922 1001 889 971 890 965 889 945 884 944 884 943 884 898 889 893 890 889 890 844 880 843 880 801 881 800 881 785 887 771 884 770 884 769 884 768 884 767 884 758 890 728 881 727 881 726 881 725 881 709 886 628 882 627 882 626 882 625 882 607 892 606 893 552 893 526 893 491 885 490 885 489 885 474 893 474 894 440 894 416 894 401 884 400 884 399 884 372 883 371 883 370 883 352 887 276 884 275 884 209 895 210 927"/></Shape>
	    <String CONTENT="inuidia, nam ωθόνος πρὸς τόν ἔχοντα έρπος, ta¬"
                    HPOS="209"
                    VPOS="880"
                    WIDTH="795"
                    HEIGHT="64"
                    WC="0.971831277012825"></String>
          </TextLine>
          <TextLine ID="line_18"
                    TAGREFS="LT8"
                    BASELINE="212 975 1005 973" 
                    HPOS="211"
                    VPOS="931"
                    WIDTH="794"
                    HEIGHT="61">
            <Shape><Polygon POINTS="212 975 212 986 237 992 238 992 262 987 268 986 313 987 472 992 473 992 474 992 485 988 493 986 504 988 522 992 523 992 524 992 531 988 537 986 589 986 596 989 605 992 606 992 607 992 621 989 639 985 655 989 661 991 662 991 663 991 672 989 692 985 739 985 746 990 747 991 748 991 749 991 750 991 761 990 791 986 908 991 922 991 923 991 924 991 925 991 949 985 1003 991 1005 973 1002 934 940 938 934 934 930 931 929 931 928 931 927 931 903 934 891 936 887 935 879 931 878 931 877 931 876 931 875 931 870 935 865 939 836 939 830 935 823 931 822 931 768 931 767 931 766 931 754 936 747 938 737 936 716 931 715 931 675 936 674 936 620 931 619 931 618 931 597 937 593 938 588 937 568 933 567 933 566 933 555 937 551 939 541 938 513 933 512 933 511 933 510 933 502 938 500 939 491 938 464 934 463 934 462 934 461 934 456 938 455 939 454 938 444 933 443 933 393 933 392 933 319 939 281 932 280 932 279 932 264 940 211 940 212 975"/></Shape>
	    <String CONTENT="men Apoſtolus illa conuertit quaſi poſterius"
                    HPOS="211"
                    VPOS="931"
                    WIDTH="794"
                    HEIGHT="61"
                    WC="0.9991801936518062"></String>
          </TextLine>
          <TextLine ID="line_19"
                    TAGREFS="LT8"
                    BASELINE="213 1025 1007 1023" 
                    HPOS="212"
                    VPOS="980"
                    WIDTH="795"
                    HEIGHT="61">
            <Shape><Polygon POINTS="213 1025 213 1035 308 1041 309 1041 352 1035 364 1033 376 1035 414 1041 415 1041 416 1041 430 1034 433 1033 441 1034 479 1041 480 1041 481 1041 509 1034 514 1033 532 1034 586 1037 587 1037 632 1033 650 1032 655 1033 676 1040 677 1040 678 1041 748 1041 748 1040 749 1040 768 1034 796 1040 797 1040 798 1040 812 1034 819 1039 820 1039 821 1039 822 1039 823 1039 835 1032 837 1032 894 1032 896 1032 983 1040 984 1040 985 1040 1007 1031 1007 1023 1005 993 862 993 833 980 832 980 780 980 779 980 778 980 757 989 716 980 716 980 715 980 689 993 663 993 648 981 647 981 646 981 625 980 624 980 591 988 571 981 570 981 569 981 536 987 508 981 507 981 425 987 417 981 417 981 416 981 389 981 388 981 387 981 348 993 315 983 314 983 313 983 312 983 293 988 265 981 264 981 263 981 262 981 239 993 212 994 213 1025"/></Shape>
	    <String CONTENT="ex priore fluat, &amp; reuera inflati ruunt in ca¬"
                    HPOS="212"
                    VPOS="980"
                    WIDTH="795"
                    HEIGHT="61"
                    WC="0.9793101795341658"></String>
          </TextLine>
          <TextLine ID="line_20"
                    TAGREFS="LT8"
                    BASELINE="212 1073 1009 1071" 
                    HPOS="211"
                    VPOS="1031"
                    WIDTH="798"
                    HEIGHT="59">
            <Shape><Polygon POINTS="212 1073 212 1082 371 1082 384 1084 411 1089 412 1089 437 1084 451 1082 458 1085 469 1089 470 1089 471 1089 472 1089 479 1085 485 1082 573 1082 585 1086 597 1090 598 1090 599 1090 630 1089 631 1089 636 1086 647 1081 691 1081 707 1087 713 1089 714 1089 715 1090 791 1090 791 1089 792 1089 796 1088 809 1082 910 1089 922 1089 923 1089 927 1089 958 1083 966 1089 967 1089 968 1089 969 1090 1008 1090 1009 1071 1007 1039 780 1031 779 1031 660 1036 618 1031 617 1031 483 1032 482 1032 481 1032 475 1037 463 1033 462 1033 461 1033 460 1033 437 1039 436 1039 433 1039 369 1032 368 1032 367 1032 353 1039 322 1032 321 1032 320 1032 306 1039 306 1040 266 1040 265 1039 220 1032 219 1032 218 1032 217 1032 211 1036 212 1073"/></Shape>
	    <String CONTENT="lumniatoris iudicium: poteſt igitur &amp; calum¬"
                    HPOS="211"
                    VPOS="1031"
                    WIDTH="798"
                    HEIGHT="59"
                    WC="0.9932116148146716"></String>
          </TextLine>
          <TextLine ID="line_21"
                    TAGREFS="LT8"
                    BASELINE="213 1121 737 1119 1011 1124" 
                    HPOS="212"
                    VPOS="1079"
                    WIDTH="799"
                    HEIGHT="58">
            <Shape><Polygon POINTS="1009 1123 1002 1089 854 1082 853 1082 852 1082 851 1082 841 1089 840 1089 822 1083 821 1083 820 1083 819 1083 808 1089 807 1089 806 1089 789 1082 788 1082 787 1082 751 1089 747 1089 743 1088 708 1080 673 1080 672 1080 671 1080 650 1088 649 1088 641 1088 605 1087 596 1080 596 1080 595 1080 594 1080 530 1085 490 1080 489 1080 435 1087 406 1079 405 1079 364 1079 363 1079 362 1079 343 1087 340 1088 213 1087 213 1121 212 1127 234 1135 235 1135 236 1136 324 1136 324 1135 325 1135 339 1128 340 1128 360 1134 361 1134 362 1134 442 1129 451 1136 452 1136 453 1136 454 1137 572 1137 572 1136 573 1136 574 1136 583 1129 584 1129 744 1129 746 1130 754 1136 755 1136 756 1136 757 1136 758 1136 775 1130 780 1129 789 1130 812 1134 813 1134 831 1131 838 1129 841 1131 851 1136 852 1136 853 1136 1010 1131 1011 1124 1011 1090 1009 1089 1009 1123"/></Shape>
	    <String CONTENT="niator eſſe Satan, qui nouitios præcipitat er"
                    HPOS="212"
                    VPOS="1079"
                    WIDTH="799"
                    HEIGHT="58"
                    WC="0.982917782995436"></String>
          </TextLine>
          <TextLine ID="line_22"
                    TAGREFS="LT8"
                    BASELINE="215 1171 731 1167 1010 1172" 
                    HPOS="214"
                    VPOS="1128"
                    WIDTH="796"
                    HEIGHT="57">
            <Shape><Polygon POINTS="1006 1138 921 1138 901 1128 900 1128 899 1128 898 1128 897 1128 884 1138 869 1138 840 1128 839 1128 838 1128 837 1128 836 1128 826 1137 804 1137 678 1137 667 1129 666 1129 665 1129 664 1129 623 1138 594 1132 593 1132 540 1136 478 1129 477 1129 444 1136 435 1129 434 1129 433 1129 353 1129 352 1129 351 1129 329 1137 305 1129 304 1129 303 1129 302 1129 290 1135 253 1130 252 1130 214 1139 215 1171 216 1185 239 1179 268 1184 269 1184 298 1179 321 1184 322 1184 323 1184 324 1184 357 1177 417 1177 431 1184 432 1184 433 1184 434 1185 465 1185 465 1184 466 1184 467 1184 477 1178 505 1183 506 1183 536 1179 541 1183 542 1183 543 1183 544 1183 570 1180 597 1184 598 1184 633 1176 736 1176 1008 1183 1010 1172 1009 1144 1006 1138"/></Shape>
	    <String CONTENT="vno in aliud peccatum, &amp; commodè dicitur"
                    HPOS="214"
                    VPOS="1128"
                    WIDTH="796"
                    HEIGHT="57"
                    WC="0.9942216771404918"></String>
          </TextLine>
          <TextLine ID="line_23"
                    TAGREFS="LT8"
                    BASELINE="214 1219 709 1215 1012 1220" 
                    HPOS="213"
                    VPOS="1176"
                    WIDTH="799"
                    HEIGHT="58">
            <Shape><Polygon POINTS="214 1219 214 1227 249 1234 250 1234 251 1234 277 1227 280 1227 358 1227 360 1227 379 1234 380 1234 381 1234 382 1234 406 1227 409 1227 435 1227 436 1227 444 1234 445 1234 446 1234 447 1234 448 1234 449 1234 456 1229 501 1234 502 1234 503 1234 521 1227 523 1227 645 1227 650 1227 662 1234 663 1234 664 1234 688 1229 731 1234 732 1234 733 1234 734 1234 743 1227 744 1227 751 1227 804 1234 805 1234 806 1234 825 1227 826 1227 828 1227 840 1234 841 1234 842 1234 866 1229 924 1234 925 1234 1011 1227 1012 1220 1010 1185 904 1185 902 1185 883 1180 882 1180 881 1180 880 1180 866 1185 865 1186 818 1186 817 1185 798 1176 797 1176 737 1176 736 1176 735 1176 716 1182 703 1176 702 1176 663 1176 662 1176 661 1176 642 1184 621 1176 620 1176 561 1176 560 1176 559 1176 526 1185 493 1176 492 1176 491 1176 440 1181 415 1178 414 1178 413 1178 412 1178 403 1183 393 1176 392 1176 391 1176 360 1176 359 1176 358 1176 358 1176 343 1185 322 1178 321 1178 320 1178 319 1178 303 1186 281 1186 265 1178 264 1178 263 1178 262 1178 245 1186 213 1186 214 1219"/></Shape>
	    <String CONTENT="calumniator, quia Deum apud hominẽ tra¬"
                    HPOS="213"
                    VPOS="1176"
                    WIDTH="799"
                    HEIGHT="58"
                    WC="0.9966030403971672"></String>
          </TextLine>
          <TextLine ID="line_24"
                    TAGREFS="LT8"
                    BASELINE="214 1265 539 1263 1018 1269" 
                    HPOS="213"
                    VPOS="1223"
                    WIDTH="805"
                    HEIGHT="62">
            <Shape><Polygon POINTS="214 1265 213 1276 273 1281 274 1281 291 1277 305 1274 310 1278 314 1281 315 1281 316 1281 317 1281 318 1281 325 1278 332 1274 398 1279 410 1279 411 1279 421 1279 493 1275 531 1280 534 1280 535 1280 537 1280 564 1275 626 1281 630 1281 631 1281 632 1281 633 1281 640 1276 648 1281 650 1283 651 1283 652 1283 716 1284 717 1284 733 1282 775 1277 793 1283 796 1284 797 1284 798 1284 813 1283 863 1279 872 1284 873 1285 874 1285 875 1285 876 1285 882 1284 902 1279 915 1284 916 1284 917 1284 919 1284 981 1280 1016 1285 1018 1269 1017 1231 876 1235 870 1231 866 1227 865 1227 864 1227 863 1227 862 1227 851 1231 843 1233 836 1231 820 1225 819 1225 735 1225 734 1225 733 1225 732 1225 723 1231 718 1234 691 1234 682 1231 661 1224 660 1224 659 1224 658 1224 647 1228 523 1223 522 1223 521 1223 507 1231 504 1232 489 1231 426 1223 425 1223 424 1223 404 1231 402 1231 400 1231 388 1225 387 1225 386 1225 312 1231 300 1231 298 1231 272 1223 271 1223 270 1223 214 1230 214 1265"/></Shape>
	    <String CONTENT="ducit, vt teſtatur hiſtoria paradiſi, &amp; hominẽ"
                    HPOS="213"
                    VPOS="1223"
                    WIDTH="805"
                    HEIGHT="62"
                    WC="0.9916249551671616"></String>
          </TextLine>
          <TextLine ID="line_25"
                    TAGREFS="LT8"
                    BASELINE="214 1312 1019 1318" 
                    HPOS="213"
                    VPOS="1270"
                    WIDTH="806"
                    HEIGHT="65">
            <Shape><Polygon POINTS="214 1312 213 1326 265 1329 266 1329 294 1326 348 1321 402 1326 429 1329 430 1329 431 1329 439 1326 452 1322 471 1326 479 1328 480 1328 524 1326 601 1323 616 1326 633 1330 634 1330 635 1330 646 1326 654 1324 747 1324 770 1326 829 1333 830 1333 831 1333 843 1326 846 1325 885 1325 886 1326 903 1334 904 1334 905 1335 1002 1335 1002 1334 1003 1334 1018 1326 1019 1318 1018 1287 954 1287 953 1286 926 1278 925 1278 924 1278 857 1282 838 1274 837 1274 836 1274 835 1274 816 1282 716 1274 716 1274 715 1274 702 1280 689 1275 688 1275 687 1275 686 1275 685 1275 673 1284 672 1284 620 1272 619 1272 618 1272 597 1283 519 1272 518 1272 485 1274 484 1274 483 1274 474 1282 444 1282 433 1282 432 1282 417 1276 417 1276 416 1276 415 1276 405 1281 390 1271 389 1271 388 1271 343 1270 342 1270 214 1280 214 1312"/></Shape>
	    <String CONTENT="apud Deum, vt eſt videre in Iobo, &amp; deniq."
                    HPOS="213"
                    VPOS="1270"
                    WIDTH="806"
                    HEIGHT="65"
                    WC="0.9816446871984572"></String>
          </TextLine>
          <TextLine ID="line_26"
                    TAGREFS="LT8"
                    BASELINE="217 1363 1014 1367" 
                    HPOS="216"
                    VPOS="1320"
                    WIDTH="798"
                    HEIGHT="60">
            <Shape><Polygon POINTS="216 1375 1012 1380 1014 1367 1012 1334 961 1334 957 1333 943 1327 942 1327 941 1327 940 1327 925 1332 918 1335 825 1335 812 1330 807 1329 806 1329 805 1329 793 1330 766 1333 758 1329 743 1322 742 1322 614 1321 613 1321 612 1321 600 1327 590 1332 538 1326 527 1325 526 1325 521 1326 500 1330 494 1325 489 1321 488 1321 487 1321 466 1321 465 1321 464 1321 457 1325 444 1331 427 1324 417 1320 416 1320 377 1320 376 1320 375 1320 369 1323 355 1331 325 1331 314 1323 313 1323 312 1323 311 1323 310 1323 286 1332 240 1332 218 1321 217 1363 216 1375"/></Shape>
	    <String CONTENT="homines apud homines: in hoc tam variũ &amp;"
                    HPOS="216"
                    VPOS="1320"
                    WIDTH="798"
                    HEIGHT="60"
                    WC="0.9984386824980015"></String>
          </TextLine>
          <TextLine ID="line_27"
                    TAGREFS="LT8"
                    BASELINE="217 1411 881 1414" 
                    HPOS="216"
                    VPOS="1370"
                    WIDTH="665"
                    HEIGHT="65">
            <Shape><Polygon POINTS="216 1431 261 1432 262 1432 263 1432 264 1432 265 1431 273 1426 282 1431 285 1432 286 1432 287 1433 341 1433 341 1432 342 1432 348 1430 370 1422 382 1427 383 1427 384 1427 424 1422 438 1429 443 1431 444 1431 445 1431 446 1431 455 1429 476 1423 497 1428 519 1433 520 1433 521 1433 531 1428 537 1424 590 1424 595 1427 598 1430 599 1430 600 1430 601 1430 602 1430 613 1427 618 1425 621 1427 626 1430 627 1430 628 1430 629 1430 630 1430 645 1426 658 1423 680 1426 736 1434 737 1435 809 1435 809 1434 810 1434 823 1427 831 1431 832 1431 833 1431 834 1431 835 1431 844 1424 845 1424 880 1424 881 1414 880 1382 830 1382 829 1381 814 1373 813 1373 731 1373 730 1373 729 1373 718 1379 714 1381 705 1378 691 1374 690 1374 689 1374 688 1374 679 1378 675 1380 672 1378 667 1374 666 1374 665 1374 664 1374 663 1374 656 1378 651 1381 602 1381 595 1376 589 1374 588 1374 587 1374 586 1374 585 1374 585 1375 583 1376 579 1381 522 1381 503 1375 493 1372 492 1372 491 1372 490 1372 480 1374 466 1378 450 1374 438 1371 437 1371 436 1371 399 1373 300 1379 255 1371 254 1371 253 1371 237 1377 218 1370 217 1411 216 1431"/></Shape>
	    <String CONTENT="graue iudicium Satanæ cadunt iſti."
                    HPOS="216"
                    VPOS="1370"
                    WIDTH="665"
                    HEIGHT="65"
                    WC="0.9954144691719728"></String>
          </TextLine>
        </TextBlock>
        <TextBlock HPOS="264"
                   VPOS="1444"
                   WIDTH="673"
                   HEIGHT="62"
                   ID="eSc_textblock_3e8c9366"
                   TAGREFS="BT1852">
          <Shape><Polygon POINTS="274 1448 264 1506 927 1498 937 1444"/></Shape>
          <TextLine ID="line_28"
                    TAGREFS="LT8"
                    BASELINE="283 1490 909 1482" 
                    HPOS="280"
                    VPOS="1444"
                    WIDTH="628"
                    HEIGHT="79">
            <Shape><Polygon POINTS="759 1444 747 1448 727 1444 647 1448 603 1445 584 1451 550 1445 501 1445 483 1448 371 1446 365 1451 340 1446 318 1446 309 1452 302 1446 280 1446 283 1520 324 1505 351 1522 385 1523 432 1498 567 1498 607 1519 684 1519 714 1500 774 1516 877 1514 908 1498 904 1448 798 1448 781 1444"/></Shape>
	    <String CONTENT="7 Oportet autem ipſum etiam, &amp;c."
                    HPOS="280"
                    VPOS="1444"
                    WIDTH="628"
                    HEIGHT="79"></String>
          </TextLine>
        </TextBlock>
        <TextBlock HPOS="289"
                   VPOS="1504"
                   WIDTH="731"
                   HEIGHT="56"
                   ID="block_6"
                   TAGREFS="BT1853">
          <Shape><Polygon POINTS="1020 1504 1020 1560 289 1560 289 1504"/></Shape>
          <TextLine ID="line_29"
                    TAGREFS="LT8"
                    BASELINE="307 1540 1012 1542" 
                    HPOS="307"
                    VPOS="1504"
                    WIDTH="705"
                    HEIGHT="76">
            <Shape><Polygon POINTS="307 1540 307 1570 331 1565 338 1571 343 1575 344 1575 345 1575 346 1575 347 1575 355 1571 362 1567 383 1571 417 1578 418 1578 419 1578 431 1572 438 1568 476 1572 479 1572 480 1572 481 1572 482 1572 493 1565 577 1565 590 1573 596 1578 597 1578 598 1578 599 1578 648 1574 668 1572 672 1574 678 1579 679 1579 680 1579 681 1580 792 1580 792 1579 793 1579 800 1575 816 1567 880 1572 881 1572 914 1566 961 1573 962 1573 982 1569 1009 1577 1012 1542 1011 1515 895 1515 893 1513 884 1505 883 1505 882 1505 881 1505 880 1505 862 1512 857 1514 852 1512 836 1507 835 1507 835 1507 834 1507 833 1507 826 1512 821 1514 790 1513 787 1511 775 1505 775 1505 774 1505 748 1510 705 1505 704 1505 703 1505 685 1510 668 1514 632 1509 614 1507 613 1507 597 1509 561 1513 555 1508 554 1508 553 1508 552 1508 546 1508 512 1510 508 1507 504 1504 503 1504 502 1504 501 1504 457 1507 361 1513 348 1505 347 1504 346 1504 345 1504 344 1504 307 1504 307 1540"/></Shape>
	    <String CONTENT="Bono teſtimonio miniſtrũ munit cõtra"
                    HPOS="307"
                    VPOS="1504"
                    WIDTH="705"
                    HEIGHT="76"
                    WC="0.9997594450649462"></String>
          </TextLine>
        </TextBlock>
        <TextBlock HPOS="801"
                   VPOS="1556"
                   WIDTH="215"
                   HEIGHT="54"
                   ID="block_1"
                   TAGREFS="BT17">
          <Shape><Polygon POINTS="1016 1556 1016 1610 801 1610 801 1556"/></Shape>
          <TextLine ID="line_30"
                    TAGREFS="LT8"
                    BASELINE="800 1590 1011 1593" 
                    HPOS="799"
                    VPOS="1558"
                    WIDTH="212"
                    HEIGHT="69">
            <Shape><Polygon POINTS="800 1590 799 1610 808 1618 809 1618 810 1618 811 1618 812 1618 830 1611 834 1609 838 1611 856 1620 857 1620 858 1620 859 1620 860 1620 869 1614 875 1611 936 1611 952 1621 957 1626 958 1626 959 1626 960 1627 1010 1627 1011 1593 1011 1567 915 1560 914 1560 881 1564 879 1564 877 1564 853 1558 852 1558 851 1558 800 1562 800 1590"/></Shape>
	    <String CONTENT="calummias."
                    HPOS="799"
                    VPOS="1558"
                    WIDTH="212"
                    HEIGHT="69"
                    WC="0.9997921705245971"></String>
          </TextLine>
        </TextBlock>
      </PrintSpace>
    </Page>
  </Layout>
</alto>
