<?xml version="1.0" encoding="UTF-8"?>
<alto xmlns:xsi="http://www.w3.org/2001/XMLSchema-instance"
      xmlns="http://www.loc.gov/standards/alto/ns-v4#"
      xsi:schemaLocation="http://www.loc.gov/standards/alto/ns-v4# http://www.loc.gov/standards/alto/v4/alto-4-2.xsd">
  <Description>
    <MeasurementUnit>pixel</MeasurementUnit>
    <sourceImageInformation>
      <fileName>bsb10313792_00051.jpg</fileName>
    </sourceImageInformation>
  </Description>
  <Tags>
    <OtherTag ID="BT7" LABEL="CustomZone" DESCRIPTION="block type CustomZone"/><OtherTag ID="BT8" LABEL="DamageZone" DESCRIPTION="block type DamageZone"/><OtherTag ID="BT9" LABEL="DigitizationArtefactZone" DESCRIPTION="block type DigitizationArtefactZone"/><OtherTag ID="BT10" LABEL="DropCapitalZone" DESCRIPTION="block type DropCapitalZone"/><OtherTag ID="BT11" LABEL="GraphicZone" DESCRIPTION="block type GraphicZone"/><OtherTag ID="BT12" LABEL="MainZone" DESCRIPTION="block type MainZone"/><OtherTag ID="BT13" LABEL="MarginTextZone" DESCRIPTION="block type MarginTextZone"/><OtherTag ID="BT14" LABEL="MusicZone" DESCRIPTION="block type MusicZone"/><OtherTag ID="BT15" LABEL="NumberingZone" DESCRIPTION="block type NumberingZone"/><OtherTag ID="BT17" LABEL="QuireMarksZone" DESCRIPTION="block type QuireMarksZone"/><OtherTag ID="BT18" LABEL="RunningTitleZone" DESCRIPTION="block type RunningTitleZone"/><OtherTag ID="BT19" LABEL="SealZone" DESCRIPTION="block type SealZone"/><OtherTag ID="BT20" LABEL="StampZone" DESCRIPTION="block type StampZone"/><OtherTag ID="BT21" LABEL="TableZone" DESCRIPTION="block type TableZone"/><OtherTag ID="BT22" LABEL="TitlePageZone" DESCRIPTION="block type TitlePageZone"/><OtherTag ID="BT1851" LABEL="MainZone-P" DESCRIPTION="block type MainZone-P"/><OtherTag ID="BT1852" LABEL="MainZone-Head" DESCRIPTION="block type MainZone-Head"/><OtherTag ID="BT1853" LABEL="MainZone-P-Continued" DESCRIPTION="block type MainZone-P-Continued"/><OtherTag ID="BT1854" LABEL="MarginTextZone-ManuscriptAddendum" DESCRIPTION="block type MarginTextZone-ManuscriptAddendum"/><OtherTag ID="BT1855" LABEL="text" DESCRIPTION="block type text"/><OtherTag ID="BT1856" LABEL="MainZone-Entry" DESCRIPTION="block type MainZone-Entry"/><OtherTag ID="BT1857" LABEL="MainZone-Entry-Continued" DESCRIPTION="block type MainZone-Entry-Continued"/><OtherTag ID="BT1877" LABEL="GraphicZone-Decoration" DESCRIPTION="block type GraphicZone-Decoration"/><OtherTag ID="BT1894" LABEL="MainZone-Other" DESCRIPTION="block type MainZone-Other"/>
    <OtherTag ID="LT7" LABEL="CustomLine" DESCRIPTION="line type CustomLine"/><OtherTag ID="LT8" LABEL="DefaultLine" DESCRIPTION="line type DefaultLine"/><OtherTag ID="LT9" LABEL="DropCapitalLine" DESCRIPTION="line type DropCapitalLine"/><OtherTag ID="LT10" LABEL="HeadingLine" DESCRIPTION="line type HeadingLine"/><OtherTag ID="LT11" LABEL="InterlinearLine" DESCRIPTION="line type InterlinearLine"/><OtherTag ID="LT12" LABEL="MusicLine" DESCRIPTION="line type MusicLine"/><OtherTag ID="LT636" LABEL="default" DESCRIPTION="line type default"/>
  </Tags>
  <Layout>
    <Page WIDTH="1098"
          HEIGHT="1746"
          PHYSICAL_IMG_NR="35"
          ID="eSc_dummypage_">
      <PrintSpace HPOS="0"
                  VPOS="0"
                  WIDTH="1098"
                  HEIGHT="1746">
        <TextBlock HPOS="172"
                   VPOS="63"
                   WIDTH="631"
                   HEIGHT="47"
                   ID="block_0"
                   TAGREFS="BT18">
          <Shape><Polygon POINTS="803 63 803 110 172 110 172 63"/></Shape>
          <TextLine ID="line_0"
                    TAGREFS="LT10"
                    BASELINE="175 94 809 100" 
                    HPOS="175"
                    VPOS="61"
                    WIDTH="634"
                    HEIGHT="56">
            <Shape><Polygon POINTS="748 61 746 61 694 64 689 61 680 61 672 61 643 65 639 65 635 65 614 61 612 61 602 61 593 61 588 61 570 64 568 64 566 64 552 61 544 61 534 61 525 61 515 61 505 61 499 61 472 64 467 64 464 64 449 61 447 61 437 61 428 61 418 61 408 61 402 61 394 63 392 63 376 63 348 62 347 61 340 61 331 61 321 61 311 61 301 61 297 61 292 61 282 61 272 61 263 61 262 61 258 62 257 62 236 62 236 61 233 61 224 61 215 61 214 61 204 61 195 61 185 61 175 61 175 94 175 110 193 104 200 110 201 110 202 110 203 110 204 110 231 106 257 110 270 112 271 112 272 112 277 110 290 105 318 110 330 112 331 112 332 112 334 110 342 105 359 110 368 113 369 113 370 113 389 110 412 106 431 110 449 114 450 115 513 115 513 114 514 114 515 114 520 110 523 107 531 110 543 114 544 114 545 114 546 114 547 114 551 110 554 108 568 110 600 114 601 114 624 110 629 109 632 110 650 116 651 116 652 116 653 116 665 110 667 109 668 110 681 116 682 116 683 117 700 117 700 116 701 116 702 116 702 115 709 110 709 109 710 110 725 116 726 116 727 116 728 116 729 116 736 110 743 115 744 115 745 115 746 115 808 109 809 100 809 67 766 61 758 61"/></Shape>
	    <String CONTENT="IN L. EPIST. AD TIMOTH."
                    HPOS="175"
                    VPOS="61"
                    WIDTH="634"
                    HEIGHT="56"
                    WC="0.9998304196026014"></String>
          </TextLine>
        </TextBlock>
        <TextBlock HPOS="847"
                   VPOS="78"
                   WIDTH="51"
                   HEIGHT="43"
                   ID="block_2"
                   TAGREFS="BT15">
          <Shape><Polygon POINTS="898 78 898 121 847 121 847 78"/></Shape>
          <TextLine ID="line_1"
                    TAGREFS="LT8"
                    BASELINE="844 102 888 105" 
                    HPOS="842.0"
                    VPOS="70.0"
                    WIDTH="47.0"
                    HEIGHT="53.0">
            <Shape><Polygon POINTS="865 75 855 75 845 75 844 102 842 116 857 123 858 123 859 123 886 119 888 105 889 72 865 70 865 75"/></Shape>
	    <String CONTENT="33"
                    HPOS="842.0"
                    VPOS="70.0"
                    WIDTH="47.0"
                    HEIGHT="53.0"
                    WC="0.9999896883964539"></String>
          </TextLine>
        </TextBlock>
        <TextBlock HPOS="74"
                   VPOS="111"
                   WIDTH="823"
                   HEIGHT="351"
                   ID="block_1"
                   TAGREFS="BT1853">
          <Shape><Polygon POINTS="897 115 897 462 74 460 83 111"/></Shape>
          <TextLine ID="line_2"
                    TAGREFS="LT8"
                    BASELINE="92 151 420 150 887 157" 
                    HPOS="91"
                    VPOS="111"
                    WIDTH="796"
                    HEIGHT="62">
            <Shape><Polygon POINTS="300 117 298 117 288 117 214 111 208 111 199 111 189 111 179 111 178 111 157 115 151 116 145 115 120 111 111 111 101 111 100 111 92 114 92 151 91 162 203 166 204 166 216 164 232 161 249 164 258 166 259 166 268 165 293 161 305 165 310 167 311 167 312 167 313 167 318 165 329 162 421 162 435 167 442 169 443 169 444 169 456 167 479 163 529 168 532 168 533 168 534 168 543 163 551 168 553 170 554 170 555 170 556 170 581 169 640 165 663 170 666 170 667 170 668 170 669 170 676 165 685 170 687 171 688 171 689 171 708 170 785 166 793 171 793 172 794 172 795 172 796 172 802 171 839 166 847 172 848 172 849 172 850 173 886 173 887 157 887 123 851 123 850 122 833 115 832 115 831 115 747 120 723 114 722 114 721 114 720 114 700 120 694 114 693 114 692 114 663 113 662 113 621 120 619 120 617 120 592 113 591 113 590 113 563 119 559 120 558 119 550 112 549 112 548 112 521 112 520 112 519 112 518 112 509 119 508 119 385 119 382 118 367 113 366 113 365 113 348 117 344 118 343 117 333 111 325 111"/></Shape>
	    <String CONTENT="mulieres, adhuc tamenfortè Ethnico more,"
                    HPOS="91"
                    VPOS="111"
                    WIDTH="796"
                    HEIGHT="62"
                    WC="0.9981063110072438"></String>
          </TextLine>
          <TextLine ID="line_3"
                    TAGREFS="LT8"
                    BASELINE="90 198 889 204" 
                    HPOS="90.0"
                    VPOS="160.0"
                    WIDTH="799.0"
                    HEIGHT="65.0">
            <Shape><Polygon POINTS="90 198 90 219 163 214 205 220 206 220 207 220 208 220 222 214 251 221 255 221 256 221 265 221 344 215 366 221 367 222 368 222 369 222 380 222 452 216 484 222 490 223 491 223 511 223 618 218 628 223 630 224 631 224 632 224 639 223 685 218 695 224 696 224 697 224 698 224 705 224 785 219 817 225 821 225 822 225 827 225 868 219 886 225 889 204 889 172 869 163 868 163 867 163 751 167 704 162 703 162 702 162 686 171 685 172 666 172 665 171 653 162 652 162 651 162 650 162 610 170 590 162 589 162 588 162 587 162 563 170 563 171 490 171 452 170 452 169 430 161 429 161 381 161 380 161 379 161 378 161 368 167 354 160 353 160 352 160 351 160 319 168 318 169 274 169 273 168 259 160 258 160 257 160 256 160 220 167 90 167 90 198"/></Shape>
	    <String CONTENT="parum decorè ſeſe gererent, his præſcribit"
                    HPOS="90.0"
                    VPOS="160.0"
                    WIDTH="799.0"
                    HEIGHT="65.0"
                    WC="0.9917678444884545"></String>
          </TextLine>
          <TextLine ID="line_4"
                    TAGREFS="LT8"
                    BASELINE="92 248 883 252" 
                    HPOS="91.0"
                    VPOS="213.0"
                    WIDTH="792.0"
                    HEIGHT="57.0">
            <Shape><Polygon POINTS="92 248 91 258 121 267 122 267 123 267 206 260 212 260 213 260 222 267 223 267 224 267 225 267 267 263 349 268 350 268 351 268 352 268 360 262 361 262 363 263 379 268 380 268 381 268 436 267 437 267 445 264 451 261 455 264 460 268 461 268 462 268 463 268 464 268 476 264 482 263 492 264 517 269 518 269 519 269 532 265 542 262 592 266 631 269 632 269 632 269 638 267 649 262 683 262 708 268 715 269 716 269 733 268 805 263 818 269 820 270 821 270 822 270 826 270 852 264 881 270 883 252 883 224 867 215 866 215 865 215 865 215 815 224 815 225 724 225 721 224 686 214 685 214 684 214 641 222 598 215 597 215 596 215 595 215 585 223 584 223 575 223 495 215 494 215 493 215 477 222 476 222 474 222 445 213 444 213 421 213 420 213 419 213 418 213 407 221 406 222 402 221 381 215 380 215 379 215 352 220 343 213 342 213 341 213 340 213 229 215 228 215 218 220 214 221 92 219 92 248"/></Shape>
	    <String CONTENT="ſuum quoddam decorum, quod eis omni¬"
                    HPOS="91.0"
                    VPOS="213.0"
                    WIDTH="792.0"
                    HEIGHT="57.0"
                    WC="0.9977220214075513"></String>
          </TextLine>
          <TextLine ID="line_5"
                    TAGREFS="LT8"
                    BASELINE="92 299 513 297 888 302" 
                    HPOS="91.0"
                    VPOS="259.0"
                    WIDTH="797.0"
                    HEIGHT="61.0">
            <Shape><Polygon POINTS="92 299 91 310 125 317 126 317 229 312 256 311 264 312 287 318 288 319 333 319 333 318 334 318 335 318 342 313 344 312 354 313 381 318 382 318 400 314 410 312 480 315 535 317 536 317 537 317 542 316 554 312 566 316 570 317 571 317 572 317 598 316 676 313 717 318 732 319 733 319 734 319 738 318 751 313 767 318 771 319 772 319 773 319 774 319 777 318 796 313 807 319 808 319 809 319 810 320 887 320 888 302 888 270 862 261 861 261 809 261 808 261 807 261 784 269 783 269 703 264 702 264 667 269 665 269 665 269 642 261 641 261 640 261 639 261 618 266 572 260 571 260 523 268 512 260 511 260 510 260 487 260 486 260 430 268 419 260 418 260 417 260 416 260 376 261 375 261 374 261 365 267 270 259 269 259 268 259 236 267 162 259 161 259 160 259 143 268 92 268 92 299"/></Shape>
	    <String CONTENT="no ſeruandum eſt, vt in veſtitu omnis deſit"
                    HPOS="91.0"
                    VPOS="259.0"
                    WIDTH="797.0"
                    HEIGHT="61.0"
                    WC="0.9987043766088264"></String>
          </TextLine>
          <TextLine ID="line_6"
                    TAGREFS="LT8"
                    BASELINE="92 347 887 349" 
                    HPOS="91.0"
                    VPOS="308.0"
                    WIDTH="796.0"
                    HEIGHT="60.0">
            <Shape><Polygon POINTS="92 347 91 358 109 366 110 366 111 366 423 360 445 366 446 366 447 366 518 361 557 367 558 367 559 367 571 361 601 361 610 367 611 367 612 367 613 368 690 368 690 367 691 367 708 361 742 367 743 367 780 361 788 367 789 367 790 367 791 367 821 362 834 367 835 367 836 367 886 360 887 349 886 320 819 320 819 319 794 309 793 309 792 309 791 309 771 319 770 319 768 319 732 313 732 313 731 313 719 319 718 319 699 309 698 309 649 309 648 309 647 309 646 309 632 318 630 320 509 320 506 318 491 308 490 308 489 308 488 308 487 308 477 313 470 308 469 308 468 308 408 308 407 308 406 308 388 314 378 308 377 308 376 308 336 308 335 308 281 315 266 308 265 308 264 308 213 309 212 309 211 309 199 317 196 319 170 319 167 316 158 309 157 309 156 309 155 309 154 309 129 316 122 318 119 316 105 308 104 308 103 308 102 308 101 308 100 308 92 314 92 347"/></Shape>
	    <String CONTENT="luxus, &amp; ſuperbiæ ſuſpicio, in religione domi¬"
                    HPOS="91.0"
                    VPOS="308.0"
                    WIDTH="796.0"
                    HEIGHT="60.0"
                    WC="0.993488213290339"></String>
          </TextLine>
          <TextLine ID="line_7"
                    TAGREFS="LT8"
                    BASELINE="91 397 887 397" 
                    HPOS="91.0"
                    VPOS="359.0"
                    WIDTH="796.0"
                    HEIGHT="61.0">
            <Shape><Polygon POINTS="91 397 91 412 112 419 113 419 114 419 115 419 135 413 170 418 171 418 172 418 185 413 202 419 203 419 204 420 262 420 262 419 263 419 276 413 369 419 370 419 499 413 732 419 733 419 734 419 754 413 762 419 763 419 764 419 765 420 840 420 840 419 887 412 887 397 887 359 840 359 839 359 838 359 837 359 816 369 778 369 765 360 765 359 764 359 763 359 762 359 761 359 756 360 728 369 625 369 614 362 610 359 609 359 608 359 607 359 606 359 594 362 571 368 535 368 527 363 519 359 518 359 517 359 481 364 453 367 428 364 382 359 381 359 380 359 359 365 347 369 300 369 297 366 289 359 288 359 287 359 269 359 268 359 267 359 253 366 249 369 230 369 227 367 217 359 216 359 215 359 172 359 171 359 170 359 169 359 159 368 158 369 91 369 91 397"/></Shape>
	    <String CONTENT="nandi ambitio. Atque hæc duo membra iſto"
                    HPOS="91.0"
                    VPOS="359.0"
                    WIDTH="796.0"
                    HEIGHT="61.0"
                    WC="0.9894818589091301"></String>
          </TextLine>
          <TextLine ID="line_8"
                    TAGREFS="LT8"
                    BASELINE="107 444 444 445" 
                    HPOS="106"
                    VPOS="404"
                    WIDTH="336"
                    HEIGHT="64">
            <Shape><Polygon POINTS="106 443 106 464 366 461 371 461 415 468 416 468 417 468 442 459 442 443 442 413 273 404 272 404 176 411 149 404 148 404 147 404 106 411 106 443"/></Shape>
	    <String CONTENT="capite explicantur."
                    HPOS="106"
                    VPOS="404"
                    WIDTH="336"
                    HEIGHT="64"></String>
          </TextLine>
        </TextBlock>
        <TextBlock HPOS="79"
                   VPOS="461"
                   WIDTH="817"
                   HEIGHT="491"
                   ID="block_6"
                   TAGREFS="BT1851">
          <Shape><Polygon POINTS="896 461 896 952 79 952 83 467"/></Shape>
          <TextLine ID="line_9"
                    TAGREFS="LT8"
                    BASELINE="144 496 887 496" 
                    HPOS="144.0"
                    VPOS="455.0"
                    WIDTH="743.0"
                    HEIGHT="62.0">
            <Shape><Polygon POINTS="144 496 144 509 212 517 213 517 243 517 243 517 244 517 245 517 252 511 254 510 260 511 290 515 291 515 364 512 409 510 427 513 456 517 457 517 475 513 491 510 510 513 532 517 532 517 601 517 601 517 602 517 607 514 616 510 622 515 624 517 625 517 626 517 627 517 667 517 667 517 668 517 669 517 671 515 680 510 697 515 702 517 703 517 704 517 777 517 777 517 782 516 809 511 886 517 887 496 887 465 804 464 790 456 789 456 788 456 759 463 732 455 731 455 730 455 729 455 702 464 679 456 678 456 677 456 676 456 645 464 628 455 627 455 568 455 567 455 566 455 532 464 521 455 520 455 519 455 478 455 477 455 476 455 457 464 445 455 444 455 443 455 421 455 420 455 419 455 395 463 382 455 381 455 380 455 356 455 355 455 354 455 353 455 341 465 307 465 296 455 295 455 294 455 277 455 276 455 275 455 274 455 262 464 199 464 166 455 165 455 164 455 163 455 144 464 144 496"/></Shape>
	    <String CONTENT="Propoſitio illa ſit: Timotheo, &amp; ob id om¬"
                    HPOS="144.0"
                    VPOS="455.0"
                    WIDTH="743.0"
                    HEIGHT="62.0"
                    WC="0.983921739317122"></String>
          </TextLine>
          <TextLine ID="line_10"
                    TAGREFS="LT8"
                    BASELINE="100 545 888 547" 
                    HPOS="99.0"
                    VPOS="503.0"
                    WIDTH="789.0"
                    HEIGHT="64.0">
            <Shape><Polygon POINTS="99 562 291 565 292 565 293 565 301 562 310 559 381 559 387 562 392 565 393 565 394 565 395 565 410 562 419 560 428 562 442 565 443 565 444 565 445 565 450 562 454 559 458 562 462 565 463 565 464 565 465 565 490 562 501 560 506 561 519 566 520 566 521 566 522 566 532 561 535 560 537 561 544 566 545 566 546 566 547 567 607 567 607 566 608 566 609 566 615 561 617 560 624 561 643 565 644 565 645 565 655 561 658 560 663 561 680 566 681 566 682 566 741 561 745 561 750 561 843 566 844 566 845 566 846 566 854 561 856 560 886 560 888 547 886 509 845 516 831 508 825 505 824 505 795 505 794 505 793 505 792 505 789 508 777 517 741 517 727 509 726 509 725 509 724 509 703 515 688 507 683 505 682 505 681 505 680 505 679 505 677 507 665 516 657 511 656 511 655 511 654 511 653 511 645 517 534 517 516 506 514 505 513 505 488 504 487 504 486 504 480 506 449 515 378 510 377 510 376 510 356 515 326 504 324 504 323 504 322 504 318 504 286 510 258 504 257 504 256 504 255 504 236 514 199 515 180 504 179 504 178 504 177 504 126 509 101 503 100 545 99 562"/></Shape>
	    <String CONTENT="ni Eccleſiarum miniſtro curandum eſt vt"
                    HPOS="99.0"
                    VPOS="503.0"
                    WIDTH="789.0"
                    HEIGHT="64.0"
                    WC="0.9846657101924603"></String>
          </TextLine>
          <TextLine ID="line_11"
                    TAGREFS="LT8"
                    BASELINE="102 592 888 596" 
                    HPOS="101.0"
                    VPOS="554.0"
                    WIDTH="787.0"
                    HEIGHT="61.0">
            <Shape><Polygon POINTS="102 592 101 605 136 613 137 613 263 607 324 614 325 614 416 608 519 614 520 614 594 609 595 609 596 609 698 615 698 615 730 610 767 615 768 615 887 610 888 596 888 562 847 557 846 557 845 557 844 557 838 561 831 566 805 561 791 559 790 559 789 559 788 559 785 561 777 567 704 567 695 561 689 558 688 558 617 556 616 556 615 556 614 556 608 561 602 566 565 566 554 561 543 556 542 556 541 556 515 560 482 555 481 555 480 555 479 555 472 560 469 562 455 560 433 558 432 558 432 558 426 560 419 563 396 560 354 555 353 555 352 555 342 560 336 564 260 564 255 560 247 554 246 554 245 554 244 554 213 556 212 556 211 556 206 560 202 563 194 560 184 556 183 556 182 556 181 556 180 556 175 560 168 563 102 560 102 592"/></Shape>
	    <String CONTENT="preces in cœtibus publicis decenter &amp; piè"
                    HPOS="101.0"
                    VPOS="554.0"
                    WIDTH="787.0"
                    HEIGHT="61.0"
                    WC="0.9977699120839437"></String>
          </TextLine>
          <TextLine ID="line_12"
                    TAGREFS="LT8"
                    BASELINE="92 643 888 646" 
                    HPOS="91.0"
                    VPOS="605.0"
                    WIDTH="797.0"
                    HEIGHT="58.0">
            <Shape><Polygon POINTS="92 643 91 653 100 660 101 660 102 660 103 660 104 660 105 660 114 654 170 660 171 660 172 660 200 652 204 652 245 652 247 653 253 658 254 658 255 658 256 658 279 654 290 652 293 654 301 661 302 661 303 661 304 662 345 662 345 661 346 661 358 655 363 653 400 653 405 656 410 659 411 659 412 659 413 660 413 659 414 659 415 659 419 656 424 653 433 656 447 661 448 661 449 661 485 657 489 657 493 657 525 662 526 662 543 658 561 654 595 659 618 662 619 662 620 662 626 659 636 654 657 660 665 662 665 662 666 662 667 662 672 660 688 654 886 663 888 646 888 616 864 610 863 610 862 610 830 617 823 618 821 617 809 608 808 608 807 608 751 608 750 608 749 608 748 608 741 613 709 608 708 608 707 608 684 616 681 618 653 618 646 616 592 607 591 607 590 607 558 616 554 617 549 616 520 607 519 607 518 607 477 615 400 607 399 607 399 607 379 616 377 616 373 616 341 611 340 611 339 611 338 611 332 615 331 616 329 615 292 605 291 605 250 605 249 605 248 605 228 615 224 615 147 611 146 611 119 615 117 615 108 609 107 609 106 609 105 609 104 609 92 614 92 643"/></Shape>
	    <String CONTENT="fiant. Fient autem decenter, 1.ſi certam"
                    HPOS="91.0"
                    VPOS="605.0"
                    WIDTH="797.0"
                    HEIGHT="58.0"
                    WC="0.999597416818142"></String>
          </TextLine>
          <TextLine ID="line_13"
                    TAGREFS="LT8"
                    BASELINE="89 694 885 692" 
                    HPOS="88.0"
                    VPOS="654.0"
                    WIDTH="797.0"
                    HEIGHT="59.0">
            <Shape><Polygon POINTS="89 694 89 710 134 713 135 713 136 713 137 713 142 711 153 705 184 705 193 711 194 711 195 711 196 711 197 711 223 711 310 705 320 711 321 711 322 711 323 711 329 711 378 705 402 711 416 713 417 713 418 713 425 711 438 704 493 704 519 711 527 712 528 712 529 712 530 712 531 712 533 711 539 707 550 711 556 712 557 712 558 713 611 713 611 712 612 712 613 712 615 711 624 705 649 711 659 712 660 712 671 711 694 707 702 711 706 712 707 712 708 712 739 711 792 708 818 711 832 712 833 712 842 711 863 707 883 711 885 692 880 656 866 665 774 665 759 656 757 655 756 655 755 655 726 656 725 656 709 665 625 665 603 656 598 654 597 654 596 654 586 656 565 661 558 656 556 654 555 654 554 654 530 654 529 654 528 654 527 654 525 656 514 664 455 665 440 656 439 655 438 655 437 655 386 655 385 655 384 655 382 656 366 665 338 665 277 656 269 655 268 655 267 655 266 656 250 664 223 658 222 658 221 658 205 665 173 656 170 655 169 655 140 655 139 655 138 655 137 655 137 656 129 661 88 656 89 694"/></Shape>
	    <String CONTENT="habeant formulam. 2. ſi fiant pro his, pro"
                    HPOS="88.0"
                    VPOS="654.0"
                    WIDTH="797.0"
                    HEIGHT="59.0"
                    WC="0.9814701435111818"></String>
          </TextLine>
          <TextLine ID="line_14"
                    TAGREFS="LT8"
                    BASELINE="94 740 886 743" 
                    HPOS="93.0"
                    VPOS="704.0"
                    WIDTH="793.0"
                    HEIGHT="56.0">
            <Shape><Polygon POINTS="94 740 93 748 149 757 150 757 182 752 198 757 199 757 199 757 279 753 291 758 292 758 293 759 329 759 329 758 330 758 331 758 340 751 410 751 421 758 422 758 423 758 424 758 455 751 456 751 491 759 492 760 548 760 548 759 549 759 550 759 560 752 567 758 568 758 569 758 570 758 674 752 684 752 685 752 694 760 695 760 696 760 697 760 732 753 785 760 786 760 885 753 886 743 885 716 798 716 798 715 783 707 782 707 781 707 758 707 757 707 756 707 755 707 744 715 743 716 724 716 721 715 688 706 687 706 651 706 650 706 649 706 632 714 631 714 593 708 592 708 566 712 558 706 557 706 556 706 555 706 470 713 458 705 457 705 456 705 412 705 411 705 410 705 385 713 384 713 383 713 345 705 291 704 290 704 289 704 271 712 258 712 189 712 169 704 168 704 167 704 144 705 143 705 142 705 133 712 132 712 94 712 94 740"/></Shape>
	    <String CONTENT="quibus orandum eſt. 3.ſi certo &amp; ordinario"
                    HPOS="93.0"
                    VPOS="704.0"
                    WIDTH="793.0"
                    HEIGHT="56.0"
                    WC="0.992248956646238"></String>
          </TextLine>
          <TextLine ID="line_15"
                    TAGREFS="LT8"
                    BASELINE="90 793 884 791" 
                    HPOS="89.0"
                    VPOS="752.0"
                    WIDTH="795.0"
                    HEIGHT="60.0">
            <Shape><Polygon POINTS="90 793 90 803 123 808 124 808 125 808 126 808 132 803 133 803 200 803 201 803 226 812 227 812 228 812 292 803 295 803 366 803 366 803 381 811 382 811 383 811 485 812 486 812 487 812 513 805 547 809 548 809 549 809 550 809 561 802 562 802 566 802 614 808 615 808 616 808 623 804 635 811 636 811 637 811 638 811 705 802 707 802 708 802 730 811 731 811 732 812 842 812 842 811 843 811 861 802 883 801 884 791 882 763 841 763 826 752 825 752 824 752 823 752 770 763 721 763 703 753 702 753 701 753 639 762 620 752 619 752 618 752 577 758 550 752 549 752 548 752 547 752 540 758 520 754 519 754 475 763 472 763 471 763 452 753 451 753 450 753 449 753 423 763 422 763 421 763 405 753 404 753 403 753 361 753 360 753 359 753 332 763 331 763 329 763 292 753 291 753 242 753 241 753 240 753 239 753 225 763 224 764 176 764 174 763 159 753 158 753 157 753 156 753 155 753 128 763 126 763 125 763 103 757 102 757 101 757 100 757 89 761 90 793"/></Shape>
	    <String CONTENT="fine. 4. ſi honeſtis de cauſis impellantur ho¬"
                    HPOS="89.0"
                    VPOS="752.0"
                    WIDTH="795.0"
                    HEIGHT="60.0"
                    WC="0.9893201978310294"></String>
          </TextLine>
          <TextLine ID="line_16"
                    TAGREFS="LT8"
                    BASELINE="89 840 882 839" 
                    HPOS="88.0"
                    VPOS="804.0"
                    WIDTH="794.0"
                    HEIGHT="58.0">
            <Shape><Polygon POINTS="89 840 89 856 107 861 108 861 109 861 122 856 134 852 313 852 322 856 331 861 332 861 332 861 333 861 350 856 366 852 372 856 377 861 378 861 379 861 380 862 463 862 463 861 544 860 563 856 590 851 612 856 620 858 621 858 622 858 623 858 625 856 632 851 651 856 652 856 653 856 654 856 673 851 682 856 687 860 688 860 689 860 690 861 724 861 724 860 725 860 726 860 730 856 737 851 753 856 764 860 765 860 765 860 881 856 882 839 881 814 862 808 861 808 860 808 859 808 858 808 850 814 838 814 752 814 748 813 708 810 700 804 699 804 698 804 671 804 670 804 669 804 643 813 641 814 629 814 628 813 615 804 614 804 613 804 562 804 561 804 560 804 541 810 532 804 532 804 531 804 496 804 495 804 494 804 493 804 478 812 474 814 408 813 406 812 383 805 382 805 381 805 330 811 236 805 235 805 234 805 233 805 224 811 219 814 213 811 207 808 206 808 205 808 177 811 147 814 88 811 89 840"/></Shape>
	    <String CONTENT="mines ad orandum. 5.ſi ab his fiant, quo¬"
                    HPOS="88.0"
                    VPOS="804.0"
                    WIDTH="794.0"
                    HEIGHT="58.0"
                    WC="0.9963292755731722"></String>
          </TextLine>
          <TextLine ID="line_17"
                    TAGREFS="LT8"
                    BASELINE="90 888 885 890" 
                    HPOS="89.0"
                    VPOS="852.0"
                    WIDTH="796.0"
                    HEIGHT="64.0">
            <Shape><Polygon POINTS="90 888 89 905 162 914 163 914 216 906 240 906 250 913 251 913 252 913 253 913 323 906 333 914 334 914 335 914 336 915 456 915 456 914 457 914 487 906 499 915 500 915 501 915 502 915 503 915 519 907 597 907 635 915 636 916 742 916 742 915 743 915 768 907 787 914 788 914 789 914 790 914 816 907 831 914 831 914 832 914 833 914 851 907 884 907 885 890 885 864 808 854 807 854 806 854 805 854 792 863 773 863 759 853 758 853 757 853 756 853 703 861 664 853 663 853 633 860 609 853 608 853 533 853 532 853 532 853 512 861 509 862 466 862 465 861 434 852 433 852 432 852 432 852 401 860 387 854 386 854 385 854 384 854 368 860 366 862 336 862 334 860 323 852 322 852 321 852 297 852 296 852 295 852 294 852 283 860 280 861 90 859 90 888"/></Shape>
	    <String CONTENT="rum intereſt imprimis.6.ſi denique ſuo loco"
                    HPOS="89.0"
                    VPOS="852.0"
                    WIDTH="796.0"
                    HEIGHT="64.0"
                    WC="0.9824372183444888"></String>
          </TextLine>
          <TextLine ID="line_18"
                    TAGREFS="LT8"
                    BASELINE="97 935 281 938" 
                    HPOS="94"
                    VPOS="896"
                    WIDTH="185"
                    HEIGHT="68">
            <Shape><Polygon POINTS="96 934 94 961 183 957 276 964 279 937 278 906 96 896 96 934"/></Shape>
	    <String CONTENT="&amp; modo."
                    HPOS="94"
                    VPOS="896"
                    WIDTH="185"
                    HEIGHT="68"></String>
          </TextLine>
        </TextBlock>
        <TextBlock HPOS="83"
                   VPOS="955"
                   WIDTH="810"
                   HEIGHT="192"
                   ID="block_5"
                   TAGREFS="BT1851">
          <Shape><Polygon POINTS="893 955 893 1147 83 1147 83 955"/></Shape>
          <TextLine ID="line_19"
                    TAGREFS="LT8"
                    BASELINE="146 991 502 985 883 985" 
                    HPOS="145.0"
                    VPOS="945.0"
                    WIDTH="738.0"
                    HEIGHT="66.0">
            <Shape><Polygon POINTS="146 991 147 1011 163 1005 196 1010 202 1011 203 1011 393 1008 394 1008 395 1008 396 1007 405 1000 422 1006 429 1009 430 1009 431 1010 455 1010 455 1009 456 1009 457 1009 461 1005 469 1000 503 1000 514 1004 523 1009 524 1009 525 1009 526 1009 543 1004 563 998 655 998 682 998 693 1002 707 1007 708 1007 709 1008 765 1008 765 1007 765 1007 766 1007 775 1000 778 998 784 1000 801 1006 802 1006 803 1007 844 1007 844 1006 845 1006 846 1006 856 999 859 997 881 998 883 985 882 953 866 945 865 945 831 945 830 945 797 952 773 948 772 948 771 948 770 948 761 954 738 948 737 948 736 948 735 948 722 954 722 955 660 955 660 954 643 948 642 948 641 948 640 948 639 948 632 954 624 947 623 947 622 947 621 947 588 953 534 947 533 947 532 947 532 947 525 952 489 948 488 948 487 948 486 948 478 955 476 956 467 955 423 948 422 948 421 948 404 955 399 957 381 955 332 949 332 949 331 949 330 949 323 955 320 958 260 958 251 955 235 950 234 950 233 950 145 955 146 991"/></Shape>
	    <String CONTENT="Quum igitur Apoſtolus de oratione ad¬"
                    HPOS="145.0"
                    VPOS="945.0"
                    WIDTH="738.0"
                    HEIGHT="66.0"
                    WC="0.9979047920252826"></String>
          </TextLine>
          <TextLine ID="line_20"
                    TAGREFS="LT8"
                    BASELINE="89 1039 886 1034" 
                    HPOS="88"
                    VPOS="999"
                    WIDTH="798"
                    HEIGHT="61">
            <Shape><Polygon POINTS="89 1051 178 1051 180 1051 209 1060 210 1060 211 1060 212 1060 235 1052 241 1050 248 1052 274 1059 275 1059 276 1059 304 1052 315 1049 369 1049 378 1053 381 1054 382 1054 383 1054 384 1054 385 1054 386 1053 392 1049 408 1053 415 1054 416 1054 428 1053 464 1049 473 1053 483 1058 484 1058 485 1058 486 1058 501 1054 505 1053 521 1054 580 1058 581 1058 582 1058 595 1054 621 1047 644 1047 656 1055 659 1057 660 1057 661 1057 662 1057 697 1056 698 1056 699 1055 705 1050 715 1055 719 1057 720 1057 721 1057 768 1056 769 1056 770 1056 782 1049 808 1056 809 1056 810 1056 811 1057 885 1057 886 1034 884 1007 821 1007 802 999 801 999 800 999 728 1007 698 1000 697 1000 696 1000 695 1000 665 1007 617 1002 616 1002 583 1008 559 1002 558 1002 557 1002 532 1006 487 1001 486 1001 485 1001 466 1009 388 1002 387 1002 386 1002 385 1002 373 1010 332 1010 302 1002 301 1002 300 1002 299 1002 273 1010 261 1002 260 1002 259 1002 227 1002 226 1002 225 1002 193 1011 116 1004 115 1004 114 1004 88 1012 89 1039"/></Shape>
	    <String CONTENT="moneret, has circunſtantias omnes, breui¬"
                    HPOS="88"
                    VPOS="999"
                    WIDTH="798"
                    HEIGHT="61"
                    WC="0.9959637290093957"></String>
          </TextLine>
          <TextLine ID="line_21"
                    TAGREFS="LT8"
                    BASELINE="92 1088 884 1084" 
                    HPOS="91.0"
                    VPOS="1046.0"
                    WIDTH="793.0"
                    HEIGHT="66.0">
            <Shape><Polygon POINTS="92 1088 93 1112 110 1103 155 1103 176 1111 180 1112 181 1112 182 1112 183 1112 187 1111 203 1103 323 1108 366 1110 366 1110 391 1107 433 1102 440 1107 446 1111 447 1111 448 1111 449 1112 467 1112 467 1111 468 1111 478 1106 480 1105 490 1106 529 1110 530 1110 531 1110 539 1105 545 1102 554 1105 570 1110 571 1110 572 1111 648 1111 648 1110 649 1110 666 1103 667 1103 683 1110 684 1110 685 1110 883 1099 884 1084 881 1050 839 1054 818 1050 794 1046 793 1046 792 1046 791 1046 785 1051 779 1055 733 1055 721 1051 698 1046 698 1046 670 1052 661 1054 652 1052 633 1047 632 1047 632 1047 631 1047 615 1053 607 1056 482 1056 471 1054 440 1048 354 1048 353 1048 352 1048 351 1048 344 1053 326 1048 325 1048 324 1048 323 1048 322 1048 312 1056 299 1052 299 1052 298 1052 297 1052 279 1056 275 1057 272 1056 240 1049 239 1049 238 1049 237 1049 228 1057 227 1057 225 1057 177 1050 176 1050 175 1050 174 1050 167 1056 91 1058 92 1088"/></Shape>
	    <String CONTENT="ter quidem, ſed diligenter explicuit, quas nos"
                    HPOS="91.0"
                    VPOS="1046.0"
                    WIDTH="793.0"
                    HEIGHT="66.0"
                    WC="0.9970413938812588"></String>
          </TextLine>
          <TextLine ID="line_22"
                    TAGREFS="LT8"
                    BASELINE="98 1134 565 1134" 
                    HPOS="97"
                    VPOS="1097"
                    WIDTH="466"
                    HEIGHT="59">
            <Shape><Polygon POINTS="97 1133 97 1156 563 1155 563 1133 563 1105 272 1097 270 1097 176 1104 144 1097 142 1097 141 1097 97 1104 97 1133"/></Shape>
	    <String CONTENT="etiam ordine notabimus."
                    HPOS="97"
                    VPOS="1097"
                    WIDTH="466"
                    HEIGHT="59"></String>
          </TextLine>
        </TextBlock>
        <TextBlock HPOS="96"
                   VPOS="1154"
                   WIDTH="798"
                   HEIGHT="107"
                   ID="block_3"
                   TAGREFS="BT1852">
          <Shape><Polygon POINTS="894 1154 894 1261 96 1261 96 1154"/></Shape>
          <TextLine ID="line_23"
                    TAGREFS="LT8"
                    BASELINE="164 1193 416 1188 886 1188" 
                    HPOS="163.0"
                    VPOS="1147.0"
                    WIDTH="723.0"
                    HEIGHT="66.0">
            <Shape><Polygon POINTS="164 1193 164 1204 233 1204 235 1204 262 1211 263 1211 264 1211 286 1207 293 1212 294 1212 295 1212 296 1212 322 1211 323 1211 324 1211 333 1204 357 1208 358 1208 397 1203 401 1203 404 1203 443 1212 444 1212 445 1212 467 1203 498 1203 517 1212 518 1212 519 1213 609 1213 609 1212 610 1212 625 1205 698 1211 698 1211 732 1203 747 1211 748 1211 749 1212 815 1212 815 1211 816 1211 817 1211 831 1201 885 1200 886 1188 885 1157 820 1157 819 1156 809 1147 808 1147 807 1147 806 1147 805 1147 790 1156 786 1158 742 1158 732 1155 708 1149 707 1149 706 1149 690 1155 688 1155 687 1155 679 1149 678 1149 677 1149 676 1149 675 1149 665 1154 659 1158 611 1158 602 1154 596 1150 595 1150 594 1150 558 1153 509 1158 496 1153 494 1152 493 1152 492 1152 487 1153 465 1157 457 1152 452 1150 451 1150 450 1150 439 1152 431 1154 427 1152 419 1148 418 1148 417 1148 352 1149 351 1149 350 1149 347 1151 336 1160 293 1160 276 1151 272 1149 271 1149 270 1149 240 1150 239 1150 238 1150 231 1157 212 1150 209 1149 208 1149 207 1149 163 1149 164 1193"/></Shape>
	    <String CONTENT="Verſ.1. Adhortor igitur ante omnia vt"
                    HPOS="163.0"
                    VPOS="1147.0"
                    WIDTH="723.0"
                    HEIGHT="66.0"
                    WC="0.9823026189932952"></String>
          </TextLine>
          <TextLine ID="line_24"
                    TAGREFS="LT8"
                    BASELINE="100 1250 179 1245 580 1245" 
                    HPOS="99.0"
                    VPOS="1221.0"
                    WIDTH="481.0"
                    HEIGHT="45.0">
            <Shape><Polygon POINTS="575 1224 565 1224 556 1224 546 1224 536 1224 527 1224 517 1224 507 1224 498 1224 488 1224 478 1224 468 1224 459 1224 449 1224 439 1224 430 1224 420 1224 410 1224 400 1224 391 1224 381 1224 371 1224 362 1224 352 1224 342 1224 332 1224 323 1224 313 1224 303 1224 294 1224 284 1224 274 1224 265 1224 255 1224 245 1224 235 1224 226 1224 216 1224 206 1224 197 1224 187 1224 177 1224 167 1224 158 1224 148 1224 138 1224 129 1224 119 1224 109 1224 108 1221 99 1223 100 1250 100 1266 131 1265 132 1265 133 1265 143 1258 151 1263 152 1263 153 1263 154 1263 155 1263 171 1257 182 1261 183 1261 184 1261 185 1261 186 1261 186 1260 191 1256 219 1261 220 1261 221 1261 229 1258 235 1263 236 1264 236 1265 237 1265 238 1265 239 1265 260 1263 307 1258 330 1261 331 1261 332 1261 332 1261 346 1256 383 1256 387 1261 392 1264 392 1265 393 1265 394 1265 395 1266 415 1266 415 1265 416 1265 417 1265 427 1260 432 1257 437 1260 452 1265 453 1265 454 1266 498 1266 498 1265 499 1265 499 1265 499 1264 506 1259 520 1262 521 1262 522 1262 523 1262 524 1262 531 1258 535 1255 578 1256 580 1245 579 1224 575 1224"/></Shape>
	    <String CONTENT="fiant deprecationes, &amp;c."
                    HPOS="99.0"
                    VPOS="1221.0"
                    WIDTH="481.0"
                    HEIGHT="45.0"></String>
          </TextLine>
        </TextBlock>
        <TextBlock HPOS="105"
                   VPOS="1262"
                   WIDTH="794"
                   HEIGHT="306"
                   ID="block_4"
                   TAGREFS="BT1851">
          <Shape><Polygon POINTS="899 1262 899 1568 105 1568 105 1262"/></Shape>
          <TextLine ID="line_25"
                    TAGREFS="LT8"
                    BASELINE="206 1299 412 1295 888 1296" 
                    HPOS="205.0"
                    VPOS="1253.0"
                    WIDTH="683.0"
                    HEIGHT="62.0">
            <Shape><Polygon POINTS="206 1299 206 1311 237 1314 238 1314 239 1314 247 1311 256 1308 279 1311 304 1314 305 1314 360 1310 409 1307 432 1310 456 1313 457 1313 490 1309 512 1307 524 1309 548 1314 549 1314 582 1309 594 1307 601 1309 621 1314 622 1314 623 1314 624 1314 625 1314 625 1313 631 1308 632 1308 632 1308 640 1314 641 1314 642 1314 643 1315 676 1315 676 1314 742 1308 752 1307 753 1307 766 1314 767 1314 768 1314 769 1314 789 1308 796 1314 797 1314 798 1314 798 1315 853 1315 853 1314 854 1314 855 1314 862 1307 887 1306 888 1296 887 1262 863 1254 862 1254 861 1254 860 1254 841 1262 812 1256 811 1256 810 1256 790 1262 778 1254 777 1254 776 1254 775 1254 774 1254 773 1254 758 1263 727 1263 693 1253 692 1253 632 1253 631 1253 630 1253 614 1261 608 1255 607 1255 606 1255 605 1255 604 1255 593 1259 583 1253 582 1253 581 1253 580 1253 554 1258 504 1253 503 1253 502 1253 501 1253 490 1263 459 1263 422 1253 421 1253 420 1253 419 1253 418 1253 404 1262 366 1257 365 1257 364 1257 348 1262 323 1253 322 1253 321 1253 320 1253 319 1253 307 1262 290 1257 289 1257 288 1257 287 1257 274 1263 241 1263 223 1254 222 1254 221 1254 220 1254 219 1254 205 1261 206 1299"/></Shape>
	    <String CONTENT="Exordium ſecundi loci ducit ab ipſa"
                    HPOS="205.0"
                    VPOS="1253.0"
                    WIDTH="683.0"
                    HEIGHT="62.0"
                    WC="0.9989818743297032"></String>
          </TextLine>
          <TextLine ID="line_26"
                    TAGREFS="LT8"
                    BASELINE="108 1342 886 1346" 
                    HPOS="107.0"
                    VPOS="1303.0"
                    WIDTH="779.0"
                    HEIGHT="63.0">
            <Shape><Polygon POINTS="108 1342 107 1354 180 1357 195 1363 196 1363 197 1364 248 1364 248 1363 249 1363 250 1363 257 1358 265 1363 266 1363 266 1363 303 1364 304 1364 352 1357 412 1364 413 1364 440 1358 482 1362 483 1362 484 1362 496 1357 508 1361 509 1361 510 1361 555 1358 580 1365 581 1365 582 1365 583 1365 614 1358 677 1358 699 1366 700 1366 701 1366 702 1366 725 1358 764 1366 765 1366 798 1359 824 1366 825 1366 826 1366 827 1366 850 1358 885 1358 886 1346 886 1318 854 1309 853 1309 852 1309 851 1309 832 1317 827 1317 631 1317 623 1313 608 1306 607 1306 583 1306 582 1306 581 1306 580 1306 573 1312 569 1314 558 1311 535 1306 534 1306 486 1310 425 1315 399 1308 391 1306 390 1306 389 1306 388 1306 380 1308 366 1311 347 1307 335 1305 334 1305 325 1307 291 1315 248 1315 236 1305 235 1305 234 1305 108 1303 108 1342"/></Shape>
	    <String CONTENT="ſtatim propoſitione: curandum ei, vt preces"
                    HPOS="107.0"
                    VPOS="1303.0"
                    WIDTH="779.0"
                    HEIGHT="63.0"
                    WC="0.9936321350031121"></String>
          </TextLine>
          <TextLine ID="line_27"
                    TAGREFS="LT8"
                    BASELINE="106 1394 887 1394" 
                    HPOS="106.0"
                    VPOS="1356.0"
                    WIDTH="781.0"
                    HEIGHT="55.0">
            <Shape><Polygon POINTS="106 1394 106 1409 885 1411 887 1394 886 1367 853 1367 853 1366 834 1358 833 1358 832 1358 811 1362 798 1356 797 1356 796 1356 795 1356 762 1365 757 1367 680 1367 675 1364 660 1356 659 1356 636 1356 635 1356 634 1356 633 1356 623 1363 618 1367 567 1367 561 1363 549 1356 548 1356 547 1356 498 1356 497 1356 496 1356 478 1362 467 1366 414 1365 408 1361 399 1356 399 1356 398 1356 314 1356 313 1356 312 1356 297 1360 293 1361 290 1360 283 1356 282 1356 281 1356 280 1356 279 1356 278 1356 271 1359 267 1362 263 1359 253 1356 252 1356 251 1356 250 1356 239 1359 221 1366 158 1366 148 1358 144 1356 143 1356 142 1356 141 1356 106 1358 106 1394"/></Shape>
	    <String CONTENT="fiant. Miſcet propoſitioni ſuam authori¬"
                    HPOS="106.0"
                    VPOS="1356.0"
                    WIDTH="781.0"
                    HEIGHT="55.0"
                    WC="0.9990711107850074"></String>
          </TextLine>
          <TextLine ID="line_28"
                    TAGREFS="LT8"
                    BASELINE="109 1441 888 1444" 
                    HPOS="108.0"
                    VPOS="1404.0"
                    WIDTH="780.0"
                    HEIGHT="59.0">
            <Shape><Polygon POINTS="109 1441 108 1455 114 1458 115 1458 116 1458 117 1458 179 1454 209 1461 210 1461 211 1461 327 1454 347 1460 348 1460 349 1460 350 1460 372 1455 384 1462 385 1462 386 1462 387 1462 388 1462 412 1455 439 1455 453 1462 454 1462 455 1462 456 1462 505 1455 528 1462 529 1462 530 1462 531 1462 551 1455 561 1462 562 1462 563 1462 632 1463 633 1463 887 1455 888 1444 887 1406 787 1406 786 1406 785 1406 783 1407 762 1416 583 1416 564 1409 551 1405 550 1405 469 1405 468 1405 467 1405 458 1410 447 1415 422 1410 413 1409 412 1409 411 1409 410 1409 408 1410 400 1415 383 1411 376 1409 375 1409 374 1409 350 1411 317 1414 311 1411 295 1404 294 1404 262 1404 261 1404 260 1404 245 1412 241 1414 224 1412 168 1406 167 1406 166 1406 166 1406 156 1413 109 1413 109 1441"/></Shape>
	    <String CONTENT="tatem, vt hortetur ad rem tam piam: neceſ¬"
                    HPOS="108.0"
                    VPOS="1404.0"
                    WIDTH="780.0"
                    HEIGHT="59.0"
                    WC="0.9993722140789032"></String>
          </TextLine>
          <TextLine ID="line_29"
                    TAGREFS="LT8"
                    BASELINE="110 1489 889 1493" 
                    HPOS="109.0"
                    VPOS="1454.0"
                    WIDTH="780.0"
                    HEIGHT="58.0">
            <Shape><Polygon POINTS="110 1489 109 1501 144 1508 145 1508 146 1508 161 1503 212 1509 213 1509 261 1504 304 1510 305 1511 367 1511 367 1510 368 1510 387 1504 390 1504 395 1504 434 1510 435 1510 458 1505 465 1504 471 1505 500 1511 501 1511 554 1506 568 1505 572 1506 585 1511 586 1511 587 1511 588 1511 604 1507 610 1505 615 1507 624 1510 625 1510 626 1510 652 1507 671 1505 679 1507 694 1512 695 1512 696 1512 718 1508 729 1506 887 1509 889 1493 889 1462 875 1457 874 1457 873 1457 872 1457 858 1462 846 1465 838 1461 828 1456 827 1456 765 1456 765 1456 764 1456 755 1461 750 1464 698 1465 683 1460 673 1457 672 1457 671 1457 670 1457 669 1457 665 1460 658 1465 609 1465 598 1460 587 1455 586 1455 585 1455 560 1460 536 1464 529 1459 523 1455 522 1455 521 1455 520 1455 487 1459 469 1461 465 1459 455 1455 454 1455 407 1455 406 1455 405 1455 404 1455 398 1458 390 1464 325 1464 314 1458 312 1457 311 1457 310 1457 309 1457 307 1458 299 1462 280 1458 275 1457 274 1457 269 1458 246 1462 240 1457 239 1457 238 1457 237 1457 232 1457 199 1462 192 1457 191 1457 190 1457 189 1457 188 1457 187 1457 169 1462 153 1457 141 1454 140 1454 139 1454 110 1456 110 1489"/></Shape>
	    <String CONTENT="ſariam autem indicat dum hortatur vt fiant"
                    HPOS="109.0"
                    VPOS="1454.0"
                    WIDTH="780.0"
                    HEIGHT="58.0"
                    WC="0.9997490133558001"></String>
          </TextLine>
          <TextLine ID="line_30"
                    TAGREFS="LT8"
                    BASELINE="113 1535 366 1543 888 1544" 
                    HPOS="112.0"
                    VPOS="1503.0"
                    WIDTH="776.0"
                    HEIGHT="71.0">
            <Shape><Polygon POINTS="113 1535 112 1557 134 1563 135 1563 197 1559 220 1558 224 1560 240 1568 241 1568 242 1568 243 1568 260 1564 266 1569 266 1569 267 1569 268 1569 328 1562 353 1559 363 1563 380 1570 381 1570 382 1570 383 1570 403 1563 414 1560 425 1564 431 1566 432 1566 432 1566 433 1566 439 1564 453 1560 459 1565 465 1570 465 1570 466 1570 512 1571 513 1571 514 1571 527 1566 529 1565 531 1566 536 1571 537 1571 538 1571 539 1572 607 1572 607 1571 608 1571 615 1568 620 1565 623 1568 627 1571 627 1572 628 1572 629 1572 630 1573 693 1573 693 1572 694 1572 698 1570 712 1562 722 1567 723 1567 724 1567 752 1562 760 1568 760 1569 761 1569 762 1569 763 1569 799 1565 826 1572 829 1573 830 1573 831 1574 887 1574 888 1544 888 1518 855 1507 854 1507 853 1507 784 1512 756 1506 707 1506 706 1506 705 1506 704 1506 693 1515 646 1506 645 1506 604 1516 561 1516 558 1516 558 1515 532 1505 531 1505 530 1505 479 1514 424 1504 423 1504 422 1504 396 1514 389 1514 348 1514 341 1508 340 1508 339 1508 338 1508 305 1513 292 1503 291 1503 290 1503 289 1503 288 1503 256 1513 255 1513 225 1513 210 1505 209 1505 208 1505 207 1505 206 1505 195 1513 113 1513 113 1535"/></Shape>
	    <String CONTENT="πρῶτον πάντων.i.ante omnia, nõ quidem ſine"
                    HPOS="112.0"
                    VPOS="1503.0"
                    WIDTH="776.0"
                    HEIGHT="71.0"></String>
          </TextLine>
        </TextBlock>
      </PrintSpace>
    </Page>
  </Layout>
</alto>
