<?xml version="1.0" encoding="UTF-8"?>
<alto xmlns:xsi="http://www.w3.org/2001/XMLSchema-instance"
      xmlns="http://www.loc.gov/standards/alto/ns-v4#"
      xsi:schemaLocation="http://www.loc.gov/standards/alto/ns-v4# http://www.loc.gov/standards/alto/v4/alto-4-2.xsd">
  <Description>
    <MeasurementUnit>pixel</MeasurementUnit>
    <sourceImageInformation>
      <fileName>bsb10313792_00120.jpg</fileName>
    </sourceImageInformation>
  </Description>
  <Tags>
    <OtherTag ID="BT7" LABEL="CustomZone" DESCRIPTION="block type CustomZone"/><OtherTag ID="BT8" LABEL="DamageZone" DESCRIPTION="block type DamageZone"/><OtherTag ID="BT9" LABEL="DigitizationArtefactZone" DESCRIPTION="block type DigitizationArtefactZone"/><OtherTag ID="BT10" LABEL="DropCapitalZone" DESCRIPTION="block type DropCapitalZone"/><OtherTag ID="BT11" LABEL="GraphicZone" DESCRIPTION="block type GraphicZone"/><OtherTag ID="BT12" LABEL="MainZone" DESCRIPTION="block type MainZone"/><OtherTag ID="BT13" LABEL="MarginTextZone" DESCRIPTION="block type MarginTextZone"/><OtherTag ID="BT14" LABEL="MusicZone" DESCRIPTION="block type MusicZone"/><OtherTag ID="BT15" LABEL="NumberingZone" DESCRIPTION="block type NumberingZone"/><OtherTag ID="BT17" LABEL="QuireMarksZone" DESCRIPTION="block type QuireMarksZone"/><OtherTag ID="BT18" LABEL="RunningTitleZone" DESCRIPTION="block type RunningTitleZone"/><OtherTag ID="BT19" LABEL="SealZone" DESCRIPTION="block type SealZone"/><OtherTag ID="BT20" LABEL="StampZone" DESCRIPTION="block type StampZone"/><OtherTag ID="BT21" LABEL="TableZone" DESCRIPTION="block type TableZone"/><OtherTag ID="BT22" LABEL="TitlePageZone" DESCRIPTION="block type TitlePageZone"/><OtherTag ID="BT1851" LABEL="MainZone-P" DESCRIPTION="block type MainZone-P"/><OtherTag ID="BT1852" LABEL="MainZone-Head" DESCRIPTION="block type MainZone-Head"/><OtherTag ID="BT1853" LABEL="MainZone-P-Continued" DESCRIPTION="block type MainZone-P-Continued"/><OtherTag ID="BT1854" LABEL="MarginTextZone-ManuscriptAddendum" DESCRIPTION="block type MarginTextZone-ManuscriptAddendum"/><OtherTag ID="BT1855" LABEL="text" DESCRIPTION="block type text"/><OtherTag ID="BT1856" LABEL="MainZone-Entry" DESCRIPTION="block type MainZone-Entry"/><OtherTag ID="BT1857" LABEL="MainZone-Entry-Continued" DESCRIPTION="block type MainZone-Entry-Continued"/><OtherTag ID="BT1877" LABEL="GraphicZone-Decoration" DESCRIPTION="block type GraphicZone-Decoration"/><OtherTag ID="BT1894" LABEL="MainZone-Other" DESCRIPTION="block type MainZone-Other"/>
    <OtherTag ID="LT7" LABEL="CustomLine" DESCRIPTION="line type CustomLine"/><OtherTag ID="LT8" LABEL="DefaultLine" DESCRIPTION="line type DefaultLine"/><OtherTag ID="LT9" LABEL="DropCapitalLine" DESCRIPTION="line type DropCapitalLine"/><OtherTag ID="LT10" LABEL="HeadingLine" DESCRIPTION="line type HeadingLine"/><OtherTag ID="LT11" LABEL="InterlinearLine" DESCRIPTION="line type InterlinearLine"/><OtherTag ID="LT12" LABEL="MusicLine" DESCRIPTION="line type MusicLine"/><OtherTag ID="LT636" LABEL="default" DESCRIPTION="line type default"/>
  </Tags>
  <Layout>
    <Page WIDTH="1080"
          HEIGHT="1755"
          PHYSICAL_IMG_NR="104"
          ID="eSc_dummypage_">
      <PrintSpace HPOS="0"
                  VPOS="0"
                  WIDTH="1080"
                  HEIGHT="1755">
        <TextBlock HPOS="216.38414001464844"
                   VPOS="85.57691955566406"
                   WIDTH="56.33976745605469"
                   HEIGHT="35.39213562011719"
                   ID="block_3"
                   TAGREFS="BT15">
          <Shape><Polygon POINTS="216.384 85.5769 272.724 85.5769 272.724 120.969 216.384 120.969 216.384 85.5769"/></Shape>
          <TextLine ID="line_0"
                    TAGREFS="LT8"
                    BASELINE="224 110 264 109" 
                    HPOS="222"
                    VPOS="86"
                    WIDTH="41"
                    HEIGHT="47">
            <Shape><Polygon POINTS="251 86 237 86 222 86 223 109 225 133 263 122 263 108 259 86 251 86"/></Shape>
	    <String CONTENT="112"
                    HPOS="222"
                    VPOS="86"
                    WIDTH="41"
                    HEIGHT="47"
                    WC="0.9994200865427653"></String>
          </TextLine>
        </TextBlock>
        <TextBlock HPOS="391.392333984375"
                   VPOS="72.91636657714844"
                   WIDTH="464.33099365234375"
                   HEIGHT="45.440887451171875"
                   ID="block_0"
                   TAGREFS="BT18">
          <Shape><Polygon POINTS="391.392 72.9164 855.723 72.9164 855.723 118.357 391.392 118.357 391.392 72.9164"/></Shape>
          <TextLine ID="line_1"
                    TAGREFS="LT10"
                    BASELINE="392 106 854 107" 
                    HPOS="391"
                    VPOS="71"
                    WIDTH="463"
                    HEIGHT="51">
            <Shape><Polygon POINTS="391 115 407 121 408 121 409 121 410 121 423 116 442 116 448 120 448 121 449 121 450 121 451 121 498 117 528 121 529 121 575 117 583 121 584 121 585 121 586 121 624 117 640 121 641 121 642 121 662 117 667 121 668 121 669 121 670 122 734 122 734 121 735 121 736 121 744 116 745 116 794 116 795 116 803 121 804 121 805 121 806 121 807 121 808 121 816 116 817 116 852 116 854 107 852 71 392 71 392 106"/></Shape>
	    <String CONTENT="COMMENTARII"
                    HPOS="391"
                    VPOS="71"
                    WIDTH="463"
                    HEIGHT="51"
                    WC="0.9994578740813516"></String>
          </TextLine>
        </TextBlock>
        <TextBlock HPOS="205.95941162109375"
                   VPOS="127.38217163085938"
                   WIDTH="810.5123901367188"
                   HEIGHT="491.0964660644531"
                   ID="block_2"
                   TAGREFS="BT1853">
          <Shape><Polygon POINTS="205.959 127.382 1016.47 127.382 1016.47 618.479 205.959 618.479 205.959 127.382"/></Shape>
          <TextLine ID="line_2"
                    TAGREFS="LT8"
                    BASELINE="215 167 493 162 1010 163" 
                    HPOS="214"
                    VPOS="124"
                    WIDTH="796"
                    HEIGHT="58">
            <Shape><Polygon POINTS="907 124 897 124 887 124 883 124 881 125 875 124 868 124 858 124 848 124 840 124 833 129 830 131 764 131 761 129 749 124 741 124 731 124 722 124 706 129 702 131 657 131 655 129 645 124 643 124 634 124 624 124 615 124 608 127 599 124 595 124 585 124 582 124 576 129 573 131 569 129 560 124 556 124 546 124 536 124 526 124 517 124 507 124 497 124 487 124 478 124 468 124 462 124 447 129 440 131 435 129 422 124 419 124 409 124 400 124 397 124 390 124 380 124 370 124 360 124 351 124 341 124 331 124 321 124 312 124 302 124 292 124 282 124 273 124 263 124 253 124 243 124 214 128 215 167 215 180 386 176 408 180 417 182 418 182 437 180 482 176 524 180 541 182 542 182 543 182 544 182 546 180 554 176 569 180 575 182 576 182 577 182 585 180 609 175 620 180 621 181 622 181 623 181 630 180 671 175 698 180 703 181 704 181 705 181 707 180 723 175 732 180 732 181 733 181 734 181 735 181 736 181 738 180 754 175 797 175 805 180 805 181 806 181 807 181 808 181 809 181 811 180 827 176 1008 180 1010 163 1008 130 943 130 939 129 920 124 917 124"/></Shape>
	    <String CONTENT="ſolertia regendi Eccleſiam, docendi Euan¬"
                    HPOS="214"
                    VPOS="124"
                    WIDTH="796"
                    HEIGHT="58"
                    WC="0.9994680299991514"></String>
          </TextLine>
          <TextLine ID="line_3"
                    TAGREFS="LT8"
                    BASELINE="219 215 1011 213" 
                    HPOS="218.0"
                    VPOS="172.0"
                    WIDTH="793.0"
                    HEIGHT="61.0">
            <Shape><Polygon POINTS="219 215 219 233 277 231 278 231 279 231 287 225 348 233 349 233 350 233 351 233 391 225 424 231 425 231 454 225 487 230 488 230 489 230 500 225 571 225 588 233 589 233 590 233 591 233 592 233 616 225 645 232 646 232 647 232 663 224 713 224 727 232 728 232 729 232 768 225 794 232 795 232 796 232 797 232 798 232 810 224 860 225 869 232 870 232 871 232 872 233 1010 233 1011 213 1008 181 964 182 962 181 948 172 947 172 946 172 908 172 907 172 906 172 905 172 892 181 890 183 835 183 833 181 827 177 826 177 825 177 824 177 793 182 788 182 786 182 759 172 758 172 757 172 756 172 721 182 720 182 720 182 688 172 687 172 653 172 652 172 651 172 637 178 581 173 580 173 579 173 559 183 558 184 527 184 526 183 508 173 507 173 474 173 473 173 472 173 471 173 462 180 425 173 424 173 423 173 422 173 406 183 388 173 387 173 386 173 307 183 285 173 284 173 283 173 218 184 219 215"/></Shape>
	    <String CONTENT="gelium, &amp; ſimilia. Hoc donum non debet"
                    HPOS="218.0"
                    VPOS="172.0"
                    WIDTH="793.0"
                    HEIGHT="61.0"
                    WC="0.9851608135198292"></String>
          </TextLine>
          <TextLine ID="line_4"
                    TAGREFS="LT8"
                    BASELINE="215 265 1007 261" 
                    HPOS="214.0"
                    VPOS="220.0"
                    WIDTH="793.0"
                    HEIGHT="65.0">
            <Shape><Polygon POINTS="215 265 215 275 241 283 242 283 243 283 244 283 245 283 254 276 266 285 267 285 268 285 269 285 357 283 358 283 359 283 367 277 368 276 373 277 393 281 394 281 395 281 406 277 413 275 472 278 599 284 600 284 600 284 617 279 635 274 785 274 807 281 812 282 813 282 814 282 815 282 818 281 833 274 861 280 862 280 910 273 928 282 929 282 930 282 931 283 1006 283 1007 261 1005 231 869 231 851 221 850 221 817 220 816 220 815 220 782 231 691 221 690 221 689 221 662 232 635 232 625 225 624 225 623 225 622 225 621 225 608 232 578 222 577 222 536 222 535 222 534 222 533 222 522 229 493 222 492 222 491 222 471 232 452 222 451 222 413 222 412 222 370 232 339 223 338 223 294 223 293 223 292 223 291 223 277 234 214 234 215 265"/></Shape>
	    <String CONTENT="neghgere, hoc eſt, debet auctius reddere, ne¬"
                    HPOS="214.0"
                    VPOS="220.0"
                    WIDTH="793.0"
                    HEIGHT="65.0"
                    WC="0.9940950605604384"></String>
          </TextLine>
          <TextLine ID="line_5"
                    TAGREFS="LT8"
                    BASELINE="219 313 1002 311" 
                    HPOS="218.0"
                    VPOS="273.0"
                    WIDTH="784.0"
                    HEIGHT="58.0">
            <Shape><Polygon POINTS="219 313 219 331 299 331 299 330 300 330 302 329 315 323 354 329 365 330 366 330 378 328 408 323 467 327 500 329 501 329 502 329 512 326 528 322 549 322 555 326 559 329 560 329 560 329 561 329 562 329 575 325 589 322 600 325 615 329 616 329 617 329 639 325 652 322 665 324 691 329 692 329 739 323 759 321 800 322 939 328 940 328 1002 319 1002 311 1001 279 991 273 990 273 989 273 988 273 987 273 970 280 970 281 929 281 869 281 846 273 845 273 818 273 817 273 816 273 815 273 804 279 775 273 774 273 773 273 740 281 716 273 715 273 714 273 713 273 694 279 670 273 669 273 668 273 667 273 644 281 604 273 603 273 602 273 582 281 525 281 495 273 494 273 493 273 463 274 462 274 461 274 449 283 401 283 371 274 370 274 369 274 368 274 354 282 331 277 330 277 329 277 328 277 321 283 275 283 248 274 247 274 246 274 245 274 218 283 219 313"/></Shape>
	    <String CONTENT="gligunt qui contemptim de his iudicant, ne"
                    HPOS="218.0"
                    VPOS="273.0"
                    WIDTH="784.0"
                    HEIGHT="58.0"
                    WC="0.9893490899176824"></String>
          </TextLine>
          <TextLine ID="line_6"
                    TAGREFS="LT8"
                    BASELINE="221 362 1001 358" 
                    HPOS="220.0"
                    VPOS="319.0"
                    WIDTH="781.0"
                    HEIGHT="61.0">
            <Shape><Polygon POINTS="221 362 221 380 415 371 469 376 471 376 472 376 476 376 547 371 558 375 568 379 569 379 570 379 592 374 611 370 632 374 659 378 660 378 693 372 704 371 708 372 719 376 720 376 720 376 721 376 729 372 731 371 771 371 791 371 803 378 804 378 805 378 891 369 896 369 898 369 935 377 936 377 937 377 938 377 945 372 977 376 978 376 979 376 1001 367 1001 358 1000 330 932 329 901 319 900 319 899 319 855 329 854 330 803 331 705 331 699 329 659 320 658 320 611 329 608 329 591 329 574 329 560 321 559 321 558 321 503 326 481 321 480 321 480 321 479 321 455 329 448 331 443 329 427 321 426 321 425 321 389 329 387 329 385 329 366 322 365 322 364 322 363 322 362 322 352 329 349 330 317 330 316 329 309 323 308 323 307 323 306 323 305 323 289 329 280 332 271 329 257 323 256 323 255 323 254 323 242 329 240 330 220 329 221 362"/></Shape>
	    <String CONTENT="gligentia. ſua reddunt deterius: quod Sct i¬"
                    HPOS="220.0"
                    VPOS="319.0"
                    WIDTH="781.0"
                    HEIGHT="61.0"
                    WC="0.990991161628203"></String>
          </TextLine>
          <TextLine ID="line_7"
                    TAGREFS="LT8"
                    BASELINE="217 414 998 406" 
                    HPOS="216.0"
                    VPOS="366.0"
                    WIDTH="782.0"
                    HEIGHT="63.0">
            <Shape><Polygon POINTS="217 414 217 429 316 422 465 425 508 426 509 426 517 424 535 420 545 424 550 426 551 426 552 426 564 424 579 421 590 423 600 426 601 426 602 426 617 423 626 421 680 422 800 424 801 424 862 423 863 423 864 423 870 419 873 417 880 418 897 423 898 423 899 423 998 416 998 406 996 375 910 375 883 366 882 366 881 366 880 366 880 366 867 376 865 376 856 376 808 372 807 372 755 376 744 377 742 376 729 367 728 367 727 367 726 367 725 367 687 377 681 378 672 377 639 373 638 373 637 373 627 377 626 378 625 377 607 368 606 368 605 368 545 378 543 378 541 378 510 369 509 369 508 369 391 371 390 371 389 371 380 377 343 371 342 371 297 380 286 382 279 380 253 373 252 373 251 373 216 380 217 414"/></Shape>
	    <String CONTENT="ptura dicit defodere ſuum talentum. Exco¬"
                    HPOS="216.0"
                    VPOS="366.0"
                    WIDTH="782.0"
                    HEIGHT="63.0"
                    WC="0.9888673657324256"></String>
          </TextLine>
          <TextLine ID="line_8"
                    TAGREFS="LT8"
                    BASELINE="214 462 996 458" 
                    HPOS="213.0"
                    VPOS="417.0"
                    WIDTH="783.0"
                    HEIGHT="62.0">
            <Shape><Polygon POINTS="214 462 214 471 231 478 232 478 233 478 270 471 271 471 283 479 284 479 285 479 286 479 287 479 298 474 379 479 380 479 381 479 408 470 409 470 410 470 423 475 424 475 425 475 426 475 427 475 433 470 434 470 540 470 551 478 552 478 553 478 554 479 591 479 591 478 592 478 613 469 614 469 642 469 643 469 662 477 663 477 664 477 665 477 680 470 735 469 778 477 779 477 780 477 799 471 816 476 817 476 818 476 819 476 842 468 852 476 853 476 854 476 855 476 856 476 857 476 867 470 930 476 931 476 932 476 933 476 942 470 980 474 981 474 982 474 996 468 996 458 994 427 939 427 925 418 924 418 923 418 922 418 921 418 896 427 895 427 894 427 884 422 883 422 882 422 861 427 858 427 857 427 836 417 835 417 834 417 833 417 818 424 801 417 800 417 800 417 799 417 778 427 775 429 685 429 682 427 666 418 665 418 602 418 601 418 600 418 600 418 590 426 573 427 558 428 555 427 535 419 534 419 477 419 476 419 475 419 450 427 443 429 403 428 402 427 393 420 392 420 391 420 390 420 363 425 352 420 351 420 350 420 349 420 329 427 323 429 294 429 291 427 277 420 276 420 275 420 213 427 214 462"/></Shape>
	    <String CONTENT="lẽdum igitur eſt ſingulis ſuum χάρισμα, hoc"
                    HPOS="213.0"
                    VPOS="417.0"
                    WIDTH="783.0"
                    HEIGHT="62.0"
                    WC="0.9789002948337131"></String>
          </TextLine>
          <TextLine ID="line_9"
                    TAGREFS="LT8"
                    BASELINE="214 510 1003 507" 
                    HPOS="213.0"
                    VPOS="466.0"
                    WIDTH="790.0"
                    HEIGHT="60.0">
            <Shape><Polygon POINTS="214 510 214 520 272 526 273 526 274 526 283 521 285 520 288 521 306 526 307 526 308 526 336 521 344 520 381 521 482 525 483 525 484 525 485 525 489 522 493 519 600 519 607 522 613 524 614 524 615 525 757 525 757 524 758 524 762 523 774 519 790 523 797 524 798 524 805 523 831 517 842 523 843 523 844 523 845 524 889 524 889 523 890 523 891 523 900 517 909 523 910 523 911 523 912 523 913 523 937 518 1001 523 1003 507 1001 475 904 475 903 474 888 466 887 466 886 466 885 466 844 474 843 475 824 475 823 474 811 466 810 466 809 466 808 466 807 466 780 472 767 469 766 469 765 469 764 469 763 469 758 474 756 476 741 476 739 474 726 467 725 467 724 467 692 467 691 467 690 467 689 467 680 474 678 476 632 476 630 474 620 467 619 467 618 467 617 467 597 468 596 468 595 468 586 474 583 477 542 477 538 474 527 468 526 468 525 468 524 468 484 473 444 468 443 468 442 468 417 474 403 477 354 474 271 468 270 468 213 473 214 510"/></Shape>
	    <String CONTENT="eſt, talentum qualecunque illud ſit: &amp; nemo"
                    HPOS="213.0"
                    VPOS="466.0"
                    WIDTH="790.0"
                    HEIGHT="60.0"
                    WC="0.9954771371774895"></String>
          </TextLine>
          <TextLine ID="line_10"
                    TAGREFS="LT8"
                    BASELINE="215 560 440 556 1005 557" 
                    HPOS="214.0"
                    VPOS="517.0"
                    WIDTH="791.0"
                    HEIGHT="59.0">
            <Shape><Polygon POINTS="215 560 215 575 240 570 268 575 270 575 271 575 272 575 273 575 280 569 304 575 307 575 308 575 309 575 310 575 319 569 340 575 342 575 343 575 344 575 353 575 412 569 453 574 465 575 466 575 475 574 502 569 535 573 550 575 551 576 593 576 593 575 594 575 595 575 598 573 603 569 623 573 635 575 636 575 637 575 646 573 662 569 723 569 730 572 734 575 735 575 736 575 737 575 756 572 774 569 787 572 800 575 800 575 801 576 860 576 860 575 861 575 872 571 880 569 904 571 945 575 946 575 1004 570 1005 557 1004 523 933 517 932 517 931 517 930 517 920 523 915 527 798 527 792 524 774 517 773 517 772 517 742 523 730 517 729 517 681 517 680 517 680 517 664 525 661 527 621 527 617 525 597 517 596 517 507 517 506 517 440 526 437 527 372 527 328 527 316 517 315 517 314 517 294 517 293 517 292 517 291 517 279 527 214 527 215 560"/></Shape>
	    <String CONTENT="credit quantum aſsiduus vſus &amp; conatus in"
                    HPOS="214.0"
                    VPOS="517.0"
                    WIDTH="791.0"
                    HEIGHT="59.0"
                    WC="0.9968393997448247"></String>
          </TextLine>
          <TextLine ID="line_11"
                    TAGREFS="LT8"
                    BASELINE="219 609 464 606" 
                    HPOS="216"
                    VPOS="563"
                    WIDTH="247"
                    HEIGHT="61">
            <Shape><Polygon POINTS="218 608 218 624 463 620 463 605 460 571 398 563 396 563 349 568 324 571 216 567 218 608"/></Shape>
	    <String CONTENT="hac re valeat."
                    HPOS="216"
                    VPOS="563"
                    WIDTH="247"
                    HEIGHT="61"
                    WC="0.9674565281186785"></String>
          </TextLine>
        </TextBlock>
        <TextBlock HPOS="205.8509521484375"
                   VPOS="620.1207275390625"
                   WIDTH="807.8042602539062"
                   HEIGHT="537.72607421875"
                   ID="block_4"
                   TAGREFS="BT1851">
          <Shape><Polygon POINTS="205.851 620.121 1013.66 620.121 1013.66 1157.85 205.851 1157.85 205.851 620.121"/></Shape>
          <TextLine ID="line_12"
                    TAGREFS="LT8"
                    BASELINE="257 657 1005 655" 
                    HPOS="256.0"
                    VPOS="611.0"
                    WIDTH="749.0"
                    HEIGHT="60.0">
            <Shape><Polygon POINTS="257 657 257 669 712 671 713 671 735 667 742 666 784 667 986 671 987 671 988 671 1005 665 1005 655 1003 622 954 615 953 615 952 615 938 619 927 612 926 612 925 612 924 612 899 617 889 612 888 612 887 612 886 612 866 620 827 613 826 613 825 613 824 613 812 622 671 622 632 611 631 611 630 611 629 611 628 611 620 616 570 612 569 612 568 612 552 617 500 612 499 612 498 612 463 622 461 622 459 622 435 612 434 612 361 612 360 612 360 612 341 621 294 612 293 612 256 621 257 657"/></Shape>
	    <String CONTENT="Deinde conſidera hîc quomodo illi da¬"
                    HPOS="256.0"
                    VPOS="611.0"
                    WIDTH="749.0"
                    HEIGHT="60.0"
                    WC="0.999746804174624"></String>
          </TextLine>
          <TextLine ID="line_13"
                    TAGREFS="LT8"
                    BASELINE="211 709 1006 703" 
                    HPOS="210.0"
                    VPOS="663.0"
                    WIDTH="796.0"
                    HEIGHT="60.0">
            <Shape><Polygon POINTS="211 709 211 721 403 717 429 719 475 723 476 723 477 723 487 718 492 716 497 718 506 722 507 722 508 722 537 718 551 716 558 718 572 722 573 722 574 722 575 722 586 717 589 716 592 717 603 722 604 722 605 722 606 722 607 722 614 717 618 715 644 717 710 721 711 721 738 715 747 714 805 714 807 715 819 720 820 720 821 720 872 715 969 719 970 719 1005 712 1006 703 1004 671 937 671 919 663 918 663 917 663 916 663 902 671 835 671 808 663 807 663 806 663 805 663 788 671 766 667 765 667 679 672 667 672 666 672 643 663 642 663 609 663 608 663 607 663 606 663 606 663 599 670 578 663 577 663 500 663 499 663 498 663 474 672 432 664 431 664 430 664 429 664 418 673 416 675 395 675 388 673 349 664 348 664 210 673 211 709"/></Shape>
	    <String CONTENT="tum ſit hoc donũ, PER PROPHETIAM. Pro¬"
                    HPOS="210.0"
                    VPOS="663.0"
                    WIDTH="796.0"
                    HEIGHT="60.0"
                    WC="0.9837323977397039"></String>
          </TextLine>
          <TextLine ID="line_14"
                    TAGREFS="LT8"
                    BASELINE="212 758 1003 752" 
                    HPOS="211.0"
                    VPOS="714.0"
                    WIDTH="792.0"
                    HEIGHT="62.0">
            <Shape><Polygon POINTS="212 758 212 776 272 768 414 767 429 772 430 772 431 772 477 766 532 766 539 771 540 771 541 771 542 771 550 770 590 766 603 770 616 773 617 773 618 773 619 773 634 769 649 765 670 765 676 768 681 773 682 773 683 773 684 774 718 774 718 773 719 773 731 767 737 765 749 767 777 772 778 772 779 772 793 766 799 764 813 766 856 772 857 772 884 767 953 771 954 771 1002 762 1003 752 1001 724 928 724 917 718 916 718 915 718 885 723 874 717 873 717 872 717 812 724 795 715 794 715 761 714 760 714 760 714 759 714 746 724 722 720 721 720 682 725 669 715 668 715 667 715 610 715 609 715 608 715 607 715 597 724 572 719 571 719 570 719 547 726 528 721 527 721 526 721 525 721 512 725 485 716 484 716 483 716 429 722 374 717 373 717 372 717 371 717 359 726 348 722 347 722 346 722 345 722 329 728 266 727 240 718 239 718 238 718 237 718 211 728 212 758"/></Shape>
	    <String CONTENT="phetiam hîc etiam accipio pro piorum omi¬"
                    HPOS="211.0"
                    VPOS="714.0"
                    WIDTH="792.0"
                    HEIGHT="62.0"
                    WC="0.9984972448576064"></String>
          </TextLine>
          <TextLine ID="line_15"
                    TAGREFS="LT8"
                    BASELINE="209 807 607 802 1002 804" 
                    HPOS="208.0"
                    VPOS="762.0"
                    WIDTH="794.0"
                    HEIGHT="58.0">
            <Shape><Polygon POINTS="209 807 209 814 254 820 255 820 299 815 308 820 309 820 310 820 311 820 312 820 333 816 391 820 392 820 393 820 409 815 415 819 416 819 417 819 470 820 471 820 505 814 664 819 665 819 744 813 785 819 786 819 828 813 844 819 845 819 846 819 989 819 989 819 990 819 1002 811 1002 804 1001 773 884 773 852 762 851 762 803 762 802 762 767 770 741 762 740 762 739 762 738 762 698 774 697 774 678 764 677 764 643 763 642 763 641 763 618 774 590 769 589 769 588 769 578 774 560 763 560 763 559 763 520 763 520 763 519 763 518 763 502 774 406 775 385 765 384 765 383 765 382 765 372 769 364 764 363 764 362 764 277 764 276 764 275 764 274 764 259 776 208 776 209 807"/></Shape>
	    <String CONTENT="ne felici, &amp; coniectura. Act.1 6.teſtimonium"
                    HPOS="208.0"
                    VPOS="762.0"
                    WIDTH="794.0"
                    HEIGHT="58.0"
                    WC="0.9854538996111263"></String>
          </TextLine>
          <TextLine ID="line_16"
                    TAGREFS="LT8"
                    BASELINE="209 856 616 851 1001 854" 
                    HPOS="208.0"
                    VPOS="812.0"
                    WIDTH="793.0"
                    HEIGHT="56.0">
            <Shape><Polygon POINTS="209 856 209 865 921 868 922 868 1000 862 1001 854 1000 820 924 815 923 815 922 815 911 820 910 820 909 820 887 813 886 813 885 813 884 813 863 820 862 820 860 820 841 812 840 812 771 812 770 812 769 812 768 812 760 819 751 813 750 813 749 813 748 813 747 813 721 819 690 812 689 812 688 812 687 812 675 820 673 821 627 821 626 820 612 814 611 814 566 812 565 812 564 812 541 820 538 821 534 820 514 813 513 813 512 813 437 819 415 813 414 813 413 813 412 813 386 820 385 820 384 820 356 814 355 814 354 814 353 814 344 820 342 822 303 822 299 820 282 815 281 815 280 815 245 820 240 821 238 820 221 813 220 813 219 813 218 813 217 813 208 818 209 856"/></Shape>
	    <String CONTENT="bonum habuiſſe ſcribitur. Inter illos fratres"
                    HPOS="208.0"
                    VPOS="812.0"
                    WIDTH="793.0"
                    HEIGHT="56.0"
                    WC="0.9979109936290317"></String>
          </TextLine>
          <TextLine ID="line_17"
                    TAGREFS="LT8"
                    BASELINE="209 907 701 900 1000 902" 
                    HPOS="208.0"
                    VPOS="861.0"
                    WIDTH="792.0"
                    HEIGHT="65.0">
            <Shape><Polygon POINTS="989 869 987 867 964 861 963 861 962 861 941 869 837 865 836 865 802 869 788 872 766 872 762 869 753 863 752 863 751 863 750 863 749 863 732 869 726 872 698 872 693 869 680 863 679 863 678 863 628 869 626 869 623 869 585 864 584 864 583 864 582 864 575 869 572 870 556 869 499 865 498 865 497 865 488 869 479 873 432 869 398 866 397 866 396 866 395 866 391 869 383 874 353 869 346 868 345 868 344 868 341 869 323 875 306 869 301 867 300 867 299 867 288 869 253 875 208 869 209 907 209 926 261 918 355 924 367 924 368 924 369 924 371 923 382 917 411 923 416 923 417 923 418 923 421 922 441 916 462 922 465 922 466 922 467 922 468 922 469 922 469 921 479 915 560 915 573 919 581 922 582 922 583 922 584 922 592 919 603 915 618 918 631 921 632 921 680 917 721 914 725 916 731 921 732 921 733 921 734 922 760 922 760 921 796 915 809 913 813 915 823 920 824 920 825 921 880 921 880 920 881 920 899 914 983 919 984 919 985 919 1000 911 1000 902 999 870 989 867 989 869"/></Shape>
	    <String CONTENT="puto quoſdam Prophetico ſpiritu prædi¬"
                    HPOS="208.0"
                    VPOS="861.0"
                    WIDTH="792.0"
                    HEIGHT="65.0"
                    WC="0.9931497260143882"></String>
          </TextLine>
          <TextLine ID="line_18"
                    TAGREFS="LT8"
                    BASELINE="207 956 747 950 1001 952" 
                    HPOS="206.0"
                    VPOS="910.0"
                    WIDTH="795.0"
                    HEIGHT="62.0">
            <Shape><Polygon POINTS="207 956 207 969 298 966 318 969 336 972 337 972 352 969 364 966 377 969 386 971 387 971 388 971 410 969 443 965 456 969 465 971 466 971 467 971 468 971 473 968 481 963 599 963 624 968 632 969 633 970 727 970 727 969 749 967 810 962 822 967 824 968 825 968 826 968 1001 966 1001 952 1000 919 906 916 899 910 898 910 897 910 896 910 859 911 858 911 842 920 841 920 817 911 816 911 815 911 814 911 782 920 780 920 749 920 729 911 728 911 727 911 726 911 706 917 700 912 699 912 698 912 697 912 653 913 652 913 651 913 644 918 636 912 635 912 634 912 597 912 596 912 595 912 573 922 536 914 535 914 500 922 428 914 427 914 426 914 425 914 415 922 379 914 378 914 377 914 376 914 363 924 300 924 288 915 287 915 286 915 244 915 243 915 242 915 241 915 229 925 206 925 207 956"/></Shape>
	    <String CONTENT="xiſſe qualis hic iuuenis aliquando futurus"
                    HPOS="206.0"
                    VPOS="910.0"
                    WIDTH="795.0"
                    HEIGHT="62.0"
                    WC="0.9929116496018001"></String>
          </TextLine>
          <TextLine ID="line_19"
                    TAGREFS="LT8"
                    BASELINE="209 1006 1000 998" 
                    HPOS="208.0"
                    VPOS="957.0"
                    WIDTH="792.0"
                    HEIGHT="64.0">
            <Shape><Polygon POINTS="989 970 985 964 947 957 946 957 945 957 944 957 931 967 899 968 881 968 866 958 865 958 864 958 802 958 801 958 800 958 776 966 740 959 739 959 738 959 737 959 721 969 702 969 683 960 682 960 657 960 656 960 655 960 638 969 587 961 586 961 585 961 563 970 554 962 553 962 552 962 525 961 524 961 405 972 360 963 360 963 359 963 331 972 314 963 313 963 312 963 311 963 280 973 255 964 254 964 253 964 208 974 209 1006 210 1021 220 1016 291 1020 307 1020 308 1020 320 1019 373 1014 397 1018 405 1019 406 1019 415 1017 437 1014 448 1017 452 1018 453 1018 454 1018 470 1017 509 1013 710 1013 980 1014 981 1014 982 1014 1000 1008 1000 998 999 967 991 965 989 970"/></Shape>
	    <String CONTENT="eſſet doctor in Eccleſia Chriſti: &amp; his teſti¬"
                    HPOS="208.0"
                    VPOS="957.0"
                    WIDTH="792.0"
                    HEIGHT="64.0"
                    WC="0.9796343821546306"></String>
          </TextLine>
          <TextLine ID="line_20"
                    TAGREFS="LT8"
                    BASELINE="208 1054 549 1049 1001 1051" 
                    HPOS="207.0"
                    VPOS="1008.0"
                    WIDTH="794.0"
                    HEIGHT="62.0">
            <Shape><Polygon POINTS="208 1054 208 1065 306 1069 307 1069 308 1069 316 1065 321 1063 325 1065 330 1069 331 1069 332 1069 333 1070 394 1070 394 1069 423 1065 451 1062 474 1065 484 1067 485 1067 486 1067 487 1067 489 1065 494 1061 673 1061 680 1065 683 1068 684 1068 685 1068 686 1069 759 1069 759 1068 760 1068 765 1065 777 1061 809 1065 815 1066 816 1066 817 1066 818 1066 818 1065 826 1060 1000 1065 1001 1051 999 1014 992 1016 988 1014 979 1009 978 1009 977 1009 976 1009 975 1009 974 1009 967 1014 963 1017 927 1017 924 1014 916 1009 915 1009 914 1009 867 1008 866 1008 814 1015 806 1016 802 1015 775 1008 774 1008 773 1008 722 1016 719 1016 716 1016 678 1009 677 1009 676 1009 653 1016 630 1009 629 1009 628 1009 554 1014 532 1009 531 1009 530 1009 529 1009 528 1009 519 1014 491 1009 490 1009 489 1009 467 1017 423 1012 422 1012 421 1012 401 1018 400 1019 349 1019 348 1018 282 1012 281 1012 280 1012 266 1019 207 1019 208 1054"/></Shape>
	    <String CONTENT="moniis Paulus inductus eſt vt illum ſibi ad¬"
                    HPOS="207.0"
                    VPOS="1008.0"
                    WIDTH="794.0"
                    HEIGHT="62.0"
                    WC="0.9988952536474575"></String>
          </TextLine>
          <TextLine ID="line_21"
                    TAGREFS="LT8"
                    BASELINE="208 1104 482 1097 1003 1099" 
                    HPOS="207.0"
                    VPOS="1060.0"
                    WIDTH="796.0"
                    HEIGHT="62.0">
            <Shape><Polygon POINTS="208 1104 208 1112 262 1121 263 1122 325 1122 325 1121 326 1121 350 1113 354 1112 361 1113 400 1120 401 1120 443 1113 453 1112 456 1113 471 1121 472 1121 473 1121 474 1121 497 1114 503 1112 557 1112 566 1114 598 1121 599 1121 600 1121 626 1114 635 1112 660 1114 681 1116 682 1116 683 1116 688 1114 698 1111 770 1111 775 1115 782 1120 783 1120 784 1120 785 1120 843 1115 845 1115 846 1115 852 1120 853 1120 854 1120 855 1120 877 1115 885 1113 891 1115 904 1120 905 1120 906 1121 946 1121 946 1120 947 1120 948 1120 954 1115 959 1112 1001 1115 1003 1099 1002 1064 961 1062 960 1062 951 1064 930 1069 914 1064 898 1060 897 1060 896 1060 895 1060 885 1065 876 1069 849 1065 828 1062 827 1062 766 1066 744 1067 739 1066 722 1062 721 1062 720 1062 720 1062 711 1066 709 1067 703 1067 655 1060 654 1060 653 1060 652 1060 642 1067 641 1067 638 1067 521 1061 520 1061 520 1061 497 1069 491 1070 480 1069 423 1061 422 1061 421 1061 395 1070 392 1071 371 1071 370 1070 359 1062 358 1062 357 1062 356 1062 355 1062 354 1062 344 1070 343 1071 207 1071 208 1104"/></Shape>
	    <String CONTENT="iungeret. Itaque hîc ponitur tanquam cau¬"
                    HPOS="207.0"
                    VPOS="1060.0"
                    WIDTH="796.0"
                    HEIGHT="62.0"
                    WC="0.9984359244505564"></String>
          </TextLine>
          <TextLine ID="line_22"
                    TAGREFS="LT8"
                    BASELINE="210 1154 507 1146" 
                    HPOS="210.0"
                    VPOS="1130.0"
                    WIDTH="297.0"
                    HEIGHT="40.0">
            <Shape><Polygon POINTS="453 1130 443 1130 434 1130 424 1130 414 1130 404 1130 395 1130 385 1130 375 1130 365 1130 356 1130 346 1130 336 1130 326 1130 317 1130 307 1130 297 1130 287 1130 278 1130 268 1130 258 1130 248 1130 239 1130 231 1130 230 1131 224 1135 210 1131 210 1154 210 1166 248 1161 258 1165 269 1170 270 1170 271 1170 304 1164 332 1168 333 1168 334 1168 356 1161 363 1157 395 1157 407 1158 468 1165 469 1165 470 1165 507 1153 507 1146 505 1131 460 1130 453 1130"/></Shape>
	    <String CONTENT="la occaſionans."
                    HPOS="210.0"
                    VPOS="1130.0"
                    WIDTH="297.0"
                    HEIGHT="40.0"
                    WC="0.9998361587524414"></String>
          </TextLine>
        </TextBlock>
        <TextBlock HPOS="199.08889770507812"
                   VPOS="1158.0552978515625"
                   WIDTH="807.6694641113281"
                   HEIGHT="403.09326171875"
                   ID="block_5"
                   TAGREFS="BT1851">
          <Shape><Polygon POINTS="199.089 1158.06 1006.76 1158.06 1006.76 1561.15 199.089 1561.15 199.089 1158.06"/></Shape>
          <TextLine ID="line_23"
                    TAGREFS="LT8"
                    BASELINE="265 1200 432 1194 998 1199" 
                    HPOS="265.0"
                    VPOS="1153.0"
                    WIDTH="733.0"
                    HEIGHT="66.0">
            <Shape><Polygon POINTS="265 1200 265 1216 322 1216 322 1215 323 1215 324 1215 337 1209 371 1214 372 1214 373 1214 397 1207 410 1214 411 1215 412 1215 413 1215 414 1215 415 1215 418 1214 436 1208 527 1208 540 1213 541 1213 542 1213 543 1213 551 1213 612 1208 619 1212 624 1217 625 1217 626 1217 627 1217 720 1211 770 1209 775 1210 785 1217 786 1217 787 1217 788 1217 853 1210 862 1209 863 1210 873 1218 874 1218 875 1218 876 1219 936 1219 936 1218 937 1218 938 1218 948 1211 965 1218 966 1218 967 1218 968 1218 997 1209 998 1199 997 1166 958 1158 957 1158 925 1165 924 1166 865 1166 864 1165 851 1156 850 1156 849 1156 848 1156 785 1164 731 1155 730 1155 606 1160 598 1154 597 1154 596 1154 595 1154 560 1161 551 1154 550 1154 549 1154 490 1154 489 1154 488 1154 468 1161 445 1154 444 1154 443 1154 401 1162 370 1153 369 1153 368 1153 367 1153 349 1163 265 1163 265 1200"/></Shape>
	    <String CONTENT="Tertiò, quomodo in ipſo ſit reipſa confir¬"
                    HPOS="265.0"
                    VPOS="1153.0"
                    WIDTH="733.0"
                    HEIGHT="66.0"
                    WC="0.9813284832377767"></String>
          </TextLine>
          <TextLine ID="line_24"
                    TAGREFS="LT8"
                    BASELINE="208 1250 410 1243 1000 1248" 
                    HPOS="208.0"
                    VPOS="1207.0"
                    WIDTH="792.0"
                    HEIGHT="56.0">
            <Shape><Polygon POINTS="208 1250 208 1261 317 1261 317 1260 318 1260 319 1260 327 1253 353 1259 357 1260 358 1260 359 1260 360 1259 373 1253 416 1253 524 1253 542 1258 557 1261 558 1261 573 1258 582 1256 603 1257 650 1261 651 1261 652 1261 661 1257 666 1255 733 1255 738 1256 754 1262 755 1262 756 1262 830 1256 841 1255 843 1256 861 1262 862 1262 863 1263 908 1263 908 1262 909 1262 910 1262 917 1257 976 1262 977 1262 978 1262 1000 1254 1000 1248 1000 1217 975 1209 974 1209 973 1209 972 1209 959 1215 942 1210 941 1210 940 1210 939 1210 928 1216 868 1216 858 1216 848 1209 847 1209 846 1209 845 1209 799 1216 798 1216 781 1209 780 1209 779 1209 778 1209 752 1215 705 1208 704 1208 703 1208 679 1215 649 1209 648 1209 594 1215 572 1208 571 1208 519 1208 518 1208 517 1208 489 1215 471 1208 470 1208 469 1208 420 1212 412 1207 411 1207 410 1207 381 1207 380 1207 379 1207 361 1214 317 1209 316 1209 315 1209 301 1215 208 1215 208 1250"/></Shape>
	    <String CONTENT="matum: IMPOSITIONE MANVVM SENIO¬"
                    HPOS="208.0"
                    VPOS="1207.0"
                    WIDTH="792.0"
                    HEIGHT="56.0"
                    WC="0.9981266409158707"></String>
          </TextLine>
          <TextLine ID="line_25"
                    TAGREFS="LT8"
                    BASELINE="209 1296 586 1292 998 1298" 
                    HPOS="209.0"
                    VPOS="1252.0"
                    WIDTH="789.0"
                    HEIGHT="62.0">
            <Shape><Polygon POINTS="209 1296 209 1311 246 1304 263 1311 266 1312 267 1312 352 1313 353 1314 373 1314 373 1313 374 1313 379 1310 390 1304 400 1310 403 1313 404 1313 405 1313 406 1313 407 1313 415 1310 433 1304 487 1304 495 1310 496 1310 497 1310 498 1310 499 1310 500 1310 513 1304 597 1309 604 1309 605 1309 609 1309 640 1305 646 1309 653 1313 654 1313 655 1313 656 1313 689 1308 715 1305 748 1308 771 1310 772 1310 833 1308 872 1306 875 1307 882 1314 883 1314 884 1314 885 1314 997 1306 998 1298 997 1266 946 1266 945 1265 902 1255 901 1255 900 1255 880 1264 860 1253 859 1253 817 1253 816 1253 815 1253 795 1260 774 1253 773 1253 772 1253 694 1265 690 1265 689 1265 663 1252 662 1252 661 1252 660 1252 616 1264 573 1262 551 1252 550 1252 515 1252 514 1252 513 1252 512 1252 497 1263 483 1252 482 1252 481 1252 400 1252 399 1252 398 1252 397 1252 380 1264 379 1264 376 1264 293 1254 292 1254 209 1263 209 1296"/></Shape>
	    <String CONTENT="RVM, qui qualis fuerit ritus alibi diximus."
                    HPOS="209.0"
                    VPOS="1252.0"
                    WIDTH="789.0"
                    HEIGHT="62.0"
                    WC="0.9879811794258827"></String>
          </TextLine>
          <TextLine ID="line_26"
                    TAGREFS="LT8"
                    BASELINE="207 1344 482 1341 997 1346" 
                    HPOS="206.0"
                    VPOS="1303.0"
                    WIDTH="791.0"
                    HEIGHT="61.0">
            <Shape><Polygon POINTS="207 1344 206 1354 218 1360 219 1360 220 1360 221 1360 231 1355 336 1360 337 1360 374 1355 381 1354 396 1355 485 1361 486 1361 520 1355 523 1355 582 1355 584 1355 595 1361 596 1361 597 1361 659 1356 681 1362 682 1362 683 1362 684 1362 709 1356 720 1362 721 1362 722 1362 790 1356 793 1356 795 1356 836 1363 837 1364 953 1364 953 1363 996 1356 997 1346 994 1306 958 1316 887 1316 860 1306 859 1306 858 1306 857 1306 856 1306 842 1316 814 1316 775 1315 760 1306 760 1305 760 1305 759 1305 724 1305 723 1305 722 1305 720 1306 701 1315 620 1315 603 1306 600 1304 600 1304 599 1304 598 1304 594 1306 580 1311 560 1306 553 1304 552 1304 551 1304 550 1304 549 1304 547 1306 538 1313 514 1306 508 1304 507 1304 506 1304 475 1306 431 1308 404 1306 377 1303 376 1303 375 1303 370 1306 358 1312 273 1312 263 1306 260 1303 259 1303 258 1303 257 1303 256 1303 246 1306 233 1309 207 1306 207 1344"/></Shape>
	    <String CONTENT="Hinc certè conſtat cum impoſitione manuũ"
                    HPOS="206.0"
                    VPOS="1303.0"
                    WIDTH="791.0"
                    HEIGHT="61.0"
                    WC="0.9936622877915701"></String>
          </TextLine>
          <TextLine ID="line_27"
                    TAGREFS="LT8"
                    BASELINE="205 1391 990 1395" 
                    HPOS="204.0"
                    VPOS="1351.0"
                    WIDTH="786.0"
                    HEIGHT="59.0">
            <Shape><Polygon POINTS="205 1391 204 1400 227 1407 228 1407 229 1407 391 1404 400 1408 400 1408 401 1408 402 1408 582 1403 609 1408 610 1408 783 1404 898 1410 899 1410 989 1404 990 1395 990 1364 921 1364 920 1363 892 1354 891 1354 890 1354 889 1354 858 1363 856 1364 800 1364 800 1363 789 1353 788 1353 787 1353 705 1353 704 1353 703 1353 702 1353 690 1362 689 1362 658 1362 641 1362 631 1353 630 1353 629 1353 628 1353 627 1353 613 1360 579 1352 546 1352 545 1352 544 1352 527 1360 463 1352 462 1352 461 1352 460 1352 449 1360 422 1361 403 1361 400 1361 358 1351 357 1351 356 1351 324 1360 313 1351 312 1351 311 1351 292 1351 291 1351 290 1351 289 1351 279 1360 278 1360 241 1351 240 1351 205 1359 205 1391"/></Shape>
	    <String CONTENT="Apoſtolorum, &amp; aliorum fidelium, Deum"
                    HPOS="204.0"
                    VPOS="1351.0"
                    WIDTH="786.0"
                    HEIGHT="59.0"
                    WC="0.9974944204897493"></String>
          </TextLine>
          <TextLine ID="line_28"
                    TAGREFS="LT8"
                    BASELINE="206 1441 992 1443" 
                    HPOS="205.0"
                    VPOS="1402.0"
                    WIDTH="787.0"
                    HEIGHT="58.0">
            <Shape><Polygon POINTS="206 1441 205 1454 294 1459 295 1459 321 1454 337 1452 347 1454 357 1457 358 1457 359 1457 360 1457 360 1457 363 1454 367 1452 394 1454 441 1459 442 1459 443 1459 452 1454 459 1451 482 1454 495 1456 496 1456 504 1454 520 1451 528 1454 537 1458 538 1458 539 1458 558 1454 576 1451 626 1452 630 1454 640 1460 641 1460 642 1460 643 1460 661 1455 671 1460 672 1460 673 1460 721 1458 722 1458 723 1458 728 1454 732 1452 752 1454 778 1458 779 1458 797 1454 808 1452 814 1454 827 1460 828 1460 829 1460 880 1454 905 1452 911 1454 921 1459 922 1459 923 1459 924 1459 941 1454 948 1453 990 1454 992 1443 991 1412 957 1407 956 1407 955 1407 946 1411 945 1412 943 1411 924 1403 923 1403 922 1403 921 1403 920 1403 906 1411 903 1412 830 1412 828 1410 815 1403 814 1403 813 1403 812 1403 811 1403 787 1410 782 1412 776 1410 756 1403 755 1403 714 1403 713 1403 712 1403 698 1410 694 1412 668 1413 638 1413 632 1409 620 1403 619 1403 618 1403 617 1403 616 1403 600 1409 594 1412 538 1412 534 1409 524 1402 523 1402 522 1402 478 1402 477 1402 476 1402 475 1402 465 1408 464 1409 461 1408 439 1402 438 1402 373 1402 372 1402 371 1402 370 1402 364 1406 344 1402 343 1402 342 1402 341 1402 340 1402 330 1407 327 1409 320 1407 305 1404 304 1404 303 1404 292 1407 278 1411 206 1407 206 1441"/></Shape>
	    <String CONTENT="certa edidiſſe teſtimonia, quòd talis perſona"
                    HPOS="205.0"
                    VPOS="1402.0"
                    WIDTH="787.0"
                    HEIGHT="58.0"
                    WC="0.9855561126833376"></String>
          </TextLine>
          <TextLine ID="line_29"
                    TAGREFS="LT8"
                    BASELINE="206 1492 994 1492" 
                    HPOS="206.0"
                    VPOS="1453.0"
                    WIDTH="788.0"
                    HEIGHT="56.0">
            <Shape><Polygon POINTS="206 1492 206 1501 235 1508 236 1508 273 1503 387 1507 388 1507 389 1507 390 1507 397 1502 398 1502 415 1507 416 1507 417 1507 492 1503 507 1502 508 1503 517 1508 518 1508 519 1508 520 1508 590 1503 607 1502 632 1503 716 1508 717 1509 786 1509 786 1508 804 1504 812 1502 818 1504 830 1508 831 1508 832 1508 833 1508 843 1504 848 1502 852 1504 860 1508 861 1508 862 1508 895 1504 916 1502 993 1504 994 1492 994 1459 982 1453 981 1453 949 1453 948 1453 947 1453 930 1460 922 1463 915 1460 898 1453 897 1453 896 1453 895 1453 894 1453 885 1460 880 1464 835 1464 827 1459 814 1453 813 1453 812 1453 778 1459 777 1459 776 1459 711 1453 710 1453 709 1453 697 1459 689 1464 577 1464 570 1459 563 1453 562 1453 561 1453 560 1453 560 1453 559 1453 550 1459 541 1464 392 1464 379 1458 367 1453 366 1453 365 1453 364 1453 353 1458 340 1463 328 1458 316 1453 315 1453 314 1453 206 1457 206 1492"/></Shape>
	    <String CONTENT="illi ad tale munus placeret. Illapſus eſt ali¬"
                    HPOS="206.0"
                    VPOS="1453.0"
                    WIDTH="788.0"
                    HEIGHT="56.0"
                    WC="0.9978962449923806"></String>
          </TextLine>
          <TextLine ID="line_30"
                    TAGREFS="LT8"
                    BASELINE="207 1540 999 1543" 
                    HPOS="206.0"
                    VPOS="1499.0"
                    WIDTH="793.0"
                    HEIGHT="76.0">
            <Shape><Polygon POINTS="207 1540 206 1573 356 1574 357 1574 358 1574 364 1572 383 1564 411 1567 412 1567 413 1567 414 1567 424 1560 442 1568 443 1568 444 1568 445 1568 446 1568 463 1559 490 1562 500 1570 507 1575 508 1575 509 1575 510 1575 579 1569 582 1568 583 1568 584 1568 594 1560 634 1568 649 1571 650 1571 651 1571 661 1568 682 1561 695 1565 696 1565 697 1565 744 1560 763 1566 765 1567 766 1567 767 1567 768 1567 770 1566 786 1560 819 1560 828 1565 829 1565 830 1565 831 1565 832 1565 851 1560 997 1563 999 1543 999 1512 977 1501 976 1501 975 1501 926 1502 925 1502 924 1502 908 1512 907 1513 873 1513 872 1512 858 1501 857 1501 856 1501 855 1501 808 1506 793 1501 792 1501 791 1501 790 1501 774 1508 759 1501 758 1501 757 1501 756 1501 733 1511 732 1512 640 1512 636 1510 610 1500 609 1500 608 1500 607 1500 583 1510 578 1512 529 1512 523 1509 502 1500 501 1500 500 1500 499 1500 484 1507 472 1500 471 1500 422 1499 391 1499 390 1499 389 1499 388 1499 379 1505 347 1501 346 1501 345 1501 344 1501 338 1506 324 1499 323 1499 322 1499 321 1499 320 1499 308 1507 302 1510 207 1507 207 1540"/></Shape>
	    <String CONTENT="quando viſibili ſpecie Spiritus ſanctns, aliâs"
                    HPOS="206.0"
                    VPOS="1499.0"
                    WIDTH="793.0"
                    HEIGHT="76.0"
                    WC="0.98644394697027"></String>
          </TextLine>
        </TextBlock>
        <TextBlock HPOS="851.2980346679688"
                   VPOS="1553.3369140625"
                   WIDTH="152.1129150390625"
                   HEIGHT="64.4654541015625"
                   ID="block_1"
                   TAGREFS="BT17">
          <Shape><Polygon POINTS="851.298 1553.34 1003.41 1553.34 1003.41 1617.8 851.298 1617.8 851.298 1553.34"/></Shape>
          <TextLine ID="line_31"
                    TAGREFS="LT8"
                    BASELINE="859 1590 999 1592" 
                    HPOS="858.0"
                    VPOS="1551.0"
                    WIDTH="141.0"
                    HEIGHT="72.0">
            <Shape><Polygon POINTS="859 1590 858 1608 886 1607 891 1610 906 1620 907 1620 908 1620 928 1622 929 1623 953 1623 953 1622 954 1622 955 1622 972 1610 976 1608 997 1610 999 1592 998 1558 984 1560 977 1557 970 1553 969 1553 968 1553 967 1553 966 1553 963 1556 957 1560 929 1560 859 1551 859 1590"/></Shape>
	    <String CONTENT="linguis"
                    HPOS="858.0"
                    VPOS="1551.0"
                    WIDTH="141.0"
                    HEIGHT="72.0"
                    WC="0.9998734167643956"></String>
          </TextLine>
        </TextBlock>
      </PrintSpace>
    </Page>
  </Layout>
</alto>
