<?xml version="1.0" encoding="UTF-8"?>
<alto xmlns:xsi="http://www.w3.org/2001/XMLSchema-instance"
      xmlns="http://www.loc.gov/standards/alto/ns-v4#"
      xsi:schemaLocation="http://www.loc.gov/standards/alto/ns-v4# http://www.loc.gov/standards/alto/v4/alto-4-2.xsd">
  <Description>
    <MeasurementUnit>pixel</MeasurementUnit>
    <sourceImageInformation>
      <fileName>bsb10313792_00058.jpg</fileName>
    </sourceImageInformation>
  </Description>
  <Tags>
    <OtherTag ID="BT7" LABEL="CustomZone" DESCRIPTION="block type CustomZone"/><OtherTag ID="BT8" LABEL="DamageZone" DESCRIPTION="block type DamageZone"/><OtherTag ID="BT9" LABEL="DigitizationArtefactZone" DESCRIPTION="block type DigitizationArtefactZone"/><OtherTag ID="BT10" LABEL="DropCapitalZone" DESCRIPTION="block type DropCapitalZone"/><OtherTag ID="BT11" LABEL="GraphicZone" DESCRIPTION="block type GraphicZone"/><OtherTag ID="BT12" LABEL="MainZone" DESCRIPTION="block type MainZone"/><OtherTag ID="BT13" LABEL="MarginTextZone" DESCRIPTION="block type MarginTextZone"/><OtherTag ID="BT14" LABEL="MusicZone" DESCRIPTION="block type MusicZone"/><OtherTag ID="BT15" LABEL="NumberingZone" DESCRIPTION="block type NumberingZone"/><OtherTag ID="BT17" LABEL="QuireMarksZone" DESCRIPTION="block type QuireMarksZone"/><OtherTag ID="BT18" LABEL="RunningTitleZone" DESCRIPTION="block type RunningTitleZone"/><OtherTag ID="BT19" LABEL="SealZone" DESCRIPTION="block type SealZone"/><OtherTag ID="BT20" LABEL="StampZone" DESCRIPTION="block type StampZone"/><OtherTag ID="BT21" LABEL="TableZone" DESCRIPTION="block type TableZone"/><OtherTag ID="BT22" LABEL="TitlePageZone" DESCRIPTION="block type TitlePageZone"/><OtherTag ID="BT1851" LABEL="MainZone-P" DESCRIPTION="block type MainZone-P"/><OtherTag ID="BT1852" LABEL="MainZone-Head" DESCRIPTION="block type MainZone-Head"/><OtherTag ID="BT1853" LABEL="MainZone-P-Continued" DESCRIPTION="block type MainZone-P-Continued"/><OtherTag ID="BT1854" LABEL="MarginTextZone-ManuscriptAddendum" DESCRIPTION="block type MarginTextZone-ManuscriptAddendum"/><OtherTag ID="BT1855" LABEL="text" DESCRIPTION="block type text"/><OtherTag ID="BT1856" LABEL="MainZone-Entry" DESCRIPTION="block type MainZone-Entry"/><OtherTag ID="BT1857" LABEL="MainZone-Entry-Continued" DESCRIPTION="block type MainZone-Entry-Continued"/><OtherTag ID="BT1877" LABEL="GraphicZone-Decoration" DESCRIPTION="block type GraphicZone-Decoration"/><OtherTag ID="BT1894" LABEL="MainZone-Other" DESCRIPTION="block type MainZone-Other"/>
    <OtherTag ID="LT7" LABEL="CustomLine" DESCRIPTION="line type CustomLine"/><OtherTag ID="LT8" LABEL="DefaultLine" DESCRIPTION="line type DefaultLine"/><OtherTag ID="LT9" LABEL="DropCapitalLine" DESCRIPTION="line type DropCapitalLine"/><OtherTag ID="LT10" LABEL="HeadingLine" DESCRIPTION="line type HeadingLine"/><OtherTag ID="LT11" LABEL="InterlinearLine" DESCRIPTION="line type InterlinearLine"/><OtherTag ID="LT12" LABEL="MusicLine" DESCRIPTION="line type MusicLine"/><OtherTag ID="LT636" LABEL="default" DESCRIPTION="line type default"/>
  </Tags>
  <Layout>
    <Page WIDTH="1070"
          HEIGHT="1759"
          PHYSICAL_IMG_NR="42"
          ID="eSc_dummypage_">
      <PrintSpace HPOS="0"
                  VPOS="0"
                  WIDTH="1070"
                  HEIGHT="1759">
        <TextBlock HPOS="230.83084106445312"
                   VPOS="78.56392669677734"
                   WIDTH="50.247894287109375"
                   HEIGHT="40.539817810058594"
                   ID="block_4"
                   TAGREFS="BT15">
          <Shape><Polygon POINTS="230.831 78.5639 281.079 78.5639 281.079 119.104 230.831 119.104 230.831 78.5639"/></Shape>
          <TextLine ID="line_0"
                    TAGREFS="LT8"
                    BASELINE="241 100 265 100" 
                    HPOS="240"
                    VPOS="79"
                    WIDTH="24"
                    HEIGHT="44">
            <Shape><Polygon POINTS="240 79 240 99 240 123 264 121 264 99 264 79 255 79"/></Shape>
	    <String CONTENT="50"
                    HPOS="240"
                    VPOS="79"
                    WIDTH="24"
                    HEIGHT="44"
                    WC="0.9999179840087891"></String>
          </TextLine>
        </TextBlock>
        <TextBlock HPOS="421.71282958984375"
                   VPOS="63.646568298339844"
                   WIDTH="461.23828125"
                   HEIGHT="48.01036834716797"
                   ID="block_0"
                   TAGREFS="BT18">
          <Shape><Polygon POINTS="421.713 63.6466 882.951 63.6466 882.951 111.657 421.713 111.657 421.713 63.6466"/></Shape>
          <TextLine ID="line_1"
                    TAGREFS="LT8"
                    BASELINE="423 97 882 97" 
                    HPOS="423.0"
                    VPOS="57.0"
                    WIDTH="459.0"
                    HEIGHT="56.0">
            <Shape><Polygon POINTS="844 62 834 62 824 62 822 62 818 64 796 64 794 62 785 62 775 62 765 62 756 62 746 62 745 62 744 63 741 62 736 62 726 62 716 62 707 62 697 62 687 62 677 62 668 62 658 62 649 62 647 63 590 62 589 62 579 62 570 62 560 62 550 62 540 62 531 62 521 62 511 62 501 62 491 62 482 62 472 62 462 62 452 62 443 62 433 62 423 62 423 97 423 113 480 113 480 112 481 112 482 112 489 107 522 112 528 112 529 112 530 112 533 112 553 106 562 111 563 112 564 112 565 112 566 112 573 111 602 106 639 111 653 112 654 112 664 110 685 106 702 110 711 112 712 112 713 112 713 112 720 110 734 106 781 106 785 109 788 112 789 112 790 112 791 112 792 112 793 112 796 109 801 106 808 109 816 112 817 112 818 113 818 112 819 112 827 109 836 106 845 109 855 112 856 112 857 112 882 108 882 97 881 57 849 63 847 62 844 62"/></Shape>
	    <String CONTENT="COMMENTARII"
                    HPOS="423.0"
                    VPOS="57.0"
                    WIDTH="459.0"
                    HEIGHT="56.0"
                    WC="0.9993267601186578"></String>
          </TextLine>
        </TextBlock>
        <TextBlock HPOS="222.4829864501953"
                   VPOS="122.1594467163086"
                   WIDTH="816.6837615966797"
                   HEIGHT="835.6835708618164"
                   ID="block_3"
                   TAGREFS="BT1853">
          <Shape><Polygon POINTS="222.483 122.159 1039.17 122.159 1039.17 957.843 222.483 957.843 222.483 122.159"/></Shape>
          <TextLine ID="line_2"
                    TAGREFS="LT8"
                    BASELINE="231 160 697 156 1029 159" 
                    HPOS="230.0"
                    VPOS="120.0"
                    WIDTH="799.0"
                    HEIGHT="53.0">
            <Shape><Polygon POINTS="856 120 847 120 837 120 827 120 817 120 807 120 798 120 788 120 778 120 768 120 758 120 749 120 739 120 729 120 719 120 710 120 700 120 690 120 680 120 670 120 661 120 651 120 641 120 631 120 622 120 612 120 602 120 592 120 582 120 573 120 563 120 553 120 543 120 534 120 524 120 514 120 504 120 494 120 485 120 484 120 417 124 415 124 403 120 397 120 387 120 377 120 367 120 357 120 348 120 344 120 338 124 315 120 309 120 306 120 300 125 230 125 231 160 231 171 395 169 436 171 495 173 496 173 497 173 508 170 514 169 521 170 539 173 540 173 559 170 565 168 734 168 748 169 808 172 809 172 870 168 877 172 878 172 879 172 880 173 982 173 982 172 1028 166 1029 159 1028 121 858 120 856 120"/></Shape>
	    <String CONTENT="curam omnium ad hunc vnum pertinere, ſic"
                    HPOS="230.0"
                    VPOS="120.0"
                    WIDTH="799.0"
                    HEIGHT="53.0"
                    WC="0.9827158495783805"></String>
          </TextLine>
          <TextLine ID="line_3"
                    TAGREFS="LT8"
                    BASELINE="231 206 1029 208" 
                    HPOS="231.0"
                    VPOS="168.0"
                    WIDTH="798.0"
                    HEIGHT="57.0">
            <Shape><Polygon POINTS="231 206 231 223 307 223 307 222 309 222 333 216 349 221 350 221 351 221 394 217 403 221 407 223 408 223 409 223 410 223 416 221 432 216 460 221 474 223 475 223 490 221 512 217 537 220 559 223 560 223 561 223 568 220 577 216 590 220 602 223 603 223 604 223 623 220 639 217 678 219 723 222 724 222 791 218 822 217 825 218 833 224 834 224 835 224 836 225 865 225 865 224 897 218 902 217 907 218 935 224 936 224 977 217 980 217 982 217 1018 224 1019 224 1020 224 1021 224 1028 217 1029 208 1028 176 950 176 949 175 929 169 928 169 877 169 876 169 875 169 874 169 866 175 865 175 842 175 629 168 590 168 589 168 588 168 571 173 568 174 563 173 535 168 494 168 493 168 492 168 480 173 476 174 455 173 407 170 406 170 405 170 404 170 401 172 398 175 358 175 338 172 293 168 292 168 291 168 290 168 284 172 280 174 231 172 231 206"/></Shape>
	    <String CONTENT="quia vnus tantùm eſt mediator: conſequens"
                    HPOS="231.0"
                    VPOS="168.0"
                    WIDTH="798.0"
                    HEIGHT="57.0"
                    WC="0.9995904110726856"></String>
          </TextLine>
          <TextLine ID="line_4"
                    TAGREFS="LT8"
                    BASELINE="231 258 593 255 1028 257" 
                    HPOS="230.0"
                    VPOS="216.0"
                    WIDTH="798.0"
                    HEIGHT="57.0">
            <Shape><Polygon POINTS="231 258 231 266 251 272 252 272 253 272 254 272 271 267 289 272 290 272 291 272 338 267 341 267 342 267 357 272 358 272 359 273 531 273 531 272 532 272 533 272 537 268 540 266 599 266 603 268 607 272 608 272 609 272 610 272 634 268 652 266 657 269 664 272 665 272 666 272 681 269 694 266 709 269 720 271 721 271 734 269 750 266 757 269 762 272 763 272 764 272 778 269 794 266 1026 270 1028 257 1027 225 900 216 899 216 898 216 897 216 889 223 849 224 835 216 834 216 782 216 781 216 780 216 752 224 676 218 675 218 674 218 673 218 665 224 613 219 612 219 611 219 594 224 584 218 583 218 582 218 581 218 580 218 579 218 573 224 473 224 457 216 456 216 396 216 395 216 364 223 344 218 343 218 342 218 296 224 269 216 268 216 267 216 267 216 266 216 255 225 230 225 231 258"/></Shape>
	    <String CONTENT="eſt, omnium peccatorum cauſam ad hunc"
                    HPOS="230.0"
                    VPOS="216.0"
                    WIDTH="798.0"
                    HEIGHT="57.0"
                    WC="0.9858398679140452"></String>
          </TextLine>
          <TextLine ID="line_5"
                    TAGREFS="LT8"
                    BASELINE="233 307 1023 302" 
                    HPOS="232.0"
                    VPOS="263.0"
                    WIDTH="791.0"
                    HEIGHT="54.0">
            <Shape><Polygon POINTS="233 307 233 317 1022 312 1023 302 1020 274 841 274 811 263 810 263 707 263 706 263 625 275 577 264 576 264 575 264 557 274 519 275 490 265 490 265 438 265 437 265 436 265 435 265 427 271 391 265 390 265 331 278 308 278 292 269 291 269 290 269 232 278 233 307"/></Shape>
	    <String CONTENT="vnum eſſe deferendam. Deus ille vnus om¬"
                    HPOS="232.0"
                    VPOS="263.0"
                    WIDTH="791.0"
                    HEIGHT="54.0"
                    WC="0.9818978682160378"></String>
          </TextLine>
          <TextLine ID="line_6"
                    TAGREFS="LT8"
                    BASELINE="230 357 1022 352" 
                    HPOS="229.0"
                    VPOS="311.0"
                    WIDTH="793.0"
                    HEIGHT="59.0">
            <Shape><Polygon POINTS="230 357 230 368 401 365 408 368 413 370 414 370 415 370 437 368 467 365 482 368 493 370 494 370 495 370 496 370 499 368 504 365 546 368 570 369 571 369 586 368 620 364 634 367 640 369 641 369 642 369 643 369 648 367 659 364 687 367 703 369 704 369 705 369 712 367 729 363 828 367 861 368 862 368 880 367 936 362 944 367 945 367 946 367 947 367 1022 366 1022 352 1020 315 987 311 986 311 966 315 955 317 949 315 937 311 936 311 936 311 885 316 868 317 855 316 820 312 819 312 818 312 803 316 799 318 794 317 781 312 780 312 779 312 736 317 725 318 721 317 706 312 705 312 704 312 703 312 702 312 694 317 693 317 629 313 628 313 627 313 626 313 620 318 617 320 555 320 545 319 484 314 483 314 482 314 471 319 445 314 444 314 443 314 421 320 419 320 417 320 397 314 396 314 395 314 369 320 364 321 355 320 307 316 306 316 229 321 230 357"/></Shape>
	    <String CONTENT="nes homines damnandi habet ius, quia in il¬"
                    HPOS="229.0"
                    VPOS="311.0"
                    WIDTH="793.0"
                    HEIGHT="59.0"
                    WC="0.9950959779495416"></String>
          </TextLine>
          <TextLine ID="line_7"
                    TAGREFS="LT8"
                    BASELINE="230 406 1015 401" 
                    HPOS="229.0"
                    VPOS="361.0"
                    WIDTH="786.0"
                    HEIGHT="62.0">
            <Shape><Polygon POINTS="230 406 230 420 303 423 304 423 305 423 314 420 330 416 345 420 356 423 356 423 357 423 468 422 469 422 470 422 473 420 481 415 519 420 524 420 525 420 526 420 527 420 534 414 600 414 623 419 630 421 631 421 632 421 633 421 634 419 641 414 660 418 661 418 702 413 794 419 800 419 801 419 802 419 828 413 856 418 857 418 858 418 873 412 1013 418 1015 401 1013 371 980 371 980 370 959 361 958 361 927 361 926 361 925 361 904 370 903 371 865 371 863 370 853 363 852 363 851 363 850 363 849 363 833 369 828 371 821 369 795 362 794 362 793 362 693 368 634 373 536 373 528 367 526 366 525 366 524 366 523 366 502 367 429 373 400 367 387 364 386 364 368 366 321 374 308 366 307 365 306 365 305 365 304 365 298 366 278 370 229 366 230 406"/></Shape>
	    <String CONTENT="lum omnes peccarunt, nunc ſi multi eſſent"
                    HPOS="229.0"
                    VPOS="361.0"
                    WIDTH="786.0"
                    HEIGHT="62.0"
                    WC="0.9991214042756615"></String>
          </TextLine>
          <TextLine ID="line_8"
                    TAGREFS="LT8"
                    BASELINE="230 455 1017 450" 
                    HPOS="229.0"
                    VPOS="411.0"
                    WIDTH="788.0"
                    HEIGHT="60.0">
            <Shape><Polygon POINTS="230 455 230 467 273 471 274 471 294 467 307 465 324 467 352 471 353 471 354 471 362 467 366 465 369 467 373 471 374 471 375 471 376 471 417 467 439 465 442 467 445 470 446 470 447 470 448 471 513 471 513 470 514 470 522 467 529 464 535 467 542 470 543 470 544 470 545 470 556 467 568 463 694 463 728 466 749 468 750 468 751 468 757 466 772 462 801 466 816 468 817 468 831 466 860 461 1015 465 1017 450 1015 419 984 411 983 411 982 411 981 411 970 419 863 419 819 419 808 411 807 411 806 411 768 411 767 411 766 411 752 419 737 411 736 411 702 411 701 411 635 419 602 412 544 412 543 412 477 414 476 414 463 421 462 421 453 421 391 416 390 416 389 416 388 416 381 421 379 423 335 423 331 421 309 414 308 414 307 414 306 414 281 421 254 416 253 416 229 421 230 455"/></Shape>
	    <String CONTENT="mediatores, alii aliis modis poſſent reconci¬"
                    HPOS="229.0"
                    VPOS="411.0"
                    WIDTH="788.0"
                    HEIGHT="60.0"
                    WC="0.9997527413898044"></String>
          </TextLine>
          <TextLine ID="line_9"
                    TAGREFS="LT8"
                    BASELINE="230 503 1022 500" 
                    HPOS="229.0"
                    VPOS="460.0"
                    WIDTH="793.0"
                    HEIGHT="58.0">
            <Shape><Polygon POINTS="230 503 230 514 329 518 330 518 331 518 332 518 337 514 339 513 341 514 346 517 347 517 348 517 349 517 411 514 439 513 450 514 489 518 490 518 553 513 573 512 584 513 621 517 622 517 655 513 662 512 663 513 668 516 669 516 670 516 747 517 748 517 749 517 766 512 767 512 770 512 806 516 807 516 838 512 839 512 893 516 894 516 895 516 896 516 905 511 906 511 920 516 921 516 922 516 923 516 946 511 947 511 948 511 983 516 984 516 1021 510 1022 500 1020 471 828 471 814 468 757 460 757 460 756 460 742 468 736 471 705 469 703 467 695 461 694 461 693 461 692 461 652 467 624 471 617 466 613 463 612 463 611 463 546 461 545 461 544 461 532 466 530 466 528 466 516 462 515 462 514 462 513 462 506 465 495 470 452 465 428 462 427 462 409 464 359 471 319 464 318 464 272 469 229 463 230 503"/></Shape>
	    <String CONTENT="liari, nec eſſet neceſſum Chriſtianos pro om¬"
                    HPOS="229.0"
                    VPOS="460.0"
                    WIDTH="793.0"
                    HEIGHT="58.0"
                    WC="0.9940285722414652"></String>
          </TextLine>
          <TextLine ID="line_10"
                    TAGREFS="LT8"
                    BASELINE="230 554 1024 550" 
                    HPOS="229.0"
                    VPOS="510.0"
                    WIDTH="795.0"
                    HEIGHT="57.0">
            <Shape><Polygon POINTS="230 554 231 567 252 562 365 567 378 567 379 567 385 567 441 561 567 566 575 566 576 566 579 566 627 560 880 564 881 564 882 564 883 564 891 559 1022 564 1024 550 1022 520 976 510 975 510 974 510 951 519 862 519 835 510 834 510 833 510 832 510 831 510 818 521 762 521 746 511 745 511 744 511 722 511 721 511 720 511 719 511 712 516 695 514 694 514 693 514 669 519 498 512 497 512 496 512 478 521 375 513 374 513 373 513 372 513 359 523 341 523 271 513 270 513 269 513 229 523 230 554"/></Shape>
	    <String CONTENT="nibus orare: at ſolùm vnus eſt mediator, ille"
                    HPOS="229.0"
                    VPOS="510.0"
                    WIDTH="795.0"
                    HEIGHT="57.0"
                    WC="0.9916411728962607"></String>
          </TextLine>
          <TextLine ID="line_11"
                    TAGREFS="LT8"
                    BASELINE="234 600 1025 600" 
                    HPOS="234.0"
                    VPOS="558.0"
                    WIDTH="791.0"
                    HEIGHT="59.0">
            <Shape><Polygon POINTS="234 600 234 610 277 616 278 616 366 611 406 616 407 616 408 616 430 611 480 616 481 616 482 616 494 611 557 616 558 616 590 611 602 616 603 616 604 617 705 617 705 616 706 616 707 616 713 611 737 616 738 616 778 611 1012 616 1013 616 1014 616 1025 610 1025 600 1025 567 974 567 956 558 955 558 926 558 925 558 924 558 909 566 865 560 864 560 863 560 850 567 801 567 778 558 777 558 754 558 753 558 752 558 751 558 741 565 725 558 724 558 723 558 722 558 705 567 599 567 580 558 579 558 579 558 549 564 507 558 506 558 455 566 431 558 430 558 373 558 372 558 371 558 357 565 344 558 343 558 305 558 304 558 303 558 302 558 292 566 282 558 281 558 280 558 259 558 258 558 257 558 234 566 234 600"/></Shape>
	    <String CONTENT="Chriſtus Dei filius à quo pii dicuntur Chri¬"
                    HPOS="234.0"
                    VPOS="558.0"
                    WIDTH="791.0"
                    HEIGHT="59.0"
                    WC="0.9958129869567023"></String>
          </TextLine>
          <TextLine ID="line_12"
                    TAGREFS="LT8"
                    BASELINE="230 651 1022 648" 
                    HPOS="229.0"
                    VPOS="609.0"
                    WIDTH="793.0"
                    HEIGHT="59.0">
            <Shape><Polygon POINTS="230 651 230 662 325 660 330 663 336 667 337 667 338 667 339 668 405 668 405 667 406 667 417 663 424 660 485 660 501 663 519 666 520 666 552 663 592 659 606 663 617 666 618 666 619 666 620 666 631 663 648 659 726 663 749 664 750 664 751 664 753 663 762 658 769 663 771 665 772 665 773 665 774 666 803 666 803 665 804 665 809 663 822 658 835 663 839 665 840 665 841 665 860 663 894 660 903 663 907 665 908 665 909 665 924 663 950 660 957 663 960 665 961 665 962 665 1021 663 1022 648 1020 619 967 609 966 609 965 609 942 618 941 619 878 619 876 617 863 611 862 611 861 611 860 611 847 617 847 618 802 618 793 617 757 609 757 609 756 609 733 616 722 620 698 620 693 616 686 610 685 610 684 610 683 610 682 610 662 615 635 610 634 610 633 610 617 615 603 619 593 615 583 610 582 610 581 610 580 610 566 615 554 618 543 614 537 612 536 612 535 612 495 613 494 613 493 613 492 614 486 619 422 618 414 613 411 611 410 611 409 611 408 611 383 613 344 616 334 612 330 611 329 611 328 611 321 612 293 619 274 612 273 612 229 612 230 651"/></Shape>
	    <String CONTENT="ſtiani, ergo vt omnes ad hunc vnum media¬"
                    HPOS="229.0"
                    VPOS="609.0"
                    WIDTH="793.0"
                    HEIGHT="59.0"
                    WC="0.9973510242089992"></String>
          </TextLine>
          <TextLine ID="line_13"
                    TAGREFS="LT8"
                    BASELINE="230 700 1024 698" 
                    HPOS="229.0"
                    VPOS="659.0"
                    WIDTH="795.0"
                    HEIGHT="57.0">
            <Shape><Polygon POINTS="230 700 230 710 293 715 294 715 333 711 360 708 369 711 377 714 378 714 379 714 416 711 458 708 482 711 499 714 500 714 501 714 507 712 516 708 528 712 538 715 539 715 540 716 596 716 596 715 597 715 606 712 619 708 633 712 641 714 642 714 643 714 644 714 648 712 657 708 755 712 756 712 799 707 807 713 808 714 809 714 810 714 811 715 866 715 866 714 867 714 870 713 885 707 891 712 892 712 893 712 1023 713 1024 698 1023 667 1012 659 1011 659 1010 659 983 659 982 659 981 659 963 667 920 659 919 659 918 659 917 659 904 668 835 668 800 659 799 659 798 659 797 659 786 668 761 668 723 659 626 659 625 659 624 659 624 659 614 668 605 668 588 668 584 668 553 663 552 663 551 663 542 668 540 669 356 669 354 668 340 660 339 660 338 660 337 660 318 668 316 668 315 668 295 660 294 660 293 660 292 660 276 668 274 668 229 668 230 700"/></Shape>
	    <String CONTENT="torẽ conuertantur pro illis orandum eſt. Ac"
                    HPOS="229.0"
                    VPOS="659.0"
                    WIDTH="795.0"
                    HEIGHT="57.0"
                    WC="0.9947319802912798"></String>
          </TextLine>
          <TextLine ID="line_14"
                    TAGREFS="LT8"
                    BASELINE="228 750 1023 748" 
                    HPOS="227.0"
                    VPOS="705.0"
                    WIDTH="796.0"
                    HEIGHT="67.0">
            <Shape><Polygon POINTS="228 750 228 772 277 772 278 772 279 772 300 758 334 764 335 764 336 764 337 764 346 757 414 762 415 762 446 756 477 767 478 767 479 767 480 767 514 757 535 765 536 765 537 765 538 765 565 758 598 767 599 767 600 767 601 767 652 756 668 762 668 762 669 762 699 756 742 765 745 765 746 765 749 765 804 755 827 763 828 763 829 763 862 758 870 763 883 771 884 771 885 771 886 771 887 771 909 762 918 759 939 759 942 762 950 768 951 768 952 768 953 768 954 768 967 763 998 768 999 768 1000 768 1023 760 1023 748 1020 714 953 714 951 714 938 705 937 705 936 705 915 705 914 705 913 705 896 714 895 715 847 715 843 714 814 709 813 709 793 713 774 705 773 705 651 705 650 705 649 705 625 711 606 707 605 707 604 707 588 714 585 715 579 714 542 708 541 708 540 708 521 714 518 715 516 714 500 706 499 706 474 706 473 706 472 706 453 714 450 715 357 715 356 714 311 706 310 706 227 714 228 750"/></Shape>
	    <String CONTENT="mediatoris officium in Chriſto accipio, de"
                    HPOS="227.0"
                    VPOS="705.0"
                    WIDTH="796.0"
                    HEIGHT="67.0"
                    WC="0.999497883376621"></String>
          </TextLine>
          <TextLine ID="line_15"
                    TAGREFS="LT8"
                    BASELINE="230 798 1017 796" 
                    HPOS="229.0"
                    VPOS="756.0"
                    WIDTH="788.0"
                    HEIGHT="54.0">
            <Shape><Polygon POINTS="230 798 230 810 1016 808 1017 796 1015 765 949 765 927 757 926 757 925 757 924 757 910 765 830 765 819 756 818 756 817 756 816 756 775 761 749 756 748 756 747 756 734 762 710 756 709 756 708 756 667 764 652 756 651 756 650 756 649 756 648 756 637 764 615 757 614 757 542 757 541 757 540 757 528 762 449 757 448 757 413 764 401 757 400 757 370 757 369 757 368 757 347 765 285 759 284 759 283 759 282 759 271 766 229 766 230 798"/></Shape>
	    <String CONTENT="tota perſona Chriſti, hoc eſt, vt ſit mediator"
                    HPOS="229.0"
                    VPOS="756.0"
                    WIDTH="788.0"
                    HEIGHT="54.0"
                    WC="0.9853408284809279"></String>
          </TextLine>
          <TextLine ID="line_16"
                    TAGREFS="LT8"
                    BASELINE="228 848 1015 846" 
                    HPOS="227.0"
                    VPOS="806.0"
                    WIDTH="788.0"
                    HEIGHT="58.0">
            <Shape><Polygon POINTS="228 848 229 863 242 858 267 858 274 863 275 863 276 863 277 864 354 864 354 863 360 862 381 858 475 861 538 863 539 863 553 860 567 858 582 860 597 862 598 862 599 862 600 862 604 859 609 858 650 859 709 862 710 862 711 862 718 858 723 857 731 858 745 862 746 862 747 863 806 863 806 862 807 862 808 862 815 858 818 857 821 858 834 862 835 862 836 862 881 858 890 857 891 858 896 861 897 861 898 861 958 862 959 862 1014 856 1015 846 1013 816 963 816 951 807 950 807 949 807 900 806 899 806 898 806 877 814 858 806 857 806 856 806 810 814 785 806 784 806 683 806 682 806 681 806 680 806 668 815 645 807 644 807 643 807 642 807 609 817 549 817 527 807 526 807 498 807 497 807 496 807 471 817 445 817 432 810 431 810 430 810 367 816 346 808 345 808 344 808 343 808 313 816 280 807 279 807 278 807 277 807 276 807 262 817 227 817 228 848"/></Shape>
	    <String CONTENT="reſpectu vtriuſque naturæ, diuinæ &amp; huma¬"
                    HPOS="227.0"
                    VPOS="806.0"
                    WIDTH="788.0"
                    HEIGHT="58.0"
                    WC="0.9934394766644734"></String>
          </TextLine>
          <TextLine ID="line_17"
                    TAGREFS="LT8"
                    BASELINE="228 898 1010 894" 
                    HPOS="227.0"
                    VPOS="854.0"
                    WIDTH="783.0"
                    HEIGHT="63.0">
            <Shape><Polygon POINTS="228 898 228 908 283 917 284 917 285 917 301 909 313 915 314 915 315 915 316 915 317 915 326 909 327 909 356 909 356 909 364 915 365 915 366 915 367 915 435 909 451 908 454 909 464 916 465 916 466 916 467 917 488 917 488 916 489 916 490 916 497 909 499 908 502 909 513 914 514 914 515 914 581 910 625 907 656 907 663 910 674 915 675 915 676 915 677 915 678 915 686 910 688 909 704 910 757 915 758 915 780 910 795 907 806 910 817 914 818 914 819 915 958 915 958 914 976 911 998 907 1008 911 1010 894 1008 864 952 854 951 854 861 855 860 855 836 863 760 855 759 855 758 855 757 855 743 864 619 855 618 855 617 855 586 864 561 857 560 857 559 857 558 857 527 865 391 858 390 858 389 858 367 865 356 857 356 857 355 857 340 857 339 857 338 857 318 867 227 867 228 898"/></Shape>
	    <String CONTENT="næ. Sĩc interpretatur locum hunc Chryſo¬"
                    HPOS="227.0"
                    VPOS="854.0"
                    WIDTH="783.0"
                    HEIGHT="63.0"
                    WC="0.986183960263322"></String>
          </TextLine>
          <TextLine ID="line_18"
                    TAGREFS="LT8"
                    BASELINE="234 942 246 942 782 945" 
                    HPOS="231"
                    VPOS="901"
                    WIDTH="549"
                    HEIGHT="62">
            <Shape><Polygon POINTS="233 941 231 963 779 961 780 943 779 911 672 902 670 902 639 908 632 910 629 908 620 902 619 902 617 902 543 902 541 902 540 902 538 902 538 904 534 907 532 910 526 907 510 901 509 901 507 901 506 901 490 907 485 908 479 907 465 901 463 901 462 901 460 901 441 905 431 908 233 904 233 941"/></Shape>
	    <String CONTENT="ſtomus, &amp; alii, &amp;c. Vide Locos."
                    HPOS="231"
                    VPOS="901"
                    WIDTH="549"
                    HEIGHT="62"></String>
          </TextLine>
        </TextBlock>
        <TextBlock HPOS="232.77175903320312"
                   VPOS="961.9447631835938"
                   WIDTH="621.0278625488281"
                   HEIGHT="56.23291015625"
                   ID="block_2"
                   TAGREFS="BT1852">
          <Shape><Polygon POINTS="232.772 961.945 853.8 961.945 853.8 1018.18 232.772 1018.18 232.772 961.945"/></Shape>
          <TextLine ID="line_19"
                    TAGREFS="LT8"
                    BASELINE="291 1000 829 999" 
                    HPOS="289"
                    VPOS="963"
                    WIDTH="538"
                    HEIGHT="51">
            <Shape><Polygon POINTS="714 963 700 963 685 963 670 963 656 963 641 963 626 963 612 963 597 963 582 963 568 963 553 963 538 963 523 963 509 963 494 963 479 963 465 963 450 963 435 963 421 963 406 963 391 963 377 963 362 963 347 963 333 963 318 963 303 963 293 963 289 964 290 999 290 1014 826 1011 827 998 824 964 722 963 714 963"/></Shape>
	    <String CONTENT="6 Qui dedit ſemetipſum, &amp;c."
                    HPOS="289"
                    VPOS="963"
                    WIDTH="538"
                    HEIGHT="51"></String>
          </TextLine>
        </TextBlock>
        <TextBlock HPOS="224.28359985351562"
                   VPOS="1015.1588134765625"
                   WIDTH="803.4042663574219"
                   HEIGHT="299.0164794921875"
                   ID="block_6"
                   TAGREFS="BT1851">
          <Shape><Polygon POINTS="224.284 1015.16 1027.69 1015.16 1027.69 1314.18 224.284 1314.18 224.284 1015.16"/></Shape>
          <TextLine ID="line_20"
                    TAGREFS="LT8"
                    BASELINE="321 1052 1018 1053" 
                    HPOS="321.0"
                    VPOS="1006.0"
                    WIDTH="697.0"
                    HEIGHT="62.0">
            <Shape><Polygon POINTS="321 1052 321 1066 341 1062 395 1066 412 1067 413 1067 414 1067 415 1067 416 1066 426 1060 439 1066 443 1067 444 1067 445 1067 445 1067 448 1066 458 1061 467 1066 470 1067 471 1067 472 1068 529 1068 529 1067 537 1065 558 1060 574 1065 579 1067 580 1067 581 1067 582 1067 591 1065 607 1061 640 1065 664 1067 665 1067 676 1064 695 1060 788 1060 794 1064 795 1065 796 1065 797 1065 798 1065 823 1064 876 1060 899 1063 928 1067 929 1067 1017 1062 1018 1053 1017 1020 967 1020 965 1019 941 1006 940 1006 896 1006 895 1006 894 1006 877 1015 857 1007 856 1007 855 1007 854 1007 837 1013 820 1006 819 1006 818 1006 817 1006 794 1014 774 1007 773 1007 772 1007 736 1013 718 1008 717 1008 716 1008 715 1008 691 1014 673 1019 656 1014 633 1007 632 1007 631 1007 630 1007 615 1013 612 1014 608 1013 582 1006 581 1006 580 1006 579 1006 564 1012 547 1019 507 1012 492 1009 491 1009 481 1011 447 1020 356 1020 337 1009 333 1007 332 1007 331 1007 321 1008 321 1052"/></Shape>
	    <String CONTENT="Explicat pleniùs hanc cauſam forma¬"
                    HPOS="321.0"
                    VPOS="1006.0"
                    WIDTH="697.0"
                    HEIGHT="62.0"
                    WC="0.9993355919917425"></String>
          </TextLine>
          <TextLine ID="line_21"
                    TAGREFS="LT8"
                    BASELINE="226 1099 1020 1101" 
                    HPOS="225.0"
                    VPOS="1056.0"
                    WIDTH="795.0"
                    HEIGHT="59.0">
            <Shape><Polygon POINTS="226 1099 225 1112 355 1115 356 1115 356 1115 363 1113 378 1108 396 1113 401 1114 401 1114 402 1114 403 1114 406 1113 419 1108 500 1108 519 1113 526 1115 527 1115 528 1115 529 1115 534 1113 546 1108 605 1108 617 1113 623 1115 624 1115 624 1115 636 1114 655 1109 695 1114 717 1115 718 1115 742 1114 788 1109 860 1109 875 1114 882 1115 883 1115 884 1115 895 1114 920 1110 942 1114 953 1115 954 1115 1019 1114 1020 1101 1020 1068 881 1065 862 1057 861 1057 860 1057 859 1057 836 1065 832 1066 826 1065 794 1057 793 1057 792 1057 772 1064 766 1066 762 1064 749 1057 748 1057 747 1057 640 1062 618 1063 613 1062 592 1056 591 1056 590 1056 546 1061 525 1063 434 1059 414 1059 413 1059 410 1059 376 1066 354 1058 347 1056 346 1056 345 1056 344 1056 337 1058 316 1064 226 1057 226 1099"/></Shape>
	    <String CONTENT="lem ſalutis noſtræ: λύτρον dicitur redemptio¬"
                    HPOS="225.0"
                    VPOS="1056.0"
                    WIDTH="795.0"
                    HEIGHT="59.0"
                    WC="0.9871719311112943"></String>
          </TextLine>
          <TextLine ID="line_22"
                    TAGREFS="LT8"
                    BASELINE="227 1150 552 1147 1020 1153" 
                    HPOS="226.0"
                    VPOS="1104.0"
                    WIDTH="794.0"
                    HEIGHT="62.0">
            <Shape><Polygon POINTS="227 1150 226 1161 329 1163 330 1163 331 1163 334 1162 355 1157 429 1157 457 1163 459 1163 460 1163 461 1163 462 1163 487 1157 516 1163 521 1164 522 1164 523 1164 525 1163 542 1158 579 1158 593 1163 594 1163 595 1163 596 1163 597 1163 608 1158 645 1158 736 1165 745 1165 746 1165 747 1165 748 1165 761 1159 771 1163 772 1163 773 1163 822 1158 862 1166 867 1166 868 1166 869 1166 871 1166 886 1161 929 1166 934 1166 935 1166 936 1166 936 1166 945 1160 1018 1166 1020 1153 1019 1115 968 1111 967 1111 948 1114 923 1118 914 1114 902 1108 901 1108 900 1108 899 1108 881 1114 874 1115 867 1114 847 1108 846 1108 845 1108 819 1114 801 1117 789 1114 771 1107 770 1107 769 1107 660 1113 638 1114 634 1113 619 1107 618 1107 617 1107 582 1113 575 1114 570 1113 553 1107 552 1107 551 1107 550 1107 549 1107 542 1113 540 1114 537 1113 529 1109 528 1109 527 1109 526 1109 525 1109 520 1113 516 1115 509 1113 507 1112 506 1112 505 1112 504 1112 502 1113 490 1116 439 1116 433 1112 423 1105 422 1105 421 1105 375 1105 374 1105 373 1105 357 1112 349 1116 319 1116 313 1112 310 1108 309 1108 308 1108 279 1104 278 1104 227 1111 227 1150"/></Shape>
	    <String CONTENT="nis pretium: ἀντίλυτρον verò cùm alius ſoluit"
                    HPOS="226.0"
                    VPOS="1104.0"
                    WIDTH="794.0"
                    HEIGHT="62.0"></String>
          </TextLine>
          <TextLine ID="line_23"
                    TAGREFS="LT8"
                    BASELINE="226 1198 632 1197 1018 1201" 
                    HPOS="226.0"
                    VPOS="1155.0"
                    WIDTH="792.0"
                    HEIGHT="62.0">
            <Shape><Polygon POINTS="226 1198 226 1215 295 1215 295 1214 296 1214 297 1214 326 1205 364 1212 365 1212 366 1212 386 1205 434 1211 435 1211 460 1207 480 1213 487 1215 488 1215 489 1216 533 1216 533 1215 545 1212 574 1206 619 1211 620 1211 621 1211 622 1211 627 1207 635 1212 639 1214 640 1214 641 1214 642 1214 648 1212 662 1207 749 1207 755 1211 759 1215 760 1215 761 1215 762 1215 763 1215 764 1215 769 1211 775 1207 807 1207 825 1211 849 1216 850 1216 876 1210 883 1209 888 1210 908 1217 909 1217 910 1217 911 1217 936 1211 980 1217 980 1217 1017 1209 1018 1201 1017 1172 941 1172 940 1171 924 1158 923 1158 922 1158 894 1158 893 1158 892 1158 860 1171 859 1172 843 1172 842 1171 816 1158 815 1158 814 1158 813 1158 789 1164 762 1157 761 1157 760 1157 730 1162 715 1157 714 1157 713 1157 713 1157 691 1167 672 1158 671 1158 670 1158 669 1158 668 1158 653 1170 637 1170 625 1170 624 1170 609 1158 608 1158 607 1158 606 1158 541 1169 510 1156 509 1156 358 1155 357 1155 356 1155 336 1161 323 1156 322 1156 321 1156 320 1156 296 1169 226 1169 226 1198"/></Shape>
	    <String CONTENT="quod reus non poterat, vt in bello cùm ca¬"
                    HPOS="226.0"
                    VPOS="1155.0"
                    WIDTH="792.0"
                    HEIGHT="62.0"
                    WC="0.9917124537534492"></String>
          </TextLine>
          <TextLine ID="line_24"
                    TAGREFS="LT8"
                    BASELINE="229 1244 1018 1248" 
                    HPOS="229.0"
                    VPOS="1204.0"
                    WIDTH="789.0"
                    HEIGHT="62.0">
            <Shape><Polygon POINTS="229 1244 229 1262 320 1258 327 1263 328 1263 329 1263 330 1264 378 1264 378 1263 381 1263 409 1256 424 1263 425 1263 426 1263 427 1263 428 1263 429 1263 438 1257 468 1257 485 1263 489 1264 490 1264 490 1265 517 1265 517 1264 518 1264 519 1264 520 1263 529 1257 582 1257 590 1262 591 1262 592 1262 593 1262 660 1258 668 1263 670 1265 671 1265 672 1265 673 1265 674 1265 680 1263 694 1259 758 1263 763 1263 764 1263 765 1263 766 1263 775 1258 806 1258 815 1263 818 1266 819 1266 820 1266 821 1266 822 1266 823 1266 827 1263 833 1260 860 1263 876 1265 877 1265 878 1265 879 1265 881 1263 887 1259 922 1263 945 1266 946 1266 964 1263 985 1260 1016 1263 1018 1248 1018 1217 997 1207 996 1207 995 1207 994 1207 969 1216 933 1208 932 1208 931 1208 902 1216 900 1217 861 1217 857 1215 821 1206 820 1206 819 1206 740 1211 718 1206 717 1206 716 1206 715 1206 698 1214 697 1214 696 1214 668 1206 667 1206 649 1206 648 1206 647 1206 646 1206 636 1213 634 1214 615 1213 544 1209 543 1209 514 1212 497 1214 493 1212 487 1206 486 1206 485 1206 442 1206 441 1206 440 1206 439 1206 431 1211 426 1214 419 1211 401 1204 400 1204 314 1204 313 1204 312 1204 301 1210 296 1213 229 1210 229 1244"/></Shape>
	    <String CONTENT="put capite, vita vnius alterius morte redi¬"
                    HPOS="229.0"
                    VPOS="1204.0"
                    WIDTH="789.0"
                    HEIGHT="62.0"
                    WC="0.9993428906729055"></String>
          </TextLine>
          <TextLine ID="line_25"
                    TAGREFS="LT8"
                    BASELINE="223 1294 401 1289" 
                    HPOS="221"
                    VPOS="1250"
                    WIDTH="179"
                    HEIGHT="58">
            <Shape><Polygon POINTS="221 1292 221 1306 399 1308 400 1288 396 1250 228 1262 221 1292"/></Shape>
	    <String CONTENT="mitur, &amp;c."
                    HPOS="221"
                    VPOS="1250"
                    WIDTH="179"
                    HEIGHT="58"></String>
          </TextLine>
        </TextBlock>
        <TextBlock HPOS="220.65147399902344"
                   VPOS="1314.579833984375"
                   WIDTH="811.5639801025391"
                   HEIGHT="251.2359619140625"
                   ID="block_5"
                   TAGREFS="BT1851">
          <Shape><Polygon POINTS="220.651 1314.58 1032.22 1314.58 1032.22 1565.82 220.651 1565.82 220.651 1314.58"/></Shape>
          <TextLine ID="line_26"
                    TAGREFS="LT8"
                    BASELINE="274 1343 1015 1348" 
                    HPOS="273.0"
                    VPOS="1299.0"
                    WIDTH="742.0"
                    HEIGHT="65.0">
            <Shape><Polygon POINTS="274 1343 273 1353 292 1360 293 1360 294 1360 352 1354 353 1354 355 1354 405 1360 406 1360 407 1360 421 1354 428 1360 428 1361 429 1361 430 1361 431 1361 526 1355 528 1355 529 1355 571 1362 572 1362 623 1356 677 1362 678 1362 825 1357 846 1363 847 1363 847 1363 848 1363 866 1357 874 1357 903 1357 911 1364 912 1364 913 1364 914 1364 915 1364 933 1358 955 1364 956 1364 957 1364 958 1364 959 1364 970 1358 1014 1358 1015 1348 1013 1316 980 1316 978 1315 957 1307 956 1307 955 1307 954 1307 953 1307 943 1315 941 1317 883 1317 879 1314 858 1301 857 1301 856 1301 855 1301 773 1306 722 1301 721 1301 720 1301 688 1312 682 1314 675 1312 657 1305 656 1305 655 1305 654 1305 641 1312 638 1313 635 1311 629 1307 628 1307 627 1307 626 1307 625 1307 610 1311 600 1314 592 1311 562 1299 561 1299 560 1299 559 1299 533 1310 516 1306 515 1306 514 1306 495 1310 486 1312 483 1310 469 1299 468 1299 467 1299 466 1299 410 1306 364 1301 363 1301 362 1301 339 1308 301 1302 300 1302 274 1307 274 1343"/></Shape>
	    <String CONTENT="Ac latet hîc nouum argumentum, Cur"
                    HPOS="273.0"
                    VPOS="1299.0"
                    WIDTH="742.0"
                    HEIGHT="65.0"
                    WC="0.9997858132634844"></String>
          </TextLine>
          <TextLine ID="line_27"
                    TAGREFS="LT8"
                    BASELINE="226 1392 1012 1396" 
                    HPOS="226.0"
                    VPOS="1350.0"
                    WIDTH="786.0"
                    HEIGHT="63.0">
            <Shape><Polygon POINTS="226 1392 226 1408 397 1403 414 1408 422 1410 423 1410 424 1410 438 1408 457 1404 580 1404 590 1407 600 1410 601 1410 602 1410 683 1407 727 1405 733 1406 750 1411 751 1411 752 1411 841 1406 847 1406 852 1406 916 1412 917 1412 918 1412 931 1406 937 1412 938 1412 939 1412 940 1413 991 1413 991 1412 992 1412 1011 1405 1012 1396 1011 1364 905 1364 901 1362 887 1355 886 1355 885 1355 838 1359 815 1353 814 1353 813 1353 762 1359 753 1360 748 1359 728 1353 727 1353 726 1353 725 1353 724 1353 717 1358 712 1362 669 1357 619 1352 618 1352 617 1352 616 1352 610 1356 604 1360 576 1356 562 1354 561 1354 560 1354 559 1354 557 1355 549 1360 520 1360 507 1355 499 1352 498 1352 497 1352 487 1354 457 1361 416 1361 404 1353 404 1352 403 1352 402 1352 401 1352 395 1353 349 1359 318 1354 317 1354 316 1354 315 1354 309 1359 226 1350 226 1392"/></Shape>
	    <String CONTENT="pro omnibus ſit orandum. Ratio eſt, quia"
                    HPOS="226.0"
                    VPOS="1350.0"
                    WIDTH="786.0"
                    HEIGHT="63.0"
                    WC="0.9974571526050567"></String>
          </TextLine>
          <TextLine ID="line_28"
                    TAGREFS="LT8"
                    BASELINE="225 1445 1016 1445" 
                    HPOS="225.0"
                    VPOS="1402.0"
                    WIDTH="791.0"
                    HEIGHT="59.0">
            <Shape><Polygon POINTS="225 1445 225 1454 278 1454 293 1460 294 1460 295 1461 362 1461 362 1460 363 1460 378 1454 379 1454 431 1454 445 1454 452 1460 453 1460 454 1460 455 1460 495 1455 501 1454 576 1454 579 1455 593 1460 594 1460 595 1460 659 1456 709 1460 710 1460 778 1456 779 1456 811 1460 812 1460 813 1460 825 1456 830 1454 839 1456 863 1460 864 1460 889 1456 900 1454 918 1456 956 1460 957 1460 1016 1456 1016 1445 1016 1414 957 1408 956 1408 899 1413 892 1413 891 1413 869 1404 868 1404 867 1404 826 1412 825 1412 787 1402 786 1402 785 1402 749 1410 733 1402 732 1402 709 1402 708 1402 707 1402 687 1411 683 1413 676 1411 646 1403 645 1403 644 1403 643 1403 619 1409 607 1403 606 1403 605 1403 604 1403 603 1403 593 1411 589 1414 501 1414 489 1410 474 1407 473 1407 457 1410 443 1413 437 1410 428 1405 427 1405 426 1405 425 1405 414 1408 394 1402 393 1402 392 1402 338 1407 330 1402 329 1402 328 1402 269 1402 268 1402 225 1408 225 1445"/></Shape>
	    <String CONTENT="D. Chriſtus pro omnibus paſſus eſt. Cur"
                    HPOS="225.0"
                    VPOS="1402.0"
                    WIDTH="791.0"
                    HEIGHT="59.0"
                    WC="0.987623991110386"></String>
          </TextLine>
          <TextLine ID="line_29"
                    TAGREFS="LT8"
                    BASELINE="222 1491 1023 1496" 
                    HPOS="222.0"
                    VPOS="1451.0"
                    WIDTH="801.0"
                    HEIGHT="63.0">
            <Shape><Polygon POINTS="222 1491 222 1501 237 1509 238 1509 239 1510 262 1510 262 1509 263 1509 277 1501 293 1509 294 1509 295 1509 344 1501 355 1509 356 1509 356 1509 357 1509 421 1503 457 1510 458 1510 459 1510 490 1502 542 1511 543 1511 544 1511 568 1503 620 1503 636 1511 637 1511 638 1511 719 1505 738 1512 739 1512 740 1512 784 1504 861 1504 879 1513 880 1513 881 1514 941 1514 941 1513 942 1513 973 1505 989 1512 990 1512 991 1512 1022 1504 1023 1496 1023 1465 995 1455 994 1455 944 1455 943 1455 942 1455 921 1465 921 1466 866 1466 862 1465 808 1454 807 1454 767 1458 744 1455 743 1455 742 1455 721 1461 708 1453 707 1453 706 1453 705 1453 704 1453 674 1463 643 1458 642 1458 641 1458 640 1458 633 1462 612 1453 611 1453 610 1453 609 1453 594 1458 545 1454 544 1454 543 1454 517 1462 385 1451 384 1451 328 1461 327 1461 326 1461 291 1451 290 1451 289 1451 288 1451 259 1461 257 1461 222 1461 222 1491"/></Shape>
	    <String CONTENT="igitur dubitares pro omnibus orare , quum"
                    HPOS="222.0"
                    VPOS="1451.0"
                    WIDTH="801.0"
                    HEIGHT="63.0"
                    WC="0.9833286360996526"></String>
          </TextLine>
          <TextLine ID="line_30"
                    TAGREFS="LT8"
                    BASELINE="224 1540 1025 1544" 
                    HPOS="223.0"
                    VPOS="1501.0"
                    WIDTH="802.0"
                    HEIGHT="69.0">
            <Shape><Polygon POINTS="224 1540 223 1557 236 1566 237 1566 238 1566 239 1567 297 1567 297 1566 298 1566 335 1556 342 1554 348 1556 371 1564 372 1564 373 1564 374 1564 392 1556 398 1554 404 1556 422 1562 423 1562 424 1562 531 1557 583 1555 593 1558 611 1563 612 1563 613 1563 632 1560 645 1568 646 1568 647 1568 648 1568 751 1559 787 1556 802 1559 839 1569 840 1569 841 1570 915 1570 915 1569 916 1569 932 1560 937 1557 1002 1559 1004 1561 1011 1567 1012 1567 1013 1567 1014 1567 1015 1567 1025 1561 1025 1544 1025 1510 1000 1503 999 1503 998 1503 887 1508 866 1509 859 1508 827 1502 826 1502 825 1502 810 1508 808 1508 795 1508 697 1502 696 1502 695 1502 678 1507 671 1508 656 1506 626 1503 625 1503 572 1506 539 1507 536 1505 530 1501 529 1501 528 1501 527 1501 481 1505 451 1507 403 1504 338 1501 337 1501 312 1503 292 1506 224 1503 224 1540"/></Shape>
	    <String CONTENT="Chriſtus non dubitarit pro omnibus |mori?"
                    HPOS="223.0"
                    VPOS="1501.0"
                    WIDTH="802.0"
                    HEIGHT="69.0"></String>
          </TextLine>
        </TextBlock>
        <TextBlock HPOS="915.49853515625"
                   VPOS="1557.3397216796875"
                   WIDTH="120.7039794921875"
                   HEIGHT="52.4359130859375"
                   ID="block_1"
                   TAGREFS="BT17">
          <Shape><Polygon POINTS="915.499 1557.34 1036.2 1557.34 1036.2 1609.78 915.499 1609.78 915.499 1557.34"/></Shape>
          <TextLine ID="line_31"
                    TAGREFS="LT8"
                    BASELINE="914 1594 1031 1591" 
                    HPOS="913.0"
                    VPOS="1552.0"
                    WIDTH="118.0"
                    HEIGHT="66.0">
            <Shape><Polygon POINTS="914 1609 951 1618 952 1618 1031 1605 1031 1591 1030 1561 1006 1553 1005 1553 1004 1553 1003 1553 1002 1553 993 1559 989 1561 983 1558 972 1552 971 1552 970 1552 969 1552 955 1556 939 1561 913 1554 914 1594 914 1609"/></Shape>
	    <String CONTENT="Mor¬"
                    HPOS="913.0"
                    VPOS="1552.0"
                    WIDTH="118.0"
                    HEIGHT="66.0"
                    WC="0.987460121512413"></String>
          </TextLine>
        </TextBlock>
      </PrintSpace>
    </Page>
  </Layout>
</alto>
