<?xml version="1.0" encoding="UTF-8"?>
<alto xmlns:xsi="http://www.w3.org/2001/XMLSchema-instance"
      xmlns="http://www.loc.gov/standards/alto/ns-v4#"
      xsi:schemaLocation="http://www.loc.gov/standards/alto/ns-v4# http://www.loc.gov/standards/alto/v4/alto-4-2.xsd">
  <Description>
    <MeasurementUnit>pixel</MeasurementUnit>
    <sourceImageInformation>
      <fileName>bsb10313792_00141.jpg</fileName>
    </sourceImageInformation>
  </Description>
  <Tags>
    <OtherTag ID="BT7" LABEL="CustomZone" DESCRIPTION="block type CustomZone"/><OtherTag ID="BT8" LABEL="DamageZone" DESCRIPTION="block type DamageZone"/><OtherTag ID="BT9" LABEL="DigitizationArtefactZone" DESCRIPTION="block type DigitizationArtefactZone"/><OtherTag ID="BT10" LABEL="DropCapitalZone" DESCRIPTION="block type DropCapitalZone"/><OtherTag ID="BT11" LABEL="GraphicZone" DESCRIPTION="block type GraphicZone"/><OtherTag ID="BT12" LABEL="MainZone" DESCRIPTION="block type MainZone"/><OtherTag ID="BT13" LABEL="MarginTextZone" DESCRIPTION="block type MarginTextZone"/><OtherTag ID="BT14" LABEL="MusicZone" DESCRIPTION="block type MusicZone"/><OtherTag ID="BT15" LABEL="NumberingZone" DESCRIPTION="block type NumberingZone"/><OtherTag ID="BT17" LABEL="QuireMarksZone" DESCRIPTION="block type QuireMarksZone"/><OtherTag ID="BT18" LABEL="RunningTitleZone" DESCRIPTION="block type RunningTitleZone"/><OtherTag ID="BT19" LABEL="SealZone" DESCRIPTION="block type SealZone"/><OtherTag ID="BT20" LABEL="StampZone" DESCRIPTION="block type StampZone"/><OtherTag ID="BT21" LABEL="TableZone" DESCRIPTION="block type TableZone"/><OtherTag ID="BT22" LABEL="TitlePageZone" DESCRIPTION="block type TitlePageZone"/><OtherTag ID="BT1851" LABEL="MainZone-P" DESCRIPTION="block type MainZone-P"/><OtherTag ID="BT1852" LABEL="MainZone-Head" DESCRIPTION="block type MainZone-Head"/><OtherTag ID="BT1853" LABEL="MainZone-P-Continued" DESCRIPTION="block type MainZone-P-Continued"/><OtherTag ID="BT1854" LABEL="MarginTextZone-ManuscriptAddendum" DESCRIPTION="block type MarginTextZone-ManuscriptAddendum"/><OtherTag ID="BT1855" LABEL="text" DESCRIPTION="block type text"/><OtherTag ID="BT1856" LABEL="MainZone-Entry" DESCRIPTION="block type MainZone-Entry"/><OtherTag ID="BT1857" LABEL="MainZone-Entry-Continued" DESCRIPTION="block type MainZone-Entry-Continued"/><OtherTag ID="BT1877" LABEL="GraphicZone-Decoration" DESCRIPTION="block type GraphicZone-Decoration"/><OtherTag ID="BT1894" LABEL="MainZone-Other" DESCRIPTION="block type MainZone-Other"/>
    <OtherTag ID="LT7" LABEL="CustomLine" DESCRIPTION="line type CustomLine"/><OtherTag ID="LT8" LABEL="DefaultLine" DESCRIPTION="line type DefaultLine"/><OtherTag ID="LT9" LABEL="DropCapitalLine" DESCRIPTION="line type DropCapitalLine"/><OtherTag ID="LT10" LABEL="HeadingLine" DESCRIPTION="line type HeadingLine"/><OtherTag ID="LT11" LABEL="InterlinearLine" DESCRIPTION="line type InterlinearLine"/><OtherTag ID="LT12" LABEL="MusicLine" DESCRIPTION="line type MusicLine"/><OtherTag ID="LT636" LABEL="default" DESCRIPTION="line type default"/>
  </Tags>
  <Layout>
    <Page WIDTH="1072"
          HEIGHT="1743"
          PHYSICAL_IMG_NR="125"
          ID="eSc_dummypage_">
      <PrintSpace HPOS="0"
                  VPOS="0"
                  WIDTH="1072"
                  HEIGHT="1743">
        <TextBlock HPOS="136"
                   VPOS="52"
                   WIDTH="663"
                   HEIGHT="50"
                   ID="block_0"
                   TAGREFS="BT18">
          <Shape><Polygon POINTS="799 52 799 102 136 102 136 52"/></Shape>
          <TextLine ID="line_0"
                    TAGREFS="LT10"
                    BASELINE="140 87 545 87 793 92" 
                    HPOS="137"
                    VPOS="52"
                    WIDTH="654"
                    HEIGHT="49">
            <Shape><Polygon POINTS="762 52 748 52 733 52 719 52 704 52 689 52 676 52 565 55 540 52 531 52 517 52 502 52 488 52 473 52 459 52 444 52 429 52 415 52 400 52 386 52 371 52 357 52 342 52 328 52 313 52 299 52 284 52 270 52 255 52 241 52 226 52 212 52 197 52 183 52 168 52 153 52 139 52 139 85 137 101 790 101 791 91 788 52 777 52"/></Shape>
	    <String CONTENT="IN I. EPSIT. AD TIMOTH."
                    HPOS="137"
                    VPOS="52"
                    WIDTH="654"
                    HEIGHT="49"
                    WC="0.9987357414287069"></String>
          </TextLine>
        </TextBlock>
        <TextBlock HPOS="836"
                   VPOS="74"
                   WIDTH="56"
                   HEIGHT="36"
                   ID="eSc_textblock_9adfbf10"
                   TAGREFS="BT15">
          <Shape><Polygon POINTS="836 74 836 110 892 110 892 74"/></Shape>
          <TextLine ID="eSc_line_050a9e0d"
                    TAGREFS="LT8"
                    BASELINE="842 94 882 96" 
                    HPOS="839"
                    VPOS="74"
                    WIDTH="42"
                    HEIGHT="34">
            <Shape><Polygon POINTS="870 74 855 74 841 74 841 92 839 106 878 108 881 95 881 74 870 74"/></Shape>
	    <String CONTENT="133"
                    HPOS="839"
                    VPOS="74"
                    WIDTH="42"
                    HEIGHT="34"
                    WC="0.9981522361437479"></String>
          </TextLine>
        </TextBlock>
        <TextBlock HPOS="54"
                   VPOS="109"
                   WIDTH="836"
                   HEIGHT="640"
                   ID="block_3"
                   TAGREFS="BT1853">
          <Shape><Polygon POINTS="890 109 890 749 54 749 68 109"/></Shape>
          <TextLine ID="line_1"
                    TAGREFS="LT8"
                    BASELINE="65 140 407 139 885 146" 
                    HPOS="64"
                    VPOS="104"
                    WIDTH="821"
                    HEIGHT="55">
            <Shape><Polygon POINTS="848 105 847 105 846 105 828 115 798 115 776 106 775 106 774 106 738 111 719 107 718 107 717 107 716 107 710 112 700 105 695 105 685 105 675 105 666 105 656 105 646 105 637 105 627 105 617 105 608 105 606 105 604 106 588 112 367 111 359 107 354 105 346 105 336 105 328 105 321 107 313 109 310 107 307 105 298 105 288 105 278 105 269 105 259 105 249 105 240 105 230 105 220 105 211 105 201 105 191 105 183 105 116 108 99 108 97 108 92 105 85 105 75 105 70 104 65 106 65 140 64 152 144 153 145 153 146 153 157 147 167 153 168 153 169 153 170 153 172 153 202 150 213 153 214 154 215 154 216 154 223 153 266 149 290 154 291 154 292 154 293 154 294 154 295 154 308 150 347 153 348 153 424 149 465 153 466 153 728 152 780 157 801 159 802 159 884 157 885 146 885 105 859 105 850 105"/></Shape>
	    <String CONTENT="depromptũ, alterũ ex nouo. Moſis enim eſt"
                    HPOS="64"
                    VPOS="104"
                    WIDTH="821"
                    HEIGHT="55"
                    WC="0.9941045988437741"></String>
          </TextLine>
          <TextLine ID="line_2"
                    TAGREFS="LT8"
                    BASELINE="68 189 472 188 884 195" 
                    HPOS="67.0"
                    VPOS="145.0"
                    WIDTH="817.0"
                    HEIGHT="64.0">
            <Shape><Polygon POINTS="68 189 67 197 108 204 109 205 165 205 165 204 166 204 178 198 179 198 182 198 214 204 214 204 247 199 255 198 266 199 311 204 312 204 416 200 452 199 455 200 465 206 466 206 467 206 565 201 595 200 599 201 614 208 615 208 616 208 644 202 649 201 714 201 721 202 750 209 751 209 883 203 884 195 883 162 750 147 646 147 645 147 644 147 630 154 614 146 613 146 612 146 540 151 533 146 532 146 531 146 481 145 480 145 444 149 443 149 425 158 424 158 298 158 297 157 243 149 242 149 241 149 216 157 173 157 169 157 169 156 148 150 147 150 146 150 113 156 112 156 111 156 90 149 89 149 88 149 87 149 68 154 68 189"/></Shape>
	    <String CONTENT="ſentẽtia, Boui triturãti nõ obligabis os, de qua"
                    HPOS="67.0"
                    VPOS="145.0"
                    WIDTH="817.0"
                    HEIGHT="64.0"
                    WC="0.9821174191493615"></String>
          </TextLine>
          <TextLine ID="line_3"
                    TAGREFS="LT8"
                    BASELINE="72 238 517 238 883 244" 
                    HPOS="71"
                    VPOS="196"
                    WIDTH="812"
                    HEIGHT="63">
            <Shape><Polygon POINTS="71 249 233 254 234 254 235 254 244 251 260 246 275 252 279 253 280 253 281 253 282 253 285 252 297 247 305 252 308 255 309 255 310 255 311 256 349 256 349 255 350 255 351 255 354 253 363 247 397 247 411 253 416 255 417 255 450 256 451 256 452 256 458 254 472 248 627 248 638 254 639 254 640 254 641 254 662 249 720 257 733 258 734 258 779 257 815 256 816 256 827 250 837 258 838 258 839 258 840 259 882 259 883 244 880 203 863 209 848 204 847 204 846 204 845 204 829 211 818 206 817 206 816 206 815 206 814 206 807 212 764 212 741 202 731 198 730 198 678 198 677 198 676 198 675 198 671 202 657 210 624 210 610 201 604 198 603 198 581 197 580 197 475 199 474 199 468 201 441 209 380 209 364 200 358 197 357 197 356 197 355 197 354 197 350 200 336 209 281 209 256 199 245 196 244 196 243 196 236 199 219 207 72 199 72 238"/></Shape>
	    <String CONTENT="diximus, Cor.9.ver.9. Vnde hoc ſequitur. Si"
                    HPOS="71"
                    VPOS="196"
                    WIDTH="812"
                    HEIGHT="63"
                    WC="0.98243217551431"></String>
          </TextLine>
          <TextLine ID="line_4"
                    TAGREFS="LT8"
                    BASELINE="71 287 462 286 881 292" 
                    HPOS="70.0"
                    VPOS="243.0"
                    WIDTH="811.0"
                    HEIGHT="63.0">
            <Shape><Polygon POINTS="71 287 70 297 273 304 274 304 275 304 289 298 290 297 319 297 322 298 329 303 330 303 331 303 332 303 333 303 341 298 345 297 402 297 411 298 446 305 447 305 448 305 465 298 467 298 607 298 608 299 620 304 621 304 622 304 653 299 655 299 668 305 669 305 670 305 725 300 746 306 747 306 748 306 749 306 765 300 791 306 792 306 793 306 880 299 881 292 880 260 843 260 842 259 826 246 825 246 824 246 790 245 789 245 788 245 759 258 755 259 660 259 655 256 634 244 633 244 500 244 499 244 498 244 482 251 469 244 468 244 467 244 420 250 400 243 399 243 359 243 358 243 357 243 356 243 341 252 339 253 319 253 317 251 306 243 305 243 304 243 303 243 302 243 279 251 266 256 195 256 184 249 173 243 172 243 171 243 170 243 169 243 145 249 122 255 101 254 94 248 90 244 89 244 88 244 87 244 71 247 71 287"/></Shape>
	    <String CONTENT="boui benignè exhibẽdus eſt victus propter la¬"
                    HPOS="70.0"
                    VPOS="243.0"
                    WIDTH="811.0"
                    HEIGHT="63.0"
                    WC="0.9920690909345099"></String>
          </TextLine>
          <TextLine ID="line_5"
                    TAGREFS="LT8"
                    BASELINE="69 338 447 336 882 341" 
                    HPOS="68.0"
                    VPOS="294.0"
                    WIDTH="814.0"
                    HEIGHT="61.0">
            <Shape><Polygon POINTS="69 338 68 346 81 352 82 352 83 352 119 347 125 346 128 347 142 352 143 352 209 353 210 353 245 348 256 347 269 348 309 353 310 353 311 353 312 353 318 349 321 347 333 349 357 353 358 353 402 350 438 347 444 350 448 352 449 352 450 352 451 352 452 352 454 350 459 347 648 347 689 353 708 355 709 355 732 353 771 349 880 354 882 341 881 308 795 308 793 306 785 301 784 301 783 301 782 301 752 306 749 306 744 306 710 300 709 300 708 300 688 305 683 306 679 305 658 295 657 295 539 295 538 295 537 295 525 302 517 295 516 295 515 295 470 295 469 295 468 295 453 301 443 295 442 295 441 295 396 294 395 294 394 294 393 294 382 301 378 304 357 301 337 298 336 298 336 298 330 300 317 305 264 301 263 301 262 301 261 301 254 305 164 305 152 298 150 296 149 296 148 296 147 296 139 298 108 305 69 297 69 338"/></Shape>
	    <String CONTENT="borẽ, quanto magis homini docẽti vigilãter &amp;"
                    HPOS="68.0"
                    VPOS="294.0"
                    WIDTH="814.0"
                    HEIGHT="61.0"
                    WC="0.9869122695415578"></String>
          </TextLine>
          <TextLine ID="line_6"
                    TAGREFS="LT8"
                    BASELINE="67 386 882 390" 
                    HPOS="66.0"
                    VPOS="340.0"
                    WIDTH="816.0"
                    HEIGHT="64.0">
            <Shape><Polygon POINTS="67 386 66 392 118 401 119 401 245 395 268 394 273 395 292 401 293 401 294 401 295 401 311 396 314 395 321 396 345 399 346 399 410 397 459 395 471 397 487 401 488 401 489 401 557 398 630 396 647 399 662 403 663 403 664 403 665 403 673 400 676 398 687 400 709 404 710 404 767 401 824 398 880 402 882 390 882 356 855 347 854 347 853 347 852 347 826 356 826 357 720 357 718 356 676 342 675 342 502 342 501 342 500 342 485 348 446 343 445 343 444 343 424 354 398 348 397 348 396 348 373 354 372 354 353 342 352 342 351 342 327 342 326 342 325 342 304 354 303 354 302 354 271 340 270 340 269 340 209 346 208 346 194 353 182 353 131 352 117 342 116 342 115 342 114 342 113 342 112 342 97 353 95 353 67 353 67 386"/></Shape>
	    <String CONTENT="vtiliter? Chriſti verò eſt ſentẽtia, Dignus eſt"
                    HPOS="66.0"
                    VPOS="340.0"
                    WIDTH="816.0"
                    HEIGHT="64.0"
                    WC="0.9933983817392465"></String>
          </TextLine>
          <TextLine ID="line_7"
                    TAGREFS="LT8"
                    BASELINE="67 434 873 439" 
                    HPOS="66.0"
                    VPOS="392.0"
                    WIDTH="807.0"
                    HEIGHT="61.0">
            <Shape><Polygon POINTS="67 434 66 449 128 450 129 450 130 450 131 450 140 445 215 450 224 450 225 450 226 450 227 450 244 444 261 450 265 451 266 451 267 451 273 450 298 444 367 444 381 450 383 451 384 451 385 451 390 450 415 445 461 445 470 451 472 452 473 452 474 452 475 452 483 451 508 445 557 451 563 451 564 451 577 451 671 446 727 451 750 453 751 453 764 451 786 448 871 451 873 439 872 400 789 395 788 395 787 395 776 399 765 406 724 406 714 399 707 394 706 394 705 394 704 394 660 399 657 399 656 399 638 394 637 394 636 394 635 394 634 394 626 399 617 405 586 405 575 399 563 394 562 394 492 393 491 393 490 393 476 399 465 404 456 398 446 393 445 393 444 393 418 393 417 393 416 393 415 393 407 398 402 402 398 398 387 392 386 392 385 392 384 392 383 392 366 398 354 404 321 404 312 398 311 397 310 397 309 397 308 397 307 397 306 397 306 398 297 403 209 403 196 398 188 396 187 396 186 396 185 396 178 398 166 402 67 398 67 434"/></Shape>
	    <String CONTENT="operarius mercede ſua, Matt.10.ver.10.Luc."
                    HPOS="66.0"
                    VPOS="392.0"
                    WIDTH="807.0"
                    HEIGHT="61.0"></String>
          </TextLine>
          <TextLine ID="line_8"
                    TAGREFS="LT8"
                    BASELINE="72 486 881 486" 
                    HPOS="72.0"
                    VPOS="441.0"
                    WIDTH="809.0"
                    HEIGHT="61.0">
            <Shape><Polygon POINTS="72 486 73 500 92 495 103 500 104 500 105 500 108 500 170 496 205 500 217 501 218 501 219 501 224 500 245 494 281 500 293 501 294 502 329 502 329 501 330 501 331 501 333 499 340 494 384 494 391 499 392 499 393 499 394 499 396 499 433 494 450 499 454 500 455 500 456 500 457 500 459 499 468 494 551 494 559 499 562 501 563 501 564 501 565 501 566 501 571 499 577 496 880 497 881 486 881 453 832 453 832 452 818 441 817 441 816 441 761 441 760 441 759 441 758 441 749 447 732 441 731 441 730 441 607 442 606 442 596 447 584 441 583 441 582 441 581 441 560 452 560 453 539 453 538 452 514 442 513 442 512 442 469 446 438 441 437 441 436 441 435 441 428 447 397 441 396 441 395 441 394 441 379 450 359 441 358 441 357 441 356 441 324 452 307 452 268 452 267 452 253 441 252 441 251 441 236 441 235 441 234 441 214 452 213 452 72 452 72 486"/></Shape>
	    <String CONTENT="10.ver.7. In quib. ſentẽtiis obſeruemus opor¬"
                    HPOS="72.0"
                    VPOS="441.0"
                    WIDTH="809.0"
                    HEIGHT="61.0"
                    WC="0.9897181922974794"></String>
          </TextLine>
          <TextLine ID="line_9"
                    TAGREFS="LT8"
                    BASELINE="70 533 882 536" 
                    HPOS="70.0"
                    VPOS="490.0"
                    WIDTH="812.0"
                    HEIGHT="61.0">
            <Shape><Polygon POINTS="70 533 70 546 266 544 271 546 275 549 275 549 276 549 349 550 350 550 351 550 352 550 358 546 361 545 505 545 507 546 517 550 518 550 519 550 544 546 551 545 561 546 614 550 615 550 616 550 635 546 683 546 758 546 768 550 769 550 770 551 867 551 867 550 868 550 881 545 882 536 881 507 832 501 831 501 800 506 799 506 780 491 779 491 778 491 641 491 640 491 639 491 638 491 614 506 612 506 581 506 580 505 536 501 521 490 520 490 520 490 365 490 364 490 338 494 337 494 336 494 323 504 323 505 212 505 211 504 188 494 187 494 186 494 185 494 161 504 160 504 70 504 70 533"/></Shape>
	    <String CONTENT="tere eſſe nõ pigros boues, aut otioſos homines"
                    HPOS="70.0"
                    VPOS="490.0"
                    WIDTH="812.0"
                    HEIGHT="61.0"
                    WC="0.9998147779322685"></String>
          </TextLine>
          <TextLine ID="line_10"
                    TAGREFS="LT8"
                    BASELINE="66 583 881 585" 
                    HPOS="65.0"
                    VPOS="536.0"
                    WIDTH="816.0"
                    HEIGHT="65.0">
            <Shape><Polygon POINTS="66 583 65 592 176 593 186 599 187 599 188 599 189 599 210 594 214 593 249 593 252 594 260 599 261 599 262 599 263 599 264 599 281 594 287 593 290 594 298 598 299 598 300 598 301 598 307 595 313 592 352 595 393 598 394 598 395 598 396 598 398 595 404 592 429 592 498 596 545 599 546 599 583 597 635 594 642 597 644 600 645 600 646 600 647 600 648 600 653 598 660 594 670 598 675 600 676 600 677 601 736 601 736 600 737 600 738 600 740 598 745 595 879 599 881 585 881 546 814 539 813 539 812 539 793 546 779 550 767 546 746 537 745 537 744 537 620 541 619 541 609 547 606 548 604 547 589 539 588 539 587 539 586 539 566 544 553 540 552 540 551 540 551 540 550 540 540 547 537 550 524 550 520 547 508 538 507 538 506 538 367 536 366 536 365 536 342 548 340 549 337 548 328 545 327 545 326 545 296 548 280 550 276 548 254 537 253 537 252 537 251 537 221 549 217 550 146 550 144 549 122 539 122 539 121 539 120 539 101 549 99 550 66 550 66 583"/></Shape>
	    <String CONTENT="in foro, ſiquidem nobis velimus applicare id"
                    HPOS="65.0"
                    VPOS="536.0"
                    WIDTH="816.0"
                    HEIGHT="65.0"
                    WC="0.9843353114344857"></String>
          </TextLine>
          <TextLine ID="line_11"
                    TAGREFS="LT8"
                    BASELINE="70 633 877 636" 
                    HPOS="69.0"
                    VPOS="586.0"
                    WIDTH="808.0"
                    HEIGHT="63.0">
            <Shape><Polygon POINTS="70 633 69 643 74 647 75 647 76 647 77 647 156 642 225 647 226 647 227 647 228 647 235 642 245 642 307 641 345 641 347 642 354 647 355 647 356 647 357 647 358 647 375 642 378 642 500 642 503 642 517 648 518 648 519 648 592 647 593 647 602 642 603 642 614 649 615 649 616 649 617 649 633 644 683 644 690 649 691 649 692 649 693 649 739 643 742 643 743 643 764 649 765 649 765 649 766 649 779 643 782 642 793 643 835 649 836 649 876 643 877 636 877 599 856 588 855 588 815 588 814 588 813 588 787 597 744 588 743 588 742 588 741 588 728 599 725 601 688 601 685 599 672 588 671 588 670 588 669 588 668 588 628 598 621 600 619 598 607 588 606 588 605 588 520 587 520 587 519 587 500 595 482 587 481 587 480 587 394 591 338 586 313 586 312 586 311 586 310 586 296 595 284 588 283 588 282 588 281 588 256 598 254 599 162 599 160 598 153 592 152 592 151 592 150 592 149 592 148 592 140 598 138 598 70 598 70 633"/></Shape>
	    <String CONTENT="quod Apoſtolus hîc docet. Deinde Scripturæ"
                    HPOS="69.0"
                    VPOS="586.0"
                    WIDTH="808.0"
                    HEIGHT="63.0"></String>
          </TextLine>
          <TextLine ID="line_12"
                    TAGREFS="LT8"
                    BASELINE="69 681 878 684" 
                    HPOS="68.0"
                    VPOS="636.0"
                    WIDTH="810.0"
                    HEIGHT="61.0">
            <Shape><Polygon POINTS="69 681 68 694 876 697 878 684 877 642 801 639 800 639 799 639 793 642 772 653 754 642 750 640 749 640 748 640 747 640 746 640 737 642 730 638 729 638 728 638 727 638 669 642 622 639 621 639 620 639 606 644 601 646 597 644 584 638 583 638 582 638 581 638 566 644 554 650 532 650 525 645 514 637 513 637 512 637 419 637 418 637 417 637 405 642 397 637 396 637 395 637 336 636 335 636 334 636 333 636 317 647 312 647 287 651 69 651 69 681"/></Shape>
	    <String CONTENT="nomine, iam tunc cõprehenſas fuiſſe Domini"
                    HPOS="68.0"
                    VPOS="636.0"
                    WIDTH="810.0"
                    HEIGHT="61.0"
                    WC="0.9955965044886567"></String>
          </TextLine>
          <TextLine ID="line_13"
                    TAGREFS="LT8"
                    BASELINE="88 731 807 734" 
                    HPOS="85"
                    VPOS="685"
                    WIDTH="721"
                    HEIGHT="61">
            <Shape><Polygon POINTS="87 730 85 742 803 746 806 733 804 685 87 685 87 730"/></Shape>
	    <String CONTENT="Cheiſt; ſen tentias de religionis cura, &amp;c."
                    HPOS="85"
                    VPOS="685"
                    WIDTH="721"
                    HEIGHT="61"
                    WC="0.995501464189485"></String>
          </TextLine>
        </TextBlock>
        <TextBlock HPOS="114"
                   VPOS="750"
                   WIDTH="605"
                   HEIGHT="55"
                   ID="eSc_textblock_4de75d78"
                   TAGREFS="BT1852">
          <Shape><Polygon POINTS="719 750 719 805 114 805 114 750"/></Shape>
          <TextLine ID="eSc_line_42252e46"
                    TAGREFS="LT8"
                    BASELINE="133 782 699 790" 
                    HPOS="130"
                    VPOS="732"
                    WIDTH="567"
                    HEIGHT="79">
            <Shape><Polygon POINTS="553 733 525 749 509 733 437 732 379 749 355 732 309 732 255 737 246 732 239 732 219 746 132 746 130 801 184 794 199 806 203 806 255 795 290 807 444 809 457 797 495 810 514 798 567 798 595 811 621 803 647 811 663 800 697 800 697 737 553 733"/></Shape>
	    <String CONTENT="19 Aduerſus presbyterum, &amp;c"
                    HPOS="130"
                    VPOS="732"
                    WIDTH="567"
                    HEIGHT="79"
                    WC="0.9671943960366426"></String>
          </TextLine>
        </TextBlock>
        <TextBlock HPOS="55"
                   VPOS="804"
                   WIDTH="828"
                   HEIGHT="391"
                   ID="block_6"
                   TAGREFS="BT1851">
          <Shape><Polygon POINTS="883 804 883 1195 55 1195 65 804"/></Shape>
          <TextLine ID="line_16"
                    TAGREFS="LT8"
                    BASELINE="147 841 295 837 873 840" 
                    HPOS="146.0"
                    VPOS="793.0"
                    WIDTH="727.0"
                    HEIGHT="66.0">
            <Shape><Polygon POINTS="853 835 849 811 845 811 845 810 824 793 823 793 822 793 683 793 682 793 681 793 680 793 668 802 631 800 630 800 629 800 628 800 616 810 615 811 581 811 579 810 559 797 558 797 557 797 556 797 539 798 538 798 537 798 522 810 509 810 483 810 483 809 464 795 463 795 462 795 461 795 460 795 431 802 415 798 414 798 413 798 412 798 411 798 398 809 397 810 366 810 365 809 345 796 344 796 343 796 342 796 341 796 317 809 305 800 304 800 303 800 266 799 265 799 214 800 214 800 213 800 200 808 178 797 177 797 176 797 175 797 174 797 158 809 147 809 147 841 146 845 191 856 192 857 234 857 234 856 235 856 259 847 316 847 331 855 332 855 333 855 334 855 345 849 387 849 395 856 396 856 397 856 398 856 398 856 399 856 408 848 427 855 428 855 428 855 429 855 442 848 468 853 469 853 470 853 486 847 513 855 514 855 515 855 546 850 559 858 560 858 561 858 562 859 607 859 607 858 608 858 609 858 624 848 696 848 716 858 717 858 718 859 826 859 826 858 827 858 828 858 841 849 872 847 873 840 872 811 854 811 853 835"/></Shape>
	    <String CONTENT="Quartus locus, de iudicio cõtra peccan¬"
                    HPOS="146.0"
                    VPOS="793.0"
                    WIDTH="727.0"
                    HEIGHT="66.0"
                    WC="0.9875900596380234"></String>
          </TextLine>
          <TextLine ID="line_17"
                    TAGREFS="LT8"
                    BASELINE="68 886 879 888" 
                    HPOS="67"
                    VPOS="850"
                    WIDTH="812"
                    HEIGHT="61">
            <Shape><Polygon POINTS="67 896 118 900 127 908 128 908 129 908 130 908 153 903 212 909 213 909 249 907 250 907 267 899 312 906 313 906 314 906 335 898 337 898 426 904 427 904 454 898 457 898 458 898 482 909 483 909 484 909 485 909 486 909 493 903 531 905 532 905 533 905 545 900 600 908 601 908 602 908 628 900 641 906 642 906 643 906 658 901 673 910 674 910 675 911 714 911 714 910 715 910 716 910 732 900 734 899 762 899 764 900 776 910 777 910 778 910 779 911 850 911 850 910 851 910 878 900 879 888 879 862 848 851 847 851 846 851 845 851 815 861 755 851 754 851 753 851 736 856 646 854 645 854 644 854 627 862 495 862 463 856 462 856 404 857 394 850 393 850 392 850 294 850 293 850 292 850 257 861 218 861 203 852 202 852 201 852 200 852 199 852 198 852 184 861 148 861 92 861 92 860 76 856 75 856 74 856 73 856 72 856 68 857 68 886"/></Shape>
	    <String CONTENT="tes, videtur hîc locus pertinere ad primũ de"
                    HPOS="67"
                    VPOS="850"
                    WIDTH="812"
                    HEIGHT="61"
                    WC="0.9868209841458694"></String>
          </TextLine>
          <TextLine ID="line_18"
                    TAGREFS="LT8"
                    BASELINE="66 937 877 935" 
                    HPOS="65.0"
                    VPOS="899.0"
                    WIDTH="812.0"
                    HEIGHT="55.0">
            <Shape><Polygon POINTS="66 937 66 954 126 946 179 952 180 952 181 952 211 945 368 949 369 949 370 949 381 945 452 945 460 949 467 953 468 953 469 953 470 953 525 952 526 952 527 952 533 947 537 946 542 947 552 952 553 952 554 952 555 952 573 947 587 944 627 944 632 947 640 952 641 952 642 952 643 953 706 953 706 952 707 952 733 945 738 944 743 945 771 952 772 952 773 953 850 953 850 952 851 952 877 943 877 935 875 911 785 911 769 899 768 899 767 899 751 899 750 899 749 899 726 910 630 904 629 904 628 904 611 911 519 911 503 899 502 899 501 899 487 899 486 899 485 899 461 909 429 900 428 900 315 900 314 900 313 900 273 911 272 911 270 911 204 906 203 906 202 906 189 911 170 900 169 900 134 900 133 900 132 900 113 911 65 911 66 937"/></Shape>
	    <String CONTENT="moderatione adhibenda in corripiendis pec¬"
                    HPOS="65.0"
                    VPOS="899.0"
                    WIDTH="812.0"
                    HEIGHT="55.0"
                    WC="0.9995975976898557"></String>
          </TextLine>
          <TextLine ID="line_19"
                    TAGREFS="LT8"
                    BASELINE="67 985 879 987" 
                    HPOS="66.0"
                    VPOS="947.0"
                    WIDTH="813.0"
                    HEIGHT="57.0">
            <Shape><Polygon POINTS="67 985 66 994 179 1002 180 1002 181 1002 203 996 204 996 226 1002 227 1002 228 1002 260 996 264 996 315 996 318 997 331 1002 332 1002 333 1002 379 997 394 996 405 997 430 1001 431 1001 459 998 467 997 469 998 475 1003 476 1003 477 1003 478 1003 479 1003 495 998 500 997 511 998 544 1003 545 1003 546 1003 555 999 560 997 582 999 625 1003 626 1004 678 1004 678 1003 679 1003 686 1000 693 997 711 1000 730 1003 731 1004 779 1004 779 1003 780 1003 781 1003 784 1001 789 997 796 1001 802 1003 803 1003 804 1003 878 1001 879 987 878 950 829 948 828 948 827 948 826 948 824 950 808 960 664 960 652 952 647 948 646 948 645 948 625 948 624 948 623 948 622 948 616 952 605 960 576 960 567 953 561 948 560 948 559 948 558 948 515 953 514 953 513 953 507 948 506 948 505 948 437 947 436 947 435 947 419 954 411 958 402 954 387 947 386 947 385 947 348 955 337 957 335 955 322 947 321 947 320 947 300 947 299 947 298 947 297 947 286 955 281 959 200 959 197 956 183 947 183 947 182 947 165 947 164 947 163 947 146 957 143 959 114 959 112 957 98 948 97 948 96 948 95 948 94 948 67 957 67 985"/></Shape>
	    <String CONTENT="catorib. cuiuſuis ætatis &amp; ſexus homines: niſi"
                    HPOS="66.0"
                    VPOS="947.0"
                    WIDTH="813.0"
                    HEIGHT="57.0"
                    WC="0.9919459262619847"></String>
          </TextLine>
          <TextLine ID="line_20"
                    TAGREFS="LT8"
                    BASELINE="66 1036 877 1036" 
                    HPOS="66.0"
                    VPOS="996.0"
                    WIDTH="811.0"
                    HEIGHT="62.0">
            <Shape><Polygon POINTS="66 1036 66 1057 122 1055 122 1055 123 1055 136 1046 159 1046 184 1056 188 1057 189 1057 190 1058 340 1058 340 1057 341 1057 356 1053 383 1046 415 1052 439 1057 440 1057 441 1057 451 1052 462 1046 557 1046 563 1050 564 1051 565 1051 566 1051 567 1051 568 1051 572 1050 586 1046 592 1050 599 1055 600 1055 601 1055 602 1055 634 1049 650 1046 657 1049 677 1057 678 1057 679 1057 710 1051 735 1057 736 1057 737 1057 738 1057 761 1047 764 1046 766 1047 784 1056 785 1056 786 1056 787 1056 788 1056 793 1052 818 1057 819 1057 877 1045 877 1036 877 1008 802 996 722 996 721 996 720 996 719 996 709 1003 694 997 693 997 692 997 691 997 676 1004 669 999 668 999 667 999 570 996 569 996 568 996 567 996 553 1006 506 996 505 996 504 996 503 996 488 1006 478 1001 477 1001 476 1001 475 1001 452 1007 431 996 430 996 429 996 428 996 428 996 412 1008 279 1008 260 1001 259 1001 258 1001 257 1001 256 1001 246 1008 188 1008 173 996 172 996 171 996 118 996 117 996 116 996 115 996 99 1008 66 1008 66 1036"/></Shape>
	    <String CONTENT="quòd hîc magis tractat forenſem inquiſitio¬"
                    HPOS="66.0"
                    VPOS="996.0"
                    WIDTH="811.0"
                    HEIGHT="62.0"
                    WC="0.9985563079516093"></String>
          </TextLine>
          <TextLine ID="line_21"
                    TAGREFS="LT8"
                    BASELINE="64 1082 878 1086" 
                    HPOS="63.0"
                    VPOS="1050.0"
                    WIDTH="815.0"
                    HEIGHT="56.0">
            <Shape><Polygon POINTS="63 1092 117 1100 118 1100 142 1095 159 1103 160 1103 161 1103 162 1103 183 1097 219 1103 220 1103 279 1095 302 1103 303 1103 304 1103 305 1103 306 1103 320 1095 400 1095 469 1095 492 1095 511 1095 532 1105 533 1105 534 1106 608 1106 608 1105 609 1105 619 1100 627 1105 628 1105 629 1105 630 1105 693 1101 718 1106 719 1106 720 1106 731 1101 838 1106 839 1106 877 1097 878 1086 878 1062 854 1052 853 1052 812 1052 811 1052 810 1052 809 1052 797 1061 784 1055 783 1055 782 1055 781 1055 767 1059 759 1052 758 1052 757 1052 756 1052 700 1059 670 1053 669 1053 609 1058 599 1052 598 1052 597 1052 596 1052 595 1052 594 1052 585 1058 581 1061 506 1061 442 1058 439 1056 423 1050 422 1050 360 1050 359 1050 332 1055 314 1059 215 1059 205 1053 203 1053 202 1053 201 1053 200 1053 199 1053 192 1059 84 1059 65 1052 64 1082 63 1092"/></Shape>
	    <String CONTENT="nem in peccata: illic vero in genere obiurga¬"
                    HPOS="63.0"
                    VPOS="1050.0"
                    WIDTH="815.0"
                    HEIGHT="56.0"
                    WC="0.9900368518299527"></String>
          </TextLine>
          <TextLine ID="line_22"
                    TAGREFS="LT8"
                    BASELINE="66 1132 871 1134" 
                    HPOS="65.0"
                    VPOS="1097.0"
                    WIDTH="806.0"
                    HEIGHT="59.0">
            <Shape><Polygon POINTS="66 1132 65 1143 105 1153 106 1153 107 1153 120 1147 156 1154 157 1155 215 1155 215 1154 216 1154 237 1146 249 1151 250 1151 251 1151 252 1151 266 1145 298 1154 299 1154 300 1154 344 1148 382 1153 383 1153 384 1153 394 1148 460 1150 461 1150 462 1150 463 1150 469 1145 517 1155 518 1156 553 1156 553 1155 554 1155 575 1146 630 1146 641 1153 642 1153 643 1153 643 1153 644 1153 668 1147 690 1155 691 1155 692 1155 693 1155 710 1146 739 1146 763 1155 764 1155 765 1155 809 1148 836 1155 837 1155 838 1155 839 1155 870 1145 871 1134 870 1108 790 1099 789 1099 788 1099 766 1107 765 1108 727 1108 725 1106 705 1098 704 1098 611 1098 610 1098 609 1098 582 1105 577 1107 570 1105 542 1099 541 1099 540 1099 539 1099 523 1105 522 1105 521 1105 498 1098 497 1098 496 1098 495 1098 482 1105 477 1107 456 1107 451 1104 434 1097 433 1097 382 1097 381 1097 380 1097 357 1104 349 1106 336 1104 321 1101 320 1101 319 1101 313 1103 306 1107 208 1107 202 1103 194 1097 193 1097 192 1097 175 1097 174 1097 173 1097 172 1097 162 1102 155 1106 66 1102 66 1132"/></Shape>
	    <String CONTENT="tionisformã quæ leuis &amp; prudenter accom¬"
                    HPOS="65.0"
                    VPOS="1097.0"
                    WIDTH="806.0"
                    HEIGHT="59.0"
                    WC="0.9986204664881636"></String>
          </TextLine>
          <TextLine ID="line_23"
                    TAGREFS="LT8"
                    BASELINE="68 1181 779 1183" 
                    HPOS="67.0"
                    VPOS="1161.0"
                    WIDTH="712.0"
                    HEIGHT="41.0">
            <Shape><Polygon POINTS="417 1161 407 1161 398 1161 388 1161 378 1161 368 1161 359 1161 349 1161 339 1161 330 1161 320 1161 310 1161 301 1161 291 1161 281 1161 272 1161 262 1161 252 1161 243 1161 233 1161 223 1161 214 1161 204 1161 194 1161 184 1161 175 1161 165 1161 155 1161 146 1161 136 1161 126 1161 117 1161 107 1161 97 1161 88 1161 78 1161 68 1161 68 1181 67 1191 195 1200 196 1200 197 1200 198 1200 208 1192 222 1200 223 1200 224 1200 225 1200 247 1193 294 1199 295 1199 296 1199 315 1191 317 1191 319 1191 347 1200 348 1200 424 1201 425 1202 448 1202 448 1201 449 1201 450 1201 461 1192 532 1201 533 1201 534 1201 554 1192 574 1197 575 1197 576 1197 641 1192 651 1198 652 1198 653 1198 654 1198 699 1192 755 1196 756 1196 757 1196 778 1191 779 1183 778 1162 423 1161 417 1161"/></Shape>
	    <String CONTENT="modata eſſe debet perſonis auditorum."
                    HPOS="67.0"
                    VPOS="1161.0"
                    WIDTH="712.0"
                    HEIGHT="41.0"
                    WC="0.9992695354126595"></String>
          </TextLine>
        </TextBlock>
        <TextBlock HPOS="57"
                   VPOS="1198"
                   WIDTH="821"
                   HEIGHT="144"
                   ID="block_7"
                   TAGREFS="BT1851">
          <Shape><Polygon POINTS="878 1198 878 1342 57 1342 69 1198"/></Shape>
          <TextLine ID="line_24"
                    TAGREFS="LT8"
                    BASELINE="112 1233 877 1233" 
                    HPOS="112.0"
                    VPOS="1190.0"
                    WIDTH="765.0"
                    HEIGHT="63.0">
            <Shape><Polygon POINTS="112 1233 112 1244 167 1244 180 1252 181 1252 182 1252 183 1252 229 1246 277 1251 278 1251 313 1244 390 1244 413 1251 414 1251 415 1251 416 1251 436 1244 474 1252 475 1252 545 1246 553 1252 554 1252 555 1252 556 1252 594 1247 625 1252 626 1252 627 1252 650 1244 673 1252 673 1252 674 1253 766 1253 766 1252 767 1252 768 1252 778 1245 787 1252 788 1252 789 1252 790 1253 790 1252 791 1252 792 1252 802 1244 877 1243 877 1233 877 1198 861 1190 860 1190 859 1190 778 1190 777 1190 776 1190 775 1190 758 1200 751 1205 683 1205 678 1201 664 1190 663 1190 662 1190 661 1190 660 1190 621 1201 619 1201 618 1201 604 1191 603 1191 602 1191 601 1191 554 1197 545 1191 544 1191 543 1191 542 1191 541 1191 521 1201 517 1204 456 1204 450 1201 433 1192 432 1192 431 1192 430 1192 429 1192 410 1201 405 1204 358 1204 353 1201 331 1190 330 1190 329 1190 328 1190 306 1199 249 1190 248 1190 247 1190 246 1190 226 1202 221 1205 161 1205 156 1202 139 1191 138 1191 137 1191 136 1191 135 1191 112 1201 112 1233"/></Shape>
	    <String CONTENT="Propoſitio huius loci eſt, Epiſcopo danda"
                    HPOS="112.0"
                    VPOS="1190.0"
                    WIDTH="765.0"
                    HEIGHT="63.0"
                    WC="0.9996776290056182"></String>
          </TextLine>
          <TextLine ID="line_25"
                    TAGREFS="LT8"
                    BASELINE="73 1280 876 1283" 
                    HPOS="73.0"
                    VPOS="1238.0"
                    WIDTH="803.0"
                    HEIGHT="74.0">
            <Shape><Polygon POINTS="73 1280 74 1298 87 1291 98 1295 99 1295 100 1295 101 1295 116 1290 135 1298 155 1305 156 1305 157 1305 158 1305 175 1297 188 1291 331 1295 332 1295 405 1290 441 1295 454 1297 455 1297 463 1295 481 1291 490 1295 525 1311 526 1311 692 1312 693 1312 751 1300 757 1304 758 1304 759 1304 760 1304 814 1298 838 1305 839 1305 840 1305 841 1305 875 1292 876 1283 876 1253 841 1240 840 1240 803 1240 802 1240 801 1240 800 1240 782 1253 778 1254 753 1253 742 1252 724 1242 723 1242 722 1242 721 1242 701 1253 696 1255 610 1255 606 1253 585 1239 584 1239 583 1239 582 1239 581 1239 581 1239 572 1244 492 1241 491 1241 490 1241 470 1253 452 1239 451 1239 450 1239 449 1239 448 1239 411 1250 377 1239 376 1239 304 1238 303 1238 302 1238 274 1251 165 1253 140 1253 139 1253 119 1238 118 1238 117 1238 102 1238 101 1238 100 1238 73 1252 73 1280"/></Shape>
	    <String CONTENT="eſt opera vt iudicia Eccleſiaſtica quàm ſan¬"
                    HPOS="73.0"
                    VPOS="1238.0"
                    WIDTH="803.0"
                    HEIGHT="74.0"
                    WC="0.980260878139072"></String>
          </TextLine>
          <TextLine ID="line_26"
                    TAGREFS="LT8"
                    BASELINE="67 1328 515 1332" 
                    HPOS="66.0"
                    VPOS="1304.0"
                    WIDTH="449.0"
                    HEIGHT="49.0">
            <Shape><Polygon POINTS="489 1304 488 1304 416 1308 394 1304 387 1304 383 1304 360 1309 354 1304 353 1304 352 1304 348 1304 338 1304 329 1304 319 1304 309 1304 300 1304 290 1304 280 1304 271 1304 261 1304 258 1304 197 1308 187 1308 186 1308 183 1304 174 1304 164 1304 154 1304 145 1304 135 1304 125 1304 122 1304 67 1306 67 1328 66 1339 106 1348 107 1348 152 1343 202 1351 203 1351 245 1346 271 1351 272 1351 273 1351 274 1351 274 1350 280 1344 281 1343 322 1343 361 1344 363 1345 369 1351 369 1352 370 1352 371 1352 428 1353 429 1353 430 1353 431 1353 431 1352 437 1347 441 1344 513 1348 515 1332 515 1311 490 1304 489 1304"/></Shape>
	    <String CONTENT="ctiſsimè adminiſtrentur."
                    HPOS="66.0"
                    VPOS="1304.0"
                    WIDTH="449.0"
                    HEIGHT="49.0"
                    WC="0.992056245803833"></String>
          </TextLine>
        </TextBlock>
        <TextBlock HPOS="48"
                   VPOS="1346"
                   WIDTH="832"
                   HEIGHT="199"
                   ID="block_5"
                   TAGREFS="BT1851">
          <Shape><Polygon POINTS="880 1346 880 1545 48 1543 58 1346"/></Shape>
          <TextLine ID="line_27"
                    TAGREFS="LT8"
                    BASELINE="105 1382 393 1378 877 1380" 
                    HPOS="104.0"
                    VPOS="1323.0"
                    WIDTH="773.0"
                    HEIGHT="73.0">
            <Shape><Polygon POINTS="511 1332 501 1332 470 1346 470 1347 377 1347 376 1346 356 1336 355 1336 354 1336 353 1336 327 1346 305 1337 304 1337 303 1337 281 1338 280 1338 279 1338 269 1346 247 1339 246 1339 245 1339 245 1339 227 1347 145 1347 128 1337 127 1337 126 1337 125 1337 124 1337 104 1345 105 1382 105 1388 126 1393 127 1393 128 1393 137 1388 138 1388 153 1395 153 1395 154 1395 155 1395 172 1389 188 1395 189 1395 190 1395 215 1390 225 1395 226 1395 227 1395 228 1395 229 1395 237 1388 238 1388 285 1388 286 1388 304 1395 305 1395 306 1395 347 1389 368 1395 369 1395 370 1395 371 1395 391 1388 392 1388 394 1388 427 1395 428 1395 428 1395 442 1388 449 1394 450 1394 451 1394 452 1394 453 1394 467 1389 494 1395 495 1395 496 1395 509 1388 520 1395 520 1395 521 1395 522 1396 585 1396 585 1395 586 1395 587 1395 596 1388 597 1388 660 1388 661 1388 673 1395 674 1395 675 1396 775 1396 775 1395 776 1395 792 1388 876 1387 877 1380 876 1344 853 1326 852 1326 851 1326 850 1326 849 1326 848 1326 839 1332 830 1326 829 1326 828 1326 827 1326 826 1326 811 1330 769 1323 633 1323 632 1323 631 1323 605 1331 522 1323 521 1323 520 1323 512 1326 511 1332"/></Shape>
	    <String CONTENT="Partes à diuiſione inſtituit. Nam peccatũ"
                    HPOS="104.0"
                    VPOS="1323.0"
                    WIDTH="773.0"
                    HEIGHT="73.0"
                    WC="0.9882210285164589"></String>
          </TextLine>
          <TextLine ID="line_28"
                    TAGREFS="LT8"
                    BASELINE="54 1429 876 1429" 
                    HPOS="54.0"
                    VPOS="1389.0"
                    WIDTH="822.0"
                    HEIGHT="58.0">
            <Shape><Polygon POINTS="54 1429 54 1445 86 1441 185 1445 229 1446 230 1446 231 1446 237 1444 250 1440 272 1444 282 1446 283 1446 284 1446 288 1444 297 1439 308 1444 314 1446 315 1446 316 1447 348 1447 348 1446 349 1446 350 1446 353 1444 357 1440 362 1444 363 1445 364 1445 365 1445 366 1445 367 1445 370 1444 381 1439 409 1439 416 1443 419 1446 420 1446 421 1446 422 1446 436 1443 457 1439 490 1443 520 1446 521 1446 537 1443 552 1439 597 1439 601 1442 606 1446 607 1446 608 1446 609 1447 679 1447 679 1446 680 1446 694 1442 703 1439 875 1440 876 1429 876 1402 805 1389 759 1389 758 1389 757 1389 756 1389 744 1398 696 1389 695 1389 694 1389 665 1402 616 1402 593 1389 592 1389 591 1389 590 1389 565 1402 485 1402 474 1394 473 1394 472 1394 471 1394 470 1394 455 1398 422 1389 421 1389 276 1389 275 1389 275 1389 251 1402 175 1402 110 1391 109 1391 108 1391 107 1391 92 1402 54 1402 54 1429"/></Shape>
	    <String CONTENT="aut latet, &amp; ob id conuincendum eſt teſtibus:"
                    HPOS="54.0"
                    VPOS="1389.0"
                    WIDTH="822.0"
                    HEIGHT="58.0"
                    WC="0.9881442997190687"></String>
          </TextLine>
          <TextLine ID="line_29"
                    TAGREFS="LT8"
                    BASELINE="53 1478 875 1475" 
                    HPOS="52.0"
                    VPOS="1440.0"
                    WIDTH="823.0"
                    HEIGHT="58.0">
            <Shape><Polygon POINTS="53 1478 53 1489 94 1494 95 1494 135 1489 157 1487 170 1489 187 1493 188 1493 221 1489 245 1487 250 1489 268 1498 269 1498 270 1498 309 1489 326 1486 339 1489 367 1497 368 1497 369 1497 370 1497 392 1489 397 1488 405 1489 454 1498 455 1498 494 1498 494 1498 495 1498 496 1498 508 1489 513 1486 555 1486 562 1489 576 1498 577 1498 578 1498 579 1498 666 1497 667 1497 683 1489 693 1485 721 1489 729 1490 730 1490 749 1489 801 1486 806 1489 817 1497 818 1497 819 1497 820 1498 859 1498 859 1497 860 1497 875 1489 875 1475 874 1446 864 1441 863 1441 862 1441 820 1446 804 1448 798 1446 779 1440 778 1440 777 1440 776 1440 760 1447 754 1449 748 1447 738 1443 737 1443 736 1443 735 1443 727 1447 722 1449 694 1447 603 1440 602 1440 601 1440 600 1440 590 1448 587 1451 542 1451 538 1448 526 1441 525 1441 524 1441 442 1441 441 1441 440 1441 439 1441 428 1449 427 1451 379 1451 377 1449 367 1441 366 1441 365 1441 323 1441 322 1441 321 1441 287 1450 281 1452 210 1452 208 1450 196 1442 195 1442 194 1442 193 1442 192 1442 176 1451 52 1451 53 1478"/></Shape>
	    <String CONTENT="aut notorium eſt, nec habẽt opus peccator te¬"
                    HPOS="52.0"
                    VPOS="1440.0"
                    WIDTH="823.0"
                    HEIGHT="58.0"
                    WC="0.9910584169885387"></String>
          </TextLine>
          <TextLine ID="line_30"
                    TAGREFS="LT8"
                    BASELINE="53 1528 874 1525" 
                    HPOS="52.0"
                    VPOS="1487.0"
                    WIDTH="822.0"
                    HEIGHT="75.0">
            <Shape><Polygon POINTS="53 1528 53 1562 105 1562 105 1561 106 1561 107 1561 127 1548 166 1561 167 1561 168 1562 227 1562 227 1561 228 1561 229 1561 262 1545 282 1545 319 1552 320 1552 355 1546 398 1559 398 1559 442 1560 505 1560 506 1560 507 1560 508 1560 538 1544 580 1556 581 1556 581 1556 582 1556 608 1543 706 1543 724 1555 725 1555 726 1555 749 1559 754 1559 755 1559 767 1559 783 1558 784 1558 811 1543 836 1543 872 1559 874 1525 871 1492 765 1498 755 1492 748 1487 747 1487 746 1487 745 1487 744 1487 728 1492 725 1492 657 1492 633 1492 632 1492 631 1492 630 1492 620 1498 507 1498 496 1492 495 1492 494 1492 447 1488 326 1488 325 1488 304 1489 303 1489 302 1489 298 1492 286 1500 229 1500 213 1493 212 1493 211 1493 210 1493 209 1493 198 1500 140 1500 122 1492 115 1489 114 1489 113 1489 52 1492 53 1528"/></Shape>
	    <String CONTENT="ſtibus, quia cõſtat de peccato, aut etiã fatetur:"
                    HPOS="52.0"
                    VPOS="1487.0"
                    WIDTH="822.0"
                    HEIGHT="75.0"
                    WC="0.9647282256799585"></String>
          </TextLine>
        </TextBlock>
        <TextBlock HPOS="610"
                   VPOS="1541"
                   WIDTH="111"
                   HEIGHT="71"
                   ID="eSc_textblock_190740bd"
                   TAGREFS="BT17">
          <Shape><Polygon POINTS="610 1541 616 1612 721 1612 721 1549"/></Shape>
          <TextLine ID="eSc_line_20669f82"
                    TAGREFS="LT8"
                    BASELINE="624 1575 646 1576" 
                    HPOS="621"
                    VPOS="1541"
                    WIDTH="23"
                    HEIGHT="49">
            <Shape><Polygon POINTS="639 1542 624 1541 623 1574 621 1590 643 1589 644 1575 644 1542 639 1542"/></Shape>
	    <String CONTENT="I"
                    HPOS="621"
                    VPOS="1541"
                    WIDTH="23"
                    HEIGHT="49"
                    WC="0.9999791383743286"></String>
          </TextLine>
          <TextLine ID="eSc_line_9789709f"
                    TAGREFS="LT8"
                    BASELINE="676 1590 694 1590" 
                    HPOS="675"
                    VPOS="1545"
                    WIDTH="17"
                    HEIGHT="64">
            <Shape><Polygon POINTS="689 1546 681 1545 675 1548 675 1589 675 1609 692 1605 692 1589 689 1546 689 1546"/></Shape>
	    <String CONTENT="3"
                    HPOS="675"
                    VPOS="1545"
                    WIDTH="17"
                    HEIGHT="64"
                    WC="0.9982142448425293"></String>
          </TextLine>
        </TextBlock>
      </PrintSpace>
    </Page>
  </Layout>
</alto>
