<?xml version="1.0" encoding="UTF-8"?>
<alto xmlns:xsi="http://www.w3.org/2001/XMLSchema-instance"
      xmlns="http://www.loc.gov/standards/alto/ns-v4#"
      xsi:schemaLocation="http://www.loc.gov/standards/alto/ns-v4# http://www.loc.gov/standards/alto/v4/alto-4-2.xsd">
  <Description>
    <MeasurementUnit>pixel</MeasurementUnit>
    <sourceImageInformation>
      <fileName>bsb10313792_00112.jpg</fileName>
    </sourceImageInformation>
  </Description>
  <Tags>
    <OtherTag ID="BT7" LABEL="CustomZone" DESCRIPTION="block type CustomZone"/><OtherTag ID="BT8" LABEL="DamageZone" DESCRIPTION="block type DamageZone"/><OtherTag ID="BT9" LABEL="DigitizationArtefactZone" DESCRIPTION="block type DigitizationArtefactZone"/><OtherTag ID="BT10" LABEL="DropCapitalZone" DESCRIPTION="block type DropCapitalZone"/><OtherTag ID="BT11" LABEL="GraphicZone" DESCRIPTION="block type GraphicZone"/><OtherTag ID="BT12" LABEL="MainZone" DESCRIPTION="block type MainZone"/><OtherTag ID="BT13" LABEL="MarginTextZone" DESCRIPTION="block type MarginTextZone"/><OtherTag ID="BT14" LABEL="MusicZone" DESCRIPTION="block type MusicZone"/><OtherTag ID="BT15" LABEL="NumberingZone" DESCRIPTION="block type NumberingZone"/><OtherTag ID="BT17" LABEL="QuireMarksZone" DESCRIPTION="block type QuireMarksZone"/><OtherTag ID="BT18" LABEL="RunningTitleZone" DESCRIPTION="block type RunningTitleZone"/><OtherTag ID="BT19" LABEL="SealZone" DESCRIPTION="block type SealZone"/><OtherTag ID="BT20" LABEL="StampZone" DESCRIPTION="block type StampZone"/><OtherTag ID="BT21" LABEL="TableZone" DESCRIPTION="block type TableZone"/><OtherTag ID="BT22" LABEL="TitlePageZone" DESCRIPTION="block type TitlePageZone"/><OtherTag ID="BT1851" LABEL="MainZone-P" DESCRIPTION="block type MainZone-P"/><OtherTag ID="BT1852" LABEL="MainZone-Head" DESCRIPTION="block type MainZone-Head"/><OtherTag ID="BT1853" LABEL="MainZone-P-Continued" DESCRIPTION="block type MainZone-P-Continued"/><OtherTag ID="BT1854" LABEL="MarginTextZone-ManuscriptAddendum" DESCRIPTION="block type MarginTextZone-ManuscriptAddendum"/><OtherTag ID="BT1855" LABEL="text" DESCRIPTION="block type text"/><OtherTag ID="BT1856" LABEL="MainZone-Entry" DESCRIPTION="block type MainZone-Entry"/><OtherTag ID="BT1857" LABEL="MainZone-Entry-Continued" DESCRIPTION="block type MainZone-Entry-Continued"/><OtherTag ID="BT1877" LABEL="GraphicZone-Decoration" DESCRIPTION="block type GraphicZone-Decoration"/><OtherTag ID="BT1894" LABEL="MainZone-Other" DESCRIPTION="block type MainZone-Other"/>
    <OtherTag ID="LT7" LABEL="CustomLine" DESCRIPTION="line type CustomLine"/><OtherTag ID="LT8" LABEL="DefaultLine" DESCRIPTION="line type DefaultLine"/><OtherTag ID="LT9" LABEL="DropCapitalLine" DESCRIPTION="line type DropCapitalLine"/><OtherTag ID="LT10" LABEL="HeadingLine" DESCRIPTION="line type HeadingLine"/><OtherTag ID="LT11" LABEL="InterlinearLine" DESCRIPTION="line type InterlinearLine"/><OtherTag ID="LT12" LABEL="MusicLine" DESCRIPTION="line type MusicLine"/><OtherTag ID="LT636" LABEL="default" DESCRIPTION="line type default"/>
  </Tags>
  <Layout>
    <Page WIDTH="1074"
          HEIGHT="1776"
          PHYSICAL_IMG_NR="96"
          ID="eSc_dummypage_">
      <PrintSpace HPOS="0"
                  VPOS="0"
                  WIDTH="1074"
                  HEIGHT="1776">
        <TextBlock HPOS="211"
                   VPOS="66"
                   WIDTH="67"
                   HEIGHT="42"
                   ID="block_5"
                   TAGREFS="BT15">
          <Shape><Polygon POINTS="278 66 278 108 211 108 211 66"/></Shape>
          <TextLine ID="line_0"
                    TAGREFS="LT8"
                    BASELINE="214 91 270 93" 
                    HPOS="211"
                    VPOS="66"
                    WIDTH="58"
                    HEIGHT="52">
            <Shape><Polygon POINTS="257 66 242 66 228 66 213 66 213 90 211 108 266 118 269 91 268 66 257 66"/></Shape>
	    <String CONTENT="104"
                    HPOS="211"
                    VPOS="66"
                    WIDTH="58"
                    HEIGHT="52"
                    WC="0.9999817609786987"></String>
          </TextLine>
        </TextBlock>
        <TextBlock HPOS="380"
                   VPOS="60"
                   WIDTH="474"
                   HEIGHT="51"
                   ID="block_0"
                   TAGREFS="BT18">
          <Shape><Polygon POINTS="854 60 854 111 380 111 380 60"/></Shape>
          <TextLine ID="line_1"
                    TAGREFS="LT10"
                    BASELINE="390 93 849 101" 
                    HPOS="388"
                    VPOS="60"
                    WIDTH="460"
                    HEIGHT="64">
            <Shape><Polygon POINTS="782 63 746 60 389 60 388 109 402 116 463 108 491 118 533 109 559 121 601 121 611 111 634 121 770 113 845 124 848 100 847 60 834 60"/></Shape>
	    <String CONTENT="COMMENTARII"
                    HPOS="388"
                    VPOS="60"
                    WIDTH="460"
                    HEIGHT="64"
                    WC="0.9994562322443182"></String>
          </TextLine>
        </TextBlock>
        <TextBlock HPOS="198"
                   VPOS="115"
                   WIDTH="814"
                   HEIGHT="655"
                   ID="block_4"
                   TAGREFS="BT1853">
          <Shape><Polygon POINTS="1012 115 1012 770 198 770 198 115"/></Shape>
          <TextLine ID="line_2"
                    TAGREFS="LT8"
                    BASELINE="209 148 672 155 1012 168" 
                    HPOS="208.0"
                    VPOS="113.0"
                    WIDTH="804.0"
                    HEIGHT="72.0">
            <Shape><Polygon POINTS="436 113 426 113 416 113 415 113 393 118 379 113 377 113 367 113 357 113 347 113 343 113 325 118 314 113 307 113 298 113 288 113 278 113 268 113 265 113 258 113 248 113 238 113 229 113 219 113 217 113 209 115 209 148 208 159 229 165 230 165 230 165 327 163 361 163 371 165 402 171 403 171 449 167 466 166 485 168 525 174 526 174 527 174 528 174 533 170 536 168 561 171 607 176 608 176 644 174 682 171 688 175 689 176 690 176 690 176 691 176 702 175 736 173 742 177 744 179 745 179 746 179 747 179 775 178 832 175 853 180 860 182 861 182 862 182 880 181 920 179 927 183 930 184 931 184 1010 185 1012 168 1012 134 974 123 973 123 950 123 949 123 948 123 947 123 932 133 927 133 884 126 883 126 882 126 868 131 843 120 842 120 810 119 809 119 808 119 773 129 772 129 770 129 731 117 730 117 729 117 672 126 658 116 657 116 656 116 655 116 654 116 636 123 609 114 608 114 607 114 606 114 581 124 515 118 514 118 448 121 447 121 436 113 436 113"/></Shape>
	    <String CONTENT="eſt, hos ſeriò curat ipſorum bono fine, cùm"
                    HPOS="208.0"
                    VPOS="113.0"
                    WIDTH="804.0"
                    HEIGHT="72.0"
                    WC="0.9914231247372097"></String>
          </TextLine>
          <TextLine ID="line_3"
                    TAGREFS="LT8"
                    BASELINE="206 197 503 201 1010 216" 
                    HPOS="205.0"
                    VPOS="158.0"
                    WIDTH="805.0"
                    HEIGHT="75.0">
            <Shape><Polygon POINTS="206 197 205 208 224 216 225 216 226 216 263 210 265 210 309 218 310 218 347 214 383 220 384 220 385 220 406 214 430 220 431 220 432 220 459 215 460 215 502 222 503 222 563 219 697 227 698 227 699 227 712 222 753 227 754 227 811 223 818 229 819 229 820 229 821 229 863 225 931 233 932 233 1009 227 1010 216 1010 186 922 184 921 183 912 176 911 176 910 176 909 176 908 176 894 183 893 183 861 183 860 182 839 172 838 172 804 171 803 171 722 177 673 168 672 168 621 176 618 176 616 176 592 166 591 166 590 166 589 166 574 172 566 165 565 165 564 165 535 165 534 165 504 171 497 165 496 165 495 165 494 165 493 165 480 168 461 162 460 162 460 162 459 162 426 171 424 171 384 171 383 170 373 163 372 163 371 163 370 163 344 169 342 169 340 169 294 158 270 158 269 158 268 158 251 166 206 166 206 197"/></Shape>
	    <String CONTENT="malis externa beneficia cedant ad damnatio¬"
                    HPOS="205.0"
                    VPOS="158.0"
                    WIDTH="805.0"
                    HEIGHT="75.0"
                    WC="0.9978012234665626"></String>
          </TextLine>
          <TextLine ID="line_4"
                    TAGREFS="LT8"
                    BASELINE="205 245 1008 264" 
                    HPOS="204.0"
                    VPOS="209.0"
                    WIDTH="804.0"
                    HEIGHT="77.0">
            <Shape><Polygon POINTS="204 262 258 268 259 268 260 268 274 264 285 262 294 265 305 269 306 269 306 269 340 266 372 264 395 268 419 272 420 272 440 269 457 267 478 270 501 274 502 274 528 272 558 269 594 274 613 276 613 276 614 276 618 274 627 270 656 275 671 278 672 278 708 277 788 274 796 279 797 281 798 281 799 281 800 281 809 280 838 275 872 282 881 283 882 283 898 282 964 278 972 284 972 285 973 285 974 285 975 286 1007 286 1008 264 1008 234 988 227 987 227 986 227 985 227 965 233 964 233 897 233 894 231 878 224 877 224 876 224 850 229 841 231 822 228 796 225 795 225 783 227 774 229 767 227 755 222 754 222 753 222 731 225 713 228 652 223 586 218 585 218 567 221 543 224 378 215 332 212 331 212 330 212 327 213 306 219 293 212 291 211 290 211 289 211 282 211 230 217 206 209 205 245 204 262"/></Shape>
	    <String CONTENT="nem. Oratio argumentatur à toto ad præci¬"
                    HPOS="204.0"
                    VPOS="209.0"
                    WIDTH="804.0"
                    HEIGHT="77.0"
                    WC="0.9932844170502254"></String>
          </TextLine>
          <TextLine ID="line_5"
                    TAGREFS="LT8"
                    BASELINE="206 296 487 299 1004 314" 
                    HPOS="205.0"
                    VPOS="262.0"
                    WIDTH="799.0"
                    HEIGHT="71.0">
            <Shape><Polygon POINTS="206 296 205 314 240 316 241 316 242 316 243 316 243 315 253 309 277 309 322 316 323 316 350 313 357 318 358 319 359 319 360 319 361 319 369 318 405 314 450 320 457 321 458 321 459 321 460 321 478 314 559 315 594 324 601 325 602 325 613 324 673 319 713 319 730 327 733 328 734 328 735 328 746 327 801 322 810 328 811 328 812 328 813 328 840 323 1002 333 1004 314 1004 282 911 276 910 276 909 276 897 279 885 283 871 279 856 275 855 275 854 275 818 278 802 279 791 278 760 272 759 272 683 275 644 277 632 275 613 270 612 270 611 270 610 270 605 274 603 276 563 276 550 273 517 267 516 267 515 267 502 272 499 273 489 272 449 266 448 266 342 269 331 269 330 269 320 262 319 262 318 262 317 262 206 266 206 296"/></Shape>
	    <String CONTENT="puam totius partem, quemadmodum Pſal."
                    HPOS="205.0"
                    VPOS="262.0"
                    WIDTH="799.0"
                    HEIGHT="71.0"
                    WC="0.9959451991158563"></String>
          </TextLine>
          <TextLine ID="line_6"
                    TAGREFS="LT8"
                    BASELINE="205 344 590 351 997 364" 
                    HPOS="204.0"
                    VPOS="306.0"
                    WIDTH="793.0"
                    HEIGHT="72.0">
            <Shape><Polygon POINTS="205 344 204 352 250 361 251 361 289 356 301 356 377 357 379 358 385 364 386 364 387 364 388 364 450 361 472 360 493 362 537 368 537 368 538 368 548 364 555 362 603 362 621 367 643 370 644 370 645 370 646 370 651 368 655 365 679 369 690 370 690 370 697 369 720 366 779 367 793 372 800 374 801 374 802 374 826 373 855 371 996 378 997 364 997 334 919 322 823 322 822 322 821 322 804 329 802 329 795 328 736 321 735 321 709 326 708 326 707 326 660 320 659 320 630 323 621 317 620 317 619 317 618 317 566 321 527 312 526 312 460 320 458 320 455 320 407 309 406 309 405 309 374 318 373 318 372 318 363 312 362 312 361 312 360 312 333 317 330 317 327 317 291 306 290 306 289 306 288 306 256 315 254 315 205 314 205 344"/></Shape>
	    <String CONTENT="135. dicitur, Dat eſcam omni carni. &amp; Pſal.111."
                    HPOS="204.0"
                    VPOS="306.0"
                    WIDTH="793.0"
                    HEIGHT="72.0"
                    WC="0.9962178988659636"></String>
          </TextLine>
          <TextLine ID="line_7"
                    TAGREFS="LT8"
                    BASELINE="203 395 463 397 993 411" 
                    HPOS="202.0"
                    VPOS="353.0"
                    WIDTH="791.0"
                    HEIGHT="75.0">
            <Shape><Polygon POINTS="202 410 222 407 271 413 285 414 286 414 295 413 332 408 368 415 383 417 383 417 395 415 422 410 453 415 454 415 529 413 556 418 568 420 569 420 570 420 573 418 583 414 639 414 649 420 655 423 656 423 657 423 677 420 701 417 716 421 728 425 729 425 730 425 763 422 797 419 819 423 839 427 840 428 918 428 918 427 919 427 920 427 921 425 927 422 991 426 993 411 993 379 951 379 949 377 944 373 943 373 942 373 941 373 940 373 933 377 932 376 923 370 922 370 921 370 920 370 849 374 825 375 821 373 815 370 814 370 813 370 812 370 811 370 799 372 791 374 785 371 772 367 771 367 770 367 769 367 768 367 763 371 759 373 710 373 700 370 687 364 686 364 685 364 684 364 672 369 664 371 658 368 652 364 651 364 650 364 649 364 627 367 600 370 593 366 588 362 587 362 586 362 585 362 558 365 517 369 478 368 469 362 466 359 465 359 464 359 463 359 462 359 458 361 444 367 421 360 414 358 413 358 412 358 411 358 406 359 386 366 364 358 361 357 360 357 359 357 358 357 356 358 342 365 311 365 279 355 278 355 277 355 276 355 274 355 245 360 204 353 203 395 202 410"/></Shape>
	    <String CONTENT="Eſcam dedit timentibus ipſum, hoc eſt, dum"
                    HPOS="202.0"
                    VPOS="353.0"
                    WIDTH="791.0"
                    HEIGHT="75.0"
                    WC="0.9831801539375669"></String>
          </TextLine>
          <TextLine ID="line_8"
                    TAGREFS="LT8"
                    BASELINE="201 444 489 446 990 458" 
                    HPOS="200.0"
                    VPOS="406.0"
                    WIDTH="790.0"
                    HEIGHT="71.0">
            <Shape><Polygon POINTS="201 444 200 453 287 455 309 465 310 465 311 465 339 460 388 466 389 466 390 466 405 459 439 459 455 468 456 468 457 468 458 468 459 468 480 460 503 469 504 469 505 469 543 461 556 470 557 470 558 470 559 471 578 471 578 470 579 470 602 462 613 462 663 463 696 473 697 473 698 473 699 473 724 465 738 471 739 471 740 471 741 471 762 466 782 474 783 474 893 477 894 477 989 469 990 458 990 431 907 429 875 418 874 418 873 418 872 418 851 427 838 417 837 417 836 417 835 417 750 425 746 425 743 425 715 419 714 419 713 419 703 424 702 424 695 424 670 422 649 413 648 413 647 413 646 413 625 419 601 412 600 412 599 412 557 419 529 414 528 414 527 414 512 420 511 420 509 420 486 410 485 410 484 410 483 410 482 410 474 415 455 409 454 409 453 409 452 409 425 416 382 408 381 408 347 414 307 406 288 406 287 406 286 406 285 406 274 414 273 415 271 414 257 409 256 409 255 409 201 412 201 444"/></Shape>
	    <String CONTENT="omnia animalia prouida ſua cura alit, impri¬"
                    HPOS="200.0"
                    VPOS="406.0"
                    WIDTH="790.0"
                    HEIGHT="71.0"
                    WC="0.9995127496394244"></String>
          </TextLine>
          <TextLine ID="line_9"
                    TAGREFS="LT8"
                    BASELINE="200 493 483 496 995 509" 
                    HPOS="199.0"
                    VPOS="455.0"
                    WIDTH="796.0"
                    HEIGHT="70.0">
            <Shape><Polygon POINTS="200 493 199 503 249 512 250 512 338 508 356 507 365 508 407 516 408 516 438 510 447 509 526 510 530 513 537 518 537 518 538 518 539 518 588 515 611 513 615 516 623 519 624 519 625 519 648 517 665 514 671 517 677 519 678 519 679 519 710 518 749 516 757 519 766 523 767 523 767 523 788 520 808 517 814 520 818 524 819 524 820 524 993 525 995 509 994 481 923 480 922 479 906 469 905 469 904 469 861 469 860 469 859 469 844 477 843 477 790 477 789 476 781 470 780 470 779 470 778 470 777 470 776 470 768 476 767 476 723 476 719 475 672 464 645 464 644 464 643 464 642 464 630 473 629 473 590 473 589 472 575 463 574 463 573 463 572 463 571 463 545 471 544 471 528 462 527 462 526 462 525 462 504 468 496 461 496 460 495 460 494 460 493 460 452 464 444 459 443 459 442 459 369 458 368 458 367 458 344 466 331 459 330 459 329 459 328 459 327 459 320 464 295 456 294 456 293 456 292 456 272 464 242 455 241 455 240 455 200 463 200 493"/></Shape>
	    <String CONTENT="mis tamen hac ſua prouidentia complectitur"
                    HPOS="199.0"
                    VPOS="455.0"
                    WIDTH="796.0"
                    HEIGHT="70.0"
                    WC="0.9899351838089171"></String>
          </TextLine>
          <TextLine ID="line_10"
                    TAGREFS="LT8"
                    BASELINE="199 542 998 559" 
                    HPOS="198.0"
                    VPOS="502.0"
                    WIDTH="800.0"
                    HEIGHT="76.0">
            <Shape><Polygon POINTS="199 542 198 553 218 562 219 562 220 562 221 562 245 554 246 554 247 554 313 564 314 564 315 564 336 557 340 556 348 557 397 566 398 566 399 566 414 559 416 559 528 559 566 564 622 571 623 571 642 567 654 564 668 568 684 572 685 572 686 572 707 569 733 565 754 570 763 573 764 573 765 573 778 571 809 567 818 573 821 575 822 575 823 575 997 578 998 559 997 519 959 525 938 518 932 517 931 517 930 517 929 517 924 518 909 524 831 523 822 518 822 517 821 517 820 517 819 517 810 517 765 521 726 517 693 512 692 512 691 512 681 516 669 519 646 516 616 510 615 510 591 515 575 518 558 515 525 508 498 508 497 508 496 508 485 514 481 516 477 514 462 507 461 507 460 507 411 510 386 505 385 505 302 512 294 512 293 512 280 503 279 503 278 503 239 502 238 502 199 510 199 542"/></Shape>
	    <String CONTENT="electos. Sic Chriſtus argumẽtatur à parte ad"
                    HPOS="198.0"
                    VPOS="502.0"
                    WIDTH="800.0"
                    HEIGHT="76.0"
                    WC="0.9912542428659357"></String>
          </TextLine>
          <TextLine ID="line_11"
                    TAGREFS="LT8"
                    BASELINE="200 592 508 595 996 608" 
                    HPOS="199.0"
                    VPOS="558.0"
                    WIDTH="797.0"
                    HEIGHT="68.0">
            <Shape><Polygon POINTS="200 592 199 608 236 604 258 610 261 611 262 611 263 611 264 611 265 611 276 603 290 611 291 611 292 611 293 611 301 611 424 606 441 613 445 615 446 615 447 615 448 615 451 614 465 607 551 608 579 616 582 616 583 616 584 616 585 616 599 610 628 616 645 620 646 620 711 618 793 615 806 619 819 624 820 624 881 625 882 625 883 625 892 621 898 618 919 621 948 626 949 626 995 622 996 608 995 575 952 580 874 579 865 572 864 571 863 571 862 571 861 571 860 571 858 572 844 577 750 576 740 569 735 565 734 565 733 565 732 565 716 569 698 573 679 568 675 567 674 567 673 567 663 567 604 572 537 570 526 565 520 562 519 562 518 562 517 562 510 564 499 567 486 564 469 559 468 559 467 559 447 563 435 565 431 562 425 558 424 558 423 558 200 558 200 592"/></Shape>
	    <String CONTENT="partẽ. Si curæ ſunt ei aues, quantò magis nos:"
                    HPOS="199.0"
                    VPOS="558.0"
                    WIDTH="797.0"
                    HEIGHT="68.0"
                    WC="0.9966143618027369"></String>
          </TextLine>
          <TextLine ID="line_12"
                    TAGREFS="LT8"
                    BASELINE="196 641 434 643 996 658" 
                    HPOS="195.0"
                    VPOS="603.0"
                    WIDTH="801.0"
                    HEIGHT="71.0">
            <Shape><Polygon POINTS="196 641 195 649 229 657 230 657 317 653 319 653 337 660 338 660 339 660 340 660 355 654 387 661 388 661 442 656 445 656 447 656 471 663 472 663 473 663 528 658 535 658 538 658 558 663 559 663 626 661 633 661 635 661 660 667 661 667 662 667 813 666 823 666 824 666 835 670 836 670 837 670 861 666 868 666 871 666 882 672 883 672 884 672 908 667 911 667 915 667 953 674 954 674 995 669 996 658 996 631 877 629 875 628 855 621 854 621 853 621 852 621 851 621 844 626 813 621 812 621 789 626 787 626 784 626 746 615 745 615 744 615 668 623 663 623 655 623 577 614 576 614 540 620 537 620 535 620 495 609 494 609 438 608 437 608 436 608 419 617 396 607 395 607 369 606 368 606 332 614 320 609 319 609 318 609 317 609 302 614 286 606 285 606 284 606 248 613 247 613 234 603 233 603 232 603 217 603 216 603 215 603 196 610 196 641"/></Shape>
	    <String CONTENT="ſi curat pilos veſtri capitis, quanto magis ani¬"
                    HPOS="195.0"
                    VPOS="603.0"
                    WIDTH="801.0"
                    HEIGHT="71.0"
                    WC="0.9910806131859621"></String>
          </TextLine>
          <TextLine ID="line_13"
                    TAGREFS="LT8"
                    BASELINE="195 690 513 694 994 707" 
                    HPOS="194.0"
                    VPOS="654.0"
                    WIDTH="800.0"
                    HEIGHT="72.0">
            <Shape><Polygon POINTS="195 664 195 690 194 706 221 702 240 709 245 710 246 710 247 710 248 710 252 709 271 703 354 711 366 712 367 712 373 712 418 706 435 713 437 714 438 714 439 714 447 713 493 708 504 715 505 716 506 716 507 716 508 716 509 716 512 715 521 712 542 716 551 717 552 717 558 716 584 710 597 715 598 715 599 715 633 712 643 718 644 718 645 718 646 718 647 718 648 718 656 712 767 713 777 721 777 722 778 722 779 722 861 724 862 724 867 724 905 717 992 726 994 707 994 678 908 677 906 676 890 666 889 666 888 666 887 666 886 666 885 666 869 675 859 675 819 675 817 674 801 667 800 667 799 667 798 667 781 673 780 673 767 663 766 663 765 663 728 662 727 662 726 662 700 671 699 671 668 671 667 670 637 660 636 660 635 660 634 660 633 660 624 666 614 660 613 660 613 660 570 659 569 659 530 666 510 657 509 657 508 657 481 662 376 654 375 654 330 655 329 655 305 663 304 663 244 663 243 662 231 656 230 656 230 656 196 660 195 664"/></Shape>
	    <String CONTENT="mas noſtras? ſimile eſt hoc, niſi quòd à toto"
                    HPOS="194.0"
                    VPOS="654.0"
                    WIDTH="800.0"
                    HEIGHT="72.0"
                    WC="0.9905935678076236"></String>
          </TextLine>
          <TextLine ID="line_14"
                    TAGREFS="LT8"
                    BASELINE="194 738 868 753" 
                    HPOS="193.0"
                    VPOS="703.0"
                    WIDTH="675.0"
                    HEIGHT="70.0">
            <Shape><Polygon POINTS="194 738 193 753 234 750 255 756 263 758 264 758 265 758 288 757 316 755 322 758 327 760 328 760 329 760 330 760 331 760 334 758 338 755 341 758 345 761 345 762 346 762 347 762 404 764 405 764 406 764 417 760 430 755 462 761 465 761 466 761 467 761 480 756 487 761 492 766 493 766 494 766 495 766 519 762 543 758 572 763 573 763 615 759 648 759 657 766 663 770 664 770 665 770 666 770 667 770 678 766 690 761 699 767 706 771 707 771 708 771 748 772 749 772 750 772 760 768 770 764 785 769 799 773 800 773 801 773 867 770 868 753 868 726 826 717 825 717 824 717 810 724 809 724 767 717 767 717 766 717 746 723 743 723 737 723 685 716 684 716 641 720 640 720 626 713 625 713 624 713 623 713 606 719 603 719 536 719 535 718 525 710 524 710 523 710 522 710 492 717 490 717 489 717 471 709 470 709 446 708 445 708 444 708 443 708 435 714 405 707 349 706 348 706 347 706 346 706 346 707 338 713 338 714 321 714 313 713 207 703 206 703 205 703 194 708 194 738"/></Shape>
	    <String CONTENT="ducitur ad præcipuam totius partem."
                    HPOS="193.0"
                    VPOS="703.0"
                    WIDTH="675.0"
                    HEIGHT="70.0"
                    WC="0.9979721069335937"></String>
          </TextLine>
        </TextBlock>
        <TextBlock HPOS="237"
                   VPOS="774"
                   WIDTH="572"
                   HEIGHT="57"
                   ID="block_2"
                   TAGREFS="BT1852">
          <Shape><Polygon POINTS="809 774 809 831 237 831 237 774"/></Shape>
          <TextLine ID="line_15"
                    TAGREFS="LT8"
                    BASELINE="245 806 809 817" 
                    HPOS="244.0"
                    VPOS="763.0"
                    WIDTH="565.0"
                    HEIGHT="67.0">
            <Shape><Polygon POINTS="334 763 324 763 317 763 308 767 301 763 295 763 285 763 275 763 272 763 260 765 254 763 245 763 245 806 244 815 286 816 286 817 295 823 296 823 297 823 298 823 331 818 351 824 352 824 353 824 383 819 383 819 384 819 390 825 391 825 392 825 393 825 429 820 433 820 438 820 486 827 487 827 557 823 569 823 570 824 576 829 577 829 578 829 579 830 808 830 809 817 809 778 760 772 759 772 758 772 744 775 730 779 713 775 704 772 703 772 702 772 701 772 696 774 690 777 667 773 638 768 637 768 636 768 635 768 630 772 623 777 617 771 613 767 612 767 611 767 610 767 609 767 596 771 579 776 548 769 528 765 527 765 526 765 514 768 493 774 479 767 472 764 471 764 470 764 447 766 387 772 336 763 334 763"/></Shape>
	    <String CONTENT="11 Annuntia hæc &amp; doce, &amp;c."
                    HPOS="244.0"
                    VPOS="763.0"
                    WIDTH="565.0"
                    HEIGHT="67.0"
                    WC="0.9819400752032245"></String>
          </TextLine>
        </TextBlock>
        <TextBlock HPOS="185"
                   VPOS="830"
                   WIDTH="804"
                   HEIGHT="196"
                   ID="block_7"
                   TAGREFS="BT1851">
          <Shape><Polygon POINTS="989 830 989 1026 185 1026 185 830"/></Shape>
          <TextLine ID="line_16"
                    TAGREFS="LT8"
                    BASELINE="289 859 982 876" 
                    HPOS="288.0"
                    VPOS="818.0"
                    WIDTH="694.0"
                    HEIGHT="68.0">
            <Shape><Polygon POINTS="348 818 338 818 328 818 320 818 289 818 289 859 288 868 417 877 418 877 602 877 614 882 615 882 616 882 732 880 777 886 778 886 981 885 982 876 982 844 903 833 902 833 901 833 888 840 885 841 822 841 813 837 780 827 779 827 738 826 737 826 736 826 735 826 723 834 718 837 713 834 697 825 696 825 612 823 611 823 610 823 609 823 601 828 558 822 557 822 527 827 497 832 474 825 455 819 454 819 453 819 452 819 435 824 413 830 377 830 363 821 357 818 348 818"/></Shape>
	    <String CONTENT="Illatio eſt totius loci, denuntiare refero"
                    HPOS="288.0"
                    VPOS="818.0"
                    WIDTH="694.0"
                    HEIGHT="68.0"
                    WC="0.979994725613367"></String>
          </TextLine>
          <TextLine ID="line_17"
                    TAGREFS="LT8"
                    BASELINE="187 904 980 926" 
                    HPOS="186.0"
                    VPOS="860.0"
                    WIDTH="794.0"
                    HEIGHT="83.0">
            <Shape><Polygon POINTS="976 921 971 892 916 892 914 890 894 879 893 879 892 879 854 879 853 879 852 879 829 888 828 888 827 888 811 878 810 878 809 878 808 878 807 878 781 887 777 888 745 888 742 886 725 874 724 874 723 874 722 874 644 877 577 871 576 871 575 871 552 880 547 882 513 882 502 878 485 873 484 873 483 873 482 873 481 873 474 877 470 879 404 879 395 875 377 867 376 867 375 867 317 868 296 862 295 862 205 860 204 860 203 860 187 867 187 904 186 913 222 923 223 923 224 923 225 923 242 917 291 917 439 929 440 929 463 924 500 929 501 929 604 926 616 934 617 934 618 934 619 934 726 929 799 939 800 939 801 939 828 932 853 937 854 937 855 937 870 933 887 941 888 941 943 943 944 943 979 935 980 926 980 893 979 892 976 921"/></Shape>
	    <String CONTENT="ad errores reprehendendos in hac quæſtione"
                    HPOS="186.0"
                    VPOS="860.0"
                    WIDTH="794.0"
                    HEIGHT="83.0"
                    WC="0.9971934060255686"></String>
          </TextLine>
          <TextLine ID="line_18"
                    TAGREFS="LT8"
                    BASELINE="185 955 978 974" 
                    HPOS="184"
                    VPOS="916"
                    WIDTH="794"
                    HEIGHT="74">
            <Shape><Polygon POINTS="968 946 948 946 946 944 932 933 931 933 930 933 929 933 902 937 883 932 882 932 881 932 880 932 863 941 860 943 811 942 805 939 781 929 780 929 745 929 744 929 743 929 742 929 734 935 726 928 725 928 724 928 679 927 678 927 677 927 656 933 643 937 621 936 616 932 608 925 607 925 606 925 545 924 544 924 543 924 526 928 503 934 473 929 472 929 357 930 337 921 329 918 328 918 327 918 326 918 319 921 300 928 185 916 185 955 184 962 278 972 279 972 280 972 297 967 320 974 321 974 322 974 323 974 336 969 401 975 402 975 403 975 404 975 411 971 413 969 425 971 463 978 464 978 524 975 537 974 539 975 546 980 547 980 548 980 549 980 567 976 581 973 620 978 662 983 663 983 664 983 674 980 686 976 717 981 740 985 741 985 758 983 784 979 798 984 801 985 802 985 803 985 804 985 806 984 818 979 826 984 827 984 828 984 829 984 894 981 976 990 978 974 978 946 976 946 974 971"/></Shape>
	    <String CONTENT="de exercitiis corporalibus, de quibus debet"
                    HPOS="184"
                    VPOS="916"
                    WIDTH="794"
                    HEIGHT="74"
                    WC="0.9997381498647291"></String>
          </TextLine>
          <TextLine ID="line_19"
                    TAGREFS="LT8"
                    BASELINE="184 1003 915 1019" 
                    HPOS="182"
                    VPOS="960"
                    WIDTH="732"
                    HEIGHT="76">
            <Shape><Polygon POINTS="183 1001 182 1019 911 1036 914 1018 914 985 876 975 853 985 804 985 788 973 758 982 675 982 636 969 583 979 559 967 512 966 482 976 450 964 371 970 340 963 330 970 318 962 312 962 282 972 247 960 192 970 183 1001"/></Shape>
	    <String CONTENT="auditores diligenter &amp; vigilanter monere"
                    HPOS="182"
                    VPOS="960"
                    WIDTH="732"
                    HEIGHT="76"
                    WC="0.9867373645305634"></String>
          </TextLine>
        </TextBlock>
        <TextBlock HPOS="177"
                   VPOS="1025"
                   WIDTH="805"
                   HEIGHT="106"
                   ID="block_6"
                   TAGREFS="BT1851">
          <Shape><Polygon POINTS="982 1025 982 1131 177 1131 177 1025"/></Shape>
          <TextLine ID="line_20"
                    TAGREFS="LT8"
                    BASELINE="217 1054 497 1058 975 1072" 
                    HPOS="217.0"
                    VPOS="1012.0"
                    WIDTH="758.0"
                    HEIGHT="75.0">
            <Shape><Polygon POINTS="217 1054 217 1064 266 1064 279 1066 306 1072 307 1072 332 1068 344 1066 354 1068 369 1073 370 1073 371 1073 400 1070 420 1068 452 1071 503 1077 504 1077 526 1073 541 1071 550 1074 560 1078 561 1078 562 1078 563 1078 572 1075 581 1072 657 1073 663 1077 667 1081 668 1081 669 1081 670 1081 696 1078 721 1076 733 1080 744 1083 745 1083 746 1083 774 1081 808 1078 818 1082 826 1085 827 1085 828 1085 847 1083 865 1081 880 1084 896 1087 897 1087 974 1086 975 1072 975 1045 947 1039 946 1039 919 1042 910 1043 907 1042 891 1029 890 1029 889 1029 888 1029 887 1029 855 1039 849 1041 823 1041 817 1037 792 1027 791 1027 790 1027 789 1027 758 1036 741 1039 722 1039 713 1034 699 1024 698 1024 697 1024 666 1024 665 1024 664 1024 663 1024 652 1031 641 1037 623 1037 595 1036 581 1028 568 1021 567 1021 532 1020 531 1020 530 1020 529 1020 522 1025 521 1026 515 1025 486 1019 485 1019 484 1019 474 1023 454 1032 348 1031 320 1016 317 1015 316 1015 315 1015 305 1015 272 1018 266 1014 266 1013 265 1013 264 1013 217 1012 217 1054"/></Shape>
	    <String CONTENT="Docereverò ad ipſam ευσέβειαν, hoc eſt, ve¬"
                    HPOS="217.0"
                    VPOS="1012.0"
                    WIDTH="758.0"
                    HEIGHT="75.0"></String>
          </TextLine>
          <TextLine ID="line_21"
                    TAGREFS="LT8"
                    BASELINE="181 1101 597 1109 898 1122 904 1122" 
                    HPOS="179"
                    VPOS="1053"
                    WIDTH="724"
                    HEIGHT="82">
            <Shape><Polygon POINTS="225 1055 223 1053 180 1061 180 1099 179 1110 278 1121 279 1121 328 1115 345 1114 466 1117 474 1120 496 1129 497 1129 499 1130 536 1130 536 1129 537 1129 539 1129 545 1123 549 1120 682 1123 688 1129 697 1135 699 1135 700 1135 702 1135 749 1130 782 1127 900 1135 903 1121 902 1081 648 1065 647 1065 438 1068 417 1068 416 1068 392 1058 391 1058 389 1058 260 1064 248 1064 247 1064 234 1055 225 1055"/></Shape>
	    <String CONTENT="rum Dei cultum, qui in his ſequendus eſt"
                    HPOS="179"
                    VPOS="1053"
                    WIDTH="724"
                    HEIGHT="82"
                    WC="0.9969324231147766"></String>
          </TextLine>
        </TextBlock>
        <TextBlock HPOS="212"
                   VPOS="1138"
                   WIDTH="637"
                   HEIGHT="55"
                   ID="block_3"
                   TAGREFS="BT1852">
          <Shape><Polygon POINTS="849 1138 849 1193 212 1193 212 1138"/></Shape>
          <TextLine ID="line_22"
                    TAGREFS="LT8"
                    BASELINE="234 1169 517 1171 833 1178" 
                    HPOS="231"
                    VPOS="1138"
                    WIDTH="601"
                    HEIGHT="65">
            <Shape><Polygon POINTS="602 1138 548 1144 534 1138 466 1141 411 1138 232 1139 231 1191 315 1182 337 1195 345 1195 364 1184 389 1195 438 1197 542 1198 570 1186 665 1188 679 1200 687 1200 699 1191 739 1191 755 1203 785 1203 801 1191 829 1195 832 1176 831 1145 619 1145 602 1138"/></Shape>
	    <String CONTENT="I2 Nemo tuam iuuentutem, &amp;c."
                    HPOS="231"
                    VPOS="1138"
                    WIDTH="601"
                    HEIGHT="65"
                    WC="0.9934480956622532"></String>
          </TextLine>
        </TextBlock>
        <TextBlock HPOS="154"
                   VPOS="1188"
                   WIDTH="827"
                   HEIGHT="358"
                   ID="block_8"
                   TAGREFS="BT1851">
          <Shape><Polygon POINTS="981 1188 973 1546 154 1530 164 1188"/></Shape>
          <TextLine ID="line_23"
                    TAGREFS="LT8"
                    BASELINE="270 1219 508 1222 971 1240" 
                    HPOS="269.0"
                    VPOS="1185.0"
                    WIDTH="702.0"
                    HEIGHT="74.0">
            <Shape><Polygon POINTS="270 1219 269 1238 290 1239 291 1239 292 1239 293 1239 310 1229 335 1229 345 1238 345 1239 346 1239 347 1239 351 1240 372 1242 443 1244 444 1244 445 1244 454 1242 476 1235 497 1242 507 1246 508 1246 509 1246 541 1243 547 1243 551 1243 581 1249 582 1249 583 1249 584 1249 590 1244 592 1243 602 1244 624 1247 625 1247 626 1247 627 1247 629 1245 636 1240 677 1241 683 1246 686 1248 687 1248 688 1248 689 1248 690 1248 694 1246 700 1243 737 1246 774 1250 775 1250 802 1248 820 1246 836 1248 910 1259 911 1259 970 1250 971 1240 970 1209 928 1209 924 1207 918 1201 917 1201 916 1201 915 1201 914 1201 896 1206 891 1207 878 1205 830 1198 829 1198 828 1198 811 1203 805 1205 800 1203 789 1197 788 1197 787 1197 762 1201 751 1203 747 1201 738 1195 737 1195 736 1195 735 1195 702 1199 689 1201 685 1199 678 1194 677 1194 676 1194 675 1194 674 1194 659 1198 650 1200 640 1197 620 1191 619 1191 618 1191 585 1195 571 1197 553 1194 528 1190 527 1190 502 1192 486 1194 482 1192 471 1186 470 1186 469 1186 431 1190 410 1192 270 1185 270 1219"/></Shape>
	    <String CONTENT="Tertia pars capitis huius de dotibus bo¬"
                    HPOS="269.0"
                    VPOS="1185.0"
                    WIDTH="702.0"
                    HEIGHT="74.0"
                    WC="0.9996391057968139"></String>
          </TextLine>
          <TextLine ID="line_24"
                    TAGREFS="LT8"
                    BASELINE="170 1265 378 1267 967 1289" 
                    HPOS="169.0"
                    VPOS="1232.0"
                    WIDTH="798.0"
                    HEIGHT="76.0">
            <Shape><Polygon POINTS="170 1265 169 1281 209 1283 210 1283 215 1282 245 1276 261 1283 265 1285 266 1285 324 1286 325 1286 326 1286 330 1285 352 1278 374 1286 383 1289 383 1289 437 1290 438 1290 439 1290 446 1287 454 1284 473 1288 500 1293 501 1293 522 1289 541 1285 732 1290 782 1292 788 1294 820 1304 821 1304 869 1305 870 1305 905 1297 906 1297 945 1308 946 1308 947 1308 948 1308 966 1298 967 1289 967 1263 916 1256 915 1256 850 1258 821 1250 820 1250 819 1250 818 1250 792 1257 732 1249 731 1249 730 1249 718 1254 671 1247 670 1247 593 1250 591 1250 590 1250 559 1241 558 1241 557 1241 484 1245 465 1238 464 1238 463 1238 365 1242 362 1242 344 1234 343 1234 296 1232 295 1232 294 1232 268 1239 266 1239 264 1239 230 1232 230 1232 229 1232 217 1237 170 1236 170 1265"/></Shape>
	    <String CONTENT="ui miniſtri quæ etiam ætatem iuuenilem ex¬"
                    HPOS="169.0"
                    VPOS="1232.0"
                    WIDTH="798.0"
                    HEIGHT="76.0"
                    WC="0.9900548372949872"></String>
          </TextLine>
          <TextLine ID="line_25"
                    TAGREFS="LT8"
                    BASELINE="167 1313 352 1316 967 1339" 
                    HPOS="166.0"
                    VPOS="1275.0"
                    WIDTH="801.0"
                    HEIGHT="80.0">
            <Shape><Polygon POINTS="966 1328 962 1312 860 1310 854 1308 804 1297 803 1297 762 1305 757 1305 735 1304 657 1297 656 1297 628 1299 618 1300 614 1299 595 1292 594 1292 593 1292 592 1292 571 1297 570 1297 536 1287 535 1287 534 1287 515 1291 505 1286 504 1286 503 1286 502 1286 486 1294 483 1295 479 1294 469 1290 468 1290 467 1290 445 1292 436 1293 433 1292 421 1286 420 1286 419 1286 386 1290 384 1290 383 1290 372 1281 371 1281 370 1281 369 1281 312 1285 280 1278 279 1278 278 1278 262 1285 261 1286 258 1285 240 1276 239 1276 210 1275 209 1275 208 1275 207 1275 197 1282 168 1282 167 1313 166 1322 196 1329 197 1329 221 1324 230 1323 312 1325 315 1328 320 1332 320 1332 321 1332 322 1332 323 1332 357 1329 372 1328 376 1330 386 1335 387 1335 388 1335 434 1332 452 1331 460 1332 480 1339 481 1339 482 1339 522 1334 535 1333 540 1335 555 1341 556 1341 557 1341 618 1338 640 1337 651 1339 666 1342 667 1342 698 1341 719 1340 722 1342 728 1347 729 1347 730 1347 731 1347 732 1347 743 1342 746 1341 749 1343 761 1349 762 1349 861 1353 862 1353 863 1353 864 1353 871 1348 913 1355 914 1355 966 1350 967 1339 967 1313 966 1312 966 1328"/></Shape>
	    <String CONTENT="cuſant: ſolent enim homines interdum ma¬"
                    HPOS="166.0"
                    VPOS="1275.0"
                    WIDTH="801.0"
                    HEIGHT="80.0"
                    WC="0.9988949239253998"></String>
          </TextLine>
          <TextLine ID="line_26"
                    TAGREFS="LT8"
                    BASELINE="165 1361 961 1386" 
                    HPOS="164.0"
                    VPOS="1328.0"
                    WIDTH="797.0"
                    HEIGHT="76.0">
            <Shape><Polygon POINTS="165 1361 164 1372 182 1381 183 1381 292 1386 293 1386 294 1386 311 1381 347 1387 348 1387 389 1379 414 1379 426 1390 427 1390 428 1390 429 1390 430 1390 449 1381 534 1388 535 1388 536 1388 546 1383 635 1385 635 1386 648 1397 649 1397 650 1397 651 1397 652 1397 672 1387 769 1401 770 1401 821 1392 837 1400 838 1400 839 1400 840 1400 853 1395 882 1404 883 1404 884 1404 960 1395 961 1386 961 1355 945 1349 944 1349 943 1349 942 1349 929 1354 919 1359 900 1359 894 1353 891 1351 891 1350 890 1350 889 1350 888 1350 887 1350 886 1350 883 1352 875 1357 811 1350 796 1349 795 1349 794 1349 792 1350 784 1354 738 1348 727 1347 726 1347 725 1347 724 1347 724 1348 718 1352 698 1347 697 1347 696 1347 695 1347 676 1351 656 1350 651 1345 644 1339 643 1339 642 1339 641 1339 563 1342 548 1336 547 1336 546 1336 512 1341 486 1345 479 1340 471 1334 470 1334 469 1334 468 1334 447 1339 434 1342 429 1339 420 1332 419 1332 418 1332 417 1332 378 1337 361 1339 348 1336 328 1332 327 1332 326 1332 325 1332 309 1335 294 1339 280 1334 262 1328 261 1328 260 1328 259 1328 239 1333 234 1334 226 1332 203 1329 202 1329 201 1329 193 1332 186 1334 165 1332 165 1361"/></Shape>
	    <String CONTENT="teriam contemnendi doctrinam petere ab"
                    HPOS="164.0"
                    VPOS="1328.0"
                    WIDTH="797.0"
                    HEIGHT="76.0"
                    WC="0.9899218333394904"></String>
          </TextLine>
          <TextLine ID="line_27"
                    TAGREFS="LT8"
                    BASELINE="164 1410 746 1431 958 1434" 
                    HPOS="164.0"
                    VPOS="1378.0"
                    WIDTH="794.0"
                    HEIGHT="76.0">
            <Shape><Polygon POINTS="164 1410 164 1424 233 1424 235 1426 241 1430 241 1431 242 1431 243 1431 244 1431 245 1431 257 1427 288 1436 289 1436 290 1436 335 1431 391 1440 445 1441 446 1441 447 1441 476 1433 477 1433 478 1433 492 1440 493 1440 494 1440 495 1440 496 1440 505 1434 508 1433 590 1435 592 1436 612 1447 613 1447 808 1454 809 1454 810 1454 843 1445 871 1450 872 1450 957 1447 958 1434 958 1408 929 1399 928 1399 927 1399 883 1402 807 1395 806 1395 767 1403 752 1393 751 1393 750 1393 699 1392 698 1392 697 1392 679 1400 592 1398 572 1390 571 1390 570 1390 458 1393 453 1393 449 1393 381 1384 380 1384 379 1384 378 1384 370 1390 356 1385 355 1385 354 1385 353 1385 339 1389 304 1378 303 1378 302 1378 301 1378 284 1387 236 1379 235 1379 234 1379 222 1385 182 1379 181 1379 180 1379 164 1383 164 1410"/></Shape>
	    <String CONTENT="ætate docentis, contra quos hîc diſſerit A¬"
                    HPOS="164.0"
                    VPOS="1378.0"
                    WIDTH="794.0"
                    HEIGHT="76.0"
                    WC="0.9957857890562578"></String>
          </TextLine>
          <TextLine ID="line_28"
                    TAGREFS="LT8"
                    BASELINE="169 1463 956 1484" 
                    HPOS="169.0"
                    VPOS="1427.0"
                    WIDTH="787.0"
                    HEIGHT="79.0">
            <Shape><Polygon POINTS="169 1463 170 1484 182 1479 279 1487 293 1488 294 1488 295 1488 297 1488 305 1484 312 1488 314 1489 315 1489 316 1490 361 1490 361 1489 362 1489 363 1489 372 1483 454 1484 485 1493 490 1494 491 1494 492 1494 503 1493 535 1491 565 1495 573 1496 574 1496 575 1496 577 1496 595 1491 602 1496 603 1497 604 1497 605 1497 741 1501 742 1501 752 1500 807 1495 817 1502 817 1503 818 1503 819 1503 820 1503 828 1503 884 1497 934 1498 953 1506 956 1484 954 1455 923 1456 920 1453 912 1446 911 1446 910 1446 909 1446 868 1452 849 1454 766 1452 757 1448 738 1442 737 1442 736 1442 698 1446 683 1448 671 1445 657 1442 656 1442 655 1442 654 1442 646 1445 636 1448 625 1444 613 1439 612 1439 611 1439 610 1439 594 1443 583 1446 576 1442 564 1436 563 1436 562 1436 561 1436 546 1442 537 1445 528 1441 515 1435 514 1435 513 1435 481 1439 457 1443 448 1438 441 1435 440 1435 439 1435 438 1435 431 1438 423 1442 417 1437 416 1437 415 1437 414 1437 408 1437 372 1440 362 1436 349 1430 348 1430 312 1430 311 1430 310 1430 303 1434 296 1438 288 1433 279 1428 278 1428 277 1428 276 1428 275 1428 260 1432 255 1434 251 1432 241 1427 240 1427 239 1427 169 1429 169 1463"/></Shape>
	    <String CONTENT="poſtolus. Et exempla declarant Deum in ſuis"
                    HPOS="169.0"
                    VPOS="1427.0"
                    WIDTH="787.0"
                    HEIGHT="79.0"
                    WC="0.998830470927926"></String>
          </TextLine>
          <TextLine ID="line_29"
                    TAGREFS="LT8"
                    BASELINE="162 1512 957 1536" 
                    HPOS="161.0"
                    VPOS="1479.0"
                    WIDTH="796.0"
                    HEIGHT="87.0">
            <Shape><Polygon POINTS="162 1500 162 1512 161 1534 186 1533 207 1537 231 1541 232 1541 233 1541 246 1537 259 1534 265 1538 272 1543 273 1543 274 1543 275 1543 320 1539 349 1537 357 1540 371 1546 372 1546 373 1546 374 1546 385 1541 390 1539 395 1541 431 1555 432 1555 527 1557 528 1557 529 1557 530 1557 536 1553 543 1558 544 1558 545 1558 626 1561 627 1561 628 1561 651 1551 685 1551 702 1563 703 1563 704 1563 758 1565 759 1566 777 1566 777 1565 778 1565 779 1565 796 1555 805 1558 806 1558 807 1558 808 1558 809 1558 820 1551 821 1551 831 1551 934 1558 935 1558 956 1554 957 1536 957 1508 925 1500 924 1500 887 1505 871 1505 804 1504 803 1503 789 1496 788 1496 787 1496 786 1496 770 1502 769 1502 728 1502 726 1501 693 1493 692 1493 665 1498 627 1491 626 1491 625 1491 607 1497 586 1490 585 1490 584 1490 537 1495 536 1495 462 1486 461 1486 460 1486 438 1492 427 1485 426 1485 425 1485 424 1485 373 1490 365 1484 364 1484 363 1484 362 1484 361 1484 347 1489 326 1482 325 1482 324 1482 323 1482 305 1488 266 1488 259 1481 258 1481 257 1481 256 1481 255 1481 241 1486 198 1479 197 1479 167 1484 162 1500"/></Shape>
	    <String CONTENT="donis non excludere iuuentutem quin ei det"
                    HPOS="161.0"
                    VPOS="1479.0"
                    WIDTH="796.0"
                    HEIGHT="87.0"
                    WC="0.9992696571917761"></String>
          </TextLine>
        </TextBlock>
        <TextBlock HPOS="805"
                   VPOS="1546"
                   WIDTH="153"
                   HEIGHT="56"
                   ID="block_1"
                   TAGREFS="BT17">
          <Shape><Polygon POINTS="958 1546 958 1602 805 1602 805 1546"/></Shape>
          <TextLine ID="line_30"
                    TAGREFS="LT8"
                    BASELINE="804 1581 966 1584" 
                    HPOS="803.0"
                    VPOS="1544.0"
                    WIDTH="163.0"
                    HEIGHT="72.0">
            <Shape><Polygon POINTS="804 1581 803 1610 823 1613 824 1613 825 1613 826 1613 826 1612 830 1609 834 1604 852 1602 857 1608 859 1609 859 1610 860 1610 861 1610 920 1616 920 1616 921 1616 922 1616 938 1604 940 1603 965 1603 966 1584 966 1553 920 1553 918 1552 899 1545 898 1545 897 1545 867 1551 864 1551 863 1551 849 1544 848 1544 847 1544 804 1549 804 1581"/></Shape>
	    <String CONTENT="illuſtria"
                    HPOS="803.0"
                    VPOS="1544.0"
                    WIDTH="163.0"
                    HEIGHT="72.0"
                    WC="0.9956982731819153"></String>
          </TextLine>
        </TextBlock>
      </PrintSpace>
    </Page>
  </Layout>
</alto>
