<?xml version="1.0" encoding="UTF-8"?>
<alto xmlns:xsi="http://www.w3.org/2001/XMLSchema-instance"
      xmlns="http://www.loc.gov/standards/alto/ns-v4#"
      xsi:schemaLocation="http://www.loc.gov/standards/alto/ns-v4# http://www.loc.gov/standards/alto/v4/alto-4-2.xsd">
  <Description>
    <MeasurementUnit>pixel</MeasurementUnit>
    <sourceImageInformation>
      <fileName>bsb10313792_00085.jpg</fileName>
    </sourceImageInformation>
  </Description>
  <Tags>
    <OtherTag ID="BT7" LABEL="CustomZone" DESCRIPTION="block type CustomZone"/><OtherTag ID="BT8" LABEL="DamageZone" DESCRIPTION="block type DamageZone"/><OtherTag ID="BT9" LABEL="DigitizationArtefactZone" DESCRIPTION="block type DigitizationArtefactZone"/><OtherTag ID="BT10" LABEL="DropCapitalZone" DESCRIPTION="block type DropCapitalZone"/><OtherTag ID="BT11" LABEL="GraphicZone" DESCRIPTION="block type GraphicZone"/><OtherTag ID="BT12" LABEL="MainZone" DESCRIPTION="block type MainZone"/><OtherTag ID="BT13" LABEL="MarginTextZone" DESCRIPTION="block type MarginTextZone"/><OtherTag ID="BT14" LABEL="MusicZone" DESCRIPTION="block type MusicZone"/><OtherTag ID="BT15" LABEL="NumberingZone" DESCRIPTION="block type NumberingZone"/><OtherTag ID="BT17" LABEL="QuireMarksZone" DESCRIPTION="block type QuireMarksZone"/><OtherTag ID="BT18" LABEL="RunningTitleZone" DESCRIPTION="block type RunningTitleZone"/><OtherTag ID="BT19" LABEL="SealZone" DESCRIPTION="block type SealZone"/><OtherTag ID="BT20" LABEL="StampZone" DESCRIPTION="block type StampZone"/><OtherTag ID="BT21" LABEL="TableZone" DESCRIPTION="block type TableZone"/><OtherTag ID="BT22" LABEL="TitlePageZone" DESCRIPTION="block type TitlePageZone"/><OtherTag ID="BT1851" LABEL="MainZone-P" DESCRIPTION="block type MainZone-P"/><OtherTag ID="BT1852" LABEL="MainZone-Head" DESCRIPTION="block type MainZone-Head"/><OtherTag ID="BT1853" LABEL="MainZone-P-Continued" DESCRIPTION="block type MainZone-P-Continued"/><OtherTag ID="BT1854" LABEL="MarginTextZone-ManuscriptAddendum" DESCRIPTION="block type MarginTextZone-ManuscriptAddendum"/><OtherTag ID="BT1855" LABEL="text" DESCRIPTION="block type text"/><OtherTag ID="BT1856" LABEL="MainZone-Entry" DESCRIPTION="block type MainZone-Entry"/><OtherTag ID="BT1857" LABEL="MainZone-Entry-Continued" DESCRIPTION="block type MainZone-Entry-Continued"/><OtherTag ID="BT1877" LABEL="GraphicZone-Decoration" DESCRIPTION="block type GraphicZone-Decoration"/><OtherTag ID="BT1894" LABEL="MainZone-Other" DESCRIPTION="block type MainZone-Other"/>
    <OtherTag ID="LT7" LABEL="CustomLine" DESCRIPTION="line type CustomLine"/><OtherTag ID="LT8" LABEL="DefaultLine" DESCRIPTION="line type DefaultLine"/><OtherTag ID="LT9" LABEL="DropCapitalLine" DESCRIPTION="line type DropCapitalLine"/><OtherTag ID="LT10" LABEL="HeadingLine" DESCRIPTION="line type HeadingLine"/><OtherTag ID="LT11" LABEL="InterlinearLine" DESCRIPTION="line type InterlinearLine"/><OtherTag ID="LT12" LABEL="MusicLine" DESCRIPTION="line type MusicLine"/><OtherTag ID="LT636" LABEL="default" DESCRIPTION="line type default"/>
  </Tags>
  <Layout>
    <Page WIDTH="1080"
          HEIGHT="1743"
          PHYSICAL_IMG_NR="69"
          ID="eSc_dummypage_">
      <PrintSpace HPOS="0"
                  VPOS="0"
                  WIDTH="1080"
                  HEIGHT="1743">
        <TextBlock HPOS="119"
                   VPOS="67"
                   WIDTH="639"
                   HEIGHT="45"
                   ID="block_0"
                   TAGREFS="BT18">
          <Shape><Polygon POINTS="758 67 758 112 119 112 119 67"/></Shape>
          <TextLine ID="line_0"
                    TAGREFS="LT10"
                    BASELINE="118 100 569 99 750 103" 
                    HPOS="116"
                    VPOS="63"
                    WIDTH="632"
                    HEIGHT="57">
            <Shape><Polygon POINTS="132 66 117 63 116 113 635 120 658 113 745 120 748 101 747 66 741 66"/></Shape>
	    <String CONTENT="IN I. EPIST. AD TIMOTH"
                    HPOS="116"
                    VPOS="63"
                    WIDTH="632"
                    HEIGHT="57"
                    WC="0.9788337078961459"></String>
          </TextLine>
        </TextBlock>
        <TextBlock HPOS="824"
                   VPOS="79"
                   WIDTH="52"
                   HEIGHT="41"
                   ID="block_3"
                   TAGREFS="BT15">
          <Shape><Polygon POINTS="876 79 876 120 824 120 824 79"/></Shape>
          <TextLine ID="line_1"
                    TAGREFS="LT8"
                    BASELINE="833 105 867 105" 
                    HPOS="832"
                    VPOS="79"
                    WIDTH="34"
                    HEIGHT="44">
            <Shape><Polygon POINTS="861 79 847 79 832 79 832 104 832 123 866 120 866 104 866 79 861 79"/></Shape>
	    <String CONTENT="77"
                    HPOS="832"
                    VPOS="79"
                    WIDTH="34"
                    HEIGHT="44"
                    WC="0.9999919533729553"></String>
          </TextLine>
        </TextBlock>
        <TextBlock HPOS="61"
                   VPOS="125"
                   WIDTH="824"
                   HEIGHT="490"
                   ID="block_2"
                   TAGREFS="BT1853">
          <Shape><Polygon POINTS="885 125 885 615 61 615 61 125"/></Shape>
          <TextLine ID="line_2"
                    TAGREFS="LT8"
                    BASELINE="66 161 337 157 874 161" 
                    HPOS="66.0"
                    VPOS="121.0"
                    WIDTH="808.0"
                    HEIGHT="58.0">
            <Shape><Polygon POINTS="802 121 792 121 768 127 765 129 727 129 724 127 710 121 705 121 699 121 680 127 679 127 678 127 668 121 666 121 656 121 642 126 637 129 623 129 619 126 612 121 608 121 598 121 588 121 579 121 578 121 550 122 534 121 530 121 521 121 511 121 504 121 497 125 493 128 474 128 469 125 462 121 462 121 453 121 443 121 433 121 424 121 414 121 405 121 355 123 354 123 353 123 334 121 327 121 317 121 308 121 305 123 299 127 263 122 243 121 240 121 230 121 226 121 216 122 194 127 150 127 124 122 119 121 114 121 104 121 94 121 85 121 75 121 70 121 66 121 66 161 66 176 131 171 140 175 141 175 142 175 143 175 152 170 159 176 160 176 161 176 162 176 202 171 244 177 247 177 248 177 251 177 290 171 368 171 378 177 379 177 380 177 381 177 410 171 534 171 584 178 588 178 589 178 596 178 651 173 665 178 666 178 667 178 668 179 778 179 778 178 779 178 799 172 815 178 816 178 817 179 873 179 874 161 873 129 829 129 828 128 802 121 802 121"/></Shape>
	    <String CONTENT="plex occupatio: primùm enim de breuitate"
                    HPOS="66.0"
                    VPOS="121.0"
                    WIDTH="808.0"
                    HEIGHT="58.0"
                    WC="0.9993460396441017"></String>
          </TextLine>
          <TextLine ID="line_3"
                    TAGREFS="LT8"
                    BASELINE="68 207 872 210" 
                    HPOS="67.0"
                    VPOS="168.0"
                    WIDTH="805.0"
                    HEIGHT="58.0">
            <Shape><Polygon POINTS="68 207 67 216 116 224 117 224 284 219 336 218 345 220 368 225 369 225 483 222 577 219 602 223 609 224 610 224 624 223 677 220 697 224 707 226 708 226 719 225 751 220 870 226 872 210 870 179 727 182 691 179 671 177 662 170 661 170 660 170 612 170 611 170 610 170 588 179 584 181 581 179 574 174 573 174 572 174 571 174 570 174 558 179 555 180 543 179 518 176 517 176 494 179 479 181 471 179 451 173 450 173 449 173 448 173 447 173 439 179 435 182 420 182 412 179 377 169 376 169 266 168 265 168 206 176 189 170 188 170 187 170 186 170 170 179 169 180 68 180 68 207"/></Shape>
	    <String CONTENT="inre tam difficili non immeritò quæri po¬"
                    HPOS="67.0"
                    VPOS="168.0"
                    WIDTH="805.0"
                    HEIGHT="58.0"
                    WC="0.9982798184667315"></String>
          </TextLine>
          <TextLine ID="line_4"
                    TAGREFS="LT8"
                    BASELINE="70 259 866 259" 
                    HPOS="70.0"
                    VPOS="217.0"
                    WIDTH="796.0"
                    HEIGHT="60.0">
            <Shape><Polygon POINTS="70 259 70 269 104 275 105 275 106 275 117 271 125 276 126 276 127 276 128 276 167 270 172 270 177 271 202 275 203 275 204 275 205 275 211 271 212 271 216 271 279 275 280 275 304 272 316 270 320 272 326 276 327 276 328 276 329 277 361 277 361 276 362 276 372 273 379 270 435 270 462 273 488 276 489 276 513 274 544 270 636 275 674 276 675 276 681 275 705 270 728 275 732 276 733 276 734 276 741 275 771 272 782 276 783 276 784 276 785 277 866 277 866 259 866 230 810 230 794 217 793 217 792 217 791 217 790 217 768 228 730 229 714 217 713 217 712 217 711 217 710 217 690 227 664 217 663 217 541 217 540 217 539 217 519 228 492 217 491 217 449 217 448 217 447 217 428 227 409 218 408 218 407 218 406 218 378 230 310 230 295 217 294 217 293 217 280 217 279 217 278 217 253 229 238 219 237 219 236 219 182 217 181 217 180 217 179 217 162 230 70 230 70 259"/></Shape>
	    <String CONTENT="terat: deinde quia reſpondet ſe ſcribere bre¬"
                    HPOS="70.0"
                    VPOS="217.0"
                    WIDTH="796.0"
                    HEIGHT="60.0"
                    WC="0.9974997811847263"></String>
          </TextLine>
          <TextLine ID="line_5"
                    TAGREFS="LT8"
                    BASELINE="68 306 871 308" 
                    HPOS="67.0"
                    VPOS="271.0"
                    WIDTH="804.0"
                    HEIGHT="58.0">
            <Shape><Polygon POINTS="68 306 67 317 126 327 127 328 178 328 178 327 179 327 201 319 205 318 209 319 216 323 217 323 218 323 276 320 327 318 333 321 343 327 344 327 345 327 383 322 410 318 418 322 425 327 426 327 427 327 428 327 448 323 470 318 511 323 512 323 592 319 607 325 615 328 616 328 617 328 639 325 685 319 706 326 707 326 708 327 725 327 739 327 739 326 740 326 752 319 767 327 769 328 770 328 771 329 870 329 871 308 870 282 761 282 760 281 715 274 714 274 657 281 654 282 508 282 505 281 459 271 365 271 364 271 363 271 333 279 277 271 276 271 275 271 254 279 224 275 223 275 185 280 183 280 182 280 158 273 157 273 156 273 155 273 132 279 116 271 115 271 95 271 94 271 93 271 68 279 68 306"/></Shape>
	    <String CONTENT="uius quia mox ipſe ſit vent urus: iterum quæ¬"
                    HPOS="67.0"
                    VPOS="271.0"
                    WIDTH="804.0"
                    HEIGHT="58.0"
                    WC="0.9904454615381029"></String>
          </TextLine>
          <TextLine ID="line_6"
                    TAGREFS="LT8"
                    BASELINE="65 357 871 357" 
                    HPOS="65.0"
                    VPOS="318.0"
                    WIDTH="806.0"
                    HEIGHT="58.0">
            <Shape><Polygon POINTS="65 357 65 369 141 376 142 376 170 371 209 375 210 375 211 375 212 375 217 370 220 369 273 369 276 371 283 376 284 376 285 376 286 376 315 371 327 369 378 371 448 374 449 374 465 371 482 369 486 372 492 376 493 376 493 376 494 376 548 372 586 369 596 372 607 376 608 376 609 376 871 373 871 357 871 331 813 325 812 325 778 329 768 330 763 329 739 320 738 320 737 320 692 328 678 330 674 327 660 318 659 318 658 318 657 318 621 324 605 318 604 318 603 318 602 318 601 318 591 324 550 318 549 318 548 318 547 318 537 325 529 331 491 331 478 324 475 323 474 323 355 318 354 318 353 318 341 322 318 330 282 321 273 319 272 319 271 319 267 321 253 328 235 323 234 323 233 323 195 331 113 331 95 319 94 319 93 319 65 318 65 357"/></Shape>
	    <String CONTENT="ritur, cur ergo ſcribis cùm ſis ipſe mox ven¬"
                    HPOS="65.0"
                    VPOS="318.0"
                    WIDTH="806.0"
                    HEIGHT="58.0"
                    WC="0.9897897269414819"></String>
          </TextLine>
          <TextLine ID="line_7"
                    TAGREFS="LT8"
                    BASELINE="63 407 873 407" 
                    HPOS="63.0"
                    VPOS="372.0"
                    WIDTH="810.0"
                    HEIGHT="52.0">
            <Shape><Polygon POINTS="63 407 63 418 72 423 73 423 74 423 108 418 123 423 124 423 125 423 243 418 265 418 268 419 278 423 279 423 280 424 280 423 281 423 292 419 295 418 369 418 372 420 379 423 380 423 381 423 382 423 394 420 401 418 872 423 873 407 873 373 63 372 63 407"/></Shape>
	    <String CONTENT="turus? &amp; huic reſpondet, hinc petendam eſſe"
                    HPOS="63.0"
                    VPOS="372.0"
                    WIDTH="810.0"
                    HEIGHT="52.0"
                    WC="0.9878945073416067"></String>
          </TextLine>
          <TextLine ID="line_8"
                    TAGREFS="LT8"
                    BASELINE="69 458 873 454" 
                    HPOS="68.0"
                    VPOS="414.0"
                    WIDTH="805.0"
                    HEIGHT="59.0">
            <Shape><Polygon POINTS="69 458 69 473 271 467 395 467 400 470 402 472 403 472 404 472 405 472 434 469 471 466 596 467 854 470 855 470 856 470 873 463 873 454 871 425 822 425 799 417 798 417 797 417 755 424 703 416 702 416 626 424 611 414 610 414 609 414 608 414 607 414 570 425 540 414 539 414 471 414 470 414 445 419 431 415 430 415 429 415 428 415 407 424 381 415 380 415 379 415 324 426 321 426 318 426 278 419 277 419 277 419 276 419 266 426 263 428 233 428 230 426 210 417 209 417 208 417 143 423 108 416 107 416 106 416 105 416 90 426 68 426 69 458"/></Shape>
	    <String CONTENT="guberna tionis Eccleſiaſticæ formulam. Ita¬"
                    HPOS="68.0"
                    VPOS="414.0"
                    WIDTH="805.0"
                    HEIGHT="59.0"
                    WC="0.9996914752694064"></String>
          </TextLine>
          <TextLine ID="line_9"
                    TAGREFS="LT8"
                    BASELINE="77 503 872 505" 
                    HPOS="76.0"
                    VPOS="464.0"
                    WIDTH="796.0"
                    HEIGHT="60.0">
            <Shape><Polygon POINTS="77 503 76 517 84 522 85 522 86 522 87 523 161 523 161 522 162 522 184 516 203 522 204 522 205 522 255 516 259 516 269 516 362 522 363 522 364 522 365 522 372 518 374 516 432 516 437 519 442 520 443 520 444 520 495 519 539 518 545 519 555 523 555 523 556 524 601 524 601 523 602 523 603 523 607 520 610 518 618 520 628 523 629 523 630 523 631 523 640 520 655 517 694 517 707 521 710 523 711 523 712 523 732 522 792 517 799 521 800 521 801 521 802 521 802 521 810 518 870 523 872 505 871 477 802 465 740 465 740 465 739 465 738 465 731 470 658 465 657 465 656 465 655 465 643 475 617 476 605 476 604 476 576 465 575 465 574 465 573 465 546 476 534 476 485 476 483 476 465 464 464 464 463 464 420 464 419 464 418 464 395 475 393 475 284 469 283 469 282 469 281 469 275 475 274 476 198 476 197 475 181 464 180 464 179 464 142 464 141 464 140 464 139 464 124 475 123 475 77 475 77 503"/></Shape>
	    <String CONTENT="que hîc priori quæſtioni reſpondet de bre¬"
                    HPOS="76.0"
                    VPOS="464.0"
                    WIDTH="796.0"
                    HEIGHT="60.0"
                    WC="0.9710654089617174"></String>
          </TextLine>
          <TextLine ID="line_10"
                    TAGREFS="LT8"
                    BASELINE="80 551 870 554" 
                    HPOS="79.0"
                    VPOS="515.0"
                    WIDTH="791.0"
                    HEIGHT="61.0">
            <Shape><Polygon POINTS="80 551 79 561 161 573 162 574 258 574 258 573 259 573 272 566 323 570 324 570 325 570 335 566 342 563 352 566 364 570 365 570 366 570 367 570 368 570 371 567 375 564 408 564 426 568 441 571 442 571 459 568 481 564 502 569 504 569 505 569 511 569 606 564 633 571 634 571 635 571 636 571 671 566 683 572 689 575 690 575 691 575 692 575 701 573 727 565 779 574 788 575 789 576 869 576 870 554 868 521 741 525 730 521 718 517 717 517 648 517 648 517 647 517 638 521 634 522 627 521 605 516 604 516 578 521 561 524 554 521 541 516 540 516 455 516 454 516 453 516 439 521 432 524 424 521 411 516 410 516 368 516 367 516 366 516 365 516 358 521 353 524 332 524 328 521 322 517 321 517 320 517 319 517 318 517 317 517 310 521 307 523 289 521 271 519 270 519 242 521 216 523 212 521 204 515 203 515 202 515 183 515 182 515 181 515 168 521 162 523 149 521 125 517 124 517 123 517 116 521 111 523 80 521 80 551"/></Shape>
	    <String CONTENT="uitate ſcripti, SPERO ME BREVI VENTV¬"
                    HPOS="79.0"
                    VPOS="515.0"
                    WIDTH="791.0"
                    HEIGHT="61.0"
                    WC="0.9968999511486775"></String>
          </TextLine>
          <TextLine ID="line_11"
                    TAGREFS="LT8"
                    BASELINE="83 603 722 605" 
                    HPOS="81"
                    VPOS="556"
                    WIDTH="639"
                    HEIGHT="67">
            <Shape><Polygon POINTS="82 602 81 620 550 615 603 623 604 623 606 623 607 623 655 615 718 623 720 604 719 566 459 556 457 556 456 556 438 566 428 557 428 556 427 556 425 556 348 556 347 556 345 556 344 556 344 557 335 566 334 566 329 566 290 557 289 557 287 557 258 566 254 566 82 566 82 602"/></Shape>
	    <String CONTENT="RVM, ideo breuior ſum in ſcribendo.."
                    HPOS="81"
                    VPOS="556"
                    WIDTH="639"
                    HEIGHT="67"></String>
          </TextLine>
        </TextBlock>
        <TextBlock HPOS="118"
                   VPOS="620"
                   WIDTH="565"
                   HEIGHT="51"
                   ID="block_1"
                   TAGREFS="BT1852">
          <Shape><Polygon POINTS="683 620 683 671 118 671 118 620"/></Shape>
          <TextLine ID="line_12"
                    TAGREFS="LT8"
                    BASELINE="127 659 676 656" 
                    HPOS="125"
                    VPOS="620"
                    WIDTH="549"
                    HEIGHT="56">
            <Shape><Polygon POINTS="619 620 536 620 498 623 408 620 398 624 389 620 372 620 356 624 125 620 126 669 139 676 174 668 261 676 401 666 456 673 472 666 562 666 569 675 674 669 673 624 619 620"/></Shape>
	    <String CONTENT="15 Sin verò tardauero, &amp;c."
                    HPOS="125"
                    VPOS="620"
                    WIDTH="549"
                    HEIGHT="56"></String>
          </TextLine>
        </TextBlock>
        <TextBlock HPOS="85"
                   VPOS="675"
                   WIDTH="796"
                   HEIGHT="193"
                   ID="block_5"
                   TAGREFS="BT1851">
          <Shape><Polygon POINTS="881 675 881 868 85 868 85 675"/></Shape>
          <TextLine ID="line_13"
                    TAGREFS="LT8"
                    BASELINE="118 710 876 707" 
                    HPOS="117.0"
                    VPOS="664.0"
                    WIDTH="759.0"
                    HEIGHT="65.0">
            <Shape><Polygon POINTS="118 710 118 719 165 727 166 727 167 727 181 720 183 719 187 720 230 728 231 728 232 728 254 720 257 719 260 720 286 728 287 728 288 729 313 729 313 728 314 728 315 728 323 722 358 728 359 728 360 728 361 728 371 720 374 718 401 718 422 720 446 723 447 723 448 723 449 723 452 720 457 718 481 720 508 723 509 723 510 723 520 721 530 718 533 721 541 727 542 727 543 727 544 727 545 727 562 721 570 718 579 721 598 727 599 727 600 728 617 728 617 727 617 727 618 727 626 721 631 717 648 721 662 724 663 724 678 721 695 717 700 721 706 726 707 726 708 726 709 727 770 727 770 726 771 726 779 721 784 719 789 721 801 726 802 726 802 726 803 726 814 721 815 721 826 726 827 726 828 726 875 721 876 707 875 673 849 664 848 664 809 664 808 664 807 664 788 672 744 665 743 665 742 665 741 665 733 672 679 666 678 666 678 666 677 666 667 673 627 673 620 674 574 674 547 674 535 665 534 665 533 665 532 665 531 665 504 672 493 665 493 665 492 665 398 665 397 665 396 665 369 674 368 675 235 675 235 674 218 667 217 667 216 667 216 667 200 674 145 668 144 668 143 668 117 674 118 710"/></Shape>
	    <String CONTENT="Alteri occupationi occurrit, cur ergo ſcri¬"
                    HPOS="117.0"
                    VPOS="664.0"
                    WIDTH="759.0"
                    HEIGHT="65.0"
                    WC="0.9903515175331471"></String>
          </TextLine>
          <TextLine ID="line_14"
                    TAGREFS="LT8"
                    BASELINE="86 756 881 758" 
                    HPOS="85.0"
                    VPOS="715.0"
                    WIDTH="796.0"
                    HEIGHT="60.0">
            <Shape><Polygon POINTS="86 756 85 764 132 771 133 771 165 766 166 766 215 774 216 775 308 775 308 774 308 774 309 774 318 768 320 766 332 768 368 774 369 774 370 774 370 774 379 769 384 766 483 766 495 770 510 775 511 775 512 775 513 775 529 771 544 767 583 771 608 774 609 774 610 774 615 772 620 768 625 772 629 775 630 775 631 775 632 775 647 772 664 769 692 773 703 774 704 774 705 774 707 773 718 768 743 774 751 775 752 775 753 775 757 774 776 767 792 774 794 775 795 775 796 775 797 775 798 775 798 774 804 770 879 775 881 758 878 717 855 726 827 717 826 717 825 717 821 717 790 718 789 718 788 718 776 727 720 727 705 717 704 717 703 717 675 717 674 717 673 717 642 726 584 721 583 721 582 721 581 721 573 727 484 727 448 716 447 716 421 716 365 716 364 716 363 716 343 723 320 716 319 716 318 716 317 716 316 716 307 723 249 725 212 718 211 718 210 718 209 718 197 726 149 726 86 715 86 756"/></Shape>
	    <String CONTENT="bat: reſpondet, ſi non venero, hinc tu ha¬"
                    HPOS="85.0"
                    VPOS="715.0"
                    WIDTH="796.0"
                    HEIGHT="60.0"
                    WC="0.9768929396356855"></String>
          </TextLine>
          <TextLine ID="line_15"
                    TAGREFS="LT8"
                    BASELINE="83 804 878 808" 
                    HPOS="82.0"
                    VPOS="765.0"
                    WIDTH="796.0"
                    HEIGHT="60.0">
            <Shape><Polygon POINTS="83 804 82 814 118 821 119 821 186 816 187 816 203 823 204 823 205 823 233 818 293 824 294 825 453 825 453 824 454 824 455 824 461 819 480 825 481 825 482 825 519 819 524 819 527 820 549 824 550 824 573 820 585 818 593 820 606 824 607 824 608 824 609 824 610 824 615 821 619 818 675 821 709 823 710 823 726 822 753 819 758 822 763 825 764 825 765 825 766 825 767 825 776 822 780 821 784 822 795 825 796 825 797 825 877 823 878 808 878 776 864 768 863 768 697 768 696 768 695 768 694 768 685 775 684 775 658 767 657 767 656 767 617 773 585 767 584 767 583 767 565 774 563 775 490 775 487 773 477 766 476 766 475 766 474 766 473 766 454 773 451 773 448 772 428 768 427 768 426 768 415 772 411 773 342 773 340 771 336 767 335 767 334 767 333 767 310 771 298 773 281 771 262 768 261 768 241 770 226 772 222 770 216 765 216 765 215 765 214 765 213 765 203 770 199 772 178 770 140 765 139 765 138 765 126 769 118 772 112 769 105 765 104 765 103 765 83 768 83 804"/></Shape>
	    <String CONTENT="bebis formulam gubernationis Eccleſia¬"
                    HPOS="82.0"
                    VPOS="765.0"
                    WIDTH="796.0"
                    HEIGHT="60.0"
                    WC="0.9944968066717449"></String>
          </TextLine>
          <TextLine ID="line_16"
                    TAGREFS="LT8"
                    BASELINE="80 856 186 854" 
                    HPOS="78"
                    VPOS="811"
                    WIDTH="106"
                    HEIGHT="64">
            <Shape><Polygon POINTS="79 855 79 868 123 875 125 875 184 865 184 852 181 814 78 811 79 855"/></Shape>
	    <String CONTENT="ſticæ."
                    HPOS="78"
                    VPOS="811"
                    WIDTH="106"
                    HEIGHT="64"></String>
          </TextLine>
        </TextBlock>
        <TextBlock HPOS="69"
                   VPOS="869"
                   WIDTH="825"
                   HEIGHT="642"
                   ID="block_4"
                   TAGREFS="BT1851">
          <Shape><Polygon POINTS="892 869 894 1493 80 1511 69 1511 73 869"/></Shape>
          <TextLine ID="line_17"
                    TAGREFS="LT8"
                    BASELINE="119 908 467 903 879 905" 
                    HPOS="118.0"
                    VPOS="857.0"
                    WIDTH="761.0"
                    HEIGHT="65.0">
            <Shape><Polygon POINTS="119 908 119 914 166 921 167 921 204 916 234 921 235 922 339 922 339 921 340 921 341 921 347 917 365 921 366 921 367 921 368 921 369 921 378 915 437 918 438 918 439 918 440 918 447 914 451 913 605 913 609 914 617 917 617 917 618 917 648 914 654 914 659 914 695 920 696 921 740 921 740 920 741 920 753 915 786 919 787 919 788 919 789 919 796 914 799 912 810 914 833 918 833 918 878 914 879 905 878 862 859 857 858 857 857 857 856 857 855 857 845 863 838 867 827 863 822 862 821 862 820 862 819 862 818 862 817 863 812 867 764 864 745 863 744 863 736 864 712 868 703 864 699 863 698 863 697 863 696 863 692 865 688 867 685 865 678 858 677 858 676 858 675 858 646 863 610 858 609 858 608 858 607 858 595 866 594 866 579 858 578 858 549 858 548 858 547 858 532 866 531 867 464 868 462 867 449 860 448 860 447 860 446 860 445 860 439 865 432 859 432 859 431 859 361 859 360 859 359 859 358 859 348 865 328 859 327 859 326 859 325 859 324 859 311 869 308 869 279 869 278 869 260 860 259 860 258 860 257 860 229 869 149 862 148 862 147 862 118 870 119 908"/></Shape>
	    <String CONTENT="Diſce Apoſtolum non ſui fuiſſe iuris, ſed"
                    HPOS="118.0"
                    VPOS="857.0"
                    WIDTH="761.0"
                    HEIGHT="65.0"
                    WC="0.9967898639237008"></String>
          </TextLine>
          <TextLine ID="line_18"
                    TAGREFS="LT8"
                    BASELINE="73 956 875 952" 
                    HPOS="72.0"
                    VPOS="911.0"
                    WIDTH="803.0"
                    HEIGHT="60.0">
            <Shape><Polygon POINTS="73 956 73 967 203 971 204 971 205 971 212 968 216 965 241 968 271 971 272 971 289 968 309 964 334 964 339 968 342 970 343 970 344 970 345 970 365 968 398 964 432 968 450 970 451 970 452 970 459 968 475 963 543 968 548 968 549 968 550 968 568 963 687 963 755 968 756 968 757 968 758 968 774 963 782 968 783 968 784 968 785 969 874 969 875 952 872 917 827 921 815 917 802 913 802 913 801 913 800 913 784 917 770 921 760 917 744 911 743 911 742 911 741 911 724 917 715 920 703 917 675 911 674 911 650 912 649 912 648 912 640 917 632 922 619 917 616 917 615 917 614 917 607 917 585 922 576 917 564 912 563 912 524 912 524 912 523 912 522 912 514 917 510 920 500 917 491 916 490 916 489 916 488 916 482 918 475 921 469 918 466 916 465 916 464 916 463 916 447 918 437 919 434 918 424 913 423 913 422 913 348 918 271 925 180 925 152 918 134 916 133 916 132 916 124 918 119 921 115 918 107 914 106 914 105 914 104 914 72 918 73 956"/></Shape>
	    <String CONTENT="ſæpe contra animi conſilium aliò ductum"
                    HPOS="72.0"
                    VPOS="911.0"
                    WIDTH="803.0"
                    HEIGHT="60.0"
                    WC="0.9970441058278083"></String>
          </TextLine>
          <TextLine ID="line_19"
                    TAGREFS="LT8"
                    BASELINE="73 1006 883 1001" 
                    HPOS="72.0"
                    VPOS="961.0"
                    WIDTH="811.0"
                    HEIGHT="61.0">
            <Shape><Polygon POINTS="73 1006 73 1019 115 1014 141 1019 154 1021 154 1022 154 1021 168 1019 187 1015 193 1019 196 1021 197 1021 198 1021 199 1021 259 1019 260 1019 262 1018 274 1013 299 1018 307 1019 308 1019 308 1019 312 1018 325 1013 383 1013 389 1017 391 1019 392 1019 393 1019 394 1019 395 1019 399 1017 405 1014 438 1017 465 1019 466 1019 467 1019 468 1019 471 1017 479 1012 522 1016 534 1017 535 1017 536 1017 540 1016 559 1011 636 1011 643 1015 643 1016 644 1016 645 1016 646 1016 650 1015 669 1011 685 1015 699 1018 700 1018 737 1015 784 1010 802 1014 815 1017 816 1017 882 1013 883 1001 880 965 838 967 829 965 816 961 815 961 814 961 813 961 812 961 807 965 799 970 719 970 709 965 706 963 705 963 704 963 703 963 697 965 686 967 664 965 633 961 632 961 631 961 630 961 626 965 622 967 609 965 589 961 588 961 587 961 586 961 583 965 578 968 564 965 555 962 554 962 553 962 538 965 505 971 456 966 455 966 454 966 437 971 409 965 397 962 396 962 355 963 354 963 353 963 351 965 339 972 321 966 320 966 319 966 277 972 244 965 235 963 234 963 233 963 229 965 210 974 153 974 72 965 73 1006"/></Shape>
	    <String CONTENT="Dei conſilio, vt hîc promittit aduẽtum ſuũ,"
                    HPOS="72.0"
                    VPOS="961.0"
                    WIDTH="811.0"
                    HEIGHT="61.0"
                    WC="0.9845985238966735"></String>
          </TextLine>
          <TextLine ID="line_20"
                    TAGREFS="LT8"
                    BASELINE="74 1055 885 1051" 
                    HPOS="73.0"
                    VPOS="1008.0"
                    WIDTH="812.0"
                    HEIGHT="64.0">
            <Shape><Polygon POINTS="74 1055 74 1063 111 1069 112 1069 113 1069 114 1069 120 1065 133 1072 134 1072 135 1072 203 1065 232 1072 233 1072 234 1072 272 1064 275 1064 278 1064 331 1071 332 1071 333 1071 346 1064 349 1063 379 1065 436 1068 437 1068 438 1068 444 1065 448 1063 465 1065 484 1067 485 1067 511 1065 549 1062 556 1065 569 1070 570 1070 571 1071 614 1071 614 1070 615 1070 629 1066 639 1062 663 1066 691 1070 692 1070 744 1070 744 1070 764 1066 788 1061 803 1066 814 1070 815 1070 816 1070 817 1070 831 1066 840 1064 883 1066 885 1051 882 1012 718 1019 698 1012 684 1008 683 1008 682 1008 655 1012 616 1020 593 1012 582 1009 581 1009 481 1009 480 1009 479 1009 469 1013 453 1021 425 1013 422 1012 421 1012 420 1012 419 1012 418 1012 418 1013 412 1016 373 1013 327 1009 326 1009 309 1013 273 1023 118 1023 105 1013 100 1010 99 1010 98 1010 97 1010 73 1013 74 1055"/></Shape>
	    <String CONTENT="de quo tamẽ dubius eſt. Proponit igitur etiã"
                    HPOS="73.0"
                    VPOS="1008.0"
                    WIDTH="812.0"
                    HEIGHT="64.0"
                    WC="0.9994982532832933"></String>
          </TextLine>
          <TextLine ID="line_21"
                    TAGREFS="LT8"
                    BASELINE="71 1103 878 1100" 
                    HPOS="70.0"
                    VPOS="1060.0"
                    WIDTH="808.0"
                    HEIGHT="60.0">
            <Shape><Polygon POINTS="71 1103 71 1113 99 1120 100 1120 183 1114 221 1120 222 1120 280 1119 281 1119 282 1119 291 1113 333 1120 334 1120 335 1120 336 1120 343 1113 370 1112 388 1112 401 1112 488 1117 489 1117 490 1117 506 1112 522 1119 523 1119 524 1120 572 1120 572 1119 573 1119 589 1112 607 1117 608 1117 609 1117 662 1111 668 1111 669 1111 685 1118 686 1118 687 1119 756 1119 756 1118 757 1118 773 1111 774 1111 805 1118 806 1118 807 1118 808 1118 815 1112 877 1110 878 1100 875 1067 790 1069 779 1066 760 1060 759 1060 758 1060 732 1066 715 1070 658 1070 646 1065 631 1060 630 1060 629 1060 628 1060 619 1065 611 1070 583 1070 570 1065 561 1061 560 1061 559 1061 527 1064 493 1068 487 1064 483 1061 482 1061 481 1061 381 1061 380 1061 379 1061 372 1063 364 1066 353 1063 344 1061 343 1061 342 1061 341 1061 336 1063 315 1070 298 1063 296 1062 295 1062 294 1062 293 1062 291 1063 275 1071 244 1071 196 1062 192 1062 191 1062 190 1062 189 1062 177 1070 160 1065 159 1065 158 1065 108 1070 94 1062 93 1062 92 1062 70 1062 71 1103"/></Shape>
	    <String CONTENT="ſanctus homo, ſed Deus diſponit vt ipſi vide¬"
                    HPOS="70.0"
                    VPOS="1060.0"
                    WIDTH="808.0"
                    HEIGHT="60.0"
                    WC="0.9942750493685405"></String>
          </TextLine>
          <TextLine ID="line_22"
                    TAGREFS="LT8"
                    BASELINE="72 1153 873 1148" 
                    HPOS="71.0"
                    VPOS="1106.0"
                    WIDTH="802.0"
                    HEIGHT="62.0">
            <Shape><Polygon POINTS="72 1153 73 1168 88 1162 188 1166 230 1168 231 1168 248 1166 278 1162 328 1164 354 1166 355 1166 370 1164 394 1161 402 1163 409 1166 410 1166 411 1166 433 1163 455 1161 489 1162 549 1166 550 1166 551 1166 552 1166 559 1162 562 1160 577 1162 609 1165 610 1166 711 1166 711 1165 712 1165 732 1160 844 1164 845 1164 846 1164 873 1157 873 1148 871 1118 833 1118 833 1117 812 1108 811 1108 810 1108 809 1108 781 1116 768 1106 767 1106 766 1106 765 1106 764 1106 740 1116 738 1118 710 1119 684 1119 678 1116 653 1107 652 1107 586 1107 585 1107 584 1107 583 1107 573 1115 570 1117 566 1115 554 1108 553 1108 552 1108 551 1108 527 1114 512 1108 511 1108 468 1108 467 1108 466 1108 465 1108 457 1114 454 1114 422 1108 421 1108 420 1108 410 1113 400 1120 369 1120 319 1113 293 1109 292 1109 291 1109 290 1109 285 1112 273 1120 251 1112 247 1111 246 1111 246 1111 245 1111 244 1111 243 1112 230 1121 186 1115 185 1115 128 1121 113 1111 112 1111 111 1111 71 1111 72 1153"/></Shape>
	    <String CONTENT="bitur. Deinde non abſolutè de futuris homi¬"
                    HPOS="71.0"
                    VPOS="1106.0"
                    WIDTH="802.0"
                    HEIGHT="62.0"
                    WC="0.9773097038269043"></String>
          </TextLine>
          <TextLine ID="line_23"
                    TAGREFS="LT8"
                    BASELINE="76 1200 878 1198" 
                    HPOS="75.0"
                    VPOS="1158.0"
                    WIDTH="803.0"
                    HEIGHT="58.0">
            <Shape><Polygon POINTS="76 1200 76 1209 99 1216 100 1216 101 1216 102 1216 119 1210 271 1216 272 1216 333 1209 337 1209 338 1209 356 1216 357 1216 358 1216 359 1216 375 1209 376 1209 385 1209 503 1215 504 1215 537 1209 539 1209 540 1209 568 1214 569 1214 570 1214 580 1209 582 1208 645 1209 681 1209 692 1215 693 1215 694 1215 877 1208 878 1198 876 1161 779 1158 778 1158 777 1158 776 1158 772 1161 767 1165 681 1165 674 1162 665 1158 664 1158 586 1158 586 1158 585 1158 584 1158 579 1162 577 1162 568 1162 529 1159 528 1159 512 1162 502 1164 495 1162 482 1158 481 1158 480 1158 479 1158 468 1162 462 1165 449 1162 429 1159 428 1159 394 1163 375 1165 362 1163 337 1159 336 1159 335 1159 316 1163 308 1165 293 1163 256 1159 255 1159 254 1159 245 1164 241 1166 125 1166 123 1164 108 1159 107 1159 106 1159 75 1164 76 1200"/></Shape>
	    <String CONTENT="num conſiliis ſtatuendum eſt: ſic Apoſtolus"
                    HPOS="75.0"
                    VPOS="1158.0"
                    WIDTH="803.0"
                    HEIGHT="58.0"
                    WC="0.9919022806855136"></String>
          </TextLine>
          <TextLine ID="line_24"
                    TAGREFS="LT8"
                    BASELINE="77 1250 879 1250" 
                    HPOS="77.0"
                    VPOS="1207.0"
                    WIDTH="802.0"
                    HEIGHT="58.0">
            <Shape><Polygon POINTS="77 1250 77 1258 176 1265 177 1265 296 1260 317 1259 323 1260 349 1265 350 1265 351 1265 365 1260 366 1260 370 1260 425 1265 426 1265 427 1265 441 1260 447 1259 458 1260 483 1264 484 1264 485 1264 493 1261 497 1259 565 1259 569 1261 576 1264 577 1264 578 1264 597 1261 611 1259 617 1261 626 1265 627 1265 628 1265 629 1265 644 1261 654 1259 877 1262 879 1250 878 1210 865 1207 864 1207 864 1207 863 1207 860 1210 852 1215 836 1210 829 1207 828 1207 827 1207 826 1207 820 1210 804 1217 673 1217 656 1209 651 1207 650 1207 613 1207 612 1207 611 1207 610 1207 607 1209 599 1214 574 1209 560 1207 559 1207 542 1209 520 1212 470 1209 434 1207 433 1207 432 1207 426 1209 403 1217 332 1217 317 1212 316 1212 315 1212 314 1212 303 1217 279 1210 278 1210 277 1210 277 1210 261 1217 234 1209 227 1207 226 1207 225 1207 224 1207 219 1209 196 1218 143 1218 131 1209 129 1207 128 1207 127 1207 126 1207 77 1208 77 1250"/></Shape>
	    <String CONTENT="hîc conditionem præ ſeruat, ideo concedit"
                    HPOS="77.0"
                    VPOS="1207.0"
                    WIDTH="802.0"
                    HEIGHT="58.0"
                    WC="0.9990237823554448"></String>
          </TextLine>
          <TextLine ID="line_25"
                    TAGREFS="LT8"
                    BASELINE="75 1300 883 1296" 
                    HPOS="74.0"
                    VPOS="1254.0"
                    WIDTH="809.0"
                    HEIGHT="61.0">
            <Shape><Polygon POINTS="75 1300 75 1308 225 1315 226 1315 285 1308 291 1308 438 1308 440 1308 463 1314 464 1314 465 1314 466 1314 491 1308 495 1307 500 1308 526 1314 527 1314 555 1309 565 1313 566 1313 567 1313 568 1313 569 1313 577 1308 578 1307 580 1308 586 1312 586 1312 587 1312 588 1312 659 1308 663 1308 677 1314 678 1314 678 1314 751 1313 752 1313 769 1308 774 1306 779 1308 797 1313 798 1313 799 1313 883 1307 883 1296 878 1254 865 1263 792 1256 771 1254 770 1254 769 1254 768 1254 765 1256 753 1264 720 1264 709 1257 702 1254 701 1254 700 1254 699 1254 692 1257 678 1265 633 1265 625 1259 620 1255 619 1255 618 1255 581 1255 580 1255 579 1255 578 1255 573 1260 567 1264 551 1260 534 1256 533 1256 532 1256 519 1260 508 1264 503 1261 494 1255 493 1255 493 1255 492 1255 434 1256 433 1256 413 1262 404 1265 400 1262 390 1257 389 1257 388 1257 387 1257 372 1263 371 1263 368 1263 309 1257 308 1257 308 1257 282 1265 279 1265 275 1265 216 1257 216 1257 215 1257 214 1257 202 1266 201 1267 167 1267 127 1267 113 1257 112 1257 111 1257 91 1257 90 1257 89 1257 88 1257 74 1265 75 1300"/></Shape>
	    <String CONTENT="fieri poſſe vt diuinitus impediatur, quod ſuo"
                    HPOS="74.0"
                    VPOS="1254.0"
                    WIDTH="809.0"
                    HEIGHT="61.0"
                    WC="0.9652604010370043"></String>
          </TextLine>
          <TextLine ID="line_26"
                    TAGREFS="LT8"
                    BASELINE="72 1348 880 1346" 
                    HPOS="71.0"
                    VPOS="1305.0"
                    WIDTH="809.0"
                    HEIGHT="55.0">
            <Shape><Polygon POINTS="72 1348 72 1358 878 1360 880 1346 877 1307 706 1313 699 1308 698 1308 697 1308 696 1308 691 1309 674 1312 669 1309 664 1305 663 1305 662 1305 550 1305 549 1305 548 1305 547 1305 538 1310 537 1311 529 1310 486 1305 485 1305 484 1305 483 1305 475 1311 473 1312 472 1311 464 1307 463 1307 462 1307 462 1307 461 1307 455 1311 450 1314 429 1314 422 1312 413 1308 412 1308 411 1308 410 1308 399 1312 392 1314 385 1312 364 1306 363 1306 362 1306 361 1306 342 1312 339 1314 337 1313 330 1307 329 1307 328 1307 282 1306 281 1306 280 1306 257 1313 254 1314 197 1314 195 1314 153 1306 152 1306 71 1314 72 1348"/></Shape>
	    <String CONTENT="conſilio nihil derogat. Vtvt cadat, interim"
                    HPOS="71.0"
                    VPOS="1305.0"
                    WIDTH="809.0"
                    HEIGHT="55.0"
                    WC="0.9900881939156111"></String>
          </TextLine>
          <TextLine ID="line_27"
                    TAGREFS="LT8"
                    BASELINE="66 1397 881 1395" 
                    HPOS="65.0"
                    VPOS="1353.0"
                    WIDTH="816.0"
                    HEIGHT="61.0">
            <Shape><Polygon POINTS="66 1397 66 1406 82 1413 83 1413 84 1413 146 1406 162 1413 163 1413 164 1414 216 1414 216 1413 216 1413 217 1413 226 1406 227 1406 228 1406 299 1413 300 1413 301 1413 324 1406 326 1406 329 1406 363 1413 364 1413 365 1413 387 1406 389 1406 391 1406 406 1413 407 1413 408 1413 409 1413 425 1407 428 1406 432 1407 467 1413 468 1413 469 1413 484 1407 489 1406 497 1407 519 1412 520 1413 546 1413 546 1412 547 1412 548 1412 555 1407 557 1406 577 1407 617 1412 617 1412 637 1407 648 1406 663 1408 686 1412 687 1412 688 1412 699 1408 706 1406 760 1406 765 1408 771 1412 771 1412 772 1412 773 1413 812 1413 812 1412 813 1412 814 1412 819 1408 823 1406 835 1408 849 1412 850 1412 851 1412 881 1408 881 1395 879 1362 825 1353 824 1353 754 1362 750 1362 749 1362 735 1354 734 1354 733 1354 732 1354 719 1360 705 1353 704 1353 703 1353 626 1358 586 1353 585 1353 584 1353 568 1360 488 1353 487 1353 486 1353 474 1359 456 1354 455 1354 454 1354 453 1354 452 1354 438 1363 437 1363 435 1363 415 1356 414 1356 413 1356 412 1356 411 1356 401 1363 400 1364 367 1364 365 1363 341 1355 340 1355 339 1355 339 1355 324 1363 323 1363 322 1363 301 1356 300 1356 299 1356 257 1362 245 1355 244 1355 243 1355 167 1363 166 1363 150 1354 149 1354 148 1354 147 1354 125 1363 125 1364 65 1364 66 1397"/></Shape>
	    <String CONTENT="epiſtola hæc ſuum habet vſum, ſcilicet, vt"
                    HPOS="65.0"
                    VPOS="1353.0"
                    WIDTH="816.0"
                    HEIGHT="61.0"
                    WC="0.9940592930430457"></String>
          </TextLine>
          <TextLine ID="line_28"
                    TAGREFS="LT8"
                    BASELINE="67 1446 883 1443" 
                    HPOS="66.0"
                    VPOS="1403.0"
                    WIDTH="817.0"
                    HEIGHT="61.0">
            <Shape><Polygon POINTS="67 1446 67 1457 123 1464 124 1464 125 1464 148 1458 155 1456 306 1456 314 1458 326 1462 327 1462 328 1462 329 1462 330 1462 335 1458 340 1455 348 1459 358 1463 359 1463 360 1464 444 1464 444 1463 445 1463 446 1463 451 1459 456 1455 465 1459 476 1463 477 1463 478 1463 523 1459 570 1455 582 1459 590 1463 591 1463 592 1463 593 1463 604 1459 620 1454 668 1454 675 1460 678 1462 678 1462 679 1462 680 1463 762 1463 762 1462 763 1462 767 1460 775 1455 802 1460 812 1462 813 1462 883 1460 883 1443 879 1403 859 1411 837 1403 836 1403 835 1403 795 1403 794 1403 793 1403 791 1404 777 1410 757 1405 756 1405 755 1405 754 1405 738 1411 716 1405 715 1405 714 1405 713 1405 700 1410 686 1404 682 1403 681 1403 644 1403 643 1403 642 1403 641 1403 639 1405 627 1411 611 1405 608 1404 607 1404 606 1404 536 1406 535 1406 534 1406 524 1413 481 1413 471 1406 470 1406 469 1406 468 1406 464 1406 448 1408 444 1406 441 1404 440 1404 439 1404 438 1404 409 1406 338 1413 321 1406 314 1405 313 1405 312 1405 290 1407 243 1413 66 1409 67 1446"/></Shape>
	    <String CONTENT="hine modum gubernationis Eccleſiaſticæ"
                    HPOS="66.0"
                    VPOS="1403.0"
                    WIDTH="817.0"
                    HEIGHT="61.0"
                    WC="0.9921380657898752"></String>
          </TextLine>
          <TextLine ID="line_29"
                    TAGREFS="LT8"
                    BASELINE="73 1494 301 1491" 
                    HPOS="71"
                    VPOS="1452"
                    WIDTH="229"
                    HEIGHT="57">
            <Shape><Polygon POINTS="72 1493 72 1509 299 1503 300 1490 296 1452 71 1458 72 1493"/></Shape>
	    <String CONTENT="depromat."
                    HPOS="71"
                    VPOS="1452"
                    WIDTH="229"
                    HEIGHT="57"
                    WC="0.9996589355998569"></String>
          </TextLine>
        </TextBlock>
        <TextBlock HPOS="72"
                   VPOS="1506"
                   WIDTH="823"
                   HEIGHT="63"
                   ID="block_6"
                   TAGREFS="BT1851">
          <Shape><Polygon POINTS="895 1510 895 1565 74 1569 72 1506"/></Shape>
          <TextLine ID="line_32"
                    TAGREFS="LT8"
                    BASELINE="134 1542 893 1538" 
                    HPOS="133.0"
                    VPOS="1492.0"
                    WIDTH="760.0"
                    HEIGHT="77.0">
            <Shape><Polygon POINTS="134 1542 134 1558 191 1558 212 1568 213 1568 214 1568 215 1568 243 1558 274 1558 320 1569 321 1569 322 1569 382 1568 383 1568 411 1558 426 1564 427 1564 428 1564 429 1564 440 1559 460 1568 461 1568 462 1568 503 1562 555 1567 556 1567 557 1567 584 1556 639 1556 655 1561 656 1561 657 1561 693 1557 709 1566 709 1566 710 1566 711 1566 751 1559 771 1566 772 1566 773 1566 806 1559 816 1566 817 1566 818 1566 819 1567 855 1567 855 1566 856 1566 893 1553 893 1538 891 1494 854 1492 853 1492 852 1492 844 1494 824 1500 814 1495 813 1495 812 1495 811 1495 810 1495 809 1495 800 1500 731 1496 724 1496 723 1496 722 1496 721 1496 709 1500 699 1497 691 1493 690 1493 689 1493 669 1497 654 1499 647 1497 634 1493 633 1493 632 1493 631 1493 620 1498 611 1501 599 1498 585 1493 584 1493 583 1493 531 1498 498 1502 493 1499 485 1494 484 1494 483 1494 433 1494 432 1494 432 1494 413 1500 412 1500 388 1494 387 1494 386 1494 385 1494 384 1494 375 1501 373 1502 367 1501 327 1494 326 1494 284 1495 283 1495 253 1503 250 1504 216 1504 215 1503 205 1497 204 1497 203 1497 202 1497 201 1497 180 1504 133 1504 134 1542"/></Shape>
	    <String CONTENT="Propoſitio igitur ſit, Timotheus, &amp; ob id"
                    HPOS="133.0"
                    VPOS="1492.0"
                    WIDTH="760.0"
                    HEIGHT="77.0"
                    WC="0.974176361793425"></String>
          </TextLine>
        </TextBlock>
      </PrintSpace>
    </Page>
  </Layout>
</alto>
