<?xml version="1.0" encoding="UTF-8"?>
<alto xmlns:xsi="http://www.w3.org/2001/XMLSchema-instance"
      xmlns="http://www.loc.gov/standards/alto/ns-v4#"
      xsi:schemaLocation="http://www.loc.gov/standards/alto/ns-v4# http://www.loc.gov/standards/alto/v4/alto-4-2.xsd">
  <Description>
    <MeasurementUnit>pixel</MeasurementUnit>
    <sourceImageInformation>
      <fileName>bsb10313792_00174.jpg</fileName>
    </sourceImageInformation>
  </Description>
  <Tags>
    <OtherTag ID="BT7" LABEL="CustomZone" DESCRIPTION="block type CustomZone"/><OtherTag ID="BT8" LABEL="DamageZone" DESCRIPTION="block type DamageZone"/><OtherTag ID="BT9" LABEL="DigitizationArtefactZone" DESCRIPTION="block type DigitizationArtefactZone"/><OtherTag ID="BT10" LABEL="DropCapitalZone" DESCRIPTION="block type DropCapitalZone"/><OtherTag ID="BT11" LABEL="GraphicZone" DESCRIPTION="block type GraphicZone"/><OtherTag ID="BT12" LABEL="MainZone" DESCRIPTION="block type MainZone"/><OtherTag ID="BT13" LABEL="MarginTextZone" DESCRIPTION="block type MarginTextZone"/><OtherTag ID="BT14" LABEL="MusicZone" DESCRIPTION="block type MusicZone"/><OtherTag ID="BT15" LABEL="NumberingZone" DESCRIPTION="block type NumberingZone"/><OtherTag ID="BT17" LABEL="QuireMarksZone" DESCRIPTION="block type QuireMarksZone"/><OtherTag ID="BT18" LABEL="RunningTitleZone" DESCRIPTION="block type RunningTitleZone"/><OtherTag ID="BT19" LABEL="SealZone" DESCRIPTION="block type SealZone"/><OtherTag ID="BT20" LABEL="StampZone" DESCRIPTION="block type StampZone"/><OtherTag ID="BT21" LABEL="TableZone" DESCRIPTION="block type TableZone"/><OtherTag ID="BT22" LABEL="TitlePageZone" DESCRIPTION="block type TitlePageZone"/><OtherTag ID="BT1851" LABEL="MainZone-P" DESCRIPTION="block type MainZone-P"/><OtherTag ID="BT1852" LABEL="MainZone-Head" DESCRIPTION="block type MainZone-Head"/><OtherTag ID="BT1853" LABEL="MainZone-P-Continued" DESCRIPTION="block type MainZone-P-Continued"/><OtherTag ID="BT1854" LABEL="MarginTextZone-ManuscriptAddendum" DESCRIPTION="block type MarginTextZone-ManuscriptAddendum"/><OtherTag ID="BT1855" LABEL="text" DESCRIPTION="block type text"/><OtherTag ID="BT1856" LABEL="MainZone-Entry" DESCRIPTION="block type MainZone-Entry"/><OtherTag ID="BT1857" LABEL="MainZone-Entry-Continued" DESCRIPTION="block type MainZone-Entry-Continued"/><OtherTag ID="BT1877" LABEL="GraphicZone-Decoration" DESCRIPTION="block type GraphicZone-Decoration"/><OtherTag ID="BT1894" LABEL="MainZone-Other" DESCRIPTION="block type MainZone-Other"/>
    <OtherTag ID="LT7" LABEL="CustomLine" DESCRIPTION="line type CustomLine"/><OtherTag ID="LT8" LABEL="DefaultLine" DESCRIPTION="line type DefaultLine"/><OtherTag ID="LT9" LABEL="DropCapitalLine" DESCRIPTION="line type DropCapitalLine"/><OtherTag ID="LT10" LABEL="HeadingLine" DESCRIPTION="line type HeadingLine"/><OtherTag ID="LT11" LABEL="InterlinearLine" DESCRIPTION="line type InterlinearLine"/><OtherTag ID="LT12" LABEL="MusicLine" DESCRIPTION="line type MusicLine"/><OtherTag ID="LT636" LABEL="default" DESCRIPTION="line type default"/>
  </Tags>
  <Layout>
    <Page WIDTH="1058"
          HEIGHT="1751"
          PHYSICAL_IMG_NR="158"
          ID="eSc_dummypage_">
      <PrintSpace HPOS="0"
                  VPOS="0"
                  WIDTH="1058"
                  HEIGHT="1751">
        <TextBlock HPOS="380.7894287109375"
                   VPOS="62.80161666870117"
                   WIDTH="450.98687744140625"
                   HEIGHT="41.91413497924805"
                   ID="block_0"
                   TAGREFS="BT18">
          <Shape><Polygon POINTS="380.789 62.8016 831.776 62.8016 831.776 104.716 380.789 104.716 380.789 62.8016"/></Shape>
          <TextLine ID="line_0"
                    TAGREFS="LT10"
                    BASELINE="385 93 394 93 833 90" 
                    HPOS="382"
                    VPOS="64"
                    WIDTH="449"
                    HEIGHT="48">
            <Shape><Polygon POINTS="790 64 776 64 761 64 747 64 732 64 717 64 703 64 688 64 674 64 659 64 645 64 630 64 615 64 601 64 586 64 572 64 557 64 542 64 528 64 513 64 499 64 484 64 469 64 455 64 440 64 426 64 411 64 396 64 382 64 383 91 383 105 490 112 491 112 493 112 512 105 529 112 531 112 532 112 534 112 560 105 599 112 601 112 739 103 780 110 782 110 830 100 831 89 820 64 805 64"/></Shape>
	    <String CONTENT="COMMENTARII"
                    HPOS="382"
                    VPOS="64"
                    WIDTH="449"
                    HEIGHT="48"
                    WC="0.9996970783580433"></String>
          </TextLine>
        </TextBlock>
        <TextBlock HPOS="197.3455810546875"
                   VPOS="69.75882720947266"
                   WIDTH="62.632843017578125"
                   HEIGHT="39.13081359863281"
                   ID="block_3"
                   TAGREFS="BT15">
          <Shape><Polygon POINTS="197.346 69.7588 259.978 69.7588 259.978 108.89 197.346 108.89 197.346 69.7588"/></Shape>
          <TextLine ID="line_1"
                    TAGREFS="LT8"
                    BASELINE="198 98 248 94" 
                    HPOS="195"
                    VPOS="70"
                    WIDTH="51"
                    HEIGHT="40">
            <Shape><Polygon POINTS="237 70 223 70 213 70 207 70 195 80 197 97 197 109 245 110 246 93 242 70 237 70"/></Shape>
	    <String CONTENT="166"
                    HPOS="195"
                    VPOS="70"
                    WIDTH="51"
                    HEIGHT="40"></String>
          </TextLine>
        </TextBlock>
        <TextBlock HPOS="193.33779907226562"
                   VPOS="103.08220672607422"
                   WIDTH="801.1618957519531"
                   HEIGHT="345.06873321533203"
                   ID="block_2"
                   TAGREFS="BT1853">
          <Shape><Polygon POINTS="193.338 103.082 994.5 103.082 994.5 448.151 193.338 448.151 193.338 103.082"/></Shape>
          <TextLine ID="line_2"
                    TAGREFS="LT8"
                    BASELINE="199 146 687 138 984 140" 
                    HPOS="198"
                    VPOS="97"
                    WIDTH="786"
                    HEIGHT="65">
            <Shape><Polygon POINTS="952 101 932 104 897 101 889 101 879 101 870 101 863 101 856 105 850 101 840 101 835 101 817 105 780 101 772 101 763 101 761 101 743 106 730 102 728 101 724 101 716 101 702 103 671 107 653 104 636 101 635 101 634 101 633 101 629 104 622 107 580 105 553 104 552 104 551 104 547 106 541 108 532 106 521 103 520 103 519 103 518 103 517 103 511 107 507 109 455 109 433 108 375 104 374 104 373 104 362 109 360 110 343 110 257 106 256 106 255 106 245 111 218 106 217 106 198 112 199 146 199 159 278 162 279 162 299 159 316 156 321 159 326 161 327 161 328 161 329 161 332 158 340 153 367 157 368 157 369 157 384 152 408 152 420 158 424 160 425 160 426 160 427 160 433 158 440 155 461 157 475 159 476 159 477 159 481 157 494 151 534 157 544 158 545 158 546 158 548 157 563 150 579 157 581 157 582 157 583 158 681 158 681 157 682 157 683 157 684 156 690 152 704 156 712 157 713 157 714 157 719 156 738 149 749 153 750 153 751 153 826 147 843 154 844 154 845 154 885 146 905 154 906 154 907 154 983 153 984 140 982 97 966 99 957 101"/></Shape>
	    <String CONTENT="MORTALITATEM, &amp; ſolus potens eſt,"
                    HPOS="198"
                    VPOS="97"
                    WIDTH="786"
                    HEIGHT="65"
                    WC="0.9899188912276066"></String>
          </TextLine>
          <TextLine ID="line_3"
                    TAGREFS="LT8"
                    BASELINE="203 194 577 187 991 188" 
                    HPOS="201"
                    VPOS="144"
                    WIDTH="789"
                    HEIGHT="69">
            <Shape><Polygon POINTS="202 192 202 205 360 213 394 205 404 213 411 213 426 204 532 204 601 211 609 204 758 210 773 202 897 208 950 201 989 208 990 186 989 154 906 145 901 145 891 153 881 144 830 144 821 154 777 147 717 154 706 145 656 154 583 147 573 157 531 157 522 147 475 156 466 148 342 148 328 157 201 153 202 192"/></Shape>
	    <String CONTENT="non excludens alias potentias, ſic ſolus eſt"
                    HPOS="201"
                    VPOS="144"
                    WIDTH="789"
                    HEIGHT="69"
                    WC="0.9977044070308859"></String>
          </TextLine>
          <TextLine ID="line_4"
                    TAGREFS="LT8"
                    BASELINE="196 241 990 235" 
                    HPOS="195.0"
                    VPOS="196.0"
                    WIDTH="795.0"
                    HEIGHT="62.0">
            <Shape><Polygon POINTS="196 241 196 253 255 258 256 258 990 250 990 235 989 207 960 196 959 196 958 196 907 207 891 207 747 207 745 206 733 197 732 197 731 197 730 197 702 198 701 198 687 206 685 207 683 206 657 198 656 198 656 198 655 198 633 206 627 209 580 210 558 210 553 206 545 199 544 199 543 199 521 199 520 199 519 199 518 199 509 206 508 207 504 206 484 200 483 200 482 200 481 200 480 200 473 206 468 209 462 206 448 200 447 200 367 200 366 200 365 200 364 200 358 206 357 206 351 206 328 204 328 204 327 204 322 206 314 209 308 206 306 204 305 204 304 204 303 204 302 204 295 206 274 211 242 211 232 206 223 201 222 201 221 201 195 205 196 241"/></Shape>
	    <String CONTENT="immortalis, hoc eſt, natura ſua, eámque ſic"
                    HPOS="195.0"
                    VPOS="196.0"
                    WIDTH="795.0"
                    HEIGHT="62.0"
                    WC="0.992324017665603"></String>
          </TextLine>
          <TextLine ID="line_5"
                    TAGREFS="LT8"
                    BASELINE="201 290 663 285 990 285" 
                    HPOS="200.0"
                    VPOS="247.0"
                    WIDTH="790.0"
                    HEIGHT="63.0">
            <Shape><Polygon POINTS="201 290 201 310 251 302 374 308 375 308 408 303 420 308 421 308 422 308 423 308 438 301 460 308 461 308 462 308 463 308 475 303 578 307 585 307 586 307 590 307 657 299 717 306 722 306 723 306 724 306 725 306 741 298 777 302 778 302 873 297 899 304 900 304 901 304 990 303 990 285 989 253 947 247 946 247 945 247 944 247 934 253 922 253 902 253 888 247 887 247 855 247 854 247 820 253 815 254 805 253 736 248 735 248 734 248 719 254 716 255 699 254 650 250 649 250 648 250 647 250 642 254 641 255 638 254 624 251 623 251 622 251 565 255 541 256 532 255 500 250 499 250 471 255 461 257 437 255 368 250 367 250 366 250 357 256 354 257 346 256 322 251 321 251 200 256 201 290"/></Shape>
	    <String CONTENT="poſsidet vt eam largiatur quibus velit: ſic"
                    HPOS="200.0"
                    VPOS="247.0"
                    WIDTH="790.0"
                    HEIGHT="63.0"
                    WC="0.998999043952587"></String>
          </TextLine>
          <TextLine ID="line_6"
                    TAGREFS="LT8"
                    BASELINE="198 338 986 332" 
                    HPOS="197.0"
                    VPOS="296.0"
                    WIDTH="789.0"
                    HEIGHT="62.0">
            <Shape><Polygon POINTS="198 338 199 356 216 352 280 356 327 358 328 358 328 358 334 356 342 351 407 351 428 356 435 357 436 357 445 356 480 350 505 356 511 357 512 357 513 357 514 357 516 356 523 352 590 355 591 355 592 355 593 355 619 349 656 355 662 356 663 356 674 355 730 349 760 353 761 353 762 353 763 353 769 348 794 348 806 355 807 355 808 355 809 356 835 356 835 355 836 355 837 355 845 348 878 354 879 355 985 355 986 332 985 304 963 296 962 296 961 296 960 296 948 303 837 297 836 297 786 304 735 297 734 297 733 297 732 297 720 305 694 298 693 298 620 298 619 298 578 307 544 307 528 299 527 299 526 299 525 299 510 306 471 302 470 302 469 302 457 308 417 308 402 301 401 301 401 301 366 307 329 300 328 300 302 301 301 301 300 301 291 308 222 301 221 301 220 301 197 309 198 338"/></Shape>
	    <String CONTENT="Angelicas naturas immortales fecit: hominis"
                    HPOS="197.0"
                    VPOS="296.0"
                    WIDTH="789.0"
                    HEIGHT="62.0"
                    WC="0.9984719143357388"></String>
          </TextLine>
          <TextLine ID="line_7"
                    TAGREFS="LT8"
                    BASELINE="198 389 981 379" 
                    HPOS="197.0"
                    VPOS="344.0"
                    WIDTH="784.0"
                    HEIGHT="66.0">
            <Shape><Polygon POINTS="198 389 198 402 385 402 388 402 414 410 415 410 416 410 417 410 440 402 448 400 459 402 492 409 493 409 494 409 511 402 512 402 516 402 563 408 564 408 589 402 607 398 632 402 641 403 642 403 653 402 675 399 682 402 691 406 692 406 693 406 735 402 748 401 980 401 981 379 979 352 914 344 913 344 884 350 838 345 837 345 836 345 821 353 820 354 782 354 781 353 772 347 771 347 770 347 769 347 768 347 767 347 760 352 746 346 745 346 744 346 673 354 663 355 657 354 619 348 618 348 617 348 591 355 586 356 560 355 435 350 434 350 433 350 413 357 408 357 385 357 308 352 307 352 306 352 305 352 297 357 294 358 197 358 198 389"/></Shape>
	    <String CONTENT="animam: tandem etiam corpora poſt reſur¬"
                    HPOS="197.0"
                    VPOS="344.0"
                    WIDTH="784.0"
                    HEIGHT="66.0"
                    WC="0.9971176400780678"></String>
          </TextLine>
          <TextLine ID="line_8"
                    TAGREFS="LT8"
                    BASELINE="213 431 672 433" 
                    HPOS="210"
                    VPOS="393"
                    WIDTH="461"
                    HEIGHT="66">
            <Shape><Polygon POINTS="211 430 210 449 245 458 246 459 669 459 671 431 671 402 640 393 639 393 637 393 211 399 211 430"/></Shape>
	    <String CONTENT="rectionem eadem ornabit."
                    HPOS="210"
                    VPOS="393"
                    WIDTH="461"
                    HEIGHT="66"
                    WC="0.9627405603726705"></String>
          </TextLine>
        </TextBlock>
        <TextBlock HPOS="198.6949920654297"
                   VPOS="453.47918701171875"
                   WIDTH="814.6724395751953"
                   HEIGHT="1076.2753295898438"
                   ID="block_4"
                   TAGREFS="BT1851">
          <Shape><Polygon POINTS="198.695 453.479 1013.37 453.479 1013.37 1529.75 198.695 1529.75 198.695 453.479"/></Shape>
          <TextLine ID="line_9"
                    TAGREFS="LT8"
                    BASELINE="248 486 982 478" 
                    HPOS="247.0"
                    VPOS="445.0"
                    WIDTH="735.0"
                    HEIGHT="61.0">
            <Shape><Polygon POINTS="248 486 248 501 294 506 295 506 296 506 306 500 309 500 315 500 328 504 329 504 330 504 362 500 392 496 398 500 406 505 407 505 408 505 409 505 471 504 499 498 504 497 506 498 516 504 517 504 518 504 519 504 551 499 612 503 613 503 614 503 638 496 641 495 644 495 675 502 676 502 722 495 818 500 819 500 820 500 854 492 858 490 981 489 982 478 980 451 887 445 886 445 816 451 797 452 791 451 776 447 775 447 774 447 726 451 696 453 667 451 618 447 617 447 616 447 604 451 595 455 533 455 528 451 524 448 523 448 522 448 521 448 483 451 430 456 387 451 372 450 371 450 364 451 338 457 321 451 319 451 318 451 317 451 247 451 248 486"/></Shape>
	    <String CONTENT="Sexto, LVCEM INHABITANS IN¬"
                    HPOS="247.0"
                    VPOS="445.0"
                    WIDTH="735.0"
                    HEIGHT="61.0"
                    WC="0.9973660663322166"></String>
          </TextLine>
          <TextLine ID="line_10"
                    TAGREFS="LT8"
                    BASELINE="206 536 991 528" 
                    HPOS="205.0"
                    VPOS="489.0"
                    WIDTH="786.0"
                    HEIGHT="67.0">
            <Shape><Polygon POINTS="206 536 206 549 260 556 261 556 304 549 310 549 326 549 425 555 426 555 451 549 468 546 528 546 536 549 547 554 547 554 548 554 583 549 617 545 650 549 670 552 671 553 707 553 707 552 708 552 709 552 712 549 717 546 722 549 726 552 727 552 728 552 729 552 742 549 774 543 801 549 808 551 809 551 990 549 991 528 989 495 903 489 902 489 901 489 874 496 867 498 844 497 782 493 781 493 780 493 769 498 768 499 766 498 756 491 755 491 754 491 729 491 728 491 727 491 710 499 706 500 703 499 692 492 691 492 690 492 689 492 688 492 667 499 643 492 642 492 641 492 640 492 623 500 620 501 602 500 561 498 560 498 536 501 529 502 527 501 517 494 516 494 515 494 483 494 482 494 481 494 464 502 462 504 396 504 395 503 353 496 352 496 351 496 329 504 303 499 302 499 301 499 281 505 280 505 260 500 259 500 258 500 257 500 245 506 205 506 206 536"/></Shape>
	    <String CONTENT="ACCES SAM: lucem dicit illam ineffabilẽ"
                    HPOS="205.0"
                    VPOS="489.0"
                    WIDTH="786.0"
                    HEIGHT="67.0"
                    WC="0.9911087140440941"></String>
          </TextLine>
          <TextLine ID="line_11"
                    TAGREFS="LT8"
                    BASELINE="205 583 988 575" 
                    HPOS="204.0"
                    VPOS="540.0"
                    WIDTH="784.0"
                    HEIGHT="63.0">
            <Shape><Polygon POINTS="205 583 205 599 382 598 383 598 389 603 390 603 391 603 392 603 393 603 404 598 406 597 451 597 454 597 476 603 477 603 478 603 525 597 533 596 540 597 582 602 583 602 615 596 621 595 633 596 693 601 693 601 773 599 774 599 788 594 792 593 796 594 808 599 809 599 810 599 987 592 988 575 985 543 935 547 921 544 908 540 907 540 906 540 905 540 891 544 877 549 772 549 762 546 748 542 747 542 746 542 745 542 744 542 738 546 735 549 700 549 694 547 683 543 682 543 681 543 680 543 665 548 662 548 654 548 596 543 595 543 594 543 578 549 571 551 553 549 506 544 505 544 504 544 487 550 482 552 471 551 434 545 433 545 390 552 380 553 370 552 321 546 320 546 319 546 301 553 298 554 285 553 220 549 219 549 218 549 204 554 205 583"/></Shape>
	    <String CONTENT="vitæ æternæ beatitudinẽ, quam opponit te¬"
                    HPOS="204.0"
                    VPOS="540.0"
                    WIDTH="784.0"
                    HEIGHT="63.0"
                    WC="0.9981198254085722"></String>
          </TextLine>
          <TextLine ID="line_12"
                    TAGREFS="LT8"
                    BASELINE="202 633 990 625" 
                    HPOS="201.0"
                    VPOS="589.0"
                    WIDTH="789.0"
                    HEIGHT="64.0">
            <Shape><Polygon POINTS="202 633 202 646 255 653 255 653 307 646 328 644 339 646 364 652 364 652 365 652 366 652 373 646 377 643 403 643 442 643 452 646 465 651 466 651 467 651 493 646 515 643 546 646 555 647 556 647 581 646 672 642 686 646 692 648 693 648 693 648 706 646 737 641 763 646 766 646 766 646 767 646 768 646 774 642 780 646 783 648 784 648 785 648 786 648 798 646 818 642 830 646 833 647 834 647 835 647 989 645 990 625 987 597 925 597 924 597 902 589 901 589 900 589 899 589 879 598 877 598 871 598 794 590 793 590 752 599 750 599 748 599 726 594 725 594 724 594 723 594 715 599 704 595 703 595 702 595 659 600 655 600 653 600 618 592 617 592 616 592 594 601 592 601 584 601 508 593 507 593 506 593 492 600 429 594 428 594 427 594 426 594 416 601 401 594 400 594 399 594 398 594 397 594 387 603 373 596 372 596 322 595 321 595 320 595 298 604 296 604 291 604 242 596 241 596 201 604 202 633"/></Shape>
	    <String CONTENT="nebris, hoc eſt, terrori &amp; cruciatibus impio¬"
                    HPOS="201.0"
                    VPOS="589.0"
                    WIDTH="789.0"
                    HEIGHT="64.0"
                    WC="0.990294012758467"></String>
          </TextLine>
          <TextLine ID="line_13"
                    TAGREFS="LT8"
                    BASELINE="202 681 992 675" 
                    HPOS="201.0"
                    VPOS="639.0"
                    WIDTH="791.0"
                    HEIGHT="63.0">
            <Shape><Polygon POINTS="202 681 202 694 256 694 260 695 278 700 279 700 280 700 281 700 292 695 294 693 359 693 363 695 368 699 369 699 370 699 371 699 404 696 417 702 418 702 419 702 439 701 440 701 441 701 449 695 456 692 535 696 623 700 624 700 644 696 675 690 731 695 732 695 733 695 751 690 772 697 777 698 778 698 779 698 780 698 785 697 796 693 801 697 802 698 802 698 803 698 804 698 991 697 992 675 989 644 862 647 839 644 804 639 803 639 802 639 802 639 793 644 786 648 764 648 757 644 752 640 751 640 750 640 729 640 728 640 727 640 726 640 719 644 711 649 675 649 657 644 645 641 644 641 594 641 593 641 592 641 591 641 587 644 579 650 564 650 549 644 541 641 540 641 539 641 513 644 470 650 426 646 425 646 365 651 350 644 346 643 345 643 315 643 314 643 313 643 307 644 280 652 264 645 263 645 262 645 261 645 239 651 201 644 202 681"/></Shape>
	    <String CONTENT="rum: Deus igitur lux eſt, hoc eſt, ipſamet ma¬"
                    HPOS="201.0"
                    VPOS="639.0"
                    WIDTH="791.0"
                    HEIGHT="63.0"
                    WC="0.9915536577286927"></String>
          </TextLine>
          <TextLine ID="line_14"
                    TAGREFS="LT8"
                    BASELINE="203 730 994 723" 
                    HPOS="202.0"
                    VPOS="688.0"
                    WIDTH="792.0"
                    HEIGHT="62.0">
            <Shape><Polygon POINTS="203 730 203 742 270 742 272 743 282 748 283 748 284 748 285 748 296 743 297 743 298 743 330 750 331 750 332 750 333 750 340 745 371 749 372 749 373 749 374 749 381 743 386 743 456 740 466 743 480 749 481 749 482 749 561 744 580 743 595 744 640 748 641 748 660 744 693 737 789 737 809 745 813 746 814 746 815 746 841 745 913 741 992 745 994 723 992 692 792 692 791 692 779 694 768 697 765 695 759 691 758 691 757 691 756 691 734 695 729 696 728 695 719 688 718 688 717 688 656 688 656 688 655 688 654 688 644 696 643 697 640 696 620 693 620 693 619 693 604 697 599 698 592 697 543 689 542 689 505 690 504 690 503 690 492 699 491 700 450 700 448 699 400 691 318 691 317 691 286 698 246 692 245 692 202 702 203 730"/></Shape>
	    <String CONTENT="ieſtas felicitatis, hanc poſsidet vt proprium"
                    HPOS="202.0"
                    VPOS="688.0"
                    WIDTH="792.0"
                    HEIGHT="62.0"
                    WC="0.9963632186253866"></String>
          </TextLine>
          <TextLine ID="line_15"
                    TAGREFS="LT8"
                    BASELINE="202 777 996 772" 
                    HPOS="201.0"
                    VPOS="738.0"
                    WIDTH="795.0"
                    HEIGHT="57.0">
            <Shape><Polygon POINTS="202 777 202 788 243 795 244 795 245 795 246 795 255 788 258 788 306 795 307 795 407 790 518 795 519 795 579 788 602 794 603 794 604 794 605 794 606 794 616 786 617 786 750 786 751 786 765 792 766 792 766 792 767 792 792 786 802 793 802 793 803 793 804 793 805 793 818 786 835 793 836 793 837 793 907 788 934 792 935 792 936 792 954 785 995 785 996 772 994 746 926 740 925 740 902 745 897 746 892 745 867 738 866 738 865 738 824 744 769 739 768 739 740 745 731 746 729 745 721 739 720 739 719 739 680 739 679 739 678 739 677 739 670 744 663 748 592 744 537 741 536 741 511 742 510 742 510 742 508 744 500 750 432 750 401 743 387 741 386 741 385 741 384 741 382 743 373 749 316 743 303 742 302 742 296 743 264 750 253 744 252 744 201 743 202 777"/></Shape>
	    <String CONTENT="bonum. Ἀπρόσιτον autem dicitur, quia ratio"
                    HPOS="201.0"
                    VPOS="738.0"
                    WIDTH="795.0"
                    HEIGHT="57.0"></String>
          </TextLine>
          <TextLine ID="line_16"
                    TAGREFS="LT8"
                    BASELINE="201 828 998 821" 
                    HPOS="200.0"
                    VPOS="783.0"
                    WIDTH="798.0"
                    HEIGHT="66.0">
            <Shape><Polygon POINTS="201 828 202 849 220 842 240 847 241 847 242 847 243 847 244 847 253 841 361 841 387 847 390 847 391 847 392 847 393 847 401 841 456 841 479 845 488 847 489 847 500 845 522 841 552 845 567 846 568 846 580 844 612 838 648 843 662 845 663 845 674 843 699 837 731 837 744 842 749 844 750 844 751 844 778 841 803 839 815 841 827 843 828 843 829 843 835 841 845 837 857 840 866 843 867 843 868 843 998 838 998 821 996 789 936 784 935 784 934 784 922 788 920 790 815 790 809 788 795 783 794 783 738 783 737 783 736 783 722 788 718 789 715 788 698 783 697 783 696 783 621 784 620 784 610 788 600 792 592 787 587 786 586 786 585 786 584 786 580 787 570 793 549 787 544 786 543 786 542 786 541 786 536 787 518 793 507 787 500 785 499 785 498 785 497 785 490 787 477 794 443 787 431 786 430 786 429 786 423 787 402 794 378 787 374 786 373 786 372 786 371 786 370 786 369 787 359 795 256 796 247 790 246 790 245 790 200 787 201 828"/></Shape>
	    <String CONTENT="hominis &amp; vis eloquendi hîc deficit: melius"
                    HPOS="200.0"
                    VPOS="783.0"
                    WIDTH="798.0"
                    HEIGHT="66.0"
                    WC="0.9871977107091383"></String>
          </TextLine>
          <TextLine ID="line_17"
                    TAGREFS="LT8"
                    BASELINE="203 875 1000 868" 
                    HPOS="202.0"
                    VPOS="830.0"
                    WIDTH="798.0"
                    HEIGHT="68.0">
            <Shape><Polygon POINTS="203 875 203 891 287 891 288 891 333 897 334 897 335 897 336 897 347 890 348 890 385 890 386 890 399 897 400 897 401 897 401 898 429 898 429 897 430 897 444 891 473 896 474 896 520 889 552 895 553 895 554 895 570 891 656 895 657 895 693 894 694 894 695 894 705 888 740 894 741 894 789 893 790 893 802 887 810 893 811 893 812 893 813 893 814 893 836 886 853 893 854 893 855 894 884 894 884 893 1000 883 1000 868 999 835 988 830 987 830 986 830 985 830 985 830 978 835 970 841 905 841 899 836 898 835 897 835 896 835 895 835 887 836 864 841 857 837 849 831 848 831 847 831 846 831 845 831 844 831 836 837 833 839 815 837 795 835 794 835 779 838 758 842 749 838 737 832 736 832 715 832 714 832 713 832 712 832 703 839 697 843 638 843 630 839 618 833 617 833 586 833 585 833 584 833 559 840 545 844 511 841 489 839 488 839 464 841 440 844 435 842 419 835 418 835 417 835 416 835 397 842 360 835 359 835 225 836 224 836 202 844 203 875"/></Shape>
	    <String CONTENT="&amp; faciliùs dicimus quid non ſit, quàm quid"
                    HPOS="202.0"
                    VPOS="830.0"
                    WIDTH="798.0"
                    HEIGHT="68.0"
                    WC="0.988966320048679"></String>
          </TextLine>
          <TextLine ID="line_18"
                    TAGREFS="LT8"
                    BASELINE="203 926 998 917" 
                    HPOS="202.0"
                    VPOS="882.0"
                    WIDTH="796.0"
                    HEIGHT="65.0">
            <Shape><Polygon POINTS="203 926 203 940 295 939 302 940 316 944 317 944 318 944 319 944 328 940 332 939 335 940 345 946 346 946 347 947 405 947 405 946 406 946 407 946 415 940 418 939 423 940 441 946 442 946 443 946 444 946 454 940 457 939 464 940 476 943 477 943 478 943 488 940 498 938 506 940 519 945 520 945 521 945 586 944 587 944 588 944 593 940 602 935 645 935 687 935 694 940 697 943 698 943 699 943 700 943 737 940 773 938 793 940 805 942 806 942 807 942 813 940 828 936 836 940 836 941 837 941 838 941 839 941 855 940 938 936 996 940 998 917 995 882 922 892 863 886 862 886 812 893 751 887 750 887 749 887 740 891 730 885 729 885 729 885 728 885 722 885 643 895 631 892 630 892 629 892 549 896 540 890 539 890 538 890 537 890 536 890 535 890 523 897 493 897 477 889 476 889 475 889 474 889 457 898 420 898 408 891 407 891 406 891 405 891 404 891 388 895 375 890 372 889 371 889 339 889 338 889 337 889 336 889 334 891 324 897 302 891 295 889 294 889 293 889 202 892 203 926"/></Shape>
	    <String CONTENT="ſit. ſic 1.Corin.2.verſ.9. in cor hominis non aſ¬"
                    HPOS="202.0"
                    VPOS="882.0"
                    WIDTH="796.0"
                    HEIGHT="65.0"
                    WC="0.9746611276451422"></String>
          </TextLine>
          <TextLine ID="line_19"
                    TAGREFS="LT8"
                    BASELINE="204 973 998 966" 
                    HPOS="203.0"
                    VPOS="934.0"
                    WIDTH="795.0"
                    HEIGHT="61.0">
            <Shape><Polygon POINTS="204 973 204 989 266 995 267 995 342 989 366 988 370 989 383 995 384 995 385 995 386 995 407 990 428 995 429 995 430 995 431 995 447 989 456 987 511 987 568 989 642 993 643 993 644 993 651 989 659 985 684 985 737 989 768 992 769 992 803 989 838 987 850 989 859 991 860 991 868 989 895 983 996 989 998 966 996 941 921 941 906 934 905 934 904 934 903 934 882 940 873 935 872 935 871 935 812 941 797 935 796 935 795 935 794 935 780 942 703 942 693 934 692 934 691 934 657 934 656 934 635 935 634 935 633 935 622 944 572 944 547 935 547 935 546 935 545 935 531 941 507 936 506 936 467 944 449 937 448 937 447 937 446 937 416 945 396 940 395 940 394 940 363 945 346 937 345 937 316 937 315 937 282 938 281 938 280 938 270 946 249 940 248 940 247 940 203 947 204 973"/></Shape>
	    <String CONTENT="cendiſſe, nec oculum vidiſſe, nec aurem au¬"
                    HPOS="203.0"
                    VPOS="934.0"
                    WIDTH="795.0"
                    HEIGHT="61.0"
                    WC="0.9836971732073052"></String>
          </TextLine>
          <TextLine ID="line_20"
                    TAGREFS="LT8"
                    BASELINE="205 1023 1000 1016" 
                    HPOS="204.0"
                    VPOS="980.0"
                    WIDTH="796.0"
                    HEIGHT="64.0">
            <Shape><Polygon POINTS="205 1023 205 1038 284 1044 285 1044 312 1038 322 1037 360 1037 364 1038 372 1043 373 1043 374 1043 416 1038 441 1036 485 1038 544 1042 545 1042 546 1042 547 1042 550 1038 555 1036 591 1038 620 1041 620 1041 621 1041 629 1038 640 1036 743 1038 769 1039 770 1039 771 1039 772 1038 783 1034 794 1038 796 1039 797 1039 798 1039 802 1038 821 1035 838 1038 839 1039 840 1039 841 1039 858 1038 940 1035 998 1038 1000 1016 998 990 923 990 887 980 886 980 885 980 884 980 883 980 867 990 863 990 793 985 792 985 760 991 756 991 755 991 739 982 738 982 737 982 736 982 735 982 723 991 722 991 709 982 708 982 707 982 680 982 679 982 678 982 659 991 656 992 647 991 598 985 597 985 596 985 595 985 587 991 587 992 586 991 579 985 578 985 577 985 547 983 546 983 545 983 527 992 523 994 411 994 403 992 379 985 378 985 352 985 351 985 350 985 349 985 338 992 336 994 334 992 321 985 320 985 319 985 274 986 273 986 272 986 263 992 216 986 215 986 214 986 213 986 204 991 205 1023"/></Shape>
	    <String CONTENT="diuiſſe illam maieſtatem diuinorum bono¬"
                    HPOS="204.0"
                    VPOS="980.0"
                    WIDTH="796.0"
                    HEIGHT="64.0"
                    WC="0.9879221424460412"></String>
          </TextLine>
          <TextLine ID="line_21"
                    TAGREFS="LT8"
                    BASELINE="204 1072 1002 1065" 
                    HPOS="203.0"
                    VPOS="1029.0"
                    WIDTH="799.0"
                    HEIGHT="62.0">
            <Shape><Polygon POINTS="204 1072 204 1084 240 1091 241 1091 358 1090 359 1090 382 1084 394 1090 395 1090 396 1090 466 1082 471 1082 472 1082 488 1089 489 1089 490 1090 530 1090 530 1089 531 1089 546 1082 554 1088 555 1088 556 1088 557 1089 646 1089 646 1088 702 1080 706 1080 718 1080 886 1086 887 1086 1001 1077 1002 1065 1000 1037 975 1037 964 1029 963 1029 962 1029 913 1029 912 1029 872 1037 839 1032 838 1032 837 1032 836 1032 827 1038 765 1038 733 1031 732 1031 731 1031 730 1031 718 1039 684 1039 660 1031 659 1031 658 1031 657 1031 640 1039 548 1032 547 1032 547 1032 519 1040 439 1033 438 1033 437 1033 437 1033 428 1039 416 1034 415 1034 414 1034 413 1034 412 1034 400 1041 369 1034 368 1034 318 1034 317 1034 277 1042 213 1038 212 1038 211 1038 210 1038 203 1041 204 1072"/></Shape>
	    <String CONTENT="rum. Hinc eſt quod in rebus diuinis cæci ſu¬"
                    HPOS="203.0"
                    VPOS="1029.0"
                    WIDTH="799.0"
                    HEIGHT="62.0"
                    WC="0.995083986358209"></String>
          </TextLine>
          <TextLine ID="line_22"
                    TAGREFS="LT8"
                    BASELINE="202 1120 1002 1112" 
                    HPOS="201.0"
                    VPOS="1077.0"
                    WIDTH="801.0"
                    HEIGHT="64.0">
            <Shape><Polygon POINTS="202 1120 202 1131 226 1140 227 1140 228 1140 229 1140 249 1132 264 1140 265 1140 266 1141 300 1141 300 1140 301 1140 321 1133 341 1139 342 1139 343 1139 344 1139 345 1139 355 1131 384 1139 385 1139 386 1139 387 1139 407 1132 439 1138 440 1138 441 1138 471 1130 481 1137 482 1137 483 1137 484 1137 511 1131 524 1137 525 1137 526 1137 527 1137 545 1132 563 1137 564 1137 565 1137 566 1137 601 1128 619 1136 620 1136 620 1136 710 1133 711 1133 712 1133 722 1127 789 1135 790 1135 791 1135 826 1126 860 1134 861 1134 905 1125 912 1131 913 1131 914 1131 962 1133 963 1133 1002 1123 1002 1112 1000 1084 972 1084 963 1077 962 1077 961 1077 960 1077 929 1084 925 1084 912 1084 834 1078 833 1078 832 1078 815 1084 809 1085 801 1084 780 1080 779 1080 737 1084 696 1087 690 1084 683 1080 682 1080 681 1080 680 1080 670 1084 660 1087 650 1084 642 1081 641 1081 640 1081 639 1081 632 1084 624 1086 584 1084 541 1081 540 1081 539 1081 538 1081 534 1084 526 1088 459 1084 430 1082 429 1082 414 1084 365 1090 333 1084 328 1083 327 1083 326 1083 325 1083 325 1084 315 1090 263 1085 262 1085 261 1085 254 1089 247 1084 246 1084 245 1084 244 1084 243 1084 223 1091 201 1084 202 1120"/></Shape>
	    <String CONTENT="mus, quam infirmitatem hîc agnoſcere de¬"
                    HPOS="201.0"
                    VPOS="1077.0"
                    WIDTH="801.0"
                    HEIGHT="64.0"
                    WC="0.9781527751829566"></String>
          </TextLine>
          <TextLine ID="line_23"
                    TAGREFS="LT8"
                    BASELINE="204 1167 1006 1162" 
                    HPOS="203.0"
                    VPOS="1126.0"
                    WIDTH="803.0"
                    HEIGHT="55.0">
            <Shape><Polygon POINTS="204 1167 204 1181 1006 1177 1006 1162 1004 1126 989 1126 988 1126 987 1126 986 1126 975 1136 913 1136 887 1126 886 1126 885 1126 884 1126 883 1126 882 1126 870 1136 845 1137 814 1137 785 1127 784 1127 760 1127 759 1127 758 1127 757 1127 740 1136 703 1131 702 1131 701 1131 677 1138 598 1138 585 1128 584 1128 583 1128 583 1128 582 1128 581 1128 548 1138 508 1138 480 1129 479 1129 370 1129 369 1129 368 1129 367 1129 353 1139 203 1131 204 1167"/></Shape>
	    <String CONTENT="bemus, inuia ſunt nobis omnia diuina &amp; quid"
                    HPOS="203.0"
                    VPOS="1126.0"
                    WIDTH="803.0"
                    HEIGHT="55.0"
                    WC="0.9929651825927025"></String>
          </TextLine>
          <TextLine ID="line_24"
                    TAGREFS="LT8"
                    BASELINE="205 1214 1005 1211" 
                    HPOS="204.0"
                    VPOS="1176.0"
                    WIDTH="801.0"
                    HEIGHT="61.0">
            <Shape><Polygon POINTS="205 1214 205 1237 274 1228 294 1234 295 1234 296 1234 297 1234 311 1229 321 1235 321 1236 322 1236 323 1236 324 1236 336 1235 392 1230 438 1233 465 1235 466 1235 467 1235 474 1233 484 1229 538 1232 603 1235 604 1235 605 1235 618 1230 626 1227 655 1230 700 1234 701 1234 702 1234 703 1234 712 1229 718 1225 759 1228 780 1229 781 1229 792 1227 807 1224 813 1227 817 1229 818 1229 819 1229 839 1226 856 1224 864 1226 882 1231 883 1231 884 1231 921 1225 928 1224 929 1225 937 1231 938 1231 939 1231 940 1231 941 1231 956 1224 958 1224 1004 1224 1005 1211 1003 1185 967 1185 952 1176 951 1176 950 1176 949 1176 929 1177 928 1177 927 1177 916 1185 873 1185 859 1176 858 1176 857 1176 833 1176 832 1176 831 1176 803 1185 783 1177 782 1177 749 1177 748 1177 747 1177 723 1185 692 1180 691 1180 591 1185 575 1178 574 1178 573 1178 544 1184 520 1178 519 1178 518 1178 517 1178 497 1186 474 1181 474 1181 433 1186 405 1178 404 1178 403 1178 402 1178 384 1187 365 1179 364 1179 285 1179 284 1179 283 1179 265 1188 204 1188 205 1214"/></Shape>
	    <String CONTENT="quid nobis hic contingit cognoſcendo, id to¬"
                    HPOS="204.0"
                    VPOS="1176.0"
                    WIDTH="801.0"
                    HEIGHT="61.0"
                    WC="0.9989217438481071"></String>
          </TextLine>
          <TextLine ID="line_25"
                    TAGREFS="LT8"
                    BASELINE="206 1263 1003 1261" 
                    HPOS="205.0"
                    VPOS="1226.0"
                    WIDTH="798.0"
                    HEIGHT="58.0">
            <Shape><Polygon POINTS="206 1263 207 1284 233 1277 265 1283 266 1284 282 1284 310 1284 310 1283 311 1283 323 1277 352 1283 356 1283 357 1283 362 1283 393 1278 412 1282 418 1283 419 1283 437 1282 480 1278 544 1281 603 1283 604 1283 644 1279 662 1278 678 1279 710 1282 711 1282 712 1282 725 1279 734 1276 750 1278 775 1282 776 1282 777 1282 789 1278 795 1276 902 1276 904 1277 912 1282 912 1282 913 1282 914 1282 940 1276 942 1276 944 1276 962 1282 963 1282 964 1282 1002 1275 1003 1261 1000 1228 977 1233 968 1228 964 1226 963 1226 939 1226 938 1226 937 1226 936 1226 933 1228 924 1234 904 1234 896 1229 892 1226 891 1226 890 1226 855 1226 854 1226 853 1226 845 1229 836 1233 824 1229 812 1226 811 1226 810 1226 809 1226 808 1226 803 1230 798 1234 766 1234 749 1230 727 1226 726 1226 725 1226 712 1230 704 1233 682 1231 646 1227 645 1227 581 1232 549 1234 547 1232 540 1227 539 1227 538 1227 513 1227 512 1227 511 1227 510 1227 503 1233 499 1235 458 1235 456 1233 447 1227 446 1227 445 1227 417 1227 416 1227 386 1234 383 1235 308 1235 277 1235 267 1227 266 1227 265 1227 264 1227 205 1235 206 1263"/></Shape>
	    <String CONTENT="tum gratiæ Dei eſt. Agnouit hoc Ariſtoteles"
                    HPOS="205.0"
                    VPOS="1226.0"
                    WIDTH="798.0"
                    HEIGHT="58.0"
                    WC="0.9975910907567933"></String>
          </TextLine>
          <TextLine ID="line_26"
                    TAGREFS="LT8"
                    BASELINE="205 1312 1006 1310" 
                    HPOS="204.0"
                    VPOS="1275.0"
                    WIDTH="802.0"
                    HEIGHT="52.0">
            <Shape><Polygon POINTS="205 1312 205 1327 1006 1327 1006 1310 1004 1284 927 1275 926 1275 925 1275 912 1282 805 1283 782 1275 781 1275 780 1275 779 1275 755 1283 728 1275 727 1275 726 1275 725 1275 706 1283 605 1277 604 1277 603 1277 581 1285 541 1285 519 1276 518 1276 475 1276 474 1276 474 1276 457 1284 393 1284 372 1277 371 1277 370 1277 369 1277 352 1284 341 1276 340 1276 339 1276 312 1276 311 1276 310 1276 293 1284 277 1278 276 1278 275 1278 274 1278 258 1285 204 1285 205 1312"/></Shape>
	    <String CONTENT="cùm diceret oculos noſtros cæcutire in rebus"
                    HPOS="204.0"
                    VPOS="1275.0"
                    WIDTH="802.0"
                    HEIGHT="52.0"
                    WC="0.9941103484895494"></String>
          </TextLine>
          <TextLine ID="line_27"
                    TAGREFS="LT8"
                    BASELINE="205 1361 1004 1358" 
                    HPOS="204.0"
                    VPOS="1323.0"
                    WIDTH="800.0"
                    HEIGHT="59.0">
            <Shape><Polygon POINTS="205 1361 205 1379 321 1374 328 1378 332 1381 333 1381 334 1381 335 1382 384 1382 384 1381 434 1377 487 1373 496 1377 504 1380 505 1380 506 1380 540 1376 567 1373 574 1376 583 1380 584 1380 585 1381 677 1381 677 1380 719 1374 738 1372 781 1374 895 1379 896 1379 897 1379 916 1372 918 1372 1003 1372 1004 1358 1001 1330 953 1331 948 1330 926 1323 925 1323 924 1323 923 1323 911 1330 908 1332 876 1332 875 1330 866 1323 865 1323 864 1323 839 1323 839 1323 751 1330 729 1332 726 1331 712 1324 711 1324 683 1324 682 1324 647 1331 639 1332 626 1331 560 1324 559 1324 558 1324 557 1324 546 1331 545 1332 536 1331 473 1324 472 1324 471 1324 470 1324 461 1332 459 1333 448 1332 416 1327 415 1327 395 1332 388 1334 281 1334 276 1332 246 1325 245 1325 204 1332 205 1361"/></Shape>
	    <String CONTENT="diuinis, quemadmodum noctuæ oculi in luce"
                    HPOS="204.0"
                    VPOS="1323.0"
                    WIDTH="800.0"
                    HEIGHT="59.0"
                    WC="0.9995399190158378"></String>
          </TextLine>
          <TextLine ID="line_28"
                    TAGREFS="LT8"
                    BASELINE="205 1412 997 1406" 
                    HPOS="204.0"
                    VPOS="1370.0"
                    WIDTH="793.0"
                    HEIGHT="63.0">
            <Shape><Polygon POINTS="205 1412 205 1430 318 1424 328 1429 332 1433 333 1433 334 1433 335 1433 336 1433 352 1429 376 1423 393 1429 394 1429 395 1429 396 1429 401 1429 444 1423 462 1428 478 1431 479 1431 480 1431 511 1427 527 1424 535 1426 551 1431 552 1431 553 1431 654 1430 688 1423 693 1422 694 1423 702 1429 703 1429 704 1429 705 1429 739 1424 804 1429 805 1429 806 1429 807 1429 820 1421 822 1420 859 1420 861 1420 892 1429 893 1429 894 1429 895 1429 912 1420 976 1423 977 1423 978 1423 997 1417 997 1406 995 1380 967 1378 958 1370 957 1370 956 1370 955 1370 921 1376 912 1370 911 1370 910 1370 909 1370 908 1370 889 1380 864 1380 788 1371 787 1371 786 1371 765 1381 598 1381 582 1374 581 1374 536 1373 535 1373 482 1382 471 1373 470 1373 469 1373 468 1373 407 1374 406 1374 386 1382 288 1375 287 1375 286 1375 285 1375 273 1384 247 1384 224 1377 223 1377 222 1377 221 1377 204 1384 205 1412"/></Shape>
	    <String CONTENT="meridiana, ſed cauſam ignorauit, hãc nos do¬"
                    HPOS="204.0"
                    VPOS="1370.0"
                    WIDTH="793.0"
                    HEIGHT="63.0"
                    WC="0.9817538062731425"></String>
          </TextLine>
          <TextLine ID="line_29"
                    TAGREFS="LT8"
                    BASELINE="207 1461 998 1457" 
                    HPOS="206.0"
                    VPOS="1421.0"
                    WIDTH="792.0"
                    HEIGHT="67.0">
            <Shape><Polygon POINTS="207 1461 207 1478 328 1478 329 1478 352 1483 353 1483 354 1483 367 1478 368 1477 464 1477 466 1477 476 1483 477 1483 478 1483 479 1483 490 1479 500 1487 501 1487 502 1487 503 1488 549 1488 549 1487 550 1487 584 1477 586 1477 587 1477 623 1486 624 1487 658 1487 658 1486 659 1486 660 1486 675 1477 676 1476 678 1477 697 1485 698 1485 783 1486 784 1486 785 1486 802 1477 822 1485 823 1485 824 1486 896 1486 896 1485 897 1485 898 1485 907 1479 949 1484 950 1484 997 1475 998 1457 994 1426 982 1429 952 1426 913 1421 912 1421 912 1421 911 1421 902 1427 897 1429 888 1427 877 1423 876 1423 875 1423 875 1423 874 1423 868 1427 862 1430 786 1430 774 1428 750 1422 749 1422 673 1422 672 1422 671 1422 656 1429 652 1431 432 1431 431 1431 401 1424 400 1424 399 1424 360 1430 237 1424 236 1424 235 1424 206 1433 207 1461"/></Shape>
	    <String CONTENT="cẽt ſacræ literæ, peccatum ſcilicet, quod nos"
                    HPOS="206.0"
                    VPOS="1421.0"
                    WIDTH="792.0"
                    HEIGHT="67.0"
                    WC="0.9969021911206453"></String>
          </TextLine>
          <TextLine ID="line_30"
                    TAGREFS="LT8"
                    BASELINE="208 1509 605 1509" 
                    HPOS="208.0"
                    VPOS="1476.0"
                    WIDTH="397.0"
                    HEIGHT="67.0">
            <Shape><Polygon POINTS="208 1509 208 1542 254 1541 255 1541 255 1541 266 1533 277 1540 279 1542 280 1542 281 1542 282 1542 309 1541 310 1541 311 1541 313 1539 322 1532 342 1536 343 1536 344 1536 345 1536 356 1532 423 1532 433 1536 446 1542 447 1542 448 1543 501 1543 501 1542 502 1542 537 1533 543 1532 547 1533 574 1542 575 1542 576 1542 577 1542 605 1531 605 1509 605 1484 341 1476 340 1476 339 1476 321 1483 300 1478 299 1478 298 1478 297 1478 277 1483 231 1476 230 1476 229 1476 208 1483 208 1509"/></Shape>
	    <String CONTENT="imagine Dei priuauit."
                    HPOS="208.0"
                    VPOS="1476.0"
                    WIDTH="397.0"
                    HEIGHT="67.0"
                    WC="0.9995315869649252"></String>
          </TextLine>
        </TextBlock>
        <TextBlock HPOS="837.9827270507812"
                   VPOS="1520.8177490234375"
                   WIDTH="174.7642822265625"
                   HEIGHT="58.6431884765625"
                   ID="block_1"
                   TAGREFS="BT17">
          <Shape><Polygon POINTS="837.983 1520.82 1012.75 1520.82 1012.75 1579.46 837.983 1579.46 837.983 1520.82"/></Shape>
          <TextLine ID="line_31"
                    TAGREFS="LT8"
                    BASELINE="837 1557 1005 1557" 
                    HPOS="837.0"
                    VPOS="1517.0"
                    WIDTH="168.0"
                    HEIGHT="75.0">
            <Shape><Polygon POINTS="837 1557 837 1578 864 1591 865 1591 866 1592 923 1592 923 1591 924 1591 925 1591 940 1580 945 1576 956 1576 961 1580 966 1584 966 1585 967 1585 968 1585 969 1585 970 1585 971 1585 976 1580 982 1576 1004 1580 1005 1557 1005 1525 974 1517 973 1517 972 1517 906 1525 898 1518 898 1517 897 1517 896 1517 868 1517 867 1517 866 1517 837 1525 837 1557"/></Shape>
	    <String CONTENT="Septimo"
                    HPOS="837.0"
                    VPOS="1517.0"
                    WIDTH="168.0"
                    HEIGHT="75.0"
                    WC="0.9999422175543649"></String>
          </TextLine>
        </TextBlock>
      </PrintSpace>
    </Page>
  </Layout>
</alto>
