<?xml version="1.0" encoding="UTF-8"?>
<alto xmlns:xsi="http://www.w3.org/2001/XMLSchema-instance"
      xmlns="http://www.loc.gov/standards/alto/ns-v4#"
      xsi:schemaLocation="http://www.loc.gov/standards/alto/ns-v4# http://www.loc.gov/standards/alto/v4/alto-4-2.xsd">
  <Description>
    <MeasurementUnit>pixel</MeasurementUnit>
    <sourceImageInformation>
      <fileName>bsb10313792_00048.jpg</fileName>
    </sourceImageInformation>
  </Description>
  <Tags>
    <OtherTag ID="BT7" LABEL="CustomZone" DESCRIPTION="block type CustomZone"/><OtherTag ID="BT8" LABEL="DamageZone" DESCRIPTION="block type DamageZone"/><OtherTag ID="BT9" LABEL="DigitizationArtefactZone" DESCRIPTION="block type DigitizationArtefactZone"/><OtherTag ID="BT10" LABEL="DropCapitalZone" DESCRIPTION="block type DropCapitalZone"/><OtherTag ID="BT11" LABEL="GraphicZone" DESCRIPTION="block type GraphicZone"/><OtherTag ID="BT12" LABEL="MainZone" DESCRIPTION="block type MainZone"/><OtherTag ID="BT13" LABEL="MarginTextZone" DESCRIPTION="block type MarginTextZone"/><OtherTag ID="BT14" LABEL="MusicZone" DESCRIPTION="block type MusicZone"/><OtherTag ID="BT15" LABEL="NumberingZone" DESCRIPTION="block type NumberingZone"/><OtherTag ID="BT17" LABEL="QuireMarksZone" DESCRIPTION="block type QuireMarksZone"/><OtherTag ID="BT18" LABEL="RunningTitleZone" DESCRIPTION="block type RunningTitleZone"/><OtherTag ID="BT19" LABEL="SealZone" DESCRIPTION="block type SealZone"/><OtherTag ID="BT20" LABEL="StampZone" DESCRIPTION="block type StampZone"/><OtherTag ID="BT21" LABEL="TableZone" DESCRIPTION="block type TableZone"/><OtherTag ID="BT22" LABEL="TitlePageZone" DESCRIPTION="block type TitlePageZone"/><OtherTag ID="BT1851" LABEL="MainZone-P" DESCRIPTION="block type MainZone-P"/><OtherTag ID="BT1852" LABEL="MainZone-Head" DESCRIPTION="block type MainZone-Head"/><OtherTag ID="BT1853" LABEL="MainZone-P-Continued" DESCRIPTION="block type MainZone-P-Continued"/><OtherTag ID="BT1854" LABEL="MarginTextZone-ManuscriptAddendum" DESCRIPTION="block type MarginTextZone-ManuscriptAddendum"/><OtherTag ID="BT1855" LABEL="text" DESCRIPTION="block type text"/><OtherTag ID="BT1856" LABEL="MainZone-Entry" DESCRIPTION="block type MainZone-Entry"/><OtherTag ID="BT1857" LABEL="MainZone-Entry-Continued" DESCRIPTION="block type MainZone-Entry-Continued"/><OtherTag ID="BT1877" LABEL="GraphicZone-Decoration" DESCRIPTION="block type GraphicZone-Decoration"/><OtherTag ID="BT1894" LABEL="MainZone-Other" DESCRIPTION="block type MainZone-Other"/>
    <OtherTag ID="LT7" LABEL="CustomLine" DESCRIPTION="line type CustomLine"/><OtherTag ID="LT8" LABEL="DefaultLine" DESCRIPTION="line type DefaultLine"/><OtherTag ID="LT9" LABEL="DropCapitalLine" DESCRIPTION="line type DropCapitalLine"/><OtherTag ID="LT10" LABEL="HeadingLine" DESCRIPTION="line type HeadingLine"/><OtherTag ID="LT11" LABEL="InterlinearLine" DESCRIPTION="line type InterlinearLine"/><OtherTag ID="LT12" LABEL="MusicLine" DESCRIPTION="line type MusicLine"/><OtherTag ID="LT636" LABEL="default" DESCRIPTION="line type default"/>
  </Tags>
  <Layout>
    <Page WIDTH="1095"
          HEIGHT="1736"
          PHYSICAL_IMG_NR="32"
          ID="eSc_dummypage_">
      <PrintSpace HPOS="0"
                  VPOS="0"
                  WIDTH="1095"
                  HEIGHT="1736">
        <TextBlock HPOS="201"
                   VPOS="67"
                   WIDTH="53"
                   HEIGHT="39"
                   ID="block_3"
                   TAGREFS="BT15">
          <Shape><Polygon POINTS="254 67 254 106 201 106 201 67"/></Shape>
          <TextLine ID="line_0"
                    TAGREFS="LT8"
                    BASELINE="206 91 253 89" 
                    HPOS="204"
                    VPOS="63"
                    WIDTH="49"
                    HEIGHT="46">
            <Shape><Polygon POINTS="233 64 223 64 214 64 204 64 206 91 206 105 219 109 220 109 221 109 253 103 253 89 251 64 237 63 233 64"/></Shape>
	    <String CONTENT="40"
                    HPOS="204"
                    VPOS="63"
                    WIDTH="49"
                    HEIGHT="46"
                    WC="0.9999587535858154"></String>
          </TextLine>
        </TextBlock>
        <TextBlock HPOS="392"
                   VPOS="54"
                   WIDTH="465"
                   HEIGHT="45"
                   ID="block_6"
                   TAGREFS="BT18">
          <Shape><Polygon POINTS="857 54 857 99 392 99 392 54"/></Shape>
          <TextLine ID="line_1"
                    TAGREFS="LT8"
                    BASELINE="392 85 854 83" 
                    HPOS="391"
                    VPOS="53"
                    WIDTH="463"
                    HEIGHT="45">
            <Shape><Polygon POINTS="806 53 800 53 796 53 787 53 777 53 767 53 758 53 748 53 739 53 729 53 719 53 710 53 700 53 690 53 681 53 671 53 661 53 652 53 642 53 632 53 623 53 620 53 613 53 603 53 594 53 584 53 574 53 565 53 555 53 550 53 546 53 536 53 526 53 517 53 507 53 497 53 488 53 478 53 468 53 465 53 459 53 449 53 439 53 430 53 420 53 410 53 401 53 391 53 392 85 392 96 852 98 854 83 852 53 816 53 806 53"/></Shape>
	    <String CONTENT="COMMENTARII"
                    HPOS="391"
                    VPOS="53"
                    WIDTH="463"
                    HEIGHT="45"
                    WC="0.999329231002114"></String>
          </TextLine>
        </TextBlock>
        <TextBlock HPOS="201"
                   VPOS="104"
                   WIDTH="821"
                   HEIGHT="351"
                   ID="block_4"
                   TAGREFS="BT1853">
          <Shape><Polygon POINTS="1022 104 1022 455 201 455 203 110"/></Shape>
          <TextLine ID="line_2"
                    TAGREFS="LT8"
                    BASELINE="204 144 759 140 1012 144" 
                    HPOS="203"
                    VPOS="101"
                    WIDTH="809"
                    HEIGHT="61">
            <Shape><Polygon POINTS="838 101 837 101 816 110 812 113 781 113 776 111 749 102 748 102 747 102 650 110 632 102 631 102 575 102 574 102 573 102 557 112 555 113 482 113 478 112 457 105 456 105 455 105 454 105 453 105 440 112 438 114 401 114 399 112 376 104 375 104 374 104 373 104 360 108 316 103 315 103 314 103 294 113 203 113 204 144 204 162 239 157 328 161 329 161 330 161 340 155 479 162 480 162 481 162 516 154 551 154 560 160 561 160 562 160 563 160 591 154 682 154 701 160 702 160 703 160 704 160 705 160 713 154 834 154 844 160 845 160 846 160 847 160 927 155 958 160 959 160 960 160 961 160 972 153 984 160 985 160 985 161 1011 161 1012 144 1011 108 1002 102 1001 102 1000 102 999 102 998 102 980 108 963 102 962 102 961 102 960 102 930 110 923 112 867 112 864 110 840 101 839 101"/></Shape>
	    <String CONTENT="periculum, in prima debent ſtare acie, contra"
                    HPOS="203"
                    VPOS="101"
                    WIDTH="809"
                    HEIGHT="61"
                    WC="0.9914215087890625"></String>
          </TextLine>
          <TextLine ID="line_3"
                    TAGREFS="LT8"
                    BASELINE="201 194 1012 189" 
                    HPOS="200"
                    VPOS="152"
                    WIDTH="812"
                    HEIGHT="62">
            <Shape><Polygon POINTS="201 194 201 204 223 213 224 213 225 214 262 214 262 213 263 213 278 205 317 213 318 213 367 204 391 204 405 211 406 211 407 211 408 211 420 204 478 204 509 212 510 212 511 212 512 212 541 203 582 203 595 211 596 211 597 211 598 211 629 210 630 210 643 203 679 208 680 208 739 205 751 210 752 210 753 211 793 211 793 210 794 210 817 203 848 210 848 210 883 203 891 209 892 209 893 209 894 210 935 210 935 209 1012 199 1012 189 1011 162 962 162 961 161 916 152 915 152 862 161 861 161 859 161 824 153 823 153 822 153 795 161 791 162 672 162 663 161 647 156 646 156 645 156 617 161 613 161 611 161 597 154 596 154 549 154 548 154 520 160 503 164 455 164 446 160 436 155 435 155 434 155 409 160 392 162 371 160 344 156 343 156 293 160 273 161 271 160 265 156 264 156 263 156 262 156 261 156 250 160 234 164 200 160 201 194"/></Shape>
	    <String CONTENT="hæreſes, contra peccatum, in perſecutioni¬"
                    HPOS="200"
                    VPOS="152"
                    WIDTH="812"
                    HEIGHT="62"
                    WC="0.9997185724122184"></String>
          </TextLine>
          <TextLine ID="line_4"
                    TAGREFS="LT8"
                    BASELINE="203 244 610 240 1010 243" 
                    HPOS="202"
                    VPOS="201"
                    WIDTH="808"
                    HEIGHT="60">
            <Shape><Polygon POINTS="203 244 203 251 246 260 246 261 292 261 292 260 293 260 294 260 301 254 307 260 308 260 309 260 310 261 336 261 336 260 337 260 356 252 375 252 385 260 386 260 387 260 388 260 452 253 479 260 480 260 481 260 482 260 499 252 555 252 589 260 590 260 591 260 613 251 642 256 643 256 644 256 655 251 790 251 819 251 828 259 829 259 830 259 831 260 976 260 976 259 977 259 1010 249 1010 243 1009 210 969 201 968 201 967 201 952 209 950 211 849 211 847 208 836 201 835 201 834 201 833 201 794 208 782 211 759 211 755 208 746 201 745 201 744 201 743 201 698 207 677 210 653 207 636 205 635 205 624 207 604 210 596 206 586 202 585 202 584 202 564 206 547 210 541 206 535 202 534 202 533 202 532 202 531 202 521 206 512 210 501 206 491 202 490 202 489 202 459 205 428 209 407 205 390 202 323 202 322 202 321 202 316 204 303 212 231 212 220 204 219 202 218 202 217 202 216 202 202 203 203 244"/></Shape>
	    <String CONTENT="bus, aliíſque Eccleſiæ ærumnis. Quæ mili¬"
                    HPOS="202"
                    VPOS="201"
                    WIDTH="808"
                    HEIGHT="60"
                    WC="0.9901897722766513"></String>
          </TextLine>
          <TextLine ID="line_5"
                    TAGREFS="LT8"
                    BASELINE="205 292 1011 290" 
                    HPOS="204"
                    VPOS="250"
                    WIDTH="807"
                    HEIGHT="65">
            <Shape><Polygon POINTS="985 281 980 261 951 261 937 250 936 250 935 250 899 250 898 250 897 250 876 261 805 250 804 250 803 250 780 262 737 262 716 250 715 250 714 250 678 258 667 250 666 250 665 250 607 250 606 250 578 255 548 251 547 251 547 251 525 263 442 263 412 251 411 251 410 251 410 251 394 258 381 251 380 251 329 251 328 251 328 251 301 263 204 263 205 292 205 315 307 304 327 313 329 314 330 314 331 314 332 314 337 312 355 306 394 310 395 310 396 310 397 310 410 302 515 302 527 308 528 308 529 308 530 308 547 299 640 306 665 307 666 307 667 307 672 305 684 299 695 304 710 311 711 311 711 311 712 311 739 303 759 298 770 303 781 307 782 307 783 307 864 302 907 313 908 313 909 313 910 313 944 302 987 307 988 307 989 307 1011 298 1011 290 1009 262 990 261 985 281"/></Shape>
	    <String CONTENT="tia eis pulchra erit, hoc eſt, ſpecioſa ac ſplen¬"
                    HPOS="204"
                    VPOS="250"
                    WIDTH="807"
                    HEIGHT="65"
                    WC="0.9943195082703415"></String>
          </TextLine>
          <TextLine ID="line_6"
                    TAGREFS="LT8"
                    BASELINE="205 342 592 338 1000 341" 
                    HPOS="204"
                    VPOS="299"
                    WIDTH="796"
                    HEIGHT="55">
            <Shape><Polygon POINTS="985 340 980 312 896 312 896 311 865 299 864 299 863 299 862 299 845 304 814 299 813 299 812 299 811 299 796 310 793 313 760 313 755 310 734 301 733 301 732 301 731 301 730 301 722 306 702 299 701 299 669 299 668 299 667 299 666 299 651 309 633 300 632 300 567 299 566 299 565 299 547 308 542 310 529 308 523 307 522 307 521 307 520 308 512 312 482 312 476 307 472 304 471 304 470 304 469 304 468 304 462 307 451 312 398 306 389 306 388 306 385 306 362 312 352 307 351 307 350 307 349 307 336 310 330 306 321 299 320 299 319 299 318 299 317 299 293 305 290 306 287 305 270 299 269 299 268 299 204 304 205 342 205 352 998 354 1000 341 999 313 990 312 985 340"/></Shape>
	    <String CONTENT="dida ſi vicerint, pulchra eſt ante victoriam."
                    HPOS="204"
                    VPOS="299"
                    WIDTH="796"
                    HEIGHT="55"
                    WC="0.9831930994987488"></String>
          </TextLine>
          <TextLine ID="line_7"
                    TAGREFS="LT8"
                    BASELINE="205 391 1002 386" 
                    HPOS="204"
                    VPOS="345"
                    WIDTH="798"
                    HEIGHT="66">
            <Shape><Polygon POINTS="979 356 956 356 956 355 932 345 931 345 885 345 884 345 883 345 864 355 827 346 826 346 825 346 777 355 773 356 769 355 733 346 732 346 686 346 685 346 684 346 669 355 666 357 656 355 602 347 601 347 460 352 459 352 458 352 453 355 449 358 438 355 408 348 407 348 406 348 384 349 383 349 370 355 362 360 341 360 335 355 327 349 326 349 325 349 324 349 323 349 306 355 297 360 242 360 232 355 215 349 214 349 213 349 212 349 211 349 204 352 205 391 205 410 233 405 245 410 246 410 247 411 347 411 347 410 355 409 385 403 522 403 534 407 538 408 539 408 540 409 588 409 588 408 589 408 596 406 610 403 632 406 648 408 649 408 663 406 684 402 765 402 774 405 784 407 785 407 786 407 1002 402 1002 386 1000 356 991 356 985 383"/></Shape>
	    <String CONTENT="hoc eſt, ardua &amp; difficilis, vt dici ſolet, diffici¬"
                    HPOS="204"
                    VPOS="345"
                    WIDTH="798"
                    HEIGHT="66"
                    WC="0.9845558691483277"></String>
          </TextLine>
          <TextLine ID="line_8"
                    TAGREFS="LT8"
                    BASELINE="214 433 513 437" 
                    HPOS="211"
                    VPOS="396"
                    WIDTH="301"
                    HEIGHT="62">
            <Shape><Polygon POINTS="212 432 211 458 511 452 512 436 509 396 212 397 212 432"/></Shape>
	    <String CONTENT="lia quæ pulchra."
                    HPOS="211"
                    VPOS="396"
                    WIDTH="301"
                    HEIGHT="62"></String>
          </TextLine>
        </TextBlock>
        <TextBlock HPOS="249"
                   VPOS="451"
                   WIDTH="621"
                   HEIGHT="57"
                   ID="block_5"
                   TAGREFS="BT1852">
          <Shape><Polygon POINTS="870 451 870 508 249 508 249 451"/></Shape>
          <TextLine ID="line_9"
                    TAGREFS="LT8"
                    BASELINE="277 494 414 490 850 496" 
                    HPOS="275"
                    VPOS="451"
                    WIDTH="572"
                    HEIGHT="62">
            <Shape><Polygon POINTS="827 451 802 451 796 455 783 451 757 451 753 454 751 451 718 451 698 455 692 451 606 451 569 454 563 451 276 451 275 507 328 501 336 509 440 510 449 503 530 510 537 503 811 513 847 504 847 454 827 451"/></Shape>
	    <String CONTENT="19 Habens fidem &amp; bonam &amp;c."
                    HPOS="275"
                    VPOS="451"
                    WIDTH="572"
                    HEIGHT="62"></String>
          </TextLine>
        </TextBlock>
        <TextBlock HPOS="205"
                   VPOS="506"
                   WIDTH="824"
                   HEIGHT="446"
                   ID="block_2"
                   TAGREFS="BT1851">
          <Shape><Polygon POINTS="1029 506 1029 952 205 952 205 506"/></Shape>
          <TextLine ID="line_10"
                    TAGREFS="LT8"
                    BASELINE="325 542 1012 542" 
                    HPOS="325"
                    VPOS="501"
                    WIDTH="687"
                    HEIGHT="57">
            <Shape><Polygon POINTS="325 542 325 552 417 552 418 552 437 558 438 558 438 558 492 552 498 552 501 552 526 558 527 558 597 553 611 552 636 552 638 553 645 558 646 558 647 558 648 558 672 553 674 553 676 553 702 557 703 557 704 557 705 557 709 553 711 552 716 553 741 558 742 558 1012 554 1012 542 1012 509 997 503 996 503 995 503 919 509 907 509 906 508 893 501 892 501 864 501 863 501 833 507 823 510 770 510 765 506 753 501 752 501 751 501 750 501 739 506 735 508 732 506 724 501 723 501 722 501 721 501 720 501 708 506 706 506 701 506 668 501 667 501 666 501 657 505 648 509 601 504 567 501 566 501 565 501 564 501 561 504 552 510 486 510 476 503 476 502 475 502 474 502 473 502 462 502 369 509 325 501 325 542"/></Shape>
	    <String CONTENT="Vt pulchra poſsit eſſe Timothei mili¬"
                    HPOS="325"
                    VPOS="501"
                    WIDTH="687"
                    HEIGHT="57"
                    WC="0.9887771542007858"></String>
          </TextLine>
          <TextLine ID="line_11"
                    TAGREFS="LT8"
                    BASELINE="208 595 1020 593" 
                    HPOS="207"
                    VPOS="550"
                    WIDTH="813"
                    HEIGHT="59">
            <Shape><Polygon POINTS="208 595 208 603 218 608 219 608 219 608 262 603 268 603 269 603 276 609 277 609 278 609 279 609 280 609 298 603 301 603 376 603 378 604 383 608 384 608 385 608 386 608 425 604 427 604 435 609 436 609 437 609 438 609 466 604 468 604 470 604 494 608 495 608 496 608 497 608 502 604 504 603 509 604 530 609 531 609 552 604 559 603 572 604 612 609 613 609 614 609 631 604 642 602 655 604 672 608 673 608 711 605 732 603 753 605 789 608 790 609 892 609 892 608 893 608 899 605 904 602 920 605 934 608 935 608 1019 605 1020 593 1018 562 987 562 986 561 968 551 967 551 966 551 965 551 936 560 907 551 906 551 905 551 904 551 903 551 891 561 890 561 849 552 848 552 848 552 847 552 834 561 818 553 817 553 816 553 815 553 801 561 800 561 779 550 778 550 777 550 776 550 775 550 762 559 676 550 675 550 674 550 673 550 657 560 656 562 612 562 574 562 572 560 555 551 554 551 553 551 552 551 537 556 520 551 520 551 519 551 518 551 497 560 492 562 488 560 472 551 471 551 440 551 439 551 438 551 424 559 418 563 344 563 339 559 328 551 327 551 326 551 289 551 288 551 287 551 286 551 276 559 274 560 268 559 235 552 234 552 207 558 208 595"/></Shape>
	    <String CONTENT="tia circunſcribit illius quaſi limites, q.d. duo"
                    HPOS="207"
                    VPOS="550"
                    WIDTH="813"
                    HEIGHT="59"
                    WC="0.9861328539748987"></String>
          </TextLine>
          <TextLine ID="line_12"
                    TAGREFS="LT8"
                    BASELINE="205 644 1021 642" 
                    HPOS="204"
                    VPOS="601"
                    WIDTH="817"
                    HEIGHT="60">
            <Shape><Polygon POINTS="205 644 205 657 244 654 248 657 252 660 253 660 254 660 255 661 312 661 312 660 313 660 314 660 318 657 323 654 383 654 397 656 421 660 422 660 423 660 424 660 429 656 432 654 445 656 469 659 470 659 471 659 485 655 492 654 497 655 518 660 519 660 520 660 538 655 543 654 546 655 556 660 557 660 558 660 559 660 570 655 572 654 590 655 669 659 670 659 671 659 684 654 686 653 773 653 774 653 781 659 782 659 783 659 784 660 863 660 863 659 899 653 971 659 972 659 1021 651 1021 642 1019 612 964 601 963 601 931 603 930 603 914 612 860 612 847 601 846 601 845 601 810 601 809 601 808 601 782 612 741 612 732 604 731 604 730 604 729 604 728 604 712 611 699 601 698 601 697 601 632 601 631 601 630 601 608 613 521 613 505 602 504 602 503 602 502 602 501 602 477 611 461 602 460 602 459 602 420 611 400 602 399 602 398 602 397 602 378 611 332 603 331 603 330 603 302 612 279 602 278 602 256 602 255 602 254 602 253 602 245 609 232 602 231 602 230 602 229 602 204 612 205 644"/></Shape>
	    <String CONTENT="imprimis ſpectabis in officio tuo, fidem ſcili¬"
                    HPOS="204"
                    VPOS="601"
                    WIDTH="817"
                    HEIGHT="60"
                    WC="0.9961944146359221"></String>
          </TextLine>
          <TextLine ID="line_13"
                    TAGREFS="LT8"
                    BASELINE="207 694 1019 692" 
                    HPOS="206"
                    VPOS="652"
                    WIDTH="813"
                    HEIGHT="54">
            <Shape><Polygon POINTS="207 694 207 706 1018 705 1019 692 1017 663 792 652 791 652 790 652 770 663 688 663 673 653 672 653 671 653 670 653 644 658 635 652 634 652 633 652 632 652 525 653 524 653 492 663 299 653 298 653 248 663 231 656 230 656 229 656 228 656 206 664 207 694"/></Shape>
	    <String CONTENT="cet &amp; bonam conſcientiam, quibus ſeruatis"
                    HPOS="206"
                    VPOS="652"
                    WIDTH="813"
                    HEIGHT="54"
                    WC="0.9966330717249614"></String>
          </TextLine>
          <TextLine ID="line_14"
                    TAGREFS="LT8"
                    BASELINE="210 743 1020 743" 
                    HPOS="210"
                    VPOS="701"
                    WIDTH="810"
                    HEIGHT="58">
            <Shape><Polygon POINTS="210 743 211 756 220 752 232 756 240 759 241 759 242 759 257 756 278 752 287 756 293 759 294 759 295 759 390 759 390 759 391 759 392 759 395 757 400 754 440 757 474 759 475 759 486 757 504 753 547 757 569 759 570 759 571 759 576 757 592 752 632 757 647 759 648 759 649 759 653 757 663 752 852 752 866 758 868 759 869 759 870 759 883 758 928 754 1019 758 1020 743 1020 710 973 701 972 701 971 701 953 709 920 708 909 701 908 701 907 701 852 701 851 701 850 701 830 709 830 710 756 710 755 709 740 701 739 701 739 701 738 701 688 709 686 710 619 710 617 709 586 701 585 701 548 701 547 701 547 701 521 709 520 710 465 710 463 709 441 703 440 703 439 703 383 709 377 709 375 709 347 701 346 701 345 701 210 708 210 743"/></Shape>
	    <String CONTENT="glorioſa erit tua militia, vt eiſdem amiſsis fœ"
                    HPOS="210"
                    VPOS="701"
                    WIDTH="810"
                    HEIGHT="58"
                    WC="0.9982772951430463"></String>
          </TextLine>
          <TextLine ID="line_15"
                    TAGREFS="LT8"
                    BASELINE="208 790 1018 793" 
                    HPOS="208"
                    VPOS="750"
                    WIDTH="810"
                    HEIGHT="59">
            <Shape><Polygon POINTS="208 790 208 806 282 801 379 805 426 807 427 807 428 807 429 807 432 805 438 800 446 805 451 807 452 807 453 807 481 804 507 802 521 804 545 808 546 808 547 808 562 804 572 801 578 804 586 807 587 807 588 807 589 807 590 807 594 804 599 800 603 803 610 808 611 808 612 808 613 809 659 809 659 808 660 808 670 803 676 800 746 800 774 802 810 805 811 805 836 802 842 801 844 802 851 808 852 808 853 808 854 808 924 801 928 801 931 801 995 808 996 808 997 808 1017 800 1018 793 1017 761 951 759 941 752 940 752 939 752 938 752 902 759 891 752 890 752 889 752 838 752 837 752 836 752 835 752 827 758 788 752 787 752 786 752 766 759 748 751 747 751 746 751 703 759 702 759 700 759 572 751 571 751 570 751 552 759 512 759 480 759 460 759 460 759 447 750 446 750 445 750 422 750 421 750 420 750 419 750 408 759 380 751 379 751 378 751 301 759 297 759 296 759 282 750 281 750 280 750 279 750 278 750 252 759 250 759 208 759 208 790"/></Shape>
	    <String CONTENT="da &amp; turpis ſequetur fuga. Et faciunt hæc"
                    HPOS="208"
                    VPOS="750"
                    WIDTH="810"
                    HEIGHT="59"
                    WC="0.9953683745570299"></String>
          </TextLine>
          <TextLine ID="line_16"
                    TAGREFS="LT8"
                    BASELINE="207 842 1016 840" 
                    HPOS="206"
                    VPOS="801"
                    WIDTH="810"
                    HEIGHT="58">
            <Shape><Polygon POINTS="207 842 207 859 236 852 258 858 259 858 260 858 261 858 276 851 405 856 470 859 471 859 489 855 507 851 521 855 534 858 535 858 536 858 562 854 590 850 618 853 642 856 643 856 644 856 655 853 664 850 724 850 730 852 740 855 741 855 742 855 743 855 744 855 749 851 752 849 763 851 786 856 833 857 834 857 835 857 853 850 856 849 859 850 879 857 880 857 881 858 948 858 948 857 1016 847 1016 840 1014 806 976 801 975 801 974 801 963 806 956 811 899 811 872 807 824 801 823 801 781 808 766 810 762 808 747 802 746 802 745 802 744 802 726 808 718 812 684 812 679 809 666 802 665 802 638 802 637 802 636 802 635 802 626 809 584 809 577 803 576 803 575 803 574 803 456 811 438 812 436 811 419 803 418 803 376 803 375 803 374 803 373 803 362 811 330 812 328 812 328 812 250 803 249 803 206 813 207 842"/></Shape>
	    <String CONTENT="eadem ad argumenta: ſunt enim iſta præſi¬"
                    HPOS="206"
                    VPOS="801"
                    WIDTH="810"
                    HEIGHT="58"
                    WC="0.9963232366050162"></String>
          </TextLine>
          <TextLine ID="line_17"
                    TAGREFS="LT8"
                    BASELINE="207 890 1015 890" 
                    HPOS="207"
                    VPOS="851"
                    WIDTH="808"
                    HEIGHT="59">
            <Shape><Polygon POINTS="207 890 207 907 295 903 307 907 314 909 315 909 316 909 317 909 321 907 330 902 341 907 346 909 347 909 348 909 349 909 356 907 369 903 390 907 401 908 402 908 403 908 407 906 417 902 427 906 433 909 434 909 435 910 477 910 477 909 478 909 485 906 493 902 538 902 569 906 597 909 598 909 599 909 612 905 627 902 694 905 739 907 740 907 763 905 788 902 792 905 797 909 798 909 799 909 800 910 915 910 915 909 916 909 926 904 928 903 930 904 939 907 940 907 941 907 958 904 968 902 973 904 985 909 985 909 986 909 987 909 988 909 995 904 998 902 1014 903 1015 890 1015 863 997 863 997 862 981 851 980 851 979 851 978 851 932 858 905 851 904 851 903 851 903 851 902 851 888 861 858 860 848 851 847 851 846 851 845 851 798 862 795 863 680 863 677 861 665 857 664 857 663 857 662 857 652 861 650 862 648 861 623 851 622 851 621 851 620 851 597 861 594 862 590 861 574 857 573 857 572 857 571 857 570 857 564 861 563 862 558 861 534 856 533 856 517 859 505 851 504 851 503 851 474 851 473 851 472 851 451 861 447 863 359 863 356 860 343 851 342 851 341 851 302 851 301 851 301 851 281 859 222 851 221 851 220 851 207 858 207 890"/></Shape>
	    <String CONTENT="dia maxima quibus nititur in exequendo ſuo"
                    HPOS="207"
                    VPOS="851"
                    WIDTH="808"
                    HEIGHT="59"
                    WC="0.9970047715164366"></String>
          </TextLine>
          <TextLine ID="line_18"
                    TAGREFS="LT8"
                    BASELINE="206 943 359 940" 
                    HPOS="205"
                    VPOS="922"
                    WIDTH="154"
                    HEIGHT="37">
            <Shape><Polygon POINTS="206 943 206 955 306 959 307 959 359 950 359 940 356 922 205 922 206 943"/></Shape>
	    <String CONTENT="officio."
                    HPOS="205"
                    VPOS="922"
                    WIDTH="154"
                    HEIGHT="37"
                    WC="0.9996521323919296"></String>
          </TextLine>
        </TextBlock>
        <TextBlock HPOS="205"
                   VPOS="956"
                   WIDTH="828"
                   HEIGHT="445"
                   ID="block_0"
                   TAGREFS="BT1851">
          <Shape><Polygon POINTS="1033 956 1033 1401 205 1401 205 956"/></Shape>
          <TextLine ID="line_19"
                    TAGREFS="LT8"
                    BASELINE="258 989 1015 991" 
                    HPOS="257"
                    VPOS="943"
                    WIDTH="758"
                    HEIGHT="66">
            <Shape><Polygon POINTS="257 997 291 1007 292 1007 293 1007 348 1001 362 1007 363 1007 364 1008 495 1008 495 1007 559 1000 573 999 631 999 635 1001 643 1005 644 1005 645 1005 646 1005 667 1001 673 1000 674 1001 684 1008 685 1008 686 1009 735 1009 735 1008 736 1008 750 1002 755 1000 1013 1003 1015 991 1014 958 985 958 985 957 965 949 964 949 963 949 962 949 949 953 936 944 935 944 934 944 731 944 730 944 729 944 728 944 713 955 682 946 681 946 680 946 679 946 658 952 634 943 633 943 632 943 579 955 569 949 568 949 567 949 566 949 532 956 528 957 498 957 496 956 485 949 484 949 483 949 482 949 481 949 473 955 472 956 468 955 441 949 440 949 402 955 394 956 385 955 355 951 354 951 346 955 344 956 329 955 279 950 278 950 258 954 258 989"/></Shape>
	    <String CONTENT="Quarta igitur ratio eſt. Quia habes fidem,"
                    HPOS="257"
                    VPOS="943"
                    WIDTH="758"
                    HEIGHT="66"
                    WC="0.9994939508892241"></String>
          </TextLine>
          <TextLine ID="line_20"
                    TAGREFS="LT8"
                    BASELINE="207 1040 774 1037 1024 1041" 
                    HPOS="206"
                    VPOS="997"
                    WIDTH="818"
                    HEIGHT="57">
            <Shape><Polygon POINTS="207 1040 207 1054 341 1054 341 1053 342 1053 343 1053 356 1048 409 1053 426 1054 427 1054 428 1054 431 1053 440 1048 464 1053 472 1054 473 1054 474 1054 477 1053 487 1048 530 1052 541 1053 542 1053 547 1052 564 1048 575 1052 581 1054 582 1054 583 1054 593 1052 612 1048 653 1052 668 1053 669 1053 670 1053 674 1052 685 1048 697 1052 705 1054 706 1054 707 1054 725 1052 757 1047 784 1051 795 1053 796 1053 806 1051 826 1047 835 1051 839 1053 840 1053 841 1053 1023 1050 1024 1041 1023 1005 1001 997 1000 997 999 997 998 997 972 1005 953 1000 952 1000 951 1000 835 1004 801 1005 792 1003 754 997 753 997 752 997 733 1003 725 1005 711 1003 680 998 679 998 633 1003 629 1003 628 1003 621 998 620 998 619 998 564 998 563 998 562 998 561 998 555 1002 548 1005 500 1002 499 1002 498 1002 483 1007 341 1007 328 1000 324 998 323 998 322 998 321 998 320 998 318 1000 308 1006 238 1006 224 999 223 998 222 998 221 998 220 998 206 998 207 1040"/></Shape>
	    <String CONTENT="hoc eſt, rationem ſanæ doctrinæ, quam hîc"
                    HPOS="206"
                    VPOS="997"
                    WIDTH="818"
                    HEIGHT="57"
                    WC="0.9983211599645161"></String>
          </TextLine>
          <TextLine ID="line_21"
                    TAGREFS="LT8"
                    BASELINE="207 1087 839 1086 1026 1091" 
                    HPOS="206"
                    VPOS="1046"
                    WIDTH="820"
                    HEIGHT="59">
            <Shape><Polygon POINTS="207 1087 206 1100 383 1104 383 1104 384 1104 385 1104 388 1101 396 1096 509 1096 526 1101 527 1101 528 1101 529 1101 530 1101 537 1096 594 1096 621 1103 629 1104 629 1104 638 1103 657 1099 669 1103 674 1104 675 1104 676 1104 677 1104 678 1104 679 1103 689 1096 747 1102 748 1102 851 1096 883 1104 886 1104 887 1105 1025 1105 1026 1091 1026 1052 914 1046 913 1046 887 1052 874 1056 820 1056 811 1053 793 1047 792 1047 791 1047 790 1047 768 1053 759 1056 652 1056 644 1053 629 1049 628 1049 627 1049 586 1054 581 1054 580 1054 572 1047 571 1047 570 1047 537 1046 536 1046 504 1053 485 1046 484 1046 429 1046 428 1046 427 1046 426 1046 412 1054 410 1056 345 1056 344 1055 332 1046 331 1046 330 1046 329 1046 290 1052 280 1046 279 1046 278 1046 277 1046 276 1046 260 1055 207 1055 207 1087"/></Shape>
	    <String CONTENT="omnino per ſidem accipere conuenit, quaſi"
                    HPOS="206"
                    VPOS="1046"
                    WIDTH="820"
                    HEIGHT="59"
                    WC="0.9884833359136814"></String>
          </TextLine>
          <TextLine ID="line_22"
                    TAGREFS="LT8"
                    BASELINE="205 1138 584 1135 1025 1139" 
                    HPOS="204"
                    VPOS="1094"
                    WIDTH="821"
                    HEIGHT="58">
            <Shape><Polygon POINTS="205 1138 204 1143 234 1149 235 1149 236 1149 249 1145 259 1151 260 1151 261 1151 262 1152 346 1152 346 1151 379 1144 397 1151 398 1151 399 1151 455 1144 457 1144 458 1144 546 1151 547 1151 580 1145 620 1152 621 1152 686 1147 763 1152 764 1152 765 1152 766 1152 775 1145 1003 1152 1004 1152 1005 1152 1024 1144 1025 1139 1024 1106 926 1106 924 1105 876 1095 821 1095 820 1095 819 1095 818 1095 810 1101 787 1095 786 1095 785 1095 784 1095 783 1095 770 1104 687 1095 686 1095 685 1095 674 1101 651 1098 650 1098 649 1098 648 1098 639 1104 636 1106 579 1106 576 1104 562 1095 561 1095 560 1095 559 1095 504 1101 484 1094 483 1094 422 1094 421 1094 420 1094 419 1094 410 1102 390 1103 376 1105 262 1105 257 1103 236 1095 235 1095 234 1095 205 1102 205 1138"/></Shape>
	    <String CONTENT="dicat, nota eſt tibi formula ſanæ doctrinæ, er¬"
                    HPOS="204"
                    VPOS="1094"
                    WIDTH="821"
                    HEIGHT="58"
                    WC="0.9967533755809703"></String>
          </TextLine>
          <TextLine ID="line_23"
                    TAGREFS="LT8"
                    BASELINE="209 1187 652 1184 1025 1189" 
                    HPOS="209"
                    VPOS="1143"
                    WIDTH="816"
                    HEIGHT="59">
            <Shape><Polygon POINTS="209 1187 209 1202 240 1202 240 1201 241 1201 258 1193 273 1199 274 1199 275 1199 310 1194 330 1201 331 1201 332 1201 333 1201 334 1201 345 1194 386 1193 400 1201 401 1202 402 1202 403 1202 404 1202 411 1201 439 1196 447 1201 448 1202 449 1202 450 1202 451 1202 452 1202 453 1202 454 1201 465 1194 587 1194 599 1201 601 1202 602 1202 602 1202 603 1202 604 1202 611 1201 629 1196 640 1200 644 1202 645 1202 646 1202 647 1202 650 1200 659 1195 672 1200 676 1202 677 1202 678 1202 679 1202 684 1200 696 1197 718 1200 732 1202 733 1202 750 1200 777 1197 786 1200 791 1202 792 1202 793 1202 793 1202 800 1200 819 1194 849 1200 857 1201 858 1201 859 1201 862 1200 876 1194 912 1194 927 1200 932 1202 933 1202 934 1202 1024 1199 1025 1189 1024 1155 1002 1155 1002 1154 988 1144 987 1144 986 1144 985 1144 985 1144 954 1154 926 1144 925 1144 851 1144 850 1144 814 1153 799 1144 798 1144 797 1144 772 1144 771 1144 695 1154 693 1154 674 1144 673 1144 672 1144 671 1144 649 1154 648 1155 566 1155 563 1154 524 1147 523 1147 489 1154 487 1154 485 1154 455 1144 454 1144 453 1144 410 1150 400 1143 399 1143 398 1143 397 1143 396 1143 378 1153 352 1143 351 1143 350 1143 314 1151 276 1143 275 1143 274 1143 273 1143 256 1154 209 1154 209 1187"/></Shape>
	    <String CONTENT="go illam vigilanter retine in tua Eccleſia, fa¬"
                    HPOS="209"
                    VPOS="1143"
                    WIDTH="816"
                    HEIGHT="59"
                    WC="0.9887976481559428"></String>
          </TextLine>
          <TextLine ID="line_24"
                    TAGREFS="LT8"
                    BASELINE="204 1234 1025 1237" 
                    HPOS="204"
                    VPOS="1194"
                    WIDTH="821"
                    HEIGHT="56">
            <Shape><Polygon POINTS="995 1226 989 1206 980 1206 980 1205 967 1196 966 1196 965 1196 964 1196 926 1205 925 1205 924 1205 900 1198 899 1198 898 1198 897 1198 879 1203 867 1196 866 1196 865 1196 823 1202 793 1196 793 1196 792 1196 766 1205 765 1205 763 1205 745 1197 744 1197 743 1197 742 1197 722 1204 693 1195 692 1195 691 1195 645 1204 643 1204 642 1204 599 1196 598 1196 597 1196 596 1196 584 1204 583 1205 551 1205 550 1204 538 1195 537 1195 536 1195 535 1195 488 1201 458 1194 457 1194 421 1202 410 1196 409 1196 408 1196 360 1202 329 1195 328 1195 328 1195 301 1202 270 1194 269 1194 268 1194 204 1202 204 1234 204 1247 438 1242 480 1248 488 1249 489 1249 502 1248 575 1243 598 1243 610 1248 611 1249 612 1249 613 1249 614 1249 617 1249 634 1245 657 1249 660 1249 661 1249 662 1249 663 1249 672 1244 734 1249 751 1250 752 1250 762 1249 794 1245 814 1249 819 1250 820 1250 821 1250 821 1250 823 1249 834 1244 850 1249 851 1249 852 1249 853 1249 863 1246 876 1249 880 1250 881 1250 882 1250 883 1250 884 1250 885 1249 893 1244 911 1249 914 1250 915 1250 916 1250 917 1250 919 1249 930 1245 1023 1249 1025 1237 1024 1206 1000 1206 995 1226"/></Shape>
	    <String CONTENT="ciliùs autem conſeruatur ſi nota ſit ſana do¬"
                    HPOS="204"
                    VPOS="1194"
                    WIDTH="821"
                    HEIGHT="56"
                    WC="0.9769861451957537"></String>
          </TextLine>
          <TextLine ID="line_25"
                    TAGREFS="LT8"
                    BASELINE="205 1283 1025 1286" 
                    HPOS="205"
                    VPOS="1242"
                    WIDTH="820"
                    HEIGHT="59">
            <Shape><Polygon POINTS="205 1283 205 1297 228 1292 449 1292 469 1298 478 1300 479 1300 480 1300 492 1298 513 1293 560 1293 572 1298 577 1300 578 1300 579 1301 725 1301 725 1300 726 1300 732 1298 743 1294 751 1298 757 1301 758 1301 759 1301 798 1298 854 1294 864 1298 871 1301 872 1301 873 1301 874 1301 880 1298 890 1294 907 1298 920 1301 921 1301 1024 1298 1025 1286 1025 1254 1006 1254 1005 1253 988 1244 987 1244 986 1244 965 1244 964 1244 963 1244 943 1253 942 1253 941 1253 915 1244 914 1244 913 1244 912 1244 892 1249 878 1244 877 1244 876 1244 838 1248 799 1244 798 1244 797 1244 780 1251 776 1253 772 1251 750 1243 749 1243 748 1243 747 1243 730 1251 727 1253 669 1253 664 1250 643 1243 642 1243 641 1243 593 1249 583 1246 582 1246 581 1246 580 1246 570 1250 563 1252 540 1249 494 1245 493 1245 465 1249 449 1251 438 1248 410 1242 410 1242 409 1242 352 1244 351 1244 341 1248 333 1252 286 1252 278 1247 270 1242 269 1242 268 1242 267 1242 266 1242 246 1247 240 1248 205 1247 205 1283"/></Shape>
	    <String CONTENT="ctrina: nota autem ei erat ex Apoſtoli inſti¬"
                    HPOS="205"
                    VPOS="1242"
                    WIDTH="820"
                    HEIGHT="59"
                    WC="0.9977395203378465"></String>
          </TextLine>
          <TextLine ID="line_26"
                    TAGREFS="LT8"
                    BASELINE="205 1333 870 1333 1020 1337" 
                    HPOS="204"
                    VPOS="1292"
                    WIDTH="816"
                    HEIGHT="60">
            <Shape><Polygon POINTS="205 1333 204 1342 298 1343 298 1344 323 1350 324 1350 325 1350 326 1350 344 1344 345 1344 456 1344 461 1345 475 1350 476 1350 477 1350 478 1350 490 1346 493 1344 497 1346 508 1351 509 1351 510 1351 570 1347 605 1344 611 1347 616 1351 617 1351 618 1351 619 1351 691 1348 739 1346 781 1349 814 1351 815 1351 828 1349 864 1344 873 1350 874 1351 875 1351 876 1351 876 1352 1019 1352 1020 1337 1019 1301 990 1294 989 1294 920 1300 901 1293 900 1293 787 1293 786 1293 785 1293 760 1300 743 1293 742 1293 741 1293 740 1293 739 1293 730 1300 729 1301 679 1301 678 1300 657 1293 657 1293 656 1293 655 1293 630 1300 629 1300 627 1300 553 1293 552 1293 551 1293 527 1300 526 1300 516 1293 515 1293 514 1293 488 1293 487 1293 451 1300 448 1300 442 1300 380 1295 379 1295 378 1295 362 1300 361 1300 360 1300 349 1294 348 1294 347 1294 346 1294 325 1300 323 1300 320 1300 296 1293 295 1293 294 1293 256 1299 236 1292 235 1292 234 1292 205 1299 205 1333"/></Shape>
	    <String CONTENT="tutione: notam habes, ergo facilè defendes"
                    HPOS="204"
                    VPOS="1292"
                    WIDTH="816"
                    HEIGHT="60"
                    WC="0.9993522596913714"></String>
          </TextLine>
          <TextLine ID="line_27"
                    TAGREFS="LT8"
                    BASELINE="203 1383 520 1382" 
                    HPOS="202"
                    VPOS="1350"
                    WIDTH="318"
                    HEIGHT="51">
            <Shape><Polygon POINTS="443 1350 434 1350 424 1350 415 1350 389 1355 379 1350 376 1350 366 1350 361 1350 351 1357 340 1350 337 1350 328 1350 318 1350 308 1350 299 1350 289 1350 287 1350 277 1356 270 1351 269 1351 268 1351 267 1351 266 1351 244 1357 242 1357 240 1357 220 1350 212 1350 207 1350 202 1355 203 1383 203 1393 210 1397 211 1397 212 1397 259 1393 276 1392 279 1394 284 1397 285 1397 286 1397 287 1397 304 1394 318 1392 324 1394 330 1398 331 1398 332 1398 333 1398 345 1395 355 1392 360 1395 363 1398 364 1398 365 1398 366 1398 367 1398 374 1396 383 1392 385 1396 389 1399 389 1400 390 1400 391 1400 392 1401 413 1401 413 1400 414 1400 415 1400 419 1396 424 1392 429 1397 431 1398 431 1399 432 1399 433 1399 434 1399 520 1398 520 1382 518 1357 462 1357 446 1350 443 1350"/></Shape>
	    <String CONTENT="ſi fueris vigilans."
                    HPOS="202"
                    VPOS="1350"
                    WIDTH="318"
                    HEIGHT="51"
                    WC="0.9941292844320598"></String>
          </TextLine>
        </TextBlock>
        <TextBlock HPOS="205"
                   VPOS="1399"
                   WIDTH="826"
                   HEIGHT="154"
                   ID="block_1"
                   TAGREFS="BT1851">
          <Shape><Polygon POINTS="1031 1399 1031 1553 205 1553 205 1399"/></Shape>
          <TextLine ID="line_28"
                    TAGREFS="LT8"
                    BASELINE="258 1431 1017 1433" 
                    HPOS="257"
                    VPOS="1388"
                    WIDTH="760"
                    HEIGHT="61">
            <Shape><Polygon POINTS="258 1431 257 1441 291 1448 292 1449 416 1449 416 1448 453 1441 464 1440 514 1440 517 1441 528 1447 529 1447 530 1447 531 1447 532 1447 540 1441 541 1440 543 1441 547 1445 547 1445 548 1445 549 1445 550 1445 563 1441 566 1441 573 1441 638 1449 639 1449 640 1449 668 1441 672 1441 677 1441 706 1446 707 1446 770 1441 782 1441 786 1441 822 1449 823 1449 856 1441 860 1441 871 1441 930 1446 930 1446 958 1442 968 1449 969 1449 970 1449 971 1449 1016 1441 1017 1433 1017 1398 1006 1390 1005 1390 1004 1390 937 1390 936 1390 935 1390 934 1390 925 1398 907 1390 906 1390 905 1390 904 1390 903 1390 894 1397 892 1399 792 1399 785 1396 769 1390 768 1390 767 1390 738 1395 717 1399 639 1399 632 1393 630 1391 629 1391 629 1391 628 1391 627 1391 620 1393 608 1397 602 1393 598 1390 597 1390 596 1390 595 1390 594 1390 588 1393 581 1396 562 1392 549 1390 548 1390 547 1390 547 1390 545 1392 538 1397 487 1392 486 1392 485 1392 469 1397 432 1390 422 1389 421 1389 420 1389 419 1389 418 1390 408 1397 379 1397 368 1391 367 1391 366 1391 365 1391 283 1393 258 1388 258 1431"/></Shape>
	    <String CONTENT="Quintò, ET BONAM CONSCIEN¬"
                    HPOS="257"
                    VPOS="1388"
                    WIDTH="760"
                    HEIGHT="61"
                    WC="0.9986537584552059"></String>
          </TextLine>
          <TextLine ID="line_29"
                    TAGREFS="LT8"
                    BASELINE="212 1482 886 1480 1015 1485" 
                    HPOS="211"
                    VPOS="1437"
                    WIDTH="804"
                    HEIGHT="59">
            <Shape><Polygon POINTS="212 1482 212 1491 360 1496 361 1496 426 1493 460 1491 477 1493 505 1496 506 1496 507 1496 517 1493 523 1491 545 1493 572 1496 573 1496 647 1494 729 1491 745 1494 755 1496 756 1496 775 1494 808 1491 832 1495 843 1496 844 1496 857 1495 896 1491 903 1495 904 1495 905 1495 906 1496 1014 1496 1015 1485 1014 1447 934 1447 933 1446 922 1437 921 1437 920 1437 890 1437 889 1437 888 1437 869 1445 864 1447 858 1445 839 1439 838 1439 837 1439 836 1439 823 1445 819 1448 793 1448 790 1445 784 1440 783 1440 782 1440 781 1440 780 1440 766 1445 758 1447 728 1444 681 1440 680 1440 645 1444 630 1445 623 1444 600 1438 599 1438 598 1438 585 1443 576 1447 568 1443 556 1438 555 1438 554 1438 553 1438 544 1443 541 1444 538 1443 525 1438 524 1438 422 1438 421 1438 401 1442 376 1447 211 1441 212 1482"/></Shape>
	    <String CONTENT="TIAM. Præſidium alterum eſt ad victoriã,"
                    HPOS="211"
                    VPOS="1437"
                    WIDTH="804"
                    HEIGHT="59"
                    WC="0.9939575631444048"></String>
          </TextLine>
          <TextLine ID="line_30"
                    TAGREFS="LT8"
                    BASELINE="204 1530 1023 1532" 
                    HPOS="203"
                    VPOS="1486"
                    WIDTH="820"
                    HEIGHT="77">
            <Shape><Polygon POINTS="204 1530 203 1545 270 1546 320 1561 321 1561 322 1561 323 1561 345 1554 397 1554 398 1554 399 1554 413 1546 468 1561 469 1561 470 1562 516 1562 516 1561 517 1561 556 1546 612 1546 633 1559 634 1559 635 1559 636 1559 637 1559 655 1552 692 1562 693 1562 694 1563 842 1563 842 1562 843 1562 844 1562 867 1547 892 1558 893 1558 894 1558 895 1558 896 1558 909 1549 988 1555 989 1555 990 1555 1022 1546 1023 1532 1022 1497 984 1497 983 1496 968 1490 967 1490 966 1490 965 1490 949 1495 946 1496 942 1495 918 1491 917 1491 881 1494 868 1496 853 1494 821 1490 821 1490 820 1490 810 1493 803 1496 789 1493 760 1488 759 1488 758 1488 742 1492 731 1497 689 1497 673 1491 658 1488 657 1488 657 1488 656 1488 643 1491 634 1494 626 1491 613 1487 612 1487 611 1487 551 1491 479 1494 464 1489 458 1487 457 1487 421 1487 420 1487 412 1489 383 1496 323 1496 290 1487 289 1487 288 1487 287 1487 255 1495 238 1487 237 1487 204 1486 204 1530"/></Shape>
	    <String CONTENT="&amp; meta rectè agendi in hac militia. Bona"
                    HPOS="203"
                    VPOS="1486"
                    WIDTH="820"
                    HEIGHT="77"
                    WC="0.9975495629194306"></String>
          </TextLine>
        </TextBlock>
        <TextBlock HPOS="919"
                   VPOS="1551"
                   WIDTH="109"
                   HEIGHT="50"
                   ID="block_7"
                   TAGREFS="BT17">
          <Shape><Polygon POINTS="1028 1551 1028 1601 919 1601 919 1551"/></Shape>
          <TextLine ID="line_31"
                    TAGREFS="LT8"
                    BASELINE="918 1580 1023 1583" 
                    HPOS="917"
                    VPOS="1545"
                    WIDTH="106"
                    HEIGHT="61">
            <Shape><Polygon POINTS="917 1591 987 1606 988 1606 989 1606 1022 1594 1023 1583 1023 1557 974 1546 973 1546 952 1548 930 1552 920 1545 918 1580 917 1591"/></Shape>
	    <String CONTENT="con¬"
                    HPOS="917"
                    VPOS="1545"
                    WIDTH="106"
                    HEIGHT="61"
                    WC="0.9996099919080734"></String>
          </TextLine>
        </TextBlock>
      </PrintSpace>
    </Page>
  </Layout>
</alto>
