<?xml version="1.0" encoding="UTF-8"?>
<alto xmlns:xsi="http://www.w3.org/2001/XMLSchema-instance"
      xmlns="http://www.loc.gov/standards/alto/ns-v4#"
      xsi:schemaLocation="http://www.loc.gov/standards/alto/ns-v4# http://www.loc.gov/standards/alto/v4/alto-4-2.xsd">
  <Description>
    <MeasurementUnit>pixel</MeasurementUnit>
    <sourceImageInformation>
      <fileName>bsb10313792_00098.jpg</fileName>
    </sourceImageInformation>
  </Description>
  <Tags>
    <OtherTag ID="BT7" LABEL="CustomZone" DESCRIPTION="block type CustomZone"/><OtherTag ID="BT8" LABEL="DamageZone" DESCRIPTION="block type DamageZone"/><OtherTag ID="BT9" LABEL="DigitizationArtefactZone" DESCRIPTION="block type DigitizationArtefactZone"/><OtherTag ID="BT10" LABEL="DropCapitalZone" DESCRIPTION="block type DropCapitalZone"/><OtherTag ID="BT11" LABEL="GraphicZone" DESCRIPTION="block type GraphicZone"/><OtherTag ID="BT12" LABEL="MainZone" DESCRIPTION="block type MainZone"/><OtherTag ID="BT13" LABEL="MarginTextZone" DESCRIPTION="block type MarginTextZone"/><OtherTag ID="BT14" LABEL="MusicZone" DESCRIPTION="block type MusicZone"/><OtherTag ID="BT15" LABEL="NumberingZone" DESCRIPTION="block type NumberingZone"/><OtherTag ID="BT17" LABEL="QuireMarksZone" DESCRIPTION="block type QuireMarksZone"/><OtherTag ID="BT18" LABEL="RunningTitleZone" DESCRIPTION="block type RunningTitleZone"/><OtherTag ID="BT19" LABEL="SealZone" DESCRIPTION="block type SealZone"/><OtherTag ID="BT20" LABEL="StampZone" DESCRIPTION="block type StampZone"/><OtherTag ID="BT21" LABEL="TableZone" DESCRIPTION="block type TableZone"/><OtherTag ID="BT22" LABEL="TitlePageZone" DESCRIPTION="block type TitlePageZone"/><OtherTag ID="BT1851" LABEL="MainZone-P" DESCRIPTION="block type MainZone-P"/><OtherTag ID="BT1852" LABEL="MainZone-Head" DESCRIPTION="block type MainZone-Head"/><OtherTag ID="BT1853" LABEL="MainZone-P-Continued" DESCRIPTION="block type MainZone-P-Continued"/><OtherTag ID="BT1854" LABEL="MarginTextZone-ManuscriptAddendum" DESCRIPTION="block type MarginTextZone-ManuscriptAddendum"/><OtherTag ID="BT1855" LABEL="text" DESCRIPTION="block type text"/><OtherTag ID="BT1856" LABEL="MainZone-Entry" DESCRIPTION="block type MainZone-Entry"/><OtherTag ID="BT1857" LABEL="MainZone-Entry-Continued" DESCRIPTION="block type MainZone-Entry-Continued"/><OtherTag ID="BT1877" LABEL="GraphicZone-Decoration" DESCRIPTION="block type GraphicZone-Decoration"/><OtherTag ID="BT1894" LABEL="MainZone-Other" DESCRIPTION="block type MainZone-Other"/>
    <OtherTag ID="LT7" LABEL="CustomLine" DESCRIPTION="line type CustomLine"/><OtherTag ID="LT8" LABEL="DefaultLine" DESCRIPTION="line type DefaultLine"/><OtherTag ID="LT9" LABEL="DropCapitalLine" DESCRIPTION="line type DropCapitalLine"/><OtherTag ID="LT10" LABEL="HeadingLine" DESCRIPTION="line type HeadingLine"/><OtherTag ID="LT11" LABEL="InterlinearLine" DESCRIPTION="line type InterlinearLine"/><OtherTag ID="LT12" LABEL="MusicLine" DESCRIPTION="line type MusicLine"/><OtherTag ID="LT636" LABEL="default" DESCRIPTION="line type default"/>
  </Tags>
  <Layout>
    <Page WIDTH="1057"
          HEIGHT="1753"
          PHYSICAL_IMG_NR="82"
          ID="eSc_dummypage_">
      <PrintSpace HPOS="0"
                  VPOS="0"
                  WIDTH="1057"
                  HEIGHT="1753">
        <TextBlock HPOS="179"
                   VPOS="76"
                   WIDTH="54"
                   HEIGHT="39"
                   ID="block_4"
                   TAGREFS="BT15">
          <Shape><Polygon POINTS="233 76 233 115 179 115 179 76"/></Shape>
          <TextLine ID="line_0"
                    TAGREFS="LT8"
                    BASELINE="191 101 228 101" 
                    HPOS="191.0"
                    VPOS="72.0"
                    WIDTH="37.0"
                    HEIGHT="47.0">
            <Shape><Polygon POINTS="221 74 211 74 201 74 191 74 191 101 192 119 228 110 228 101 228 73 221 72 221 74"/></Shape>
	    <String CONTENT="90"
                    HPOS="191.0"
                    VPOS="72.0"
                    WIDTH="37.0"
                    HEIGHT="47.0"
                    WC="0.9999998211860657"></String>
          </TextLine>
        </TextBlock>
        <TextBlock HPOS="173"
                   VPOS="120"
                   WIDTH="816"
                   HEIGHT="729"
                   ID="block_3"
                   TAGREFS="BT1853">
          <Shape><Polygon POINTS="989 120 989 849 173 849 173 120"/></Shape>
          <TextLine ID="line_2"
                    TAGREFS="LT8"
                    BASELINE="176 153 972 155" 
                    HPOS="175.0"
                    VPOS="127.0"
                    WIDTH="797.0"
                    HEIGHT="47.0">
            <Shape><Polygon POINTS="954 134 944 134 935 134 925 134 915 134 906 134 896 134 886 134 876 134 867 134 857 134 847 134 837 134 828 134 818 134 808 134 798 134 789 134 779 134 769 134 759 134 750 134 740 134 730 134 720 134 711 134 701 134 691 134 681 134 672 134 662 134 652 134 642 134 633 134 623 134 613 134 604 134 594 134 584 134 574 134 565 134 555 134 545 134 535 134 526 134 516 134 506 134 496 134 487 134 477 134 467 134 457 134 448 134 438 134 428 134 418 134 409 134 399 134 389 134 379 134 370 134 360 134 350 134 340 134 331 134 321 134 311 134 302 134 292 134 282 134 272 134 263 134 253 134 243 134 233 134 224 134 214 134 204 134 194 134 185 134 176 134 176 153 175 167 387 172 388 172 389 172 390 172 397 167 401 164 458 164 464 167 468 170 469 170 470 170 471 170 472 170 484 167 493 165 504 167 529 172 530 172 562 167 576 165 827 165 830 167 842 173 843 173 844 174 904 174 904 173 905 173 906 173 913 167 915 166 970 166 972 155 970 127 954 127 954 134"/></Shape>
	    <String CONTENT="mum, ſimpliciter quidam danarunt nuptias:"
                    HPOS="175.0"
                    VPOS="127.0"
                    WIDTH="797.0"
                    HEIGHT="47.0"
                    WC="0.9987485103490876"></String>
          </TextLine>
          <TextLine ID="line_3"
                    TAGREFS="LT8"
                    BASELINE="177 201 974 204" 
                    HPOS="176.0"
                    VPOS="163.0"
                    WIDTH="798.0"
                    HEIGHT="55.0">
            <Shape><Polygon POINTS="177 201 176 214 972 218 974 204 974 166 954 165 953 165 952 165 951 165 950 166 939 174 809 174 793 167 791 166 790 166 789 166 788 166 785 167 771 174 738 174 702 168 683 165 682 165 681 165 675 168 666 172 661 168 656 164 655 164 654 164 653 164 607 168 587 170 580 169 565 164 564 164 563 164 529 169 521 170 519 169 511 164 510 164 509 164 508 164 477 169 476 169 453 164 453 164 452 164 440 170 436 171 429 170 411 166 410 166 382 170 375 171 373 170 363 165 362 165 361 165 293 171 286 171 285 171 273 163 272 163 271 163 216 163 215 163 177 171 177 201"/></Shape>
	    <String CONTENT="alii ſecundum quid, hoc eſt, eos qui nati ad"
                    HPOS="176.0"
                    VPOS="163.0"
                    WIDTH="798.0"
                    HEIGHT="55.0"
                    WC="0.9876321703195572"></String>
          </TextLine>
          <TextLine ID="line_4"
                    TAGREFS="LT8"
                    BASELINE="178 252 973 252" 
                    HPOS="178"
                    VPOS="213"
                    WIDTH="795"
                    HEIGHT="56">
            <Shape><Polygon POINTS="178 263 385 268 386 268 497 263 519 262 521 263 528 268 529 268 530 268 531 269 636 269 636 268 637 268 638 268 645 262 647 262 666 267 667 267 668 267 669 267 680 262 682 262 765 262 766 262 773 267 774 267 775 267 776 267 777 267 788 262 791 262 834 267 835 267 972 261 973 252 970 213 944 221 896 216 895 216 831 221 814 214 812 214 811 214 810 214 809 214 808 215 795 222 739 222 730 215 729 215 728 215 727 215 726 215 725 215 719 220 705 216 702 215 701 215 700 215 699 215 695 216 679 220 670 216 662 213 661 213 622 213 621 213 620 213 609 217 602 219 574 217 544 215 543 215 542 215 534 218 524 221 508 218 484 213 483 213 482 213 472 218 466 221 455 218 446 216 445 216 444 216 443 216 437 219 432 221 426 219 410 213 409 213 408 213 379 219 370 222 312 222 309 220 295 213 294 213 234 213 233 213 232 213 218 221 217 222 178 222 178 252"/></Shape>
	    <String CONTENT="cœlibatum non ſunt, contra naturam voto"
                    HPOS="178"
                    VPOS="213"
                    WIDTH="795"
                    HEIGHT="56"
                    WC="0.9974592297505109"></String>
          </TextLine>
          <TextLine ID="line_5"
                    TAGREFS="LT8"
                    BASELINE="179 298 969 300" 
                    HPOS="178.0"
                    VPOS="259.0"
                    WIDTH="791.0"
                    HEIGHT="60.0">
            <Shape><Polygon POINTS="179 298 178 309 204 317 205 317 206 318 358 318 358 317 359 317 360 317 369 311 370 311 372 311 385 315 386 315 387 315 414 312 437 309 477 312 531 317 532 317 550 313 556 312 560 313 569 317 570 317 571 317 572 317 579 313 586 310 634 311 638 314 642 318 643 318 644 318 645 318 673 314 705 310 797 310 814 316 815 316 816 316 817 316 820 316 843 310 854 316 858 318 859 318 860 319 904 319 904 318 905 318 906 318 906 317 913 312 921 317 924 318 925 318 926 318 927 318 931 317 950 311 966 317 969 300 969 265 961 260 960 260 959 260 933 260 932 260 931 260 907 266 899 270 821 270 816 267 803 260 802 260 801 260 800 260 759 264 753 260 752 260 751 260 689 260 688 260 687 260 686 260 679 264 674 260 673 260 672 260 671 260 670 260 647 267 642 268 639 267 614 260 613 260 566 259 565 259 564 259 546 267 543 268 530 267 473 261 472 261 447 267 443 268 439 267 411 259 410 259 409 259 408 259 407 259 395 267 393 269 283 269 281 267 271 261 270 261 269 261 226 259 225 259 224 259 205 267 203 268 179 268 179 298"/></Shape>
	    <String CONTENT="caſtitatis conſtrinxerunt, quòd adeo rigidè"
                    HPOS="178.0"
                    VPOS="259.0"
                    WIDTH="791.0"
                    HEIGHT="60.0"
                    WC="0.9906314399507311"></String>
          </TextLine>
          <TextLine ID="line_6"
                    TAGREFS="LT8"
                    BASELINE="179 348 959 350" 
                    HPOS="178.0"
                    VPOS="311.0"
                    WIDTH="781.0"
                    HEIGHT="55.0">
            <Shape><Polygon POINTS="179 348 178 359 251 365 252 366 416 366 416 365 435 362 447 360 485 362 530 365 531 365 544 363 559 360 573 363 587 366 588 366 631 364 674 361 682 364 688 366 689 366 690 366 714 364 752 361 792 365 805 366 806 366 817 365 856 361 872 366 874 366 875 366 876 366 882 366 926 361 957 366 959 350 958 322 865 321 851 312 850 312 849 312 848 312 762 318 705 312 704 312 663 319 651 321 645 319 631 314 630 314 629 314 628 314 627 314 620 319 618 321 576 321 572 319 564 311 563 311 562 311 561 311 520 312 519 312 518 312 510 318 508 320 503 318 487 311 486 311 485 311 428 317 404 321 316 321 309 317 306 314 305 314 304 314 303 314 302 314 297 316 287 321 224 321 216 316 209 311 208 311 207 311 206 311 179 315 179 348"/></Shape>
	    <String CONTENT="ſeruant, vt potiùs admittant ſcortationem,"
                    HPOS="178.0"
                    VPOS="311.0"
                    WIDTH="781.0"
                    HEIGHT="55.0"
                    WC="0.9944586989491485"></String>
          </TextLine>
          <TextLine ID="line_7"
                    TAGREFS="LT8"
                    BASELINE="178 396 960 398" 
                    HPOS="177.0"
                    VPOS="359.0"
                    WIDTH="783.0"
                    HEIGHT="57.0">
            <Shape><Polygon POINTS="178 396 177 409 192 415 193 415 194 415 237 410 308 415 309 415 405 410 430 415 431 415 432 415 433 415 441 409 442 409 445 409 476 413 477 413 540 409 549 409 551 409 576 416 577 416 578 416 612 411 670 416 671 416 672 416 686 410 725 410 748 416 749 416 750 416 904 410 929 416 930 416 931 416 932 416 959 409 960 398 959 369 906 369 906 368 882 360 881 360 880 360 829 366 813 360 812 360 719 360 718 360 717 360 688 368 686 369 646 369 644 368 620 360 619 360 618 360 583 366 564 359 563 359 542 359 541 359 540 359 539 359 529 367 507 362 506 362 469 367 468 367 451 360 450 360 449 360 448 360 422 367 421 368 366 368 365 367 355 361 354 361 353 361 352 361 351 361 337 367 336 367 335 367 302 359 302 359 301 359 273 367 271 368 249 368 247 367 236 359 235 359 234 359 233 359 178 366 178 396"/></Shape>
	    <String CONTENT="quàm legitimum coniugium. Quo in errore"
                    HPOS="177.0"
                    VPOS="359.0"
                    WIDTH="783.0"
                    HEIGHT="57.0"
                    WC="0.9978570133447647"></String>
          </TextLine>
          <TextLine ID="line_8"
                    TAGREFS="LT8"
                    BASELINE="177 447 961 449" 
                    HPOS="176.0"
                    VPOS="407.0"
                    WIDTH="785.0"
                    HEIGHT="58.0">
            <Shape><Polygon POINTS="177 447 176 459 263 463 264 463 264 463 274 460 287 457 304 460 319 463 320 463 321 463 322 463 326 461 332 457 361 461 378 463 379 463 389 461 409 457 427 461 439 464 440 465 546 465 546 464 547 464 551 462 562 458 641 458 654 463 657 464 658 464 659 464 660 464 663 463 680 458 688 463 689 463 690 463 691 463 735 459 766 464 775 465 776 465 777 465 779 464 790 459 864 459 889 465 891 465 892 465 893 465 894 465 918 459 959 465 961 449 959 416 914 416 912 415 902 409 901 409 900 409 852 409 851 409 850 409 838 414 830 409 830 409 829 409 785 409 784 409 783 409 770 415 767 417 723 417 717 415 692 409 691 409 690 409 689 409 677 414 676 416 628 416 614 414 535 408 534 408 502 414 496 415 495 414 487 408 486 408 485 408 484 408 445 411 437 407 436 407 435 407 434 407 397 413 393 414 388 413 354 407 353 407 352 407 351 407 341 413 339 415 212 415 209 413 198 408 197 408 196 408 195 408 177 412 177 447"/></Shape>
	    <String CONTENT="fuerunt olim Tatiani, Marcionitæ, Manichæi,"
                    HPOS="176.0"
                    VPOS="407.0"
                    WIDTH="785.0"
                    HEIGHT="58.0"
                    WC="0.9881536198216815"></String>
          </TextLine>
          <TextLine ID="line_9"
                    TAGREFS="LT8"
                    BASELINE="178 498 970 495" 
                    HPOS="177.0"
                    VPOS="454.0"
                    WIDTH="793.0"
                    HEIGHT="60.0">
            <Shape><Polygon POINTS="178 498 179 513 191 509 212 513 218 514 219 514 220 514 222 513 232 508 267 513 276 514 277 514 285 513 313 508 329 513 333 514 334 514 335 514 342 513 370 508 422 513 440 514 441 514 442 514 446 513 460 507 504 512 505 512 564 507 594 512 600 513 601 513 615 512 687 507 759 512 766 512 767 512 771 512 809 507 863 512 870 512 871 512 872 512 873 512 881 507 899 512 901 512 902 512 903 512 904 512 906 512 922 506 969 511 970 495 968 464 849 464 844 463 798 454 797 454 796 454 776 462 773 463 763 462 706 454 705 454 704 454 679 461 668 464 656 461 635 456 634 456 633 456 632 456 626 460 566 455 566 455 534 456 533 456 532 456 527 460 520 465 481 465 474 460 467 455 466 455 465 455 464 455 438 459 428 461 417 459 398 456 397 456 396 456 395 456 391 459 388 462 385 459 381 456 380 456 379 456 378 456 339 459 305 461 289 458 274 456 273 456 272 456 267 458 253 465 177 458 178 498"/></Shape>
	    <String CONTENT="&amp; noſtri hodie Pontificii. De Manichæorum"
                    HPOS="177.0"
                    VPOS="454.0"
                    WIDTH="793.0"
                    HEIGHT="60.0"
                    WC="0.9979098918961316"></String>
          </TextLine>
          <TextLine ID="line_10"
                    TAGREFS="LT8"
                    BASELINE="180 548 972 544" 
                    HPOS="179.0"
                    VPOS="503.0"
                    WIDTH="793.0"
                    HEIGHT="60.0">
            <Shape><Polygon POINTS="180 548 180 558 277 563 278 563 378 557 391 557 392 557 398 561 399 561 400 561 401 561 434 558 451 562 452 562 453 562 453 562 473 557 475 557 479 557 550 562 551 562 579 556 582 556 584 556 599 561 600 561 601 561 635 556 638 556 639 556 652 561 653 561 654 561 655 561 656 561 664 556 665 556 681 560 682 560 683 561 683 560 684 560 702 556 703 556 704 556 735 560 736 561 818 561 818 560 819 560 820 560 827 556 925 560 926 560 971 554 972 544 970 512 931 503 872 503 871 503 870 503 869 503 861 510 844 503 843 503 805 503 804 503 803 503 786 511 738 504 737 504 703 513 632 513 616 504 615 504 575 504 574 504 573 504 551 514 500 514 489 505 488 505 487 505 486 505 485 505 467 510 461 505 460 505 459 505 395 505 394 505 393 505 376 515 332 515 302 506 301 506 300 506 299 506 298 506 286 515 263 515 245 506 244 506 243 506 242 506 241 506 230 515 179 515 180 548"/></Shape>
	    <String CONTENT="rationibus vide Auguſt. de moribus Eccleſiæ"
                    HPOS="179.0"
                    VPOS="503.0"
                    WIDTH="793.0"
                    HEIGHT="60.0"
                    WC="0.9953356232754019"></String>
          </TextLine>
          <TextLine ID="line_11"
                    TAGREFS="LT8"
                    BASELINE="180 595 974 593" 
                    HPOS="179.0"
                    VPOS="554.0"
                    WIDTH="795.0"
                    HEIGHT="60.0">
            <Shape><Polygon POINTS="180 595 180 605 232 610 233 610 259 605 263 605 408 605 409 605 418 613 419 613 420 613 421 613 422 613 437 607 506 613 507 613 508 613 509 613 519 605 533 613 534 613 535 614 559 614 559 613 599 605 611 612 612 612 613 613 690 613 690 612 691 612 716 604 717 604 718 604 741 612 742 612 743 612 794 606 827 612 828 612 829 612 830 612 839 604 856 611 857 611 858 611 973 603 974 593 972 565 872 564 855 554 854 554 853 554 820 554 819 554 818 554 782 564 750 556 749 556 748 556 747 556 729 564 722 559 721 559 720 559 719 559 718 559 709 562 698 554 697 554 696 554 659 554 658 554 657 554 627 564 613 554 612 554 611 554 595 554 594 554 593 554 571 565 555 558 554 558 553 558 513 565 499 555 498 555 497 555 483 555 482 555 481 555 480 555 465 566 435 566 398 555 397 555 337 555 336 555 335 555 314 563 301 555 300 555 299 555 235 555 234 555 233 555 232 555 218 566 179 566 180 595"/></Shape>
	    <String CONTENT="catholicæ lib.1.cap.35. Epiphanium, Irenæ¬"
                    HPOS="179.0"
                    VPOS="554.0"
                    WIDTH="795.0"
                    HEIGHT="60.0"
                    WC="0.9908266337144942"></String>
          </TextLine>
          <TextLine ID="line_12"
                    TAGREFS="LT8"
                    BASELINE="182 644 980 641" 
                    HPOS="181.0"
                    VPOS="605.0"
                    WIDTH="799.0"
                    HEIGHT="56.0">
            <Shape><Polygon POINTS="182 644 182 661 227 655 247 661 248 661 249 661 250 661 255 661 297 655 321 660 327 661 328 661 350 660 447 654 465 659 466 659 467 659 468 659 481 659 585 654 603 658 614 660 615 660 628 658 645 654 660 657 671 660 672 660 673 660 693 657 720 653 745 657 763 659 764 659 785 656 801 654 809 656 820 659 821 659 822 659 979 654 980 641 978 614 922 605 886 605 885 605 884 605 868 612 851 605 850 605 849 605 848 605 830 613 829 613 827 613 776 605 775 605 774 605 755 613 754 614 711 615 602 615 591 612 571 608 570 608 553 612 544 614 541 612 534 606 533 606 532 606 531 606 504 612 492 614 481 612 456 606 455 606 419 607 418 607 417 607 413 611 407 616 359 616 353 611 348 607 347 607 346 607 277 607 276 607 275 607 274 607 269 611 264 615 181 611 182 644"/></Shape>
	    <String CONTENT="um, &amp; alios. Nos de matrimonio &amp; cœliba¬"
                    HPOS="181.0"
                    VPOS="605.0"
                    WIDTH="799.0"
                    HEIGHT="56.0"
                    WC="0.9994960755109787"></String>
          </TextLine>
          <TextLine ID="line_13"
                    TAGREFS="LT8"
                    BASELINE="181 693 979 693" 
                    HPOS="181.0"
                    VPOS="654.0"
                    WIDTH="798.0"
                    HEIGHT="57.0">
            <Shape><Polygon POINTS="181 693 181 703 228 703 229 703 240 710 241 710 242 710 243 711 291 711 291 710 292 710 321 703 322 703 324 703 348 710 349 710 350 711 402 711 402 710 403 710 422 704 450 710 451 710 452 710 506 706 530 710 531 710 568 704 574 703 578 704 600 710 601 710 602 710 629 709 630 709 631 709 640 704 642 703 854 703 866 705 889 709 890 709 891 709 900 705 904 703 915 705 939 709 940 709 979 705 979 693 978 654 903 665 875 655 872 654 871 654 870 654 858 655 830 659 813 656 801 654 800 654 799 654 795 656 779 666 758 666 744 657 738 654 737 654 717 654 716 654 715 654 707 658 690 665 669 665 660 658 654 654 653 654 652 654 651 654 611 655 610 655 609 655 604 659 601 662 587 659 560 654 559 654 558 654 557 654 549 660 540 666 474 666 458 661 435 655 434 655 433 655 432 655 431 655 420 662 415 666 368 666 361 663 340 655 339 655 339 655 338 655 316 663 284 656 283 656 282 656 258 664 255 666 181 666 181 693"/></Shape>
	    <String CONTENT="tu egimus quoque in Locis noſtris: vide etiã"
                    HPOS="181.0"
                    VPOS="654.0"
                    WIDTH="798.0"
                    HEIGHT="57.0"
                    WC="0.9994067192077637"></String>
          </TextLine>
          <TextLine ID="line_14"
                    TAGREFS="LT8"
                    BASELINE="181 743 978 743" 
                    HPOS="181.0"
                    VPOS="703.0"
                    WIDTH="797.0"
                    HEIGHT="59.0">
            <Shape><Polygon POINTS="181 743 181 755 232 761 233 761 291 755 306 754 321 755 378 761 379 761 433 756 467 761 468 761 469 761 470 761 478 755 499 761 500 761 501 761 569 755 578 754 580 754 594 761 595 761 596 762 640 762 640 761 641 761 663 754 666 754 825 754 827 754 861 761 862 761 863 761 881 754 882 754 918 759 919 759 920 759 921 759 928 754 978 754 978 743 978 713 906 703 905 703 792 712 776 703 775 703 774 703 745 703 744 703 743 703 742 703 734 708 717 705 717 705 716 705 715 705 683 712 663 703 662 703 661 703 660 703 645 708 638 703 637 703 636 703 574 703 573 703 572 703 532 712 513 712 499 703 498 703 497 703 496 703 495 703 470 710 444 703 443 703 442 703 441 703 403 712 361 704 360 704 359 704 342 712 297 707 296 707 237 712 215 704 214 704 213 704 212 704 211 704 198 713 181 713 181 743"/></Shape>
	    <String CONTENT="elegantem epiſtolam Cypriani lib.1.epiſt.11."
                    HPOS="181.0"
                    VPOS="703.0"
                    WIDTH="797.0"
                    HEIGHT="59.0"
                    WC="0.986951616677371"></String>
          </TextLine>
          <TextLine ID="line_15"
                    TAGREFS="LT8"
                    BASELINE="183 790 979 788" 
                    HPOS="182.0"
                    VPOS="751.0"
                    WIDTH="797.0"
                    HEIGHT="62.0">
            <Shape><Polygon POINTS="183 790 185 809 190 804 242 804 252 809 260 812 261 812 262 813 312 813 312 812 313 812 314 812 318 809 320 807 331 809 350 812 351 812 352 812 353 812 357 809 362 806 411 809 467 812 468 812 483 809 505 804 535 808 536 808 580 803 593 809 598 811 599 811 600 811 620 809 675 803 704 809 715 811 716 811 717 811 720 809 732 803 762 809 772 811 773 811 783 809 812 803 977 809 979 788 978 760 946 751 945 751 914 751 913 751 912 751 911 751 900 759 900 760 818 760 817 759 809 754 808 754 807 754 806 754 768 759 766 759 765 759 737 751 736 751 657 751 656 751 621 759 618 760 595 760 593 759 581 752 580 752 545 752 544 752 543 752 542 752 533 758 531 760 526 758 514 755 513 755 512 755 456 758 439 759 437 758 429 754 428 754 427 754 406 758 396 760 390 758 376 752 375 752 345 752 344 752 343 752 333 758 328 761 228 761 224 758 216 752 215 752 214 752 213 752 182 757 183 790"/></Shape>
	    <String CONTENT="de virginibus quæ votum caſtitatis non ſer¬"
                    HPOS="182.0"
                    VPOS="751.0"
                    WIDTH="797.0"
                    HEIGHT="62.0"
                    WC="0.9990842328515164"></String>
          </TextLine>
          <TextLine ID="line_16"
                    TAGREFS="LT8"
                    BASELINE="186 842 327 841" 
                    HPOS="185"
                    VPOS="797"
                    WIDTH="141"
                    HEIGHT="56">
            <Shape><Polygon POINTS="324 853 326 839 323 810 267 810 260 806 248 797 247 797 245 797 244 797 217 801 198 806 185 800 185 841 185 851"/></Shape>
	    <String CONTENT="uabant."
                    HPOS="185"
                    VPOS="797"
                    WIDTH="141"
                    HEIGHT="56"
                    WC="0.9984471797943115"></String>
          </TextLine>
        </TextBlock>
        <TextBlock HPOS="350"
                   VPOS="66"
                   WIDTH="459"
                   HEIGHT="45"
                   ID="block_0"
                   TAGREFS="BT18">
          <Shape><Polygon POINTS="809 66 809 111 350 111 350 66"/></Shape>
          <TextLine ID="line_1"
                    TAGREFS="LT10"
                    BASELINE="350 99 804 97" 
                    HPOS="349"
                    VPOS="64"
                    WIDTH="455"
                    HEIGHT="49">
            <Shape><Polygon POINTS="779 67 767 67 766 66 761 64 758 64 749 64 739 64 729 64 719 64 710 64 700 64 693 64 685 65 674 66 671 65 668 64 661 64 651 64 641 64 632 64 622 64 612 64 603 64 593 64 583 64 573 64 564 64 554 64 544 64 534 64 525 64 515 64 505 64 503 64 486 66 480 64 476 64 466 64 456 64 447 64 437 64 427 64 417 64 408 64 398 64 392 64 384 67 367 64 359 64 349 64 350 99 350 113 381 113 381 112 382 112 383 112 389 107 401 112 402 112 403 112 404 112 427 107 543 112 550 112 551 112 552 112 553 112 576 106 590 111 591 111 592 111 593 111 608 106 662 111 663 111 739 106 768 111 769 111 770 111 771 111 776 107 781 111 782 111 783 111 784 112 803 112 804 97 802 67 790 67 788 90"/></Shape>
	    <String CONTENT="COMMENTARII"
                    HPOS="349"
                    VPOS="64"
                    WIDTH="455"
                    HEIGHT="49"
                    WC="0.9995542873035778"></String>
          </TextLine>
        </TextBlock>
        <TextBlock HPOS="184"
                   VPOS="855"
                   WIDTH="809"
                   HEIGHT="342"
                   ID="block_6"
                   TAGREFS="BT1851">
          <Shape><Polygon POINTS="993 855 993 1197 184 1197 184 855"/></Shape>
          <TextLine ID="line_17"
                    TAGREFS="LT8"
                    BASELINE="227 891 973 888" 
                    HPOS="227"
                    VPOS="846"
                    WIDTH="746"
                    HEIGHT="62">
            <Shape><Polygon POINTS="971 854 941 848 940 848 939 848 924 853 903 846 902 846 901 846 900 846 878 853 876 853 873 853 829 846 828 846 768 852 757 853 755 852 744 846 743 846 742 846 672 847 671 847 660 852 653 854 604 851 536 847 535 847 508 850 474 855 462 850 456 848 455 848 454 848 453 848 447 850 432 855 322 849 291 848 290 848 283 849 253 855 227 849 227 891 228 907 241 901 323 901 335 906 336 906 337 906 399 901 412 907 415 908 415 908 416 908 450 907 540 903 564 907 567 907 568 907 571 907 595 901 605 907 606 907 607 907 608 908 723 908 723 907 724 907 726 907 755 899 897 899 915 906 916 906 917 907 972 907 973 888 971 854"/></Shape>
	    <String CONTENT="11. De ciborum delectu, de quo vide Aug."
                    HPOS="227"
                    VPOS="846"
                    WIDTH="746"
                    HEIGHT="62"
                    WC="0.9851136282086372"></String>
          </TextLine>
          <TextLine ID="line_18"
                    TAGREFS="LT8"
                    BASELINE="185 938 981 938" 
                    HPOS="185"
                    VPOS="903"
                    WIDTH="796"
                    HEIGHT="54">
            <Shape><Polygon POINTS="185 938 185 949 206 956 207 956 208 956 296 955 297 955 307 950 319 956 320 956 321 956 354 951 387 956 388 957 597 957 597 956 598 956 612 950 672 956 673 956 674 956 688 950 716 955 717 955 917 950 950 956 951 956 981 949 981 938 981 903 185 903 185 938"/></Shape>
	    <String CONTENT="epiſt. 86.ad Caſulanũ, &amp; li.2. de morib. Eccle"
                    HPOS="185"
                    VPOS="903"
                    WIDTH="796"
                    HEIGHT="54"
                    WC="0.990600807869688"></String>
          </TextLine>
          <TextLine ID="line_19"
                    TAGREFS="LT8"
                    BASELINE="184 987 979 989" 
                    HPOS="184"
                    VPOS="946"
                    WIDTH="795"
                    HEIGHT="61">
            <Shape><Polygon POINTS="977 951 895 959 875 950 874 950 873 950 871 950 834 956 813 950 808 948 807 948 752 948 751 948 750 948 747 949 724 960 690 960 668 951 667 951 620 948 603 948 602 948 601 948 600 948 582 959 567 950 566 950 566 950 565 950 564 950 552 954 499 948 491 947 490 947 490 947 488 948 469 953 453 947 453 947 452 947 451 947 450 947 449 947 441 952 396 948 395 948 394 948 393 948 376 959 250 959 238 949 237 949 236 949 235 949 234 949 218 955 185 946 184 987 184 1000 220 998 226 1001 234 1005 235 1005 236 1005 237 1005 247 1001 249 1000 251 1001 263 1007 264 1007 264 1007 308 1007 308 1007 309 1007 310 1007 317 1001 336 1007 337 1007 338 1007 444 1007 444 1007 445 1007 446 1007 453 1002 476 1006 477 1006 478 1006 491 1002 494 1001 495 1002 501 1007 502 1007 503 1007 504 1007 531 1007 531 1007 565 1002 584 999 602 1002 632 1007 633 1007 634 1007 652 1002 663 999 669 1002 678 1007 679 1007 679 1007 680 1007 696 1002 706 1000 716 1003 735 1007 736 1007 737 1007 771 1003 789 1000 796 1003 805 1006 806 1006 807 1006 808 1006 819 1003 832 999 839 1003 840 1004 841 1004 842 1004 843 1004 844 1004 847 1003 856 999 876 1003 887 1005 888 1005 889 1005 890 1005 892 1003 900 999 977 1003 979 989 977 951"/></Shape>
	    <String CONTENT="ſiæ cap.13. vbi delicatã abſtinentiã dãnat, præ"
                    HPOS="184"
                    VPOS="946"
                    WIDTH="795"
                    HEIGHT="61"
                    WC="0.9907262778282165"></String>
          </TextLine>
          <TextLine ID="line_20"
                    TAGREFS="LT8"
                    BASELINE="184 1036 980 1038" 
                    HPOS="183.0"
                    VPOS="996.0"
                    WIDTH="797.0"
                    HEIGHT="58.0">
            <Shape><Polygon POINTS="184 1036 183 1045 298 1047 311 1053 312 1053 313 1054 485 1054 485 1053 486 1053 503 1048 506 1047 550 1048 572 1048 580 1054 581 1054 582 1054 583 1054 636 1048 643 1048 654 1048 725 1054 726 1054 727 1054 738 1049 741 1048 978 1050 980 1038 978 1006 940 1007 936 1005 927 998 926 998 925 998 902 998 901 998 900 998 899 998 889 1004 885 1007 863 1004 820 998 819 998 818 998 804 1003 794 1007 767 1003 748 1000 747 1000 746 1000 739 1002 726 1007 706 1002 687 998 686 998 685 998 684 998 679 1002 673 1007 660 1002 651 998 650 998 649 998 618 1001 604 1002 592 1001 564 997 563 997 562 997 549 1000 526 1006 493 999 480 997 479 997 452 999 451 999 450 999 440 1007 397 1007 373 999 372 999 371 999 370 999 346 1006 331 997 330 997 329 997 328 997 327 997 326 997 313 1007 266 1007 241 999 240 999 239 999 238 999 223 1006 213 998 212 998 211 998 184 996 184 1036"/></Shape>
	    <String CONTENT="ferẽs ei ſuillæ etiã carnisvsũ. In Locis noſtris"
                    HPOS="183.0"
                    VPOS="996.0"
                    WIDTH="797.0"
                    HEIGHT="58.0"
                    WC="0.9825513468069189"></String>
          </TextLine>
          <TextLine ID="line_21"
                    TAGREFS="LT8"
                    BASELINE="186 1085 985 1085" 
                    HPOS="186.0"
                    VPOS="1045.0"
                    WIDTH="799.0"
                    HEIGHT="59.0">
            <Shape><Polygon POINTS="186 1085 186 1099 290 1103 291 1103 292 1103 303 1100 316 1097 321 1100 324 1102 325 1102 326 1102 410 1103 411 1103 433 1101 465 1097 471 1101 474 1103 475 1103 476 1103 477 1103 489 1101 507 1097 512 1101 514 1103 515 1103 516 1103 517 1104 668 1104 668 1103 669 1103 674 1102 690 1097 718 1102 725 1103 726 1103 727 1103 728 1103 729 1102 738 1097 836 1097 864 1103 867 1103 868 1103 876 1103 960 1097 983 1103 985 1085 983 1045 960 1053 937 1046 936 1046 935 1046 934 1046 920 1053 888 1046 882 1045 854 1045 853 1045 852 1045 849 1046 837 1053 810 1047 801 1045 800 1045 799 1045 794 1047 778 1053 768 1047 765 1045 764 1045 763 1045 762 1045 739 1047 716 1050 698 1048 677 1045 676 1045 675 1045 674 1045 669 1048 661 1053 644 1048 636 1046 635 1046 634 1046 633 1046 622 1049 605 1053 597 1049 594 1048 593 1048 489 1045 488 1045 487 1045 486 1045 479 1050 475 1054 415 1054 408 1051 391 1046 390 1046 389 1046 388 1046 376 1051 372 1054 296 1054 291 1052 256 1045 255 1045 254 1045 226 1053 226 1054 186 1054 186 1085"/></Shape>
	    <String CONTENT="explicata eſt mea ſententia de ciborũ delectu"
                    HPOS="186.0"
                    VPOS="1045.0"
                    WIDTH="799.0"
                    HEIGHT="59.0"
                    WC="0.9991426429022914"></String>
          </TextLine>
          <TextLine ID="line_22"
                    TAGREFS="LT8"
                    BASELINE="184 1135 758 1132 983 1136" 
                    HPOS="183.0"
                    VPOS="1095.0"
                    WIDTH="800.0"
                    HEIGHT="61.0">
            <Shape><Polygon POINTS="184 1135 184 1148 208 1155 209 1155 210 1155 242 1149 251 1156 252 1156 253 1156 254 1156 339 1151 356 1156 357 1156 358 1156 359 1156 360 1156 369 1150 377 1155 378 1155 379 1155 380 1155 391 1150 458 1155 459 1155 460 1155 480 1150 483 1149 488 1150 522 1156 523 1156 610 1150 644 1148 653 1150 671 1155 672 1155 673 1155 713 1154 714 1154 715 1154 719 1150 724 1148 798 1148 804 1151 812 1155 813 1155 814 1155 983 1151 983 1136 982 1104 946 1095 945 1095 944 1095 914 1104 864 1104 853 1096 852 1096 851 1096 850 1096 787 1102 767 1095 766 1095 726 1095 725 1095 724 1095 709 1104 650 1104 630 1096 629 1096 628 1096 627 1096 611 1103 576 1096 575 1096 528 1103 518 1096 517 1096 516 1096 491 1096 490 1096 490 1096 468 1104 467 1104 466 1104 421 1096 420 1096 419 1096 393 1104 392 1105 317 1105 317 1104 298 1096 297 1096 296 1096 269 1102 253 1096 252 1096 251 1096 250 1096 249 1096 237 1104 237 1105 183 1105 184 1135"/></Shape>
	    <String CONTENT="ex ſcripturæ fontibus. Rom.14. Matth.15. Co"
                    HPOS="183.0"
                    VPOS="1095.0"
                    WIDTH="800.0"
                    HEIGHT="61.0"
                    WC="0.9931612347447595"></String>
          </TextLine>
          <TextLine ID="line_23"
                    TAGREFS="LT8"
                    BASELINE="193 1181 677 1179" 
                    HPOS="191"
                    VPOS="1145"
                    WIDTH="485"
                    HEIGHT="57">
            <Shape><Polygon POINTS="192 1180 192 1202 675 1196 676 1178 673 1146 191 1145 192 1180"/></Shape>
	    <String CONTENT="loſs.2.1.Cor.8.&amp;t.quæ vide."
                    HPOS="191"
                    VPOS="1145"
                    WIDTH="485"
                    HEIGHT="57"></String>
          </TextLine>
        </TextBlock>
        <TextBlock HPOS="252"
                   VPOS="1198"
                   WIDTH="390"
                   HEIGHT="50"
                   ID="block_2"
                   TAGREFS="BT1852">
          <Shape><Polygon POINTS="642 1198 642 1248 252 1248 252 1198"/></Shape>
          <TextLine ID="line_24"
                    TAGREFS="LT8"
                    BASELINE="256 1230 631 1232" 
                    HPOS="254"
                    VPOS="1199"
                    WIDTH="376"
                    HEIGHT="58">
            <Shape><Polygon POINTS="621 1199 606 1199 592 1199 577 1199 562 1199 548 1199 533 1199 518 1199 504 1199 489 1199 475 1199 460 1199 445 1199 440 1199 255 1199 255 1228 254 1253 381 1246 431 1254 442 1256 444 1256 445 1256 450 1254 459 1250 483 1254 504 1257 505 1257 507 1257 520 1254 546 1247 627 1253 630 1231 627 1199 621 1199"/></Shape>
	    <String CONTENT="Quos Deus condidit."
                    HPOS="254"
                    VPOS="1199"
                    WIDTH="376"
                    HEIGHT="58"></String>
          </TextLine>
        </TextBlock>
        <TextBlock HPOS="183"
                   VPOS="1251"
                   WIDTH="807"
                   HEIGHT="246"
                   ID="block_7"
                   TAGREFS="BT1851">
          <Shape><Polygon POINTS="990 1251 990 1497 183 1497 183 1251"/></Shape>
          <TextLine ID="line_25"
                    TAGREFS="LT8"
                    BASELINE="309 1281 980 1286" 
                    HPOS="309.0"
                    VPOS="1240.0"
                    WIDTH="671.0"
                    HEIGHT="65.0">
            <Shape><Polygon POINTS="309 1281 309 1300 401 1295 417 1300 421 1301 422 1301 423 1301 424 1301 426 1300 434 1296 443 1300 448 1302 449 1302 450 1302 488 1300 531 1297 546 1299 561 1302 562 1302 563 1302 568 1299 576 1296 583 1299 590 1303 591 1303 592 1303 615 1299 630 1297 646 1299 677 1303 678 1303 698 1299 708 1297 713 1299 724 1304 725 1304 726 1305 767 1305 767 1304 768 1304 769 1304 778 1299 779 1298 783 1298 811 1304 812 1304 813 1304 826 1298 828 1298 840 1298 969 1305 970 1305 971 1305 972 1305 979 1298 980 1286 980 1255 946 1255 945 1254 934 1244 933 1244 932 1244 915 1244 914 1244 913 1244 912 1244 898 1253 896 1254 861 1253 857 1253 848 1244 848 1243 847 1243 846 1243 845 1243 844 1243 824 1252 822 1253 820 1252 801 1243 800 1243 780 1243 779 1243 778 1243 777 1243 764 1251 760 1254 717 1254 711 1251 690 1242 689 1242 688 1242 656 1250 644 1252 627 1249 577 1241 576 1241 575 1241 562 1248 519 1241 518 1241 517 1241 516 1241 508 1247 502 1252 462 1252 451 1247 437 1241 436 1241 435 1241 434 1241 418 1246 410 1249 404 1246 392 1240 391 1240 390 1240 309 1244 309 1281"/></Shape>
	    <String CONTENT="Hactenus depicta eſt apoſtatica do¬"
                    HPOS="309.0"
                    VPOS="1240.0"
                    WIDTH="671.0"
                    HEIGHT="65.0"
                    WC="0.9967790654727391"></String>
          </TextLine>
          <TextLine ID="line_26"
                    TAGREFS="LT8"
                    BASELINE="185 1333 978 1338" 
                    HPOS="184.0"
                    VPOS="1297.0"
                    WIDTH="794.0"
                    HEIGHT="52.0">
            <Shape><Polygon POINTS="185 1333 184 1342 222 1348 223 1348 331 1344 343 1349 344 1349 345 1349 977 1347 978 1338 978 1308 947 1301 946 1301 945 1301 944 1301 931 1308 899 1308 876 1300 875 1300 874 1300 873 1300 857 1308 821 1308 722 1299 721 1299 720 1299 703 1307 670 1307 609 1298 608 1298 520 1304 502 1297 501 1297 390 1297 389 1297 388 1297 371 1305 339 1297 339 1297 338 1297 271 1305 225 1305 211 1298 210 1298 209 1298 208 1298 185 1304 185 1333"/></Shape>
	    <String CONTENT="ctrina:nunc breuiter illam confutat, nomina¬"
                    HPOS="184.0"
                    VPOS="1297.0"
                    WIDTH="794.0"
                    HEIGHT="52.0"
                    WC="0.9986936233260415"></String>
          </TextLine>
          <TextLine ID="line_27"
                    TAGREFS="LT8"
                    BASELINE="185 1382 975 1386" 
                    HPOS="185.0"
                    VPOS="1343.0"
                    WIDTH="790.0"
                    HEIGHT="55.0">
            <Shape><Polygon POINTS="185 1382 185 1398 974 1398 975 1386 974 1353 954 1355 950 1353 940 1346 939 1346 938 1346 937 1346 899 1353 889 1354 885 1353 871 1346 870 1346 802 1346 801 1346 774 1353 771 1353 769 1353 748 1345 747 1345 746 1345 716 1352 706 1345 705 1345 704 1345 664 1345 663 1345 662 1345 641 1353 637 1355 585 1355 580 1353 556 1344 555 1344 518 1344 517 1344 516 1344 515 1344 504 1353 503 1354 478 1354 477 1353 466 1344 465 1344 464 1344 463 1344 391 1351 370 1343 369 1343 368 1343 367 1343 366 1343 354 1353 242 1353 231 1347 230 1347 229 1347 185 1352 185 1382"/></Shape>
	    <String CONTENT="tim articulum de ciborum delectu. Deus illos"
                    HPOS="185.0"
                    VPOS="1343.0"
                    WIDTH="790.0"
                    HEIGHT="55.0"
                    WC="0.9955579001795162"></String>
          </TextLine>
          <TextLine ID="line_28"
                    TAGREFS="LT8"
                    BASELINE="185 1431 972 1434" 
                    HPOS="184.0"
                    VPOS="1393.0"
                    WIDTH="788.0"
                    HEIGHT="59.0">
            <Shape><Polygon POINTS="185 1431 184 1443 229 1450 230 1451 350 1451 350 1450 351 1450 352 1450 359 1445 454 1451 455 1452 509 1452 509 1451 510 1451 511 1451 518 1446 581 1446 693 1446 695 1446 716 1452 717 1452 717 1452 755 1447 771 1452 772 1452 773 1452 811 1447 828 1452 829 1452 830 1452 971 1447 972 1434 972 1407 887 1407 887 1406 871 1399 870 1399 792 1395 792 1395 791 1395 770 1406 769 1407 711 1407 709 1406 684 1394 683 1394 682 1394 681 1394 647 1405 646 1405 590 1394 589 1394 588 1394 570 1403 556 1399 555 1399 554 1399 507 1405 503 1405 502 1405 493 1398 492 1398 491 1398 490 1398 457 1403 445 1393 444 1393 443 1393 413 1393 412 1393 411 1393 390 1404 389 1405 367 1405 366 1404 352 1393 351 1393 350 1393 328 1393 327 1393 326 1393 325 1393 315 1400 299 1393 298 1393 245 1393 244 1393 243 1393 242 1393 228 1404 227 1404 185 1404 185 1431"/></Shape>
	    <String CONTENT="cõdidit, h.e de genere ſunt bonorũ ſua natu¬"
                    HPOS="184.0"
                    VPOS="1393.0"
                    WIDTH="788.0"
                    HEIGHT="59.0"
                    WC="0.9797841388246288"></String>
          </TextLine>
          <TextLine ID="line_29"
                    TAGREFS="LT8"
                    BASELINE="184 1483 910 1485" 
                    HPOS="183.0"
                    VPOS="1459.0"
                    WIDTH="727.0"
                    HEIGHT="43.0">
            <Shape><Polygon POINTS="905 1459 895 1459 885 1459 875 1459 866 1459 856 1459 846 1459 836 1459 827 1459 817 1459 807 1459 797 1459 788 1459 778 1459 768 1459 758 1459 749 1459 739 1459 729 1459 719 1459 710 1459 700 1459 690 1459 680 1459 671 1459 661 1459 651 1459 641 1459 632 1459 622 1459 612 1459 603 1459 593 1459 583 1459 573 1459 564 1459 554 1459 544 1459 534 1459 525 1459 515 1459 505 1459 495 1459 486 1459 476 1459 466 1459 456 1459 447 1459 437 1459 427 1459 417 1459 408 1459 398 1459 388 1459 378 1459 369 1459 359 1459 349 1459 339 1459 330 1459 320 1459 310 1459 301 1459 291 1459 281 1459 271 1459 262 1459 252 1459 242 1459 232 1459 223 1459 213 1459 203 1459 193 1459 184 1459 184 1483 183 1493 207 1501 208 1501 209 1502 352 1502 352 1501 353 1501 367 1495 490 1501 490 1501 544 1495 593 1502 594 1502 683 1496 702 1502 703 1502 704 1502 748 1496 822 1502 823 1502 824 1502 825 1502 833 1496 909 1496 910 1485 909 1459 905 1459"/></Shape>
	    <String CONTENT="ra:ergo non debent ſimpliciter damnari."
                    HPOS="183.0"
                    VPOS="1459.0"
                    WIDTH="727.0"
                    HEIGHT="43.0"
                    WC="0.988618302039611"></String>
          </TextLine>
        </TextBlock>
        <TextBlock HPOS="179"
                   VPOS="1498"
                   WIDTH="806"
                   HEIGHT="54"
                   ID="block_9"
                   TAGREFS="BT1851">
          <Shape><Polygon POINTS="985 1498 985 1552 179 1552 179 1498"/></Shape>
          <TextLine ID="line_30"
                    TAGREFS="LT8"
                    BASELINE="252 1534 979 1531" 
                    HPOS="251.0"
                    VPOS="1491.0"
                    WIDTH="728.0"
                    HEIGHT="74.0">
            <Shape><Polygon POINTS="252 1534 252 1549 291 1562 292 1562 293 1562 294 1562 306 1556 315 1564 316 1564 317 1564 318 1564 319 1564 320 1564 343 1550 409 1550 426 1558 427 1558 428 1558 429 1558 430 1558 438 1551 454 1564 455 1564 456 1564 457 1565 492 1565 492 1564 514 1563 515 1563 516 1563 537 1549 552 1554 553 1554 554 1554 589 1549 619 1563 620 1563 621 1563 689 1553 698 1557 699 1557 700 1557 701 1557 702 1557 714 1549 737 1555 738 1555 739 1555 740 1555 741 1555 752 1548 784 1560 785 1560 786 1560 787 1560 808 1550 833 1562 834 1562 835 1563 875 1563 875 1562 876 1562 912 1548 923 1556 924 1556 925 1556 926 1556 927 1556 928 1556 941 1547 979 1546 979 1531 978 1499 954 1491 953 1491 952 1491 951 1491 950 1491 941 1497 932 1493 931 1493 930 1493 905 1498 894 1501 831 1501 825 1497 807 1491 806 1491 805 1491 804 1491 783 1497 777 1499 771 1497 753 1491 752 1491 751 1491 727 1491 726 1491 716 1497 708 1501 702 1496 697 1492 696 1492 695 1492 677 1491 676 1491 675 1491 664 1496 654 1502 564 1502 556 1495 551 1491 550 1491 549 1491 548 1491 529 1495 523 1496 515 1495 493 1491 492 1491 491 1491 490 1491 490 1492 488 1495 479 1502 432 1494 416 1492 415 1492 415 1492 410 1494 392 1502 377 1494 376 1492 375 1492 374 1492 373 1492 372 1492 366 1494 343 1500 320 1493 315 1492 314 1492 313 1492 312 1492 311 1492 310 1493 296 1502 251 1493 252 1534"/></Shape>
	    <String CONTENT="Deinde fine bono conditi ſunt, qui eſt"
                    HPOS="251.0"
                    VPOS="1491.0"
                    WIDTH="728.0"
                    HEIGHT="74.0"
                    WC="0.984704935236981"></String>
          </TextLine>
        </TextBlock>
        <TextBlock HPOS="862"
                   VPOS="1547"
                   WIDTH="119"
                   HEIGHT="55"
                   ID="block_1"
                   TAGREFS="BT17">
          <Shape><Polygon POINTS="981 1547 981 1602 862 1602 862 1547"/></Shape>
          <TextLine ID="line_31"
                    TAGREFS="LT8"
                    BASELINE="864 1583 975 1580" 
                    HPOS="863.0"
                    VPOS="1553.0"
                    WIDTH="112.0"
                    HEIGHT="50.0">
            <Shape><Polygon POINTS="864 1583 864 1603 886 1603 886 1603 887 1603 888 1603 892 1600 904 1593 920 1597 928 1598 929 1598 954 1595 959 1599 959 1600 960 1600 961 1600 962 1600 963 1600 964 1600 975 1591 975 1580 971 1553 958 1559 927 1556 900 1554 899 1554 863 1561 864 1583"/></Shape>
	    <String CONTENT="μετά¬"
                    HPOS="863.0"
                    VPOS="1553.0"
                    WIDTH="112.0"
                    HEIGHT="50.0"></String>
          </TextLine>
        </TextBlock>
      </PrintSpace>
    </Page>
  </Layout>
</alto>
