<?xml version="1.0" encoding="UTF-8"?>
<alto xmlns:xsi="http://www.w3.org/2001/XMLSchema-instance"
      xmlns="http://www.loc.gov/standards/alto/ns-v4#"
      xsi:schemaLocation="http://www.loc.gov/standards/alto/ns-v4# http://www.loc.gov/standards/alto/v4/alto-4-2.xsd">
  <Description>
    <MeasurementUnit>pixel</MeasurementUnit>
    <sourceImageInformation>
      <fileName>bsb10313792_00110.jpg</fileName>
    </sourceImageInformation>
  </Description>
  <Tags>
    <OtherTag ID="BT7" LABEL="CustomZone" DESCRIPTION="block type CustomZone"/><OtherTag ID="BT8" LABEL="DamageZone" DESCRIPTION="block type DamageZone"/><OtherTag ID="BT9" LABEL="DigitizationArtefactZone" DESCRIPTION="block type DigitizationArtefactZone"/><OtherTag ID="BT10" LABEL="DropCapitalZone" DESCRIPTION="block type DropCapitalZone"/><OtherTag ID="BT11" LABEL="GraphicZone" DESCRIPTION="block type GraphicZone"/><OtherTag ID="BT12" LABEL="MainZone" DESCRIPTION="block type MainZone"/><OtherTag ID="BT13" LABEL="MarginTextZone" DESCRIPTION="block type MarginTextZone"/><OtherTag ID="BT14" LABEL="MusicZone" DESCRIPTION="block type MusicZone"/><OtherTag ID="BT15" LABEL="NumberingZone" DESCRIPTION="block type NumberingZone"/><OtherTag ID="BT17" LABEL="QuireMarksZone" DESCRIPTION="block type QuireMarksZone"/><OtherTag ID="BT18" LABEL="RunningTitleZone" DESCRIPTION="block type RunningTitleZone"/><OtherTag ID="BT19" LABEL="SealZone" DESCRIPTION="block type SealZone"/><OtherTag ID="BT20" LABEL="StampZone" DESCRIPTION="block type StampZone"/><OtherTag ID="BT21" LABEL="TableZone" DESCRIPTION="block type TableZone"/><OtherTag ID="BT22" LABEL="TitlePageZone" DESCRIPTION="block type TitlePageZone"/><OtherTag ID="BT1851" LABEL="MainZone-P" DESCRIPTION="block type MainZone-P"/><OtherTag ID="BT1852" LABEL="MainZone-Head" DESCRIPTION="block type MainZone-Head"/><OtherTag ID="BT1853" LABEL="MainZone-P-Continued" DESCRIPTION="block type MainZone-P-Continued"/><OtherTag ID="BT1854" LABEL="MarginTextZone-ManuscriptAddendum" DESCRIPTION="block type MarginTextZone-ManuscriptAddendum"/><OtherTag ID="BT1855" LABEL="text" DESCRIPTION="block type text"/><OtherTag ID="BT1856" LABEL="MainZone-Entry" DESCRIPTION="block type MainZone-Entry"/><OtherTag ID="BT1857" LABEL="MainZone-Entry-Continued" DESCRIPTION="block type MainZone-Entry-Continued"/><OtherTag ID="BT1877" LABEL="GraphicZone-Decoration" DESCRIPTION="block type GraphicZone-Decoration"/><OtherTag ID="BT1894" LABEL="MainZone-Other" DESCRIPTION="block type MainZone-Other"/>
    <OtherTag ID="LT7" LABEL="CustomLine" DESCRIPTION="line type CustomLine"/><OtherTag ID="LT8" LABEL="DefaultLine" DESCRIPTION="line type DefaultLine"/><OtherTag ID="LT9" LABEL="DropCapitalLine" DESCRIPTION="line type DropCapitalLine"/><OtherTag ID="LT10" LABEL="HeadingLine" DESCRIPTION="line type HeadingLine"/><OtherTag ID="LT11" LABEL="InterlinearLine" DESCRIPTION="line type InterlinearLine"/><OtherTag ID="LT12" LABEL="MusicLine" DESCRIPTION="line type MusicLine"/><OtherTag ID="LT636" LABEL="default" DESCRIPTION="line type default"/>
  </Tags>
  <Layout>
    <Page WIDTH="1057"
          HEIGHT="1748"
          PHYSICAL_IMG_NR="94"
          ID="eSc_dummypage_">
      <PrintSpace HPOS="0"
                  VPOS="0"
                  WIDTH="1057"
                  HEIGHT="1748">
        <TextBlock HPOS="195"
                   VPOS="79"
                   WIDTH="68"
                   HEIGHT="38"
                   ID="block_4"
                   TAGREFS="BT15">
          <Shape><Polygon POINTS="263 79 263 117 195 117 195 79"/></Shape>
          <TextLine ID="line_0"
                    TAGREFS="LT8"
                    BASELINE="200 101 253 103" 
                    HPOS="199"
                    VPOS="76"
                    WIDTH="73"
                    HEIGHT="46">
            <Shape><Polygon POINTS="229 76 219 76 209 76 200 76 200 101 199 119 200 120 201 120 201 121 202 121 203 121 204 121 219 114 221 113 224 114 251 122 252 122 253 122 254 122 272 113 272 103 272 83 258 83 253 80 245 76 238 76"/></Shape>
	    <String CONTENT="102"
                    HPOS="199"
                    VPOS="76"
                    WIDTH="73"
                    HEIGHT="46"
                    WC="0.9999398191769918"></String>
          </TextLine>
        </TextBlock>
        <TextBlock HPOS="373"
                   VPOS="69"
                   WIDTH="462"
                   HEIGHT="43"
                   ID="block_0"
                   TAGREFS="BT18">
          <Shape><Polygon POINTS="835 69 835 112 373 112 373 69"/></Shape>
          <TextLine ID="line_1"
                    TAGREFS="LT10"
                    BASELINE="383 101 829 100" 
                    HPOS="359"
                    VPOS="67"
                    WIDTH="470"
                    HEIGHT="51">
            <Shape><Polygon POINTS="796 67 786 67 777 67 767 67 757 67 748 67 738 67 728 67 718 67 709 67 699 67 689 67 680 67 670 67 660 67 650 67 641 67 631 67 621 67 612 67 602 67 592 67 582 67 573 67 563 67 553 67 544 67 534 67 524 67 514 67 505 67 495 67 485 67 476 67 466 67 456 67 446 67 437 67 427 67 417 67 408 67 398 67 388 67 378 67 371 67 359 67 360 101 362 118 371 111 384 117 385 117 386 117 421 111 436 117 437 117 438 118 490 118 490 117 491 117 505 111 569 111 577 117 578 117 579 117 579 118 617 118 617 117 618 117 619 117 619 116 624 112 653 117 654 117 655 117 672 111 690 117 691 117 692 118 724 118 724 117 725 117 726 117 733 111 777 117 778 117 779 117 780 117 806 111 826 117 829 100 827 67 806 67"/></Shape>
	    <String CONTENT="COMMENTARII"
                    HPOS="359"
                    VPOS="67"
                    WIDTH="470"
                    HEIGHT="51"
                    WC="0.9921667413278059"></String>
          </TextLine>
        </TextBlock>
        <TextBlock HPOS="191"
                   VPOS="125"
                   WIDTH="809"
                   HEIGHT="389"
                   ID="block_3"
                   TAGREFS="BT1853">
          <Shape><Polygon POINTS="1000 125 1000 514 191 514 191 125"/></Shape>
          <TextLine ID="line_2"
                    TAGREFS="LT8"
                    BASELINE="196 159 623 155 992 159" 
                    HPOS="195.0"
                    VPOS="118.0"
                    WIDTH="797.0"
                    HEIGHT="59.0">
            <Shape><Polygon POINTS="875 121 865 121 855 121 846 121 836 121 826 121 817 121 807 121 797 121 787 121 779 121 774 125 768 121 768 121 758 121 749 121 739 121 730 121 723 126 716 121 710 121 700 121 690 121 681 121 671 121 661 121 654 121 643 126 630 121 622 121 613 121 609 121 585 127 500 127 492 121 486 121 477 121 467 121 457 121 447 121 438 121 435 121 419 127 298 127 279 121 272 121 263 121 253 121 245 121 195 127 196 159 196 168 232 176 233 177 256 177 256 176 257 176 273 168 276 168 284 168 304 172 305 172 354 169 379 168 382 170 390 176 391 176 392 176 393 176 394 176 411 170 421 168 591 168 599 172 604 176 605 176 606 176 607 176 608 176 616 172 621 170 634 172 652 176 653 176 654 176 663 173 678 168 762 173 763 173 804 168 815 174 817 176 818 176 818 176 819 176 820 176 825 175 847 168 860 175 862 176 863 176 864 177 991 177 992 159 991 126 976 118 975 118 974 118 973 118 943 127 897 127 880 121 875 121"/></Shape>
	    <String CONTENT="cap.1.ver.15. &amp; initio cap.3.&amp; ver.16, cap.3.ta¬"
                    HPOS="195.0"
                    VPOS="118.0"
                    WIDTH="797.0"
                    HEIGHT="59.0"
                    WC="0.9824268594384193"></String>
          </TextLine>
          <TextLine ID="line_3"
                    TAGREFS="LT8"
                    BASELINE="195 207 994 204" 
                    HPOS="194.0"
                    VPOS="167.0"
                    WIDTH="800.0"
                    HEIGHT="61.0">
            <Shape><Polygon POINTS="195 207 195 219 309 219 312 220 321 227 322 227 323 227 324 228 341 228 341 227 342 227 343 227 351 221 354 219 378 219 386 221 406 227 407 227 408 227 443 221 465 218 490 222 520 226 521 226 589 222 672 218 696 223 710 226 711 226 727 224 750 220 765 224 771 225 772 225 773 225 779 224 807 217 834 224 837 225 838 225 839 225 840 225 843 224 855 220 866 225 867 225 868 225 869 225 874 225 899 220 912 225 913 225 914 225 915 226 993 226 994 204 992 177 943 177 942 176 933 169 932 169 931 169 930 169 929 169 928 169 920 176 919 177 821 177 818 175 804 167 803 167 802 167 801 167 685 168 684 168 683 168 675 173 668 178 638 178 632 173 624 168 623 168 622 168 621 168 620 168 602 173 586 178 511 178 504 172 498 168 497 168 496 168 472 168 471 168 470 168 469 168 463 171 450 179 379 179 335 170 328 169 327 169 326 169 323 170 301 178 282 172 281 172 280 172 279 172 271 176 194 169 195 207"/></Shape>
	    <String CONTENT="le hoc quoque eſt, quod in diſciplina corpo¬"
                    HPOS="194.0"
                    VPOS="167.0"
                    WIDTH="800.0"
                    HEIGHT="61.0"
                    WC="0.988018278371204"></String>
          </TextLine>
          <TextLine ID="line_4"
                    TAGREFS="LT8"
                    BASELINE="195 255 807 254 993 259" 
                    HPOS="194.0"
                    VPOS="214.0"
                    WIDTH="799.0"
                    HEIGHT="60.0">
            <Shape><Polygon POINTS="195 255 194 270 258 273 259 273 272 271 290 268 306 271 314 273 315 273 316 273 317 273 322 271 334 267 348 271 354 273 355 273 356 273 365 271 386 267 434 271 451 273 452 273 453 273 454 273 456 271 464 267 507 267 541 272 549 273 550 273 551 273 556 272 578 267 631 272 642 273 643 273 644 273 645 273 646 272 654 267 843 267 865 273 866 273 867 273 868 274 992 274 993 259 993 223 968 214 967 214 966 214 965 214 944 223 940 224 937 223 920 217 920 217 919 217 879 223 870 224 868 223 856 215 855 215 854 215 853 215 852 215 833 221 820 214 819 214 787 214 786 214 785 214 784 214 771 223 749 214 748 214 747 214 746 214 716 223 715 224 712 223 686 214 685 214 618 214 617 214 616 214 615 214 600 224 598 225 508 225 507 224 482 214 481 214 457 214 456 214 455 214 435 224 434 225 396 225 395 224 370 216 369 216 368 216 367 216 366 216 356 224 355 225 328 225 328 224 303 214 302 214 259 214 258 214 195 224 195 255"/></Shape>
	    <String CONTENT="rali ſola vera Deum colẽdi ratio ſit ſequẽda,"
                    HPOS="194.0"
                    VPOS="214.0"
                    WIDTH="799.0"
                    HEIGHT="60.0"
                    WC="0.9691710307243022"></String>
          </TextLine>
          <TextLine ID="line_5"
                    TAGREFS="LT8"
                    BASELINE="197 302 993 304" 
                    HPOS="197.0"
                    VPOS="266.0"
                    WIDTH="796.0"
                    HEIGHT="54.0">
            <Shape><Polygon POINTS="197 302 197 317 839 315 858 320 859 320 860 320 861 320 862 320 863 320 879 315 931 320 933 320 934 320 935 320 945 315 991 320 993 304 992 275 921 269 920 269 886 273 876 274 872 273 861 269 860 269 859 269 858 269 857 269 852 273 849 275 784 275 779 272 772 269 771 269 770 269 769 269 760 272 752 274 745 271 738 269 737 269 736 269 700 271 646 274 638 270 634 268 633 268 632 268 594 266 554 266 553 266 552 266 551 266 545 269 539 273 517 269 499 266 473 266 472 266 471 266 470 266 466 268 462 271 446 268 434 266 433 266 432 266 431 266 428 268 422 271 410 268 409 268 409 268 408 268 407 268 406 268 396 274 335 274 321 267 319 266 318 266 317 266 316 266 312 267 288 273 276 267 276 266 275 266 274 266 197 266 197 302"/></Shape>
	    <String CONTENT="quã vocauit εὔσέβειαν: &amp; reuera ext ra contro¬"
                    HPOS="197.0"
                    VPOS="266.0"
                    WIDTH="796.0"
                    HEIGHT="54.0"
                    WC="0.9960460817813873"></String>
          </TextLine>
          <TextLine ID="line_6"
                    TAGREFS="LT8"
                    BASELINE="197 352 991 355" 
                    HPOS="197.0"
                    VPOS="311.0"
                    WIDTH="794.0"
                    HEIGHT="61.0">
            <Shape><Polygon POINTS="197 352 197 368 410 364 420 368 427 369 428 369 429 369 468 367 502 365 507 367 515 370 516 370 517 371 602 371 602 370 603 370 604 370 610 367 613 365 715 365 726 366 770 371 771 372 829 372 829 371 830 371 849 366 851 366 977 371 978 371 979 371 990 365 991 355 990 324 961 317 960 317 959 317 948 323 947 324 914 324 913 323 900 313 899 313 898 313 897 313 841 322 834 324 785 324 777 322 726 312 725 312 724 312 702 319 683 312 682 312 681 312 590 313 589 313 574 320 569 322 506 322 501 319 488 312 487 312 486 312 458 319 456 319 455 319 440 311 439 311 438 311 399 312 398 312 397 312 389 318 385 321 363 318 318 312 317 312 316 312 306 317 304 318 303 317 287 311 286 311 271 311 270 311 269 311 268 311 259 317 252 321 197 317 197 352"/></Shape>
	    <String CONTENT="uerſiã hoc debebat apud Chriſtianos eſſe, pla"
                    HPOS="197.0"
                    VPOS="311.0"
                    WIDTH="794.0"
                    HEIGHT="61.0"
                    WC="0.9948698930118395"></String>
          </TextLine>
          <TextLine ID="line_7"
                    TAGREFS="LT8"
                    BASELINE="195 403 985 399" 
                    HPOS="194.0"
                    VPOS="363.0"
                    WIDTH="791.0"
                    HEIGHT="59.0">
            <Shape><Polygon POINTS="195 403 195 417 288 422 289 422 290 422 291 422 297 418 300 415 478 415 484 418 488 421 489 421 490 421 491 421 517 418 550 414 626 418 667 420 668 420 669 420 675 418 688 414 701 418 704 419 705 419 706 419 707 419 711 418 730 413 745 418 748 419 749 419 750 419 759 418 801 413 814 418 816 419 817 419 818 419 984 418 985 399 982 371 929 371 928 371 912 364 911 364 910 364 909 364 891 371 889 372 848 372 847 371 833 363 832 363 831 363 830 363 829 363 828 363 814 371 811 373 752 373 750 371 729 363 728 363 727 363 726 363 725 363 712 371 710 373 669 373 667 371 655 364 654 364 653 364 604 364 603 364 602 364 601 364 591 371 588 374 554 374 550 372 538 366 537 366 536 366 535 366 523 372 520 373 514 372 494 367 493 367 492 367 491 367 479 372 474 374 464 372 433 365 401 365 400 365 399 365 398 365 388 372 367 365 366 365 365 365 309 372 307 372 306 372 293 367 292 367 291 367 271 370 202 366 201 366 200 366 199 366 194 369 195 403"/></Shape>
	    <String CONTENT="nè apud omnes ὁμολογούμενον, &amp; ἀναμφισβητη¬"
                    HPOS="194.0"
                    VPOS="363.0"
                    WIDTH="791.0"
                    HEIGHT="59.0"></String>
          </TextLine>
          <TextLine ID="line_8"
                    TAGREFS="LT8"
                    BASELINE="201 451 984 451" 
                    HPOS="201.0"
                    VPOS="413.0"
                    WIDTH="783.0"
                    HEIGHT="58.0">
            <Shape><Polygon POINTS="201 451 201 467 235 464 249 468 261 470 262 470 263 470 264 470 272 468 283 464 321 464 327 468 331 470 332 470 333 470 334 471 388 471 388 470 400 468 418 464 543 469 551 469 552 469 554 469 577 464 588 469 592 470 593 470 594 470 595 470 601 469 613 466 667 470 691 470 692 470 702 470 740 464 752 470 754 470 755 470 756 470 757 470 760 470 773 466 822 470 833 470 834 470 835 470 836 470 850 464 886 464 902 470 903 470 904 470 905 471 963 471 963 470 964 470 965 470 971 466 982 470 984 451 984 423 921 415 920 415 920 415 904 422 872 417 871 417 825 422 804 416 803 416 802 416 737 422 706 413 705 413 704 413 703 413 676 423 644 423 593 413 592 413 591 413 590 413 577 423 514 423 488 413 487 413 435 413 434 413 433 413 432 413 420 422 377 417 376 417 375 417 361 422 348 413 347 413 346 413 300 413 299 413 298 413 281 420 229 413 228 413 227 413 201 422 201 451"/></Shape>
	    <String CONTENT="τὸν: ſed quis hîc non ſcrupulos mouet? quis"
                    HPOS="201.0"
                    VPOS="413.0"
                    WIDTH="783.0"
                    HEIGHT="58.0"
                    WC="0.9886940532260471"></String>
          </TextLine>
          <TextLine ID="line_9"
                    TAGREFS="LT8"
                    BASELINE="196 501 875 499" 
                    HPOS="195.0"
                    VPOS="462.0"
                    WIDTH="680.0"
                    HEIGHT="57.0">
            <Shape><Polygon POINTS="196 501 196 512 208 519 209 519 210 519 340 513 347 513 349 513 378 518 379 518 408 513 417 512 429 513 464 518 465 518 487 514 496 512 503 514 522 519 523 519 524 519 525 519 526 519 532 514 536 511 608 511 613 514 620 518 621 518 622 519 679 519 679 518 680 518 681 518 685 515 690 511 696 515 703 518 704 518 705 518 706 518 712 515 719 511 874 515 875 499 873 465 821 462 820 462 819 462 813 465 807 468 803 465 799 462 798 462 797 462 726 462 725 462 724 462 723 462 718 466 713 470 640 470 636 467 633 464 632 464 631 464 603 463 602 463 601 463 592 468 587 470 522 470 514 469 499 463 498 463 497 463 496 463 495 463 488 469 485 470 476 469 447 464 446 464 445 464 430 470 426 470 417 470 392 466 391 466 322 470 317 470 316 470 307 463 306 463 306 463 282 463 281 463 280 463 279 463 271 470 241 463 240 463 239 463 238 463 238 463 226 471 195 471 196 501"/></Shape>
	    <String CONTENT="non bonam intentionem præfert? &amp; c."
                    HPOS="195.0"
                    VPOS="462.0"
                    WIDTH="680.0"
                    HEIGHT="57.0"
                    WC="0.9952833158629281"></String>
          </TextLine>
        </TextBlock>
        <TextBlock HPOS="235"
                   VPOS="517"
                   WIDTH="589"
                   HEIGHT="53"
                   ID="block_2"
                   TAGREFS="BT1852">
          <Shape><Polygon POINTS="824 517 824 570 235 570 235 517"/></Shape>
          <TextLine ID="line_10"
                    TAGREFS="LT8"
                    BASELINE="256 552 810 554" 
                    HPOS="253"
                    VPOS="518"
                    WIDTH="556"
                    HEIGHT="50">
            <Shape><Polygon POINTS="502 518 488 518 473 518 459 518 444 518 430 518 424 518 386 521 381 518 371 518 357 518 342 518 328 518 313 518 298 518 284 518 269 518 255 518 255 550 253 568 807 566 809 553 806 520 533 522 513 518 502 518"/></Shape>
	    <String CONTENT="10 In hoc enim laboramus, &amp;c"
                    HPOS="253"
                    VPOS="518"
                    WIDTH="556"
                    HEIGHT="50"
                    WC="0.987697571516037"></String>
          </TextLine>
        </TextBlock>
        <TextBlock HPOS="177"
                   VPOS="570"
                   WIDTH="826"
                   HEIGHT="991"
                   ID="block_5"
                   TAGREFS="BT1851">
          <Shape><Polygon POINTS="1003 570 1003 1551 179 1561 177 574"/></Shape>
          <TextLine ID="line_11"
                    TAGREFS="LT8"
                    BASELINE="314 606 995 604" 
                    HPOS="314.0"
                    VPOS="563.0"
                    WIDTH="681.0"
                    HEIGHT="55.0">
            <Shape><Polygon POINTS="314 618 995 615 995 604 994 574 961 563 960 563 959 563 958 563 933 573 932 574 893 574 892 573 881 563 880 563 879 563 829 563 828 563 827 563 826 563 821 568 813 564 812 564 811 564 810 564 809 564 798 571 795 574 768 574 763 571 752 564 751 564 750 564 750 564 749 564 725 571 714 575 666 575 659 571 653 566 652 566 651 566 650 566 631 570 613 574 605 570 598 565 597 565 596 565 595 565 594 565 584 570 579 572 575 570 567 564 566 564 565 564 564 564 510 565 493 569 464 575 362 575 342 567 340 566 339 566 338 566 337 566 336 566 335 567 327 571 314 567 314 606 314 618"/></Shape>
	    <String CONTENT="Pergit in cõfirmatione ſua, addens ſu¬"
                    HPOS="314.0"
                    VPOS="563.0"
                    WIDTH="681.0"
                    HEIGHT="55.0"
                    WC="0.998358686765035"></String>
          </TextLine>
          <TextLine ID="line_12"
                    TAGREFS="LT8"
                    BASELINE="202 657 526 653 992 656" 
                    HPOS="202.0"
                    VPOS="613.0"
                    WIDTH="790.0"
                    HEIGHT="59.0">
            <Shape><Polygon POINTS="202 657 202 672 309 672 309 672 348 666 407 672 408 672 409 672 426 665 445 672 446 672 447 672 500 665 521 670 522 670 523 670 572 665 589 672 590 672 591 672 621 665 653 672 654 672 655 672 681 665 754 665 779 672 780 672 781 672 886 665 916 671 917 671 918 671 942 665 990 672 992 656 992 623 957 613 956 613 955 613 932 618 918 613 917 613 916 613 839 616 838 616 837 616 829 622 725 613 724 613 723 613 722 613 709 623 675 623 641 613 640 613 639 613 638 613 602 623 554 623 539 614 538 614 537 614 536 614 504 623 444 623 406 613 405 613 404 613 403 613 389 623 369 623 351 613 350 613 282 613 281 613 202 622 202 657"/></Shape>
	    <String CONTENT="perioribus ſuum exemplũ, ac aliorum fideliũ,"
                    HPOS="202.0"
                    VPOS="613.0"
                    WIDTH="790.0"
                    HEIGHT="59.0"></String>
          </TextLine>
          <TextLine ID="line_13"
                    TAGREFS="LT8"
                    BASELINE="199 704 994 704" 
                    HPOS="199"
                    VPOS="667"
                    WIDTH="795"
                    HEIGHT="58">
            <Shape><Polygon POINTS="199 715 212 724 213 724 214 724 215 724 216 724 246 716 289 724 290 724 291 724 309 715 409 715 422 724 423 724 424 724 425 724 495 715 549 715 565 723 566 723 567 723 568 723 600 715 744 715 784 724 784 725 909 725 909 724 948 715 962 720 963 720 964 720 994 714 994 704 994 676 972 676 972 675 960 667 959 667 958 667 957 667 956 667 934 675 929 675 808 671 807 671 786 675 784 675 768 667 767 667 766 667 765 667 735 675 733 675 732 675 717 668 716 668 715 668 701 673 692 667 691 667 690 667 665 667 664 667 663 667 662 667 651 674 649 676 622 676 619 674 605 667 604 667 603 667 499 672 484 667 483 667 482 667 481 667 464 674 460 675 375 674 375 673 358 667 357 667 356 667 320 673 309 675 297 673 262 667 261 667 199 672 199 704"/></Shape>
	    <String CONTENT="qui pro vera pietate ſola aduerſa quíque fe¬"
                    HPOS="199"
                    VPOS="667"
                    WIDTH="795"
                    HEIGHT="58"
                    WC="0.9997647047042847"></String>
          </TextLine>
          <TextLine ID="line_14"
                    TAGREFS="LT8"
                    BASELINE="196 752 993 754" 
                    HPOS="195.0"
                    VPOS="713.0"
                    WIDTH="798.0"
                    HEIGHT="59.0">
            <Shape><Polygon POINTS="196 752 195 760 232 769 233 769 269 764 335 770 336 770 376 762 384 768 385 768 386 768 387 768 388 768 411 762 459 770 460 770 461 770 490 762 559 770 560 770 561 770 591 762 623 768 624 768 625 768 639 763 652 770 653 770 654 770 655 770 670 765 679 771 680 771 681 771 681 771 728 763 775 763 794 769 795 769 796 769 797 769 815 763 827 771 828 771 829 771 830 772 883 772 883 771 926 763 992 763 993 754 992 724 942 724 942 723 919 714 918 714 917 714 916 714 891 723 891 724 867 724 867 723 846 714 845 714 844 714 843 714 818 723 818 724 751 724 750 723 739 714 738 714 737 714 617 714 616 714 615 714 596 723 594 723 592 722 564 713 563 713 562 713 488 719 461 713 460 713 418 722 417 722 415 722 383 713 382 713 381 713 380 713 379 713 368 722 367 723 272 723 271 722 257 713 256 713 255 713 237 713 236 713 235 713 234 713 224 721 196 721 196 752"/></Shape>
	    <String CONTENT="rebant, non autem pro diſciplina corporis, vt"
                    HPOS="195.0"
                    VPOS="713.0"
                    WIDTH="798.0"
                    HEIGHT="59.0"
                    WC="0.9957141611311171"></String>
          </TextLine>
          <TextLine ID="line_15"
                    TAGREFS="LT8"
                    BASELINE="197 803 993 801" 
                    HPOS="196.0"
                    VPOS="763.0"
                    WIDTH="797.0"
                    HEIGHT="60.0">
            <Shape><Polygon POINTS="197 803 197 811 242 822 243 823 373 823 373 822 435 812 450 822 451 822 452 822 453 823 481 823 481 822 482 822 511 811 625 811 652 820 653 820 654 820 655 820 684 811 698 821 699 821 700 821 701 822 716 822 716 821 716 821 749 811 761 821 762 821 763 821 764 822 832 822 832 821 833 821 834 821 847 812 901 816 902 816 903 816 919 811 942 818 943 818 944 818 993 809 993 801 991 774 932 774 931 773 911 763 910 763 888 763 887 763 886 763 867 773 864 773 780 763 718 763 717 763 716 763 697 773 695 773 685 773 649 770 648 770 569 773 509 774 496 773 469 767 468 767 467 767 455 771 446 764 445 764 444 764 401 764 400 764 399 764 378 772 342 764 341 764 340 764 320 769 311 765 310 765 309 765 308 765 307 765 300 771 249 765 248 765 196 771 197 803"/></Shape>
	    <String CONTENT="exempli cauſa pro ieiuniis, vigiliis, precib.cõ¬"
                    HPOS="196.0"
                    VPOS="763.0"
                    WIDTH="797.0"
                    HEIGHT="60.0"
                    WC="0.9909060913689283"></String>
          </TextLine>
          <TextLine ID="line_16"
                    TAGREFS="LT8"
                    BASELINE="197 852 990 848" 
                    HPOS="196.0"
                    VPOS="810.0"
                    WIDTH="794.0"
                    HEIGHT="62.0">
            <Shape><Polygon POINTS="197 852 197 864 212 864 213 864 222 871 223 871 224 871 225 872 255 872 255 871 256 871 257 871 266 864 267 864 273 864 375 871 375 871 414 863 418 863 428 863 520 870 521 870 522 870 523 870 533 863 552 869 553 869 554 869 555 869 573 863 622 869 623 869 624 869 636 863 654 869 655 869 656 869 657 869 671 862 672 862 702 862 703 862 713 868 714 868 715 868 716 868 716 868 717 868 725 862 726 861 794 861 803 861 867 868 868 868 869 868 888 861 902 868 903 868 904 869 949 869 949 868 950 868 951 868 960 861 961 861 989 861 990 848 988 820 958 812 957 812 931 817 922 810 921 810 920 810 856 810 855 810 854 810 853 810 839 819 784 815 783 815 782 815 781 815 775 820 774 820 772 820 732 814 731 814 730 814 729 814 722 820 721 821 695 821 694 820 682 811 681 811 681 811 657 811 656 811 655 811 654 811 643 820 642 821 582 821 578 820 549 812 548 812 519 812 518 812 517 812 516 812 506 820 504 821 468 820 443 820 429 812 428 812 409 812 408 812 407 812 406 812 394 820 391 822 388 820 381 817 380 817 379 817 340 820 319 822 310 821 277 813 276 813 275 813 251 819 242 813 241 813 240 813 239 813 238 813 219 819 203 814 202 814 201 814 200 814 199 814 199 815 196 817 197 852"/></Shape>
	    <String CONTENT="ceptis, non ferunt ſuas perſecutiones, ſed pro"
                    HPOS="196.0"
                    VPOS="810.0"
                    WIDTH="794.0"
                    HEIGHT="62.0"
                    WC="0.9951174609039141"></String>
          </TextLine>
          <TextLine ID="line_17"
                    TAGREFS="LT8"
                    BASELINE="198 901 988 899" 
                    HPOS="197.0"
                    VPOS="861.0"
                    WIDTH="791.0"
                    HEIGHT="53.0">
            <Shape><Polygon POINTS="198 901 198 912 987 914 988 899 987 873 893 873 892 872 865 864 864 864 863 864 862 864 847 872 816 861 815 861 763 861 762 861 761 861 726 871 705 861 704 861 703 861 702 861 663 872 661 872 647 861 646 861 645 861 644 861 605 865 604 865 603 865 593 872 590 873 584 871 572 868 571 868 570 868 569 868 568 868 563 871 559 874 477 874 475 871 462 862 461 862 460 862 399 862 398 862 397 862 396 862 385 871 381 873 358 871 355 871 344 862 343 862 342 862 341 862 301 871 290 873 279 871 265 867 264 867 263 867 197 870 198 901"/></Shape>
	    <String CONTENT="vera colendi Deum ratione, hoc eſt, cultu ve¬"
                    HPOS="197.0"
                    VPOS="861.0"
                    WIDTH="791.0"
                    HEIGHT="53.0"
                    WC="0.9832221825917562"></String>
          </TextLine>
          <TextLine ID="line_18"
                    TAGREFS="LT8"
                    BASELINE="196 952 991 948" 
                    HPOS="195.0"
                    VPOS="910.0"
                    WIDTH="796.0"
                    HEIGHT="59.0">
            <Shape><Polygon POINTS="196 952 196 962 254 962 256 962 264 969 265 969 266 969 267 969 411 962 453 961 499 961 501 962 508 968 509 968 510 968 511 968 591 962 632 960 658 960 664 962 673 967 674 967 675 967 703 962 719 960 730 962 744 966 745 966 746 966 747 966 754 962 759 960 764 962 769 966 770 966 771 966 772 966 810 962 848 959 862 962 878 966 879 966 990 962 991 948 988 919 965 919 963 919 950 910 949 910 948 910 947 910 894 915 870 910 869 910 868 910 867 910 853 919 852 920 822 920 822 919 803 910 802 910 801 910 775 911 774 911 773 911 761 920 759 920 728 920 711 920 690 911 689 911 688 911 687 911 686 911 674 920 673 921 646 921 646 920 629 912 628 912 592 911 591 911 520 918 490 913 489 913 488 913 466 921 465 921 463 921 385 914 384 914 383 914 365 921 351 914 350 914 349 914 348 914 329 919 307 913 306 913 306 913 265 921 220 916 219 916 218 916 195 922 196 952"/></Shape>
	    <String CONTENT="ro vnius Dei: ergo hic cultus ſolus reſpici"
                    HPOS="195.0"
                    VPOS="910.0"
                    WIDTH="796.0"
                    HEIGHT="59.0"
                    WC="0.9987063546513402"></String>
          </TextLine>
          <TextLine ID="line_19"
                    TAGREFS="LT8"
                    BASELINE="196 1002 989 1000" 
                    HPOS="195.0"
                    VPOS="960.0"
                    WIDTH="794.0"
                    HEIGHT="57.0">
            <Shape><Polygon POINTS="196 1002 196 1011 451 1017 452 1017 477 1013 493 1011 579 1014 644 1016 645 1016 646 1016 649 1014 658 1010 708 1010 797 1015 816 1016 817 1016 821 1015 847 1010 870 1016 872 1016 873 1016 874 1016 881 1016 942 1010 988 1016 989 1000 988 970 936 970 915 960 914 960 877 960 876 960 875 960 874 960 860 969 811 964 810 964 809 964 793 969 775 960 774 960 773 960 772 960 748 968 717 960 716 960 716 960 715 960 714 960 700 969 555 961 554 961 553 961 521 970 489 965 488 965 456 970 449 965 448 965 447 965 446 965 423 970 402 961 401 961 323 961 322 961 321 961 298 971 267 971 254 961 253 961 252 961 251 961 250 961 236 967 222 961 221 961 220 961 219 961 195 971 196 1002"/></Shape>
	    <String CONTENT="debet. Talis non erat hypocritarum cõditio,"
                    HPOS="195.0"
                    VPOS="960.0"
                    WIDTH="794.0"
                    HEIGHT="57.0"
                    WC="0.9916772652756084"></String>
          </TextLine>
          <TextLine ID="line_20"
                    TAGREFS="LT8"
                    BASELINE="193 1051 540 1047 991 1049" 
                    HPOS="192.0"
                    VPOS="1008.0"
                    WIDTH="799.0"
                    HEIGHT="59.0">
            <Shape><Polygon POINTS="193 1051 193 1062 241 1059 256 1062 274 1066 275 1067 370 1067 370 1066 393 1061 405 1059 411 1061 424 1066 425 1066 426 1066 470 1061 486 1059 494 1061 514 1066 515 1066 516 1066 559 1060 570 1059 573 1060 587 1066 588 1066 589 1066 615 1060 616 1060 633 1066 634 1066 635 1066 636 1066 648 1060 650 1059 714 1059 716 1059 730 1065 731 1065 732 1065 810 1059 811 1059 812 1059 846 1065 847 1065 877 1058 879 1058 881 1058 903 1064 904 1064 905 1064 906 1064 907 1064 913 1059 925 1064 926 1064 927 1064 991 1057 991 1049 990 1016 965 1008 964 1008 963 1008 917 1010 916 1010 915 1010 906 1016 904 1018 875 1018 873 1016 865 1010 864 1010 863 1010 862 1010 861 1010 860 1010 851 1016 848 1018 840 1016 821 1011 820 1011 819 1011 818 1011 818 1011 812 1016 808 1019 737 1019 732 1016 722 1009 721 1009 720 1009 651 1009 650 1009 649 1009 632 1015 623 1018 614 1015 602 1011 601 1011 600 1011 575 1015 567 1016 566 1015 558 1009 557 1009 556 1009 555 1009 521 1015 502 1018 482 1015 467 1012 466 1012 416 1014 346 1018 335 1014 320 1009 319 1009 318 1009 192 1013 193 1051"/></Shape>
	    <String CONTENT="nihil illi pro vera pietate, ſed omnia mouebãt"
                    HPOS="192.0"
                    VPOS="1008.0"
                    WIDTH="799.0"
                    HEIGHT="59.0"
                    WC="0.993351492475956"></String>
          </TextLine>
          <TextLine ID="line_21"
                    TAGREFS="LT8"
                    BASELINE="199 1099 789 1096 989 1099" 
                    HPOS="198.0"
                    VPOS="1057.0"
                    WIDTH="791.0"
                    HEIGHT="59.0">
            <Shape><Polygon POINTS="199 1099 199 1116 221 1115 222 1115 223 1115 236 1108 303 1109 315 1115 316 1115 317 1115 318 1115 328 1110 367 1115 372 1115 373 1115 376 1115 419 1108 460 1108 477 1114 481 1115 482 1115 483 1115 493 1114 531 1107 578 1108 584 1113 586 1114 587 1114 588 1114 589 1114 590 1114 593 1112 606 1107 618 1111 619 1111 620 1111 662 1109 669 1112 672 1114 673 1114 674 1114 675 1115 726 1115 726 1114 727 1114 728 1114 732 1111 742 1107 790 1107 797 1110 800 1113 801 1113 802 1113 803 1113 816 1110 829 1108 836 1110 844 1114 845 1114 846 1114 988 1109 989 1099 988 1065 921 1057 920 1057 881 1064 868 1057 867 1057 866 1057 830 1064 822 1058 821 1058 820 1058 760 1058 759 1058 716 1066 714 1066 703 1058 702 1058 701 1058 649 1058 648 1058 647 1058 625 1066 557 1058 556 1058 504 1067 502 1067 500 1067 475 1062 474 1062 473 1062 472 1062 464 1067 463 1068 413 1068 413 1067 398 1060 397 1060 396 1060 395 1060 382 1067 318 1061 317 1061 316 1061 315 1061 308 1067 281 1062 280 1062 279 1062 278 1062 272 1068 198 1068 199 1099"/></Shape>
	    <String CONTENT="pro ceremoniis, pro ieiuniis, pro diſcriminib."
                    HPOS="198.0"
                    VPOS="1057.0"
                    WIDTH="791.0"
                    HEIGHT="59.0"
                    WC="0.9952610433101654"></String>
          </TextLine>
          <TextLine ID="line_22"
                    TAGREFS="LT8"
                    BASELINE="194 1148 608 1142 988 1148" 
                    HPOS="193.0"
                    VPOS="1109.0"
                    WIDTH="795.0"
                    HEIGHT="53.0">
            <Shape><Polygon POINTS="194 1148 194 1154 235 1162 236 1162 326 1156 327 1156 329 1156 385 1161 386 1161 387 1161 396 1156 401 1154 413 1156 433 1160 434 1160 435 1160 444 1157 451 1154 457 1157 467 1162 468 1162 469 1162 470 1162 485 1157 496 1154 528 1157 545 1159 545 1159 546 1159 552 1158 568 1154 583 1158 601 1162 602 1162 625 1158 652 1154 735 1154 742 1159 743 1159 744 1159 745 1159 746 1159 775 1154 783 1160 784 1161 784 1161 785 1161 786 1161 787 1161 791 1160 799 1157 804 1160 807 1162 808 1162 809 1162 810 1162 811 1162 815 1160 825 1155 848 1160 856 1162 857 1162 858 1162 864 1160 881 1156 895 1161 900 1162 901 1162 902 1162 987 1161 988 1148 987 1117 868 1117 845 1109 844 1109 802 1109 801 1109 800 1109 781 1116 711 1110 710 1110 709 1110 687 1116 679 1109 678 1109 677 1109 676 1109 633 1113 584 1109 583 1109 494 1116 472 1110 471 1110 470 1110 417 1114 403 1109 402 1109 401 1109 400 1109 390 1114 367 1109 366 1109 365 1109 323 1116 308 1109 307 1109 306 1109 306 1109 278 1116 269 1109 268 1109 267 1109 230 1109 229 1109 228 1109 193 1117 194 1148"/></Shape>
	    <String CONTENT="ciborum &amp; temporum, pro circunciſione, pro"
                    HPOS="193.0"
                    VPOS="1109.0"
                    WIDTH="795.0"
                    HEIGHT="53.0"
                    WC="0.9982210809276217"></String>
          </TextLine>
          <TextLine ID="line_23"
                    TAGREFS="LT8"
                    BASELINE="193 1198 455 1192 988 1196" 
                    HPOS="193.0"
                    VPOS="1153.0"
                    WIDTH="795.0"
                    HEIGHT="59.0">
            <Shape><Polygon POINTS="193 1198 193 1210 236 1206 286 1210 294 1210 295 1210 296 1210 298 1210 323 1203 341 1203 351 1210 353 1211 354 1211 355 1211 356 1211 404 1210 405 1210 406 1210 415 1204 467 1209 468 1209 469 1209 470 1209 471 1209 478 1204 579 1204 589 1208 591 1209 592 1209 593 1209 602 1208 635 1204 641 1208 646 1211 647 1211 647 1211 648 1212 674 1212 674 1211 675 1211 676 1211 681 1208 687 1204 763 1204 775 1207 800 1211 801 1211 802 1211 815 1207 820 1204 826 1207 835 1210 836 1210 837 1210 838 1210 853 1206 859 1205 865 1206 889 1211 890 1212 968 1212 968 1211 969 1211 987 1205 988 1196 987 1165 927 1165 925 1164 876 1154 875 1154 874 1154 854 1164 853 1165 834 1165 833 1164 820 1154 819 1154 818 1154 759 1154 758 1154 757 1154 740 1163 729 1163 709 1164 687 1163 623 1159 622 1159 621 1159 620 1159 616 1163 613 1165 568 1165 565 1162 554 1154 553 1154 552 1154 505 1154 504 1154 503 1154 485 1162 481 1164 477 1162 463 1154 462 1154 423 1154 422 1154 421 1154 401 1162 399 1162 394 1162 336 1153 335 1153 334 1153 309 1161 306 1163 251 1163 248 1161 234 1153 233 1153 232 1153 193 1160 193 1198"/></Shape>
	    <String CONTENT="lotionibus, &amp; ſimilibus nugis anilibus diſcep¬"
                    HPOS="193.0"
                    VPOS="1153.0"
                    WIDTH="795.0"
                    HEIGHT="59.0"
                    WC="0.9961159928985264"></String>
          </TextLine>
          <TextLine ID="line_24"
                    TAGREFS="LT8"
                    BASELINE="193 1246 373 1241 623 1241 988 1247" 
                    HPOS="193.0"
                    VPOS="1201.0"
                    WIDTH="795.0"
                    HEIGHT="62.0">
            <Shape><Polygon POINTS="193 1246 193 1256 301 1250 325 1257 326 1257 327 1257 328 1257 329 1257 338 1250 346 1256 347 1256 348 1256 349 1256 383 1250 407 1250 417 1258 418 1259 419 1259 420 1259 421 1260 465 1260 465 1259 466 1259 467 1259 477 1250 514 1250 572 1259 579 1260 579 1260 580 1260 583 1259 612 1251 677 1251 716 1258 717 1258 749 1252 762 1261 763 1261 764 1261 765 1262 786 1262 786 1261 787 1261 788 1261 801 1253 850 1261 851 1261 852 1261 875 1253 892 1262 893 1262 894 1262 895 1263 987 1263 988 1247 987 1209 971 1206 970 1206 969 1206 964 1209 954 1212 915 1208 884 1205 883 1205 882 1205 871 1208 855 1212 849 1208 845 1205 844 1205 843 1205 815 1204 814 1204 813 1204 812 1204 807 1208 800 1212 774 1208 771 1208 770 1208 769 1208 768 1208 761 1212 716 1212 703 1208 697 1206 696 1206 695 1206 694 1206 690 1208 680 1212 663 1208 648 1203 647 1203 605 1203 604 1203 603 1203 602 1203 596 1208 592 1210 588 1208 579 1203 578 1203 540 1203 539 1203 517 1207 499 1211 440 1211 421 1207 397 1202 396 1202 395 1202 382 1207 372 1210 305 1210 299 1207 297 1205 296 1205 295 1205 294 1205 278 1207 255 1210 249 1207 242 1201 241 1201 240 1201 239 1201 238 1201 226 1207 218 1210 193 1207 193 1246"/></Shape>
	    <String CONTENT="tabant in religione Chriſtiana: qualia hodie"
                    HPOS="193.0"
                    VPOS="1201.0"
                    WIDTH="795.0"
                    HEIGHT="62.0"
                    WC="0.9881213348020207"></String>
          </TextLine>
          <TextLine ID="line_25"
                    TAGREFS="LT8"
                    BASELINE="191 1293 628 1290 986 1297" 
                    HPOS="191.0"
                    VPOS="1256.0"
                    WIDTH="795.0"
                    HEIGHT="55.0">
            <Shape><Polygon POINTS="191 1293 191 1308 286 1307 287 1307 312 1301 375 1308 375 1308 422 1301 445 1306 446 1306 587 1303 601 1310 602 1310 603 1310 605 1310 649 1302 711 1310 717 1311 718 1311 719 1311 721 1311 737 1304 755 1311 757 1311 758 1311 759 1311 760 1311 762 1311 786 1304 800 1311 801 1311 802 1311 803 1311 985 1311 986 1297 986 1268 886 1267 884 1266 857 1258 856 1258 855 1258 826 1265 822 1266 818 1265 799 1258 798 1258 754 1258 753 1258 752 1258 735 1264 728 1266 721 1264 713 1260 712 1260 711 1260 684 1263 666 1265 650 1262 626 1258 625 1258 624 1258 610 1262 601 1264 592 1262 578 1257 577 1257 576 1257 532 1261 481 1265 462 1260 449 1256 448 1256 447 1256 446 1256 437 1259 425 1264 380 1264 357 1258 352 1257 351 1257 282 1256 281 1256 280 1256 278 1257 263 1265 240 1265 232 1257 231 1257 230 1257 191 1256 191 1293"/></Shape>
	    <String CONTENT="ſunt ferme omnia certamina proPurgatorio,"
                    HPOS="191.0"
                    VPOS="1256.0"
                    WIDTH="795.0"
                    HEIGHT="55.0"
                    WC="0.9808993368614011"></String>
          </TextLine>
          <TextLine ID="line_26"
                    TAGREFS="LT8"
                    BASELINE="190 1341 551 1340 986 1345" 
                    HPOS="189.0"
                    VPOS="1301.0"
                    WIDTH="797.0"
                    HEIGHT="60.0">
            <Shape><Polygon POINTS="190 1341 189 1352 984 1361 986 1345 984 1314 930 1315 921 1313 888 1306 887 1306 853 1313 852 1313 851 1313 807 1305 806 1305 805 1305 784 1313 781 1315 707 1315 704 1312 693 1304 692 1304 691 1304 640 1304 639 1304 638 1304 614 1311 594 1304 593 1304 557 1303 556 1303 555 1303 554 1303 539 1312 538 1313 497 1313 496 1312 485 1305 484 1305 483 1305 482 1305 481 1305 466 1312 465 1313 440 1313 438 1311 412 1302 411 1302 410 1302 371 1308 362 1302 361 1302 360 1302 359 1302 337 1307 317 1303 316 1303 315 1303 291 1311 290 1311 269 1301 268 1301 267 1301 266 1301 265 1301 249 1311 190 1311 190 1341"/></Shape>
	    <String CONTENT="ieiunio, cereis imaginib. vigiliis, interceſsione"
                    HPOS="189.0"
                    VPOS="1301.0"
                    WIDTH="797.0"
                    HEIGHT="60.0"
                    WC="0.9983285762825791"></String>
          </TextLine>
          <TextLine ID="line_27"
                    TAGREFS="LT8"
                    BASELINE="189 1390 877 1392" 
                    HPOS="188.0"
                    VPOS="1368.0"
                    WIDTH="689.0"
                    HEIGHT="41.0">
            <Shape><Polygon POINTS="859 1368 850 1368 840 1368 830 1368 828 1368 825 1369 818 1368 811 1368 801 1368 791 1368 782 1368 772 1368 762 1368 752 1368 743 1368 737 1368 736 1369 730 1368 723 1368 714 1368 704 1368 694 1368 684 1368 680 1368 674 1369 672 1369 670 1368 665 1368 655 1368 646 1368 636 1368 626 1368 616 1368 607 1368 597 1368 587 1368 578 1368 568 1368 558 1368 548 1368 539 1368 529 1368 519 1368 510 1368 500 1368 490 1368 480 1368 471 1368 461 1368 451 1368 442 1368 432 1368 422 1368 412 1368 403 1368 393 1368 383 1368 374 1368 364 1368 354 1368 344 1368 335 1368 325 1368 315 1368 306 1368 296 1368 286 1368 276 1368 267 1368 257 1368 247 1368 238 1368 228 1368 218 1368 208 1368 199 1368 189 1368 189 1390 188 1402 226 1408 227 1408 450 1403 463 1403 467 1403 533 1409 534 1409 608 1404 639 1409 640 1409 641 1409 662 1404 830 1409 831 1409 876 1403 877 1392 876 1370 864 1368 859 1368"/></Shape>
	    <String CONTENT="ſanctorum, cucullis, vita monaſtica, &amp; c."
                    HPOS="188.0"
                    VPOS="1368.0"
                    WIDTH="689.0"
                    HEIGHT="41.0"
                    WC="0.9908014448677621"></String>
          </TextLine>
          <TextLine ID="line_28"
                    TAGREFS="LT8"
                    BASELINE="237 1441 980 1442" 
                    HPOS="236.0"
                    VPOS="1403.0"
                    WIDTH="744.0"
                    HEIGHT="58.0">
            <Shape><Polygon POINTS="237 1441 236 1452 243 1458 244 1458 245 1458 246 1458 247 1458 248 1458 255 1453 295 1453 320 1460 321 1460 322 1461 374 1461 374 1460 375 1460 399 1453 500 1458 501 1458 502 1458 511 1453 543 1460 544 1461 588 1461 588 1460 589 1460 606 1453 607 1453 613 1453 693 1460 694 1461 763 1461 763 1460 764 1460 765 1460 772 1454 774 1453 783 1454 805 1458 806 1459 806 1458 827 1455 836 1453 839 1455 845 1460 846 1460 847 1460 848 1460 979 1455 980 1442 979 1409 929 1403 928 1403 905 1408 896 1410 892 1408 883 1403 882 1403 881 1403 880 1403 879 1403 873 1408 868 1411 852 1411 836 1408 814 1403 813 1403 812 1403 811 1403 805 1408 800 1411 707 1411 698 1407 690 1403 689 1403 688 1403 687 1403 678 1407 670 1410 662 1407 652 1403 651 1403 650 1403 649 1403 639 1407 629 1411 569 1411 560 1406 557 1404 556 1404 555 1404 554 1404 553 1404 552 1404 549 1406 543 1411 500 1411 460 1406 438 1403 437 1403 436 1403 430 1406 417 1411 346 1411 331 1405 326 1403 325 1403 324 1403 237 1404 237 1441"/></Shape>
	    <String CONTENT="Obſerua in hoc argumento, quomodo ve¬"
                    HPOS="236.0"
                    VPOS="1403.0"
                    WIDTH="744.0"
                    HEIGHT="58.0"
                    WC="0.9932045807709565"></String>
          </TextLine>
          <TextLine ID="line_29"
                    TAGREFS="LT8"
                    BASELINE="189 1489 984 1491" 
                    HPOS="188.0"
                    VPOS="1450.0"
                    WIDTH="796.0"
                    HEIGHT="62.0">
            <Shape><Polygon POINTS="189 1489 188 1501 240 1507 241 1507 261 1503 273 1510 274 1510 275 1510 311 1503 313 1503 317 1503 393 1510 394 1510 395 1510 411 1504 415 1503 429 1504 480 1510 481 1510 482 1510 499 1505 507 1503 523 1505 554 1510 555 1510 579 1506 591 1504 600 1506 615 1511 616 1511 617 1512 677 1512 677 1511 678 1511 679 1511 683 1507 686 1505 691 1507 700 1511 701 1511 702 1512 743 1512 743 1511 758 1508 778 1504 784 1508 786 1510 787 1510 788 1510 789 1510 790 1510 797 1508 815 1504 834 1504 842 1509 844 1511 845 1511 846 1511 847 1511 983 1510 984 1491 983 1462 879 1462 878 1461 871 1456 870 1456 869 1456 868 1456 867 1456 853 1460 829 1451 828 1451 777 1451 776 1451 775 1451 774 1451 764 1459 729 1461 721 1461 720 1461 707 1452 706 1452 705 1452 673 1451 672 1451 671 1451 652 1461 647 1461 609 1461 608 1461 598 1453 597 1453 596 1453 595 1453 562 1457 538 1450 537 1450 473 1450 472 1450 471 1450 470 1450 457 1460 418 1450 417 1450 381 1450 380 1450 379 1450 358 1460 357 1461 320 1461 319 1460 306 1450 305 1450 304 1450 303 1450 189 1459 189 1489"/></Shape>
	    <String CONTENT="ri cultores Dei diſtingui poſsint ab hypocri¬"
                    HPOS="188.0"
                    VPOS="1450.0"
                    WIDTH="796.0"
                    HEIGHT="62.0"
                    WC="0.9641162435213725"></String>
          </TextLine>
          <TextLine ID="line_30"
                    TAGREFS="LT8"
                    BASELINE="191 1541 803 1540 983 1544" 
                    HPOS="190.0"
                    VPOS="1502.0"
                    WIDTH="793.0"
                    HEIGHT="69.0">
            <Shape><Polygon POINTS="191 1541 190 1559 239 1562 256 1570 257 1570 258 1570 350 1568 351 1568 373 1559 375 1559 378 1559 411 1566 412 1566 413 1566 437 1559 439 1559 441 1559 468 1569 469 1569 470 1569 516 1562 527 1570 528 1570 529 1570 530 1571 569 1571 569 1570 570 1570 571 1570 587 1559 589 1559 641 1559 642 1559 663 1570 664 1570 665 1570 720 1567 721 1567 722 1567 731 1560 744 1570 745 1570 746 1570 747 1571 796 1571 796 1570 797 1570 823 1559 825 1559 827 1559 857 1568 858 1568 859 1568 860 1568 886 1559 888 1559 939 1559 940 1559 957 1567 958 1567 959 1567 960 1567 982 1559 983 1544 982 1512 884 1512 869 1502 868 1502 867 1502 866 1502 742 1508 708 1502 707 1502 706 1502 685 1511 611 1511 588 1503 587 1503 586 1503 585 1503 565 1510 548 1502 547 1502 491 1502 490 1502 450 1511 378 1506 377 1506 376 1506 366 1512 296 1512 284 1502 283 1502 282 1502 246 1502 245 1502 244 1502 229 1510 219 1502 218 1502 217 1502 216 1502 215 1502 191 1510 191 1541"/></Shape>
	    <String CONTENT="tis. Primum, crucis forma multum differunt,"
                    HPOS="190.0"
                    VPOS="1502.0"
                    WIDTH="793.0"
                    HEIGHT="69.0"
                    WC="0.9965867192246193"></String>
          </TextLine>
        </TextBlock>
        <TextBlock HPOS="890"
                   VPOS="1555"
                   WIDTH="104"
                   HEIGHT="56"
                   ID="block_1"
                   TAGREFS="BT17">
          <Shape><Polygon POINTS="994 1555 994 1611 890 1611 890 1555"/></Shape>
          <TextLine ID="line_31"
                    TAGREFS="LT8"
                    BASELINE="901 1591 990 1591" 
                    HPOS="899"
                    VPOS="1555"
                    WIDTH="90"
                    HEIGHT="79">
            <Shape><Polygon POINTS="914 1555 899 1555 899 1590 901 1634 950 1621 988 1628 989 1590 989 1560 921 1555 914 1555"/></Shape>
	    <String CONTENT="dum"
                    HPOS="899"
                    VPOS="1555"
                    WIDTH="90"
                    HEIGHT="79"
                    WC="0.9830653071403503"></String>
          </TextLine>
        </TextBlock>
      </PrintSpace>
    </Page>
  </Layout>
</alto>
