<?xml version="1.0" encoding="UTF-8"?>
<alto xmlns:xsi="http://www.w3.org/2001/XMLSchema-instance"
      xmlns="http://www.loc.gov/standards/alto/ns-v4#"
      xsi:schemaLocation="http://www.loc.gov/standards/alto/ns-v4# http://www.loc.gov/standards/alto/v4/alto-4-2.xsd">
  <Description>
    <MeasurementUnit>pixel</MeasurementUnit>
    <sourceImageInformation>
      <fileName>bsb10313792_00129.jpg</fileName>
    </sourceImageInformation>
  </Description>
  <Tags>
    <OtherTag ID="BT7" LABEL="CustomZone" DESCRIPTION="block type CustomZone"/><OtherTag ID="BT8" LABEL="DamageZone" DESCRIPTION="block type DamageZone"/><OtherTag ID="BT9" LABEL="DigitizationArtefactZone" DESCRIPTION="block type DigitizationArtefactZone"/><OtherTag ID="BT10" LABEL="DropCapitalZone" DESCRIPTION="block type DropCapitalZone"/><OtherTag ID="BT11" LABEL="GraphicZone" DESCRIPTION="block type GraphicZone"/><OtherTag ID="BT12" LABEL="MainZone" DESCRIPTION="block type MainZone"/><OtherTag ID="BT13" LABEL="MarginTextZone" DESCRIPTION="block type MarginTextZone"/><OtherTag ID="BT14" LABEL="MusicZone" DESCRIPTION="block type MusicZone"/><OtherTag ID="BT15" LABEL="NumberingZone" DESCRIPTION="block type NumberingZone"/><OtherTag ID="BT17" LABEL="QuireMarksZone" DESCRIPTION="block type QuireMarksZone"/><OtherTag ID="BT18" LABEL="RunningTitleZone" DESCRIPTION="block type RunningTitleZone"/><OtherTag ID="BT19" LABEL="SealZone" DESCRIPTION="block type SealZone"/><OtherTag ID="BT20" LABEL="StampZone" DESCRIPTION="block type StampZone"/><OtherTag ID="BT21" LABEL="TableZone" DESCRIPTION="block type TableZone"/><OtherTag ID="BT22" LABEL="TitlePageZone" DESCRIPTION="block type TitlePageZone"/><OtherTag ID="BT1851" LABEL="MainZone-P" DESCRIPTION="block type MainZone-P"/><OtherTag ID="BT1852" LABEL="MainZone-Head" DESCRIPTION="block type MainZone-Head"/><OtherTag ID="BT1853" LABEL="MainZone-P-Continued" DESCRIPTION="block type MainZone-P-Continued"/><OtherTag ID="BT1854" LABEL="MarginTextZone-ManuscriptAddendum" DESCRIPTION="block type MarginTextZone-ManuscriptAddendum"/><OtherTag ID="BT1855" LABEL="text" DESCRIPTION="block type text"/><OtherTag ID="BT1856" LABEL="MainZone-Entry" DESCRIPTION="block type MainZone-Entry"/><OtherTag ID="BT1857" LABEL="MainZone-Entry-Continued" DESCRIPTION="block type MainZone-Entry-Continued"/><OtherTag ID="BT1877" LABEL="GraphicZone-Decoration" DESCRIPTION="block type GraphicZone-Decoration"/><OtherTag ID="BT1894" LABEL="MainZone-Other" DESCRIPTION="block type MainZone-Other"/>
    <OtherTag ID="LT7" LABEL="CustomLine" DESCRIPTION="line type CustomLine"/><OtherTag ID="LT8" LABEL="DefaultLine" DESCRIPTION="line type DefaultLine"/><OtherTag ID="LT9" LABEL="DropCapitalLine" DESCRIPTION="line type DropCapitalLine"/><OtherTag ID="LT10" LABEL="HeadingLine" DESCRIPTION="line type HeadingLine"/><OtherTag ID="LT11" LABEL="InterlinearLine" DESCRIPTION="line type InterlinearLine"/><OtherTag ID="LT12" LABEL="MusicLine" DESCRIPTION="line type MusicLine"/><OtherTag ID="LT636" LABEL="default" DESCRIPTION="line type default"/>
  </Tags>
  <Layout>
    <Page WIDTH="1083"
          HEIGHT="1739"
          PHYSICAL_IMG_NR="113"
          ID="eSc_dummypage_">
      <PrintSpace HPOS="0"
                  VPOS="0"
                  WIDTH="1083"
                  HEIGHT="1739">
        <TextBlock HPOS="147"
                   VPOS="45"
                   WIDTH="647"
                   HEIGHT="43"
                   ID="block_0"
                   TAGREFS="BT18">
          <Shape><Polygon POINTS="794 45 794 88 147 88 147 45"/></Shape>
          <TextLine ID="line_0"
                    TAGREFS="LT10"
                    BASELINE="154 81 791 75" 
                    HPOS="152"
                    VPOS="46"
                    WIDTH="638"
                    HEIGHT="52">
            <Shape><Polygon POINTS="152 46 153 98 210 91 275 91 287 98 295 98 327 89 392 97 476 89 630 95 664 86 671 94 733 86 787 92 790 73 785 46 775 46"/></Shape>
	    <String CONTENT="IN I. EPIST. AD TIMOTH."
                    HPOS="152"
                    VPOS="46"
                    WIDTH="638"
                    HEIGHT="52"
                    WC="0.9998123930848163"></String>
          </TextLine>
        </TextBlock>
        <TextBlock HPOS="59"
                   VPOS="97"
                   WIDTH="826"
                   HEIGHT="948"
                   ID="block_1"
                   TAGREFS="BT1853">
          <Shape><Polygon POINTS="885 97 885 1045 59 1035 73 97"/></Shape>
          <TextLine ID="line_1"
                    TAGREFS="LT8"
                    BASELINE="78 134 874 127" 
                    HPOS="75"
                    VPOS="97"
                    WIDTH="797"
                    HEIGHT="58">
            <Shape><Polygon POINTS="75 98 76 147 207 155 237 146 346 153 385 146 505 152 553 143 637 150 671 143 711 150 829 142 869 149 872 126 868 97 858 97"/></Shape>
	    <String CONTENT="neceſſario auxilio: tales honora, inquit. Ver¬"
                    HPOS="75"
                    VPOS="97"
                    WIDTH="797"
                    HEIGHT="58"
                    WC="0.9952826759089595"></String>
          </TextLine>
          <TextLine ID="line_2"
                    TAGREFS="LT8"
                    BASELINE="76 188 534 178 875 179" 
                    HPOS="73"
                    VPOS="136"
                    WIDTH="801"
                    HEIGHT="71">
            <Shape><Polygon POINTS="75 186 75 197 156 204 223 197 260 204 282 197 307 204 329 195 369 207 379 195 407 204 430 194 443 202 510 205 530 192 592 204 604 191 662 191 679 202 781 192 798 201 874 199 872 146 794 136 790 136 779 147 616 149 527 139 476 150 466 140 413 152 394 142 337 142 289 153 205 146 182 155 73 146 75 186"/></Shape>
	    <String CONTENT="bum τιμᾶν accipio de victu etiam &amp; amictu,"
                    HPOS="73"
                    VPOS="136"
                    WIDTH="801"
                    HEIGHT="71"></String>
          </TextLine>
          <TextLine ID="line_3"
                    TAGREFS="LT8"
                    BASELINE="79 235 575 228 875 228" 
                    HPOS="78.0"
                    VPOS="191.0"
                    WIDTH="797.0"
                    HEIGHT="61.0">
            <Shape><Polygon POINTS="79 235 79 243 106 248 107 248 108 248 117 243 119 243 121 243 144 250 145 250 146 250 179 244 189 250 190 250 191 250 192 250 257 243 280 241 285 243 301 251 302 251 303 252 337 252 337 251 338 251 339 251 351 243 356 240 371 243 386 246 387 246 423 243 468 239 476 243 487 249 488 249 489 249 515 243 537 238 630 238 638 243 643 247 643 247 644 247 645 248 691 248 691 247 692 247 701 243 708 239 721 243 723 243 724 243 725 243 726 243 727 243 738 236 756 243 765 246 766 246 767 246 874 242 875 228 873 199 777 199 760 191 759 191 758 191 757 191 734 200 696 200 682 195 681 195 680 195 679 195 657 200 647 195 646 195 645 195 644 195 578 200 536 192 535 192 517 193 516 193 515 193 501 202 474 199 473 199 441 203 440 204 431 204 415 204 401 194 400 194 399 194 371 194 370 194 369 194 368 194 351 203 336 198 335 198 334 198 333 198 310 203 284 195 283 195 282 195 261 196 260 196 259 196 259 197 252 202 228 196 227 196 170 196 169 196 168 196 142 207 78 207 79 235"/></Shape>
	    <String CONTENT="vt in Decalogo dicitur, Honora patrẽ tuum"
                    HPOS="78.0"
                    VPOS="191.0"
                    WIDTH="797.0"
                    HEIGHT="61.0"
                    WC="0.9992756758417402"></String>
          </TextLine>
          <TextLine ID="line_4"
                    TAGREFS="LT8"
                    BASELINE="78 283 875 277" 
                    HPOS="77.0"
                    VPOS="238.0"
                    WIDTH="798.0"
                    HEIGHT="60.0">
            <Shape><Polygon POINTS="78 283 78 293 129 298 130 298 131 298 150 293 151 293 152 293 164 298 165 298 166 298 167 298 186 293 190 292 193 293 207 298 208 298 209 298 305 292 343 290 348 292 357 296 358 296 359 296 360 296 374 292 380 290 399 291 449 296 450 296 476 291 487 289 490 291 495 295 496 295 497 295 497 295 539 291 556 289 564 290 581 294 582 294 602 290 614 288 734 288 739 289 750 293 751 293 752 293 875 288 875 277 874 247 848 238 847 238 846 238 790 247 786 247 785 247 769 238 768 238 740 238 739 238 738 238 712 247 707 248 702 247 673 240 672 240 671 240 657 247 655 248 653 247 638 239 637 239 636 239 571 247 553 250 529 250 526 247 516 240 515 240 514 240 513 240 484 247 471 250 415 249 413 247 406 241 405 241 404 241 403 241 363 247 339 252 314 252 308 247 300 242 299 242 298 242 297 242 274 247 258 252 137 252 116 248 94 243 93 243 92 243 77 247 78 283"/></Shape>
	    <String CONTENT="&amp; matrem, hoc eſt, proſpice illis de victu: ſic"
                    HPOS="77.0"
                    VPOS="238.0"
                    WIDTH="798.0"
                    HEIGHT="60.0"
                    WC="0.9933322642711883"></String>
          </TextLine>
          <TextLine ID="line_5"
                    TAGREFS="LT8"
                    BASELINE="76 332 524 327 874 329" 
                    HPOS="75.0"
                    VPOS="288.0"
                    WIDTH="799.0"
                    HEIGHT="60.0">
            <Shape><Polygon POINTS="76 332 76 342 254 348 255 348 256 348 257 348 266 342 267 341 297 341 301 342 316 347 317 347 318 347 319 347 338 342 344 341 350 342 376 347 377 347 406 342 412 341 418 342 440 347 441 347 442 347 492 342 510 340 517 342 532 346 533 346 534 346 535 346 553 342 556 341 562 342 583 345 584 345 585 345 585 345 590 342 593 340 621 340 625 342 635 346 636 346 637 346 638 346 650 342 655 340 661 342 675 345 676 345 677 345 678 345 694 342 705 339 761 339 766 342 774 345 775 345 776 345 873 341 874 329 873 299 841 288 840 288 751 288 750 288 749 288 748 288 734 297 720 298 698 300 694 298 678 289 677 289 676 289 610 297 591 299 587 297 576 289 575 289 574 289 539 289 538 289 537 289 536 289 526 296 523 299 489 301 413 295 408 295 407 295 406 295 405 295 397 301 329 301 320 294 315 290 314 290 313 290 296 290 295 290 294 290 293 290 289 294 283 298 277 294 273 291 272 291 271 291 246 291 245 291 244 291 243 291 240 293 226 303 107 303 92 292 92 291 91 291 90 291 89 291 75 291 76 332"/></Shape>
	    <String CONTENT="honorandas hîc accipio viduas, hoc eſt, illis"
                    HPOS="75.0"
                    VPOS="288.0"
                    WIDTH="799.0"
                    HEIGHT="60.0"
                    WC="0.9919945804969125"></String>
          </TextLine>
          <TextLine ID="line_6"
                    TAGREFS="LT8"
                    BASELINE="77 381 438 376 875 377" 
                    HPOS="76.0"
                    VPOS="340.0"
                    WIDTH="799.0"
                    HEIGHT="60.0">
            <Shape><Polygon POINTS="77 381 77 400 162 399 163 399 164 399 174 393 194 399 197 399 198 399 199 399 200 399 204 399 235 390 250 398 252 399 253 399 254 399 255 399 258 398 275 390 306 395 307 395 308 395 328 389 355 396 367 399 368 399 369 399 390 399 390 399 391 399 392 399 396 395 405 389 427 395 434 396 435 396 436 396 439 395 449 389 564 388 615 388 622 391 626 394 627 394 628 394 629 394 690 390 719 388 721 389 730 395 731 395 731 395 732 395 733 395 747 391 773 398 774 398 775 398 843 397 844 397 875 386 875 377 874 349 819 349 791 340 790 340 790 340 726 341 725 341 724 341 711 349 565 341 564 341 563 341 542 350 485 350 471 342 470 342 469 342 468 342 431 350 382 342 363 342 362 342 361 342 360 342 350 349 322 342 321 342 321 342 320 342 284 351 244 343 243 343 242 343 241 343 231 352 173 352 140 342 139 342 138 342 137 342 136 342 122 351 88 345 87 345 87 345 86 345 76 350 77 381"/></Shape>
	    <String CONTENT="proſpice etiam de victu vt alantur. Ad prius"
                    HPOS="76.0"
                    VPOS="340.0"
                    WIDTH="799.0"
                    HEIGHT="60.0"
                    WC="0.9999352856115862"></String>
          </TextLine>
          <TextLine ID="line_7"
                    TAGREFS="LT8"
                    BASELINE="76 429 872 424" 
                    HPOS="75.0"
                    VPOS="391.0"
                    WIDTH="797.0"
                    HEIGHT="60.0">
            <Shape><Polygon POINTS="76 429 76 440 163 442 175 451 176 451 177 451 178 451 222 450 223 450 240 441 241 441 242 441 263 450 264 450 265 450 304 443 330 450 331 450 332 450 333 450 356 442 367 449 368 449 369 449 370 450 434 450 434 449 435 449 457 442 473 438 500 438 512 443 525 448 526 448 526 448 527 448 528 448 536 443 546 438 574 438 582 443 587 448 588 448 589 448 590 448 621 443 661 437 871 444 872 424 870 399 800 399 770 391 769 391 719 399 717 399 715 399 650 393 649 393 648 393 647 393 639 399 625 399 577 399 575 399 545 393 544 393 494 399 474 393 473 393 472 393 447 394 446 394 445 394 437 400 436 400 431 400 366 394 365 394 324 400 319 401 318 400 312 397 311 397 310 397 309 397 282 400 276 401 268 401 208 395 207 395 206 395 185 401 183 401 181 401 156 397 155 397 154 397 135 401 131 402 128 401 117 398 116 398 115 398 75 401 76 429"/></Shape>
	    <String CONTENT="tamen præceptum, de correptione moderã¬"
                    HPOS="75.0"
                    VPOS="391.0"
                    WIDTH="797.0"
                    HEIGHT="60.0"
                    WC="0.9920558005571365"></String>
          </TextLine>
          <TextLine ID="line_8"
                    TAGREFS="LT8"
                    BASELINE="82 477 874 477" 
                    HPOS="82.0"
                    VPOS="442.0"
                    WIDTH="792.0"
                    HEIGHT="52.0">
            <Shape><Polygon POINTS="82 477 82 489 87 493 87 493 88 493 89 494 213 494 213 493 214 493 225 488 241 492 242 492 243 492 244 492 245 492 252 487 255 487 273 491 274 491 275 491 276 491 282 487 286 485 332 488 378 490 379 490 443 488 479 487 484 488 499 493 500 493 501 493 529 488 550 485 574 488 587 490 588 490 589 490 596 488 610 485 615 489 622 493 623 493 624 493 625 493 626 493 638 489 647 485 730 485 738 489 740 490 741 490 742 490 748 489 764 485 770 489 775 493 776 493 777 493 778 494 820 494 820 493 821 493 829 489 836 486 845 489 855 493 856 493 857 493 874 489 874 477 874 452 768 452 767 451 758 446 757 446 756 446 721 451 720 451 702 442 701 442 654 442 653 442 652 442 651 442 640 451 639 451 627 451 595 450 580 442 579 442 551 442 550 442 549 442 531 450 480 444 479 444 478 444 465 451 448 451 425 451 425 450 415 444 414 444 413 444 412 444 389 448 369 442 368 442 367 442 366 442 336 450 335 451 268 451 266 450 256 442 255 442 254 442 225 442 224 442 223 442 222 442 210 450 207 452 134 452 130 450 112 442 111 442 110 442 109 442 82 449 82 477"/></Shape>
	    <String CONTENT="da, poteſt etiam accommodari, HONORA"
                    HPOS="82.0"
                    VPOS="442.0"
                    WIDTH="792.0"
                    HEIGHT="52.0"
                    WC="0.9986938668621911"></String>
          </TextLine>
          <TextLine ID="line_9"
                    TAGREFS="LT8"
                    BASELINE="87 528 872 523" 
                    HPOS="86.0"
                    VPOS="486.0"
                    WIDTH="786.0"
                    HEIGHT="61.0">
            <Shape><Polygon POINTS="87 528 87 537 117 537 118 537 126 542 127 542 128 542 129 542 202 537 204 537 204 537 223 542 224 542 225 542 226 542 246 536 248 536 249 536 259 542 260 542 261 542 262 542 263 542 263 542 273 537 282 541 283 541 284 541 312 536 314 536 322 541 323 541 324 541 325 541 377 536 405 546 406 546 407 547 477 547 477 546 478 546 479 546 490 539 522 541 523 541 524 541 525 541 533 536 613 545 614 545 614 545 632 537 664 545 665 545 666 546 714 546 714 545 755 539 819 542 820 542 821 542 837 534 871 532 872 523 871 498 850 486 849 486 848 486 848 486 816 498 782 498 766 486 765 486 764 486 742 486 741 486 740 486 739 486 725 496 696 493 695 493 694 493 682 498 667 492 666 492 665 492 664 492 663 492 655 499 628 499 619 492 618 492 617 492 616 492 591 496 579 487 578 487 577 487 576 487 522 492 502 488 501 488 500 488 499 488 487 498 452 489 451 489 450 489 449 489 431 496 420 488 419 488 418 488 400 488 399 488 350 496 291 489 290 489 289 489 272 498 263 494 263 494 262 494 261 494 241 501 95 497 94 497 93 497 92 497 86 500 87 528"/></Shape>
	    <String CONTENT="VIDVAS, hoc eſt, modeſtè quoque illas ad¬"
                    HPOS="86.0"
                    VPOS="486.0"
                    WIDTH="786.0"
                    HEIGHT="61.0"
                    WC="0.9916884672074091"></String>
          </TextLine>
          <TextLine ID="line_10"
                    TAGREFS="LT8"
                    BASELINE="76 577 874 573" 
                    HPOS="75.0"
                    VPOS="536.0"
                    WIDTH="799.0"
                    HEIGHT="57.0">
            <Shape><Polygon POINTS="76 577 76 591 148 593 149 593 160 591 180 587 200 591 212 593 213 593 214 593 215 593 218 591 227 585 286 585 375 585 382 590 383 590 384 590 385 591 385 590 386 590 387 590 395 585 439 585 459 590 465 591 466 591 467 591 468 591 468 591 470 590 479 584 504 584 512 589 514 591 515 591 516 591 517 591 528 589 552 585 558 589 560 591 561 591 562 591 563 591 873 587 874 573 872 547 850 547 834 536 833 536 832 536 831 536 830 536 799 546 757 542 756 542 660 547 617 547 603 537 602 537 601 537 559 537 558 537 557 537 556 537 546 545 505 547 425 547 404 538 403 538 275 538 274 538 273 538 239 549 184 539 183 539 182 539 158 549 125 541 124 541 75 550 76 577"/></Shape>
	    <String CONTENT="mone ſui officii: ſunt enim &amp; hæ peccato ob¬"
                    HPOS="75.0"
                    VPOS="536.0"
                    WIDTH="799.0"
                    HEIGHT="57.0"></String>
          </TextLine>
          <TextLine ID="line_11"
                    TAGREFS="LT8"
                    BASELINE="76 627 874 624" 
                    HPOS="75.0"
                    VPOS="590.0"
                    WIDTH="799.0"
                    HEIGHT="54.0">
            <Shape><Polygon POINTS="76 627 76 635 121 643 122 644 201 644 201 643 202 643 221 636 240 643 241 643 242 643 309 636 340 643 341 643 342 643 343 643 353 635 368 642 369 642 370 642 371 642 391 635 418 642 419 642 420 642 421 642 447 635 468 641 468 641 469 641 470 641 471 641 479 635 507 640 508 640 540 635 588 642 589 642 629 634 677 641 678 641 734 634 760 641 761 641 761 642 835 642 835 641 874 632 874 624 872 598 731 598 705 590 704 590 659 590 658 590 657 590 656 590 648 597 600 598 551 594 550 594 498 597 474 591 473 591 472 591 333 593 304 598 274 592 273 592 272 592 251 598 241 592 240 592 239 592 190 592 189 592 188 592 187 592 178 598 162 594 161 594 160 594 159 594 146 600 75 600 76 627"/></Shape>
	    <String CONTENT="noxiæ. Dum igitur peccant, miniſter iuuenis"
                    HPOS="75.0"
                    VPOS="590.0"
                    WIDTH="799.0"
                    HEIGHT="54.0"
                    WC="0.9984227210976356"></String>
          </TextLine>
          <TextLine ID="line_12"
                    TAGREFS="LT8"
                    BASELINE="80 673 872 675" 
                    HPOS="80.0"
                    VPOS="636.0"
                    WIDTH="792.0"
                    HEIGHT="60.0">
            <Shape><Polygon POINTS="80 673 80 687 156 685 161 688 169 692 170 692 171 692 172 692 181 688 182 688 204 694 204 694 205 695 266 695 266 694 267 694 289 688 306 684 363 686 366 689 373 694 374 694 375 694 376 694 377 694 378 694 386 689 395 684 475 684 488 689 503 695 504 695 505 696 584 696 584 695 613 689 620 688 622 689 629 695 630 695 631 695 632 696 672 696 672 695 699 690 723 685 751 690 764 692 765 692 766 692 770 690 779 685 839 688 842 690 849 695 850 695 851 695 852 695 853 695 871 690 872 675 871 648 782 642 781 642 752 647 751 647 738 637 737 637 736 637 706 637 705 637 704 637 703 637 691 647 690 648 617 648 616 647 604 637 603 637 602 637 587 637 586 637 585 637 585 637 571 647 570 648 477 648 476 647 464 636 463 636 462 636 461 636 427 642 419 636 418 636 417 636 416 636 376 641 298 636 297 636 296 636 260 646 259 646 258 646 236 638 235 638 234 638 234 638 219 644 206 639 205 639 204 639 204 639 192 644 147 640 146 640 146 640 135 646 134 646 80 646 80 673"/></Shape>
	    <String CONTENT="orationem ad illas habiturus ſeruet decorum,"
                    HPOS="80.0"
                    VPOS="636.0"
                    WIDTH="792.0"
                    HEIGHT="60.0"
                    WC="0.9992710812525316"></String>
          </TextLine>
          <TextLine ID="line_13"
                    TAGREFS="LT8"
                    BASELINE="85 724 873 722" 
                    HPOS="84.0"
                    VPOS="686.0"
                    WIDTH="789.0"
                    HEIGHT="56.0">
            <Shape><Polygon POINTS="85 724 85 733 161 739 162 739 184 734 192 733 280 733 287 735 308 742 309 742 310 742 368 740 369 740 370 740 376 736 381 733 430 733 435 736 439 739 439 739 440 739 441 739 442 739 453 736 467 733 471 736 475 740 476 740 477 740 478 740 479 740 491 737 503 733 516 737 534 741 535 741 536 742 610 742 610 741 611 741 612 741 617 738 626 732 643 738 657 741 658 741 659 741 683 738 702 735 708 738 710 739 711 739 712 739 713 739 715 738 727 732 743 739 752 741 753 741 754 741 776 739 801 735 871 739 873 722 872 697 846 686 845 686 844 686 843 686 817 696 716 686 715 686 714 686 695 697 647 697 632 686 631 686 630 686 586 686 585 686 585 686 573 692 498 690 497 690 497 690 477 697 475 697 472 697 437 690 436 690 407 697 405 697 403 697 376 687 375 687 322 687 321 687 321 687 320 687 305 697 304 697 300 697 258 689 257 689 219 697 215 698 147 698 146 697 123 687 122 687 121 687 84 696 85 724"/></Shape>
	    <String CONTENT="vt honorare videatur increpãdo, vt dixit de"
                    HPOS="84.0"
                    VPOS="686.0"
                    WIDTH="789.0"
                    HEIGHT="56.0"></String>
          </TextLine>
          <TextLine ID="line_14"
                    TAGREFS="LT8"
                    BASELINE="83 773 874 771" 
                    HPOS="82.0"
                    VPOS="735.0"
                    WIDTH="792.0"
                    HEIGHT="64.0">
            <Shape><Polygon POINTS="83 773 83 786 116 795 117 795 117 795 133 788 165 788 201 787 203 788 223 798 224 798 225 799 286 799 286 798 287 798 312 790 320 787 376 787 381 791 392 798 393 798 394 798 395 798 424 793 433 798 434 798 435 798 436 799 467 799 467 798 468 798 483 792 494 787 516 792 540 798 541 798 542 798 558 793 584 786 694 788 702 795 706 798 707 798 708 798 709 798 723 795 739 792 746 796 751 798 752 798 753 798 754 798 755 798 757 796 770 786 782 786 803 797 807 798 808 798 809 798 874 797 874 771 872 746 842 745 828 735 827 735 826 735 825 735 824 735 797 746 674 746 659 735 658 735 657 735 643 735 642 735 641 735 640 735 625 746 575 746 562 740 561 740 560 740 526 745 504 737 503 737 502 737 501 737 500 737 491 743 480 735 479 735 478 735 477 735 449 736 448 736 447 736 434 744 417 736 416 736 395 736 394 736 393 736 392 736 379 745 338 741 337 741 299 746 294 746 293 746 273 736 272 736 214 736 213 736 212 736 203 741 192 736 191 736 117 736 116 736 115 736 82 745 83 773"/></Shape>
	    <String CONTENT="adoleſcẽtibus mulieribus, quas obiurgare de¬"
                    HPOS="82.0"
                    VPOS="735.0"
                    WIDTH="792.0"
                    HEIGHT="64.0"
                    WC="0.9965079691674974"></String>
          </TextLine>
          <TextLine ID="line_15"
                    TAGREFS="LT8"
                    BASELINE="78 824 871 821" 
                    HPOS="77.0"
                    VPOS="782.0"
                    WIDTH="794.0"
                    HEIGHT="66.0">
            <Shape><Polygon POINTS="78 824 78 835 104 835 106 835 123 843 124 843 125 843 126 843 143 835 144 835 152 835 230 841 231 841 232 841 248 835 249 835 251 835 301 840 302 840 344 834 349 834 351 834 365 846 366 846 367 846 368 846 369 846 386 837 407 847 408 847 409 848 495 848 495 847 496 847 510 839 521 847 522 847 523 847 524 848 606 848 606 847 639 846 640 846 670 833 672 833 673 833 731 846 732 847 811 847 811 846 812 846 845 833 870 833 871 821 869 794 795 794 793 793 777 782 776 782 775 782 774 782 773 782 753 791 740 784 739 784 738 784 737 784 723 792 720 793 718 792 699 782 698 782 673 782 672 782 671 782 651 791 647 793 643 791 626 782 625 782 624 782 623 782 622 782 610 791 603 795 523 795 509 789 491 783 490 783 489 783 488 783 472 789 459 795 442 795 433 789 427 784 426 784 425 784 424 784 423 784 412 788 398 794 367 788 342 783 341 783 296 787 291 788 290 788 289 788 278 796 215 796 202 789 201 789 200 789 199 789 182 795 159 785 155 784 154 784 153 784 152 784 149 785 128 795 108 785 106 784 105 784 104 784 77 784 78 824"/></Shape>
	    <String CONTENT="bet ſeruata caſtitate. Ex quo &amp; illud ſequi¬"
                    HPOS="77.0"
                    VPOS="782.0"
                    WIDTH="794.0"
                    HEIGHT="66.0"
                    WC="0.992452085018158"></String>
          </TextLine>
          <TextLine ID="line_16"
                    TAGREFS="LT8"
                    BASELINE="75 873 873 873" 
                    HPOS="75.0"
                    VPOS="838.0"
                    WIDTH="798.0"
                    HEIGHT="53.0">
            <Shape><Polygon POINTS="75 873 75 883 91 890 92 890 93 891 144 891 144 890 145 890 159 883 160 883 162 883 195 890 196 890 238 885 323 890 324 890 325 890 326 890 333 885 334 884 336 885 348 890 349 890 350 890 351 890 351 890 358 885 363 883 405 883 410 886 416 890 417 890 418 890 419 891 452 891 452 890 453 890 461 886 467 883 872 890 873 873 873 843 865 838 864 838 863 838 813 838 812 838 811 838 794 845 794 846 679 846 678 845 668 838 667 838 666 838 643 838 642 838 641 838 640 838 630 845 627 845 416 839 415 839 380 845 368 839 367 839 366 839 340 844 214 838 213 838 212 838 189 845 165 840 164 840 136 845 108 838 107 838 106 838 75 845 75 873"/></Shape>
	    <String CONTENT="tur, miniſtrum iuuenem cum viduis iuuenilis"
                    HPOS="75.0"
                    VPOS="838.0"
                    WIDTH="798.0"
                    HEIGHT="53.0"
                    WC="0.9951409697532654"></String>
          </TextLine>
          <TextLine ID="line_17"
                    TAGREFS="LT8"
                    BASELINE="75 923 868 918" 
                    HPOS="74.0"
                    VPOS="881.0"
                    WIDTH="794.0"
                    HEIGHT="67.0">
            <Shape><Polygon POINTS="75 923 76 948 101 936 139 947 140 947 141 947 142 947 153 942 183 946 184 946 185 946 204 939 220 944 221 944 222 944 223 944 241 940 254 946 255 946 256 946 315 935 369 935 410 945 411 945 412 945 413 945 414 945 432 934 476 934 496 945 497 945 497 945 498 946 519 946 549 946 549 945 552 945 568 944 569 944 570 944 586 934 637 934 654 944 655 944 656 944 657 944 658 944 659 944 676 932 710 932 746 932 769 943 770 943 771 944 867 944 868 918 866 893 770 892 735 881 734 881 733 881 732 881 706 892 683 882 682 882 681 882 680 882 679 882 660 893 588 893 552 882 551 882 550 882 519 883 518 883 517 883 502 894 473 883 472 883 471 883 421 891 382 883 306 883 305 883 304 883 265 896 220 896 203 884 202 884 201 884 184 884 183 884 182 884 181 884 167 895 126 895 114 887 113 887 112 887 111 887 110 887 74 897 75 923"/></Shape>
	    <String CONTENT="periculosè colludere familia eius: læditur e¬"
                    HPOS="74.0"
                    VPOS="881.0"
                    WIDTH="794.0"
                    HEIGHT="67.0"></String>
          </TextLine>
          <TextLine ID="line_18"
                    TAGREFS="LT8"
                    BASELINE="68 973 871 968" 
                    HPOS="67.0"
                    VPOS="931.0"
                    WIDTH="804.0"
                    HEIGHT="67.0">
            <Shape><Polygon POINTS="68 973 68 986 83 992 84 992 85 992 134 987 137 987 139 987 159 993 160 993 161 993 188 988 192 987 197 988 247 998 248 998 249 998 271 988 273 988 275 988 289 993 290 993 291 993 292 993 292 993 297 989 302 985 335 985 346 989 352 992 353 992 354 992 355 992 360 989 368 985 380 989 403 997 404 997 405 997 468 997 468 997 469 997 480 991 491 984 528 991 562 997 563 997 598 994 599 994 600 994 602 992 614 983 687 983 709 993 717 996 718 996 719 996 871 994 871 968 868 940 781 940 780 940 764 931 763 931 762 931 744 931 743 931 742 931 716 941 714 941 712 941 677 932 676 932 675 932 674 932 656 939 646 935 645 935 644 935 643 935 643 935 635 940 627 937 626 937 625 937 592 942 588 942 581 937 580 937 579 937 578 937 493 940 467 933 466 933 465 933 464 933 450 939 421 934 420 934 419 934 418 934 405 942 301 935 300 935 258 944 242 935 241 935 240 935 198 935 197 935 196 935 195 935 179 945 178 945 174 945 126 940 125 940 124 940 112 945 93 939 92 939 91 939 90 939 67 944 68 973"/></Shape>
	    <String CONTENT="nim caſtitas, ſi non facto, certè verbis &amp; mo¬"
                    HPOS="67.0"
                    VPOS="931.0"
                    WIDTH="804.0"
                    HEIGHT="67.0"
                    WC="0.9995006513088307"></String>
          </TextLine>
          <TextLine ID="line_19"
                    TAGREFS="LT8"
                    BASELINE="68 1023 734 1019" 
                    HPOS="67.0"
                    VPOS="997.0"
                    WIDTH="667.0"
                    HEIGHT="50.0">
            <Shape><Polygon POINTS="725 997 715 997 705 997 696 997 686 997 676 997 667 997 657 997 647 997 638 997 628 997 618 997 609 997 599 997 589 997 580 997 570 997 560 997 551 997 541 997 531 997 522 997 512 997 502 997 493 997 483 997 473 997 464 997 454 997 444 997 435 997 425 997 415 997 406 997 396 997 386 997 377 997 367 997 357 997 348 997 338 997 328 997 319 997 309 997 299 997 290 997 280 997 270 997 261 997 251 997 241 997 232 997 222 997 212 997 203 997 193 997 183 997 174 997 164 997 154 997 145 997 135 997 125 997 116 997 106 997 96 997 87 997 77 997 67 997 68 1023 68 1034 87 1041 87 1041 88 1041 89 1041 103 1036 111 1042 112 1042 113 1042 114 1042 178 1038 189 1046 190 1046 191 1046 192 1047 208 1047 208 1046 209 1046 210 1046 222 1036 240 1045 241 1045 242 1045 243 1045 257 1039 298 1045 299 1045 300 1045 328 1034 357 1044 358 1044 359 1044 360 1044 375 1039 399 1045 400 1045 401 1045 417 1044 418 1044 419 1044 433 1034 434 1033 439 1034 472 1039 473 1039 474 1039 491 1033 493 1033 504 1044 505 1044 506 1044 507 1045 556 1045 556 1044 556 1044 557 1044 563 1039 605 1043 606 1043 607 1043 626 1033 629 1032 685 1032 688 1033 699 1039 700 1039 701 1039 702 1039 702 1039 711 1033 712 1032 714 1033 725 1038 726 1038 727 1038 728 1038 729 1038 734 1034 734 1019 732 997 725 997"/></Shape>
	    <String CONTENT="ribus, quæ vno ſæpe verbo proditur."
                    HPOS="67.0"
                    VPOS="997.0"
                    WIDTH="667.0"
                    HEIGHT="50.0"
                    WC="0.9866937518119812"></String>
          </TextLine>
        </TextBlock>
        <TextBlock HPOS="49"
                   VPOS="1033"
                   WIDTH="834"
                   HEIGHT="504"
                   ID="block_3"
                   TAGREFS="BT1851">
          <Shape><Polygon POINTS="883 1033 883 1535 49 1537 65 1033"/></Shape>
          <TextLine ID="line_20"
                    TAGREFS="LT8"
                    BASELINE="116 1072 872 1069" 
                    HPOS="115.0"
                    VPOS="1031.0"
                    WIDTH="757.0"
                    HEIGHT="62.0">
            <Shape><Polygon POINTS="116 1072 116 1082 144 1082 146 1083 153 1088 154 1088 155 1088 156 1088 157 1088 171 1084 199 1093 200 1093 201 1093 202 1093 231 1083 234 1082 291 1082 297 1083 328 1091 329 1091 330 1091 331 1091 351 1083 355 1082 359 1083 382 1092 383 1092 384 1092 430 1087 444 1091 445 1091 446 1091 447 1091 448 1091 458 1083 463 1081 479 1083 519 1092 520 1093 574 1093 574 1092 575 1092 590 1084 599 1080 620 1080 689 1082 693 1085 697 1088 698 1088 699 1088 700 1088 715 1085 731 1082 742 1085 760 1091 761 1091 761 1092 819 1092 819 1091 820 1091 821 1091 829 1085 833 1083 836 1085 841 1089 842 1089 843 1089 844 1089 871 1085 872 1069 870 1040 831 1040 831 1039 820 1031 819 1031 819 1031 818 1031 817 1031 794 1039 793 1040 748 1040 747 1039 737 1031 736 1031 735 1031 709 1031 708 1031 707 1031 706 1031 695 1039 694 1039 678 1038 614 1035 613 1035 612 1035 605 1038 600 1040 579 1040 577 1038 570 1032 569 1032 568 1032 567 1032 566 1032 552 1038 545 1040 532 1038 502 1032 501 1032 468 1037 452 1040 443 1037 428 1032 427 1032 426 1032 425 1032 424 1032 418 1037 413 1041 365 1042 257 1042 243 1036 234 1033 234 1033 233 1033 232 1033 220 1036 204 1040 193 1036 185 1033 184 1033 183 1033 182 1033 172 1036 152 1041 146 1036 143 1033 142 1033 141 1033 140 1033 115 1035 116 1072"/></Shape>
	    <String CONTENT="Sed placet prior ſenſus de curandis viduis"
                    HPOS="115.0"
                    VPOS="1031.0"
                    WIDTH="757.0"
                    HEIGHT="62.0"
                    WC="0.9981349181561243"></String>
          </TextLine>
          <TextLine ID="line_21"
                    TAGREFS="LT8"
                    BASELINE="72 1119 876 1119" 
                    HPOS="72.0"
                    VPOS="1082.0"
                    WIDTH="804.0"
                    HEIGHT="61.0">
            <Shape><Polygon POINTS="72 1119 72 1131 127 1142 128 1142 200 1132 211 1131 241 1131 243 1132 263 1142 263 1142 264 1143 304 1143 304 1142 305 1142 322 1133 327 1131 374 1131 379 1133 396 1142 397 1142 398 1143 563 1143 563 1142 564 1142 565 1142 576 1135 581 1131 602 1135 626 1139 627 1139 628 1139 636 1135 643 1131 663 1135 670 1136 671 1136 672 1136 673 1135 682 1131 806 1131 819 1136 838 1142 839 1142 840 1142 876 1136 876 1119 875 1088 845 1090 840 1087 830 1083 829 1083 828 1083 827 1083 826 1083 819 1087 816 1091 751 1091 745 1087 739 1085 738 1085 737 1085 736 1085 735 1085 732 1087 729 1091 661 1091 647 1087 620 1082 619 1082 573 1087 550 1090 535 1087 508 1082 507 1082 409 1083 408 1083 399 1087 393 1090 386 1087 374 1082 373 1082 346 1082 345 1082 344 1082 330 1087 322 1090 309 1087 295 1084 294 1084 293 1084 288 1087 281 1091 227 1091 220 1087 215 1083 214 1083 213 1083 181 1082 180 1082 152 1087 134 1090 72 1087 72 1119"/></Shape>
	    <String CONTENT="ex publico, quod rectè dicitur honorare. Ac"
                    HPOS="72.0"
                    VPOS="1082.0"
                    WIDTH="804.0"
                    HEIGHT="61.0"
                    WC="0.9901004799387672"></String>
          </TextLine>
          <TextLine ID="line_22"
                    TAGREFS="LT8"
                    BASELINE="72 1168 871 1166" 
                    HPOS="71.0"
                    VPOS="1132.0"
                    WIDTH="800.0"
                    HEIGHT="59.0">
            <Shape><Polygon POINTS="72 1168 74 1184 79 1180 108 1180 117 1185 122 1187 123 1187 124 1187 150 1185 202 1180 210 1185 221 1191 222 1191 223 1191 224 1191 240 1185 248 1183 296 1183 301 1186 309 1190 310 1190 311 1190 312 1190 321 1186 328 1182 334 1186 335 1186 336 1186 337 1186 339 1186 367 1180 376 1186 376 1187 377 1187 378 1187 379 1187 380 1187 380 1187 381 1186 394 1179 483 1179 504 1186 505 1186 506 1186 507 1186 516 1182 525 1187 528 1190 529 1190 530 1190 531 1191 604 1191 604 1190 605 1190 606 1190 608 1188 612 1185 632 1188 642 1189 643 1189 643 1189 644 1189 645 1188 662 1178 692 1186 693 1186 694 1186 695 1186 723 1178 747 1189 748 1189 749 1189 750 1190 781 1190 781 1189 782 1189 783 1189 791 1182 809 1189 810 1189 811 1189 812 1189 821 1184 869 1189 871 1166 869 1141 848 1141 848 1140 837 1132 836 1132 835 1132 834 1132 833 1132 804 1140 802 1140 792 1140 699 1135 698 1135 675 1140 670 1140 666 1140 650 1133 649 1133 648 1133 616 1139 602 1141 567 1139 535 1136 534 1136 533 1136 532 1136 529 1139 523 1141 462 1138 415 1135 414 1135 395 1137 374 1140 354 1137 335 1134 334 1134 317 1137 291 1140 284 1136 282 1135 281 1135 280 1135 211 1134 210 1134 209 1134 208 1134 206 1136 194 1143 144 1143 114 1135 110 1134 109 1134 108 1134 71 1134 72 1168"/></Shape>
	    <String CONTENT="ſciant viduæ honorem virtutis præmium ſo¬"
                    HPOS="71.0"
                    VPOS="1132.0"
                    WIDTH="800.0"
                    HEIGHT="59.0"
                    WC="0.9986277600614036"></String>
          </TextLine>
          <TextLine ID="line_23"
                    TAGREFS="LT8"
                    BASELINE="75 1216 872 1218" 
                    HPOS="74.0"
                    VPOS="1178.0"
                    WIDTH="798.0"
                    HEIGHT="62.0">
            <Shape><Polygon POINTS="75 1216 74 1233 184 1235 185 1235 186 1235 188 1234 198 1230 204 1234 207 1238 208 1238 209 1238 210 1239 348 1239 348 1238 349 1238 353 1236 369 1228 398 1236 407 1238 408 1238 409 1238 409 1238 410 1238 413 1236 427 1228 472 1228 558 1237 579 1239 580 1239 581 1239 582 1239 584 1237 595 1229 719 1229 730 1235 731 1235 731 1235 732 1235 759 1229 769 1234 770 1234 771 1234 819 1230 839 1239 840 1239 841 1240 871 1240 872 1218 871 1191 752 1183 751 1183 750 1183 738 1188 733 1190 728 1188 714 1184 713 1184 712 1184 711 1184 710 1184 705 1188 701 1191 650 1191 642 1187 625 1180 624 1180 608 1180 607 1180 606 1180 605 1180 597 1186 594 1189 542 1190 529 1185 528 1185 527 1185 526 1185 508 1190 499 1184 498 1184 497 1184 497 1184 492 1184 460 1189 445 1184 443 1183 442 1183 441 1183 436 1183 416 1186 411 1183 407 1179 406 1179 405 1179 404 1179 376 1182 326 1189 304 1181 297 1179 296 1179 255 1179 254 1179 253 1179 249 1180 231 1189 218 1180 217 1179 216 1179 215 1179 182 1179 181 1179 180 1179 179 1179 168 1188 140 1189 117 1179 117 1179 75 1178 75 1216"/></Shape>
	    <String CONTENT="lùm eſſe: ſi igitur honorari velint, virtutem"
                    HPOS="74.0"
                    VPOS="1178.0"
                    WIDTH="798.0"
                    HEIGHT="62.0"
                    WC="0.9894620905751768"></String>
          </TextLine>
          <TextLine ID="line_24"
                    TAGREFS="LT8"
                    BASELINE="79 1268 872 1265" 
                    HPOS="78.0"
                    VPOS="1229.0"
                    WIDTH="794.0"
                    HEIGHT="58.0">
            <Shape><Polygon POINTS="79 1268 79 1281 205 1278 216 1281 234 1287 235 1287 236 1287 237 1287 250 1281 257 1278 284 1281 308 1283 309 1283 310 1283 317 1281 325 1278 363 1281 377 1282 378 1282 379 1282 382 1281 395 1277 401 1281 404 1283 405 1283 406 1283 407 1283 408 1283 419 1281 431 1278 438 1281 449 1286 450 1286 451 1287 589 1287 589 1286 590 1286 603 1281 611 1277 617 1281 622 1282 623 1282 624 1282 635 1281 657 1276 681 1281 690 1282 691 1282 692 1282 696 1281 707 1276 722 1281 727 1282 728 1282 729 1282 736 1281 757 1276 775 1281 796 1285 797 1285 798 1285 871 1280 872 1265 870 1238 812 1238 801 1229 800 1229 799 1229 775 1229 774 1229 773 1229 772 1229 759 1238 722 1238 664 1229 663 1229 662 1229 661 1229 650 1238 609 1238 606 1238 605 1238 482 1230 481 1230 480 1230 456 1238 347 1232 346 1232 313 1239 263 1232 262 1232 261 1232 260 1232 248 1240 204 1240 193 1231 192 1231 191 1231 121 1231 120 1231 119 1231 104 1238 87 1233 87 1233 86 1233 85 1233 84 1233 78 1237 79 1268"/></Shape>
	    <String CONTENT="Vt habeant curent, ne ſola ætate ſe venditẽt:"
                    HPOS="78.0"
                    VPOS="1229.0"
                    WIDTH="794.0"
                    HEIGHT="58.0"
                    WC="0.9939891125844873"></String>
          </TextLine>
          <TextLine ID="line_25"
                    TAGREFS="LT8"
                    BASELINE="69 1315 871 1313" 
                    HPOS="68.0"
                    VPOS="1277.0"
                    WIDTH="803.0"
                    HEIGHT="63.0">
            <Shape><Polygon POINTS="69 1315 69 1330 174 1339 175 1339 175 1339 190 1332 193 1330 231 1330 246 1333 288 1340 289 1340 290 1340 307 1333 316 1330 371 1334 385 1335 386 1335 396 1335 450 1330 464 1335 465 1335 466 1335 467 1335 468 1335 476 1329 487 1336 494 1339 495 1339 496 1339 497 1340 554 1340 554 1339 555 1339 561 1337 563 1335 566 1337 571 1339 572 1339 573 1339 574 1340 649 1340 649 1339 650 1339 655 1338 662 1334 668 1338 670 1339 671 1339 672 1339 673 1340 729 1340 729 1339 730 1339 732 1339 757 1329 776 1336 777 1336 778 1336 779 1336 798 1331 810 1339 811 1339 812 1339 813 1340 870 1340 871 1313 870 1286 848 1277 847 1277 846 1277 845 1277 819 1285 794 1277 793 1277 792 1277 791 1277 761 1286 688 1286 658 1277 657 1277 656 1277 655 1277 635 1286 550 1286 529 1277 528 1277 527 1277 526 1277 526 1277 512 1285 471 1282 470 1282 469 1282 468 1282 463 1287 442 1287 429 1278 428 1278 427 1278 375 1278 374 1278 373 1278 372 1278 363 1284 354 1278 353 1278 352 1278 329 1278 328 1278 327 1278 311 1286 241 1278 240 1278 239 1278 222 1287 186 1287 174 1278 173 1278 172 1278 116 1278 115 1278 68 1287 69 1315"/></Shape>
	    <String CONTENT="quò facit Apoſtoli forma loquendi, quod ad¬"
                    HPOS="68.0"
                    VPOS="1277.0"
                    WIDTH="803.0"
                    HEIGHT="63.0"
                    WC="0.9804644625295292"></String>
          </TextLine>
          <TextLine ID="line_26"
                    TAGREFS="LT8"
                    BASELINE="64 1364 871 1367" 
                    HPOS="63.0"
                    VPOS="1329.0"
                    WIDTH="808.0"
                    HEIGHT="61.0">
            <Shape><Polygon POINTS="64 1364 63 1374 76 1381 77 1381 78 1381 108 1376 129 1387 130 1387 131 1387 160 1381 179 1384 180 1384 181 1384 182 1384 194 1377 196 1376 273 1376 278 1378 286 1384 287 1384 288 1384 289 1385 289 1384 290 1384 291 1384 298 1379 303 1376 323 1376 328 1379 333 1384 334 1384 335 1384 336 1384 353 1382 366 1388 367 1388 368 1389 454 1389 454 1388 455 1388 475 1382 493 1377 502 1382 512 1388 513 1388 608 1389 609 1389 610 1389 619 1385 624 1383 630 1385 643 1389 643 1389 644 1389 645 1389 646 1389 652 1385 664 1378 682 1378 718 1387 730 1389 731 1389 731 1389 732 1389 735 1387 749 1378 767 1383 768 1383 769 1383 819 1378 843 1389 844 1389 845 1390 870 1390 871 1367 870 1334 817 1339 807 1334 801 1331 800 1331 737 1331 736 1331 735 1331 729 1334 716 1340 692 1335 677 1331 676 1331 675 1331 674 1331 660 1335 638 1340 628 1335 627 1335 626 1335 625 1335 608 1335 482 1339 470 1336 464 1334 463 1334 462 1334 439 1336 408 1339 392 1337 380 1334 379 1334 378 1334 373 1337 371 1338 369 1337 356 1330 355 1330 354 1330 256 1336 225 1329 224 1329 187 1338 181 1339 127 1339 125 1338 107 1329 106 1329 87 1329 86 1329 85 1329 64 1338 64 1364"/></Shape>
	    <String CONTENT="dit, quæ verè ſunt, ὄντως χείρας, non obſcura"
                    HPOS="63.0"
                    VPOS="1329.0"
                    WIDTH="808.0"
                    HEIGHT="61.0"></String>
          </TextLine>
          <TextLine ID="line_27"
                    TAGREFS="LT8"
                    BASELINE="63 1412 870 1417" 
                    HPOS="62.0"
                    VPOS="1374.0"
                    WIDTH="808.0"
                    HEIGHT="63.0">
            <Shape><Polygon POINTS="63 1412 62 1424 80 1431 81 1431 112 1432 113 1432 114 1432 115 1432 126 1424 130 1422 174 1422 179 1425 185 1428 186 1428 187 1428 188 1428 189 1428 195 1425 202 1422 208 1425 224 1433 225 1433 226 1433 227 1433 247 1425 249 1425 252 1426 278 1433 279 1433 280 1433 281 1433 295 1426 303 1424 368 1424 379 1428 381 1429 382 1429 383 1429 390 1428 414 1424 445 1424 455 1429 456 1429 457 1429 458 1429 459 1429 460 1429 468 1424 478 1430 486 1434 487 1434 547 1435 548 1436 568 1436 568 1435 569 1435 570 1435 576 1431 586 1425 675 1425 702 1433 708 1436 709 1436 710 1436 723 1434 748 1429 755 1434 757 1436 758 1436 759 1436 760 1437 792 1437 792 1436 793 1436 796 1435 820 1428 868 1436 870 1417 869 1389 815 1386 805 1378 804 1378 803 1378 802 1378 668 1387 666 1387 641 1377 640 1377 639 1377 556 1387 549 1387 537 1387 525 1386 509 1376 508 1376 507 1376 506 1376 505 1376 480 1386 480 1387 407 1387 406 1386 390 1379 389 1379 388 1379 309 1385 306 1385 295 1378 294 1378 293 1378 292 1378 292 1378 278 1385 263 1378 262 1378 261 1378 260 1378 238 1384 220 1374 219 1374 218 1374 133 1379 92 1374 91 1374 90 1374 63 1383 63 1412"/></Shape>
	    <String CONTENT="eſt differentia inter viduas: aliæ verè ſunt,"
                    HPOS="62.0"
                    VPOS="1374.0"
                    WIDTH="808.0"
                    HEIGHT="63.0"
                    WC="0.9930859493172687"></String>
          </TextLine>
          <TextLine ID="line_28"
                    TAGREFS="LT8"
                    BASELINE="65 1459 871 1462" 
                    HPOS="64.0"
                    VPOS="1425.0"
                    WIDTH="807.0"
                    HEIGHT="61.0">
            <Shape><Polygon POINTS="65 1459 64 1474 82 1483 83 1483 84 1483 122 1478 136 1482 137 1482 138 1482 139 1482 159 1476 269 1481 270 1481 333 1476 392 1484 393 1485 459 1485 459 1484 460 1484 481 1477 493 1484 494 1484 495 1484 496 1484 575 1481 602 1485 603 1485 604 1485 605 1485 617 1478 637 1485 638 1485 639 1486 735 1486 735 1485 736 1485 737 1485 750 1478 781 1478 798 1485 799 1485 800 1485 801 1485 818 1478 870 1477 871 1462 871 1435 844 1426 843 1426 842 1426 841 1426 824 1432 805 1426 804 1426 803 1426 769 1432 734 1426 733 1426 732 1426 705 1434 702 1434 675 1433 653 1433 645 1426 644 1426 643 1426 643 1426 642 1426 622 1433 618 1434 609 1433 579 1429 578 1429 465 1432 421 1433 418 1432 411 1427 410 1427 409 1427 409 1427 408 1427 398 1432 395 1434 351 1434 347 1431 331 1425 330 1425 329 1425 328 1425 316 1431 315 1431 286 1425 285 1425 284 1425 271 1431 269 1432 262 1431 224 1425 223 1425 65 1429 65 1459"/></Shape>
	    <String CONTENT="quòd dicuntur re &amp; nomine viduæ: aliæ ſolo"
                    HPOS="64.0"
                    VPOS="1425.0"
                    WIDTH="807.0"
                    HEIGHT="61.0"
                    WC="0.9924314867618472"></String>
          </TextLine>
          <TextLine ID="line_29"
                    TAGREFS="LT8"
                    BASELINE="65 1509 870 1511" 
                    HPOS="64.0"
                    VPOS="1475.0"
                    WIDTH="806.0"
                    HEIGHT="73.0">
            <Shape><Polygon POINTS="65 1509 64 1533 99 1534 117 1545 118 1545 119 1545 120 1545 204 1541 204 1541 205 1541 213 1536 216 1535 252 1537 320 1540 321 1540 321 1540 326 1538 333 1535 393 1536 402 1539 423 1546 424 1546 425 1547 561 1547 561 1546 562 1546 573 1542 587 1538 658 1544 697 1547 698 1547 699 1547 705 1544 726 1537 751 1545 753 1546 754 1546 755 1546 761 1545 819 1538 843 1547 844 1547 845 1548 869 1548 870 1511 869 1485 817 1477 816 1477 737 1478 736 1478 718 1483 715 1484 700 1483 639 1479 638 1479 619 1482 611 1484 469 1484 464 1482 455 1479 454 1479 453 1479 430 1482 409 1483 403 1481 390 1476 389 1476 333 1475 332 1475 331 1475 311 1481 308 1481 302 1481 255 1475 254 1475 253 1475 252 1475 246 1480 242 1482 232 1480 213 1475 212 1475 211 1475 189 1480 177 1482 172 1479 162 1475 161 1475 160 1475 132 1479 105 1482 65 1479 65 1509"/></Shape>
	    <String CONTENT="nomine. Apoſtolus igitur præceptum de ho¬"
                    HPOS="64.0"
                    VPOS="1475.0"
                    WIDTH="806.0"
                    HEIGHT="73.0"
                    WC="0.998436722813583"></String>
          </TextLine>
        </TextBlock>
        <TextBlock HPOS="826"
                   VPOS="48"
                   WIDTH="66"
                   HEIGHT="43"
                   ID="eSc_textblock_67ade5f2"
                   TAGREFS="BT15">
          <Shape><Polygon POINTS="826 48 826 91 892 91 892 48"/></Shape>
          <TextLine ID="eSc_line_3644a459"
                    TAGREFS="LT8"
                    BASELINE="832 77 882 77" 
                    HPOS="830"
                    VPOS="42"
                    WIDTH="51"
                    HEIGHT="65">
            <Shape><Polygon POINTS="830 101 880 107 881 76 881 46 830 42 830 76"/></Shape>
	    <String CONTENT="121"
                    HPOS="830"
                    VPOS="42"
                    WIDTH="51"
                    HEIGHT="65"></String>
          </TextLine>
        </TextBlock>
      </PrintSpace>
    </Page>
  </Layout>
</alto>
