<?xml version="1.0" encoding="UTF-8"?>
<alto xmlns:xsi="http://www.w3.org/2001/XMLSchema-instance"
      xmlns="http://www.loc.gov/standards/alto/ns-v4#"
      xsi:schemaLocation="http://www.loc.gov/standards/alto/ns-v4# http://www.loc.gov/standards/alto/v4/alto-4-2.xsd">
  <Description>
    <MeasurementUnit>pixel</MeasurementUnit>
    <sourceImageInformation>
      <fileName>bsb10313792_00159.jpg</fileName>
    </sourceImageInformation>
  </Description>
  <Tags>
    <OtherTag ID="BT7" LABEL="CustomZone" DESCRIPTION="block type CustomZone"/><OtherTag ID="BT8" LABEL="DamageZone" DESCRIPTION="block type DamageZone"/><OtherTag ID="BT9" LABEL="DigitizationArtefactZone" DESCRIPTION="block type DigitizationArtefactZone"/><OtherTag ID="BT10" LABEL="DropCapitalZone" DESCRIPTION="block type DropCapitalZone"/><OtherTag ID="BT11" LABEL="GraphicZone" DESCRIPTION="block type GraphicZone"/><OtherTag ID="BT12" LABEL="MainZone" DESCRIPTION="block type MainZone"/><OtherTag ID="BT13" LABEL="MarginTextZone" DESCRIPTION="block type MarginTextZone"/><OtherTag ID="BT14" LABEL="MusicZone" DESCRIPTION="block type MusicZone"/><OtherTag ID="BT15" LABEL="NumberingZone" DESCRIPTION="block type NumberingZone"/><OtherTag ID="BT17" LABEL="QuireMarksZone" DESCRIPTION="block type QuireMarksZone"/><OtherTag ID="BT18" LABEL="RunningTitleZone" DESCRIPTION="block type RunningTitleZone"/><OtherTag ID="BT19" LABEL="SealZone" DESCRIPTION="block type SealZone"/><OtherTag ID="BT20" LABEL="StampZone" DESCRIPTION="block type StampZone"/><OtherTag ID="BT21" LABEL="TableZone" DESCRIPTION="block type TableZone"/><OtherTag ID="BT22" LABEL="TitlePageZone" DESCRIPTION="block type TitlePageZone"/><OtherTag ID="BT1851" LABEL="MainZone-P" DESCRIPTION="block type MainZone-P"/><OtherTag ID="BT1852" LABEL="MainZone-Head" DESCRIPTION="block type MainZone-Head"/><OtherTag ID="BT1853" LABEL="MainZone-P-Continued" DESCRIPTION="block type MainZone-P-Continued"/><OtherTag ID="BT1854" LABEL="MarginTextZone-ManuscriptAddendum" DESCRIPTION="block type MarginTextZone-ManuscriptAddendum"/><OtherTag ID="BT1855" LABEL="text" DESCRIPTION="block type text"/><OtherTag ID="BT1856" LABEL="MainZone-Entry" DESCRIPTION="block type MainZone-Entry"/><OtherTag ID="BT1857" LABEL="MainZone-Entry-Continued" DESCRIPTION="block type MainZone-Entry-Continued"/><OtherTag ID="BT1877" LABEL="GraphicZone-Decoration" DESCRIPTION="block type GraphicZone-Decoration"/><OtherTag ID="BT1894" LABEL="MainZone-Other" DESCRIPTION="block type MainZone-Other"/>
    <OtherTag ID="LT7" LABEL="CustomLine" DESCRIPTION="line type CustomLine"/><OtherTag ID="LT8" LABEL="DefaultLine" DESCRIPTION="line type DefaultLine"/><OtherTag ID="LT9" LABEL="DropCapitalLine" DESCRIPTION="line type DropCapitalLine"/><OtherTag ID="LT10" LABEL="HeadingLine" DESCRIPTION="line type HeadingLine"/><OtherTag ID="LT11" LABEL="InterlinearLine" DESCRIPTION="line type InterlinearLine"/><OtherTag ID="LT12" LABEL="MusicLine" DESCRIPTION="line type MusicLine"/><OtherTag ID="LT636" LABEL="default" DESCRIPTION="line type default"/>
  </Tags>
  <Layout>
    <Page WIDTH="1077"
          HEIGHT="1747"
          PHYSICAL_IMG_NR="143"
          ID="eSc_dummypage_">
      <PrintSpace HPOS="0"
                  VPOS="0"
                  WIDTH="1077"
                  HEIGHT="1747">
        <TextBlock HPOS="116"
                   VPOS="55"
                   WIDTH="645"
                   HEIGHT="52"
                   ID="block_0"
                   TAGREFS="BT18">
          <Shape><Polygon POINTS="761 55 761 107 116 107 116 55"/></Shape>
          <TextLine ID="line_0"
                    TAGREFS="LT10"
                    BASELINE="116 89 752 96" 
                    HPOS="113"
                    VPOS="52"
                    WIDTH="637"
                    HEIGHT="61">
            <Shape><Polygon POINTS="128 55 115 52 113 106 268 101 308 110 393 103 410 110 432 103 475 112 531 104 540 112 747 113 750 94 749 55 740 55"/></Shape>
	    <String CONTENT="IN I. EPIST. AD TIMOTH."
                    HPOS="113"
                    VPOS="52"
                    WIDTH="637"
                    HEIGHT="61"
                    WC="0.9923305926115616"></String>
          </TextLine>
        </TextBlock>
        <TextBlock HPOS="50"
                   VPOS="110"
                   WIDTH="822"
                   HEIGHT="144"
                   ID="block_2"
                   TAGREFS="BT1853">
          <Shape><Polygon POINTS="872 110 872 254 53 254 50 116"/></Shape>
          <TextLine ID="line_1"
                    TAGREFS="LT8"
                    BASELINE="58 146 868 152" 
                    HPOS="57"
                    VPOS="103"
                    WIDTH="811"
                    HEIGHT="66">
            <Shape><Polygon POINTS="625 107 621 107 611 107 602 107 592 107 582 107 572 107 563 107 553 107 543 107 534 107 524 107 514 107 504 107 495 107 485 107 475 107 474 108 464 116 416 116 404 108 403 108 402 108 401 108 390 113 378 107 373 107 357 116 332 107 330 107 320 107 312 107 298 112 291 107 281 107 271 107 262 107 252 107 250 107 227 113 210 109 209 109 208 109 207 109 206 109 198 115 96 115 70 107 67 107 67 105 59 103 58 146 57 163 87 164 88 164 89 164 90 164 98 158 124 164 128 164 129 164 133 164 166 158 184 164 185 164 186 164 187 164 200 164 321 158 349 164 359 165 360 165 361 165 365 164 373 159 411 164 426 165 427 165 428 165 433 164 444 160 455 164 462 166 463 166 464 167 536 167 536 166 537 166 543 164 556 160 594 160 611 164 623 167 624 167 625 168 665 168 665 167 666 167 672 164 678 161 706 164 733 168 734 169 811 169 811 168 812 168 822 164 831 162 840 164 849 168 850 168 851 168 867 164 868 152 868 113 834 110 833 110 832 110 825 112 807 118 795 112 788 108 787 108 786 108 785 108 778 111 766 118 751 111 748 110 747 110 746 110 745 110 742 111 721 119 641 119 630 110 627 107 626 107"/></Shape>
	    <String CONTENT="ertent, rectè dicuntur nihil ſcire, vtvt docti"
                    HPOS="57"
                    VPOS="103"
                    WIDTH="811"
                    HEIGHT="66"
                    WC="0.9872955692575333"></String>
          </TextLine>
          <TextLine ID="line_2"
                    TAGREFS="LT8"
                    BASELINE="67 194 863 201" 
                    HPOS="66.0"
                    VPOS="156.0"
                    WIDTH="797.0"
                    HEIGHT="67.0">
            <Shape><Polygon POINTS="67 194 66 205 97 211 98 211 171 209 183 216 184 216 185 216 186 216 255 209 275 217 276 217 277 217 361 209 379 216 380 216 381 216 382 216 403 210 462 210 483 219 484 219 485 219 486 219 516 211 585 216 586 216 630 212 640 219 641 219 642 219 643 219 644 219 663 213 681 220 682 220 683 220 735 215 763 222 764 222 765 223 830 223 830 222 831 222 862 213 863 201 862 172 786 171 775 163 774 163 774 163 773 163 709 170 703 170 701 169 677 162 676 162 675 162 641 166 623 161 622 161 528 160 527 160 477 166 463 159 462 159 407 159 406 159 405 159 387 166 386 166 384 166 366 158 365 158 334 158 333 158 332 158 310 165 305 167 267 167 149 165 146 164 135 156 134 156 134 156 97 156 96 156 67 162 67 194"/></Shape>
	    <String CONTENT="videantur, quia ad finem veritatis non per¬"
                    HPOS="66.0"
                    VPOS="156.0"
                    WIDTH="797.0"
                    HEIGHT="67.0"
                    WC="0.9991759158844171"></String>
          </TextLine>
          <TextLine ID="line_3"
                    TAGREFS="LT8"
                    BASELINE="69 242 237 244" 
                    HPOS="68"
                    VPOS="222"
                    WIDTH="175"
                    HEIGHT="38">
            <Shape><Polygon POINTS="176 224 167 224 157 224 147 224 137 224 128 224 118 224 108 224 69 225 69 242 68 254 85 260 86 260 87 260 242 259 243 244 242 228 203 223 198 222 195 224 186 224"/></Shape>
	    <String CONTENT="ueniunt."
                    HPOS="68"
                    VPOS="222"
                    WIDTH="175"
                    HEIGHT="38"></String>
          </TextLine>
        </TextBlock>
        <TextBlock HPOS="27"
                   VPOS="267"
                   WIDTH="852"
                   HEIGHT="1270"
                   ID="block_3"
                   TAGREFS="BT1851">
          <Shape><Polygon POINTS="879 269 877 1537 27 1537 53 267"/></Shape>
          <TextLine ID="line_4"
                    TAGREFS="LT8"
                    BASELINE="108 295 450 294 863 301" 
                    HPOS="107.0"
                    VPOS="252.0"
                    WIDTH="756.0"
                    HEIGHT="68.0">
            <Shape><Polygon POINTS="108 295 107 305 116 312 117 312 118 312 119 312 238 305 259 304 261 305 268 311 269 311 269 311 270 311 271 311 288 306 307 314 308 314 309 314 339 307 347 305 359 307 377 310 378 310 417 308 452 306 460 309 470 312 471 312 471 312 488 309 500 307 505 309 520 316 521 316 522 316 523 316 538 310 545 307 558 310 569 313 570 313 571 313 589 311 612 308 619 311 631 317 632 317 633 317 655 312 657 312 658 312 685 318 686 318 687 318 701 313 708 310 730 313 766 319 767 320 813 320 813 319 814 319 815 319 820 315 824 312 861 315 863 301 863 269 816 263 815 263 814 263 800 268 799 268 733 268 732 267 715 257 714 257 713 257 667 256 666 256 665 256 641 264 619 261 618 261 617 261 616 261 606 266 605 267 572 267 558 266 553 266 532 255 531 255 530 255 529 255 506 261 471 254 396 254 395 254 328 263 312 253 311 253 310 253 309 253 273 259 257 252 256 252 255 252 254 252 225 263 134 252 133 252 132 252 108 261 108 295"/></Shape>
	    <String CONTENT="Quarta eſt, νοσῶν περί ζητήσεις καὶ λογομα¬"
                    HPOS="107.0"
                    VPOS="252.0"
                    WIDTH="756.0"
                    HEIGHT="68.0"></String>
          </TextLine>
          <TextLine ID="line_5"
                    TAGREFS="LT8"
                    BASELINE="71 345 380 342 868 350" 
                    HPOS="71.0"
                    VPOS="301.0"
                    WIDTH="797.0"
                    HEIGHT="65.0">
            <Shape><Polygon POINTS="71 345 71 360 118 355 141 361 142 361 143 361 144 361 145 361 146 361 155 354 168 361 169 361 170 361 172 361 269 355 284 362 285 362 286 362 287 362 352 356 369 362 370 362 403 362 406 362 407 362 408 362 425 357 451 362 452 362 522 357 544 364 546 364 547 364 548 364 554 364 605 359 640 364 645 365 646 365 647 365 649 365 664 359 678 365 679 365 680 365 681 365 686 365 734 360 767 366 771 366 772 366 776 366 819 360 866 366 868 350 868 319 833 311 832 311 831 311 830 311 819 318 818 319 761 319 760 318 748 308 747 308 746 308 724 306 723 306 691 307 690 307 668 317 667 317 663 317 628 312 627 312 608 316 594 305 593 305 592 305 535 305 534 305 533 305 532 305 522 311 507 304 506 304 481 304 480 304 479 304 450 315 448 315 434 315 431 315 417 303 416 303 415 303 414 303 259 310 246 302 245 302 244 302 243 302 198 307 181 301 180 301 179 301 178 301 177 301 163 312 71 312 71 345"/></Shape>
	    <String CONTENT="χίας, id eſt, morbidus eſt circa quæſtiones &amp;"
                    HPOS="71.0"
                    VPOS="301.0"
                    WIDTH="797.0"
                    HEIGHT="65.0"></String>
          </TextLine>
          <TextLine ID="line_6"
                    TAGREFS="LT8"
                    BASELINE="65 391 861 398" 
                    HPOS="64.0"
                    VPOS="352.0"
                    WIDTH="797.0"
                    HEIGHT="66.0">
            <Shape><Polygon POINTS="65 391 64 401 86 410 87 410 88 410 163 403 224 412 225 412 226 412 247 405 266 413 267 413 268 413 302 405 317 413 318 413 319 413 353 405 447 414 448 414 482 407 500 415 501 415 502 416 559 416 559 415 560 415 583 408 598 416 599 416 600 416 685 409 697 417 698 417 699 417 700 418 718 418 718 417 719 417 720 417 730 409 739 409 753 409 757 409 804 418 805 418 806 418 827 410 829 410 859 410 861 398 859 362 762 366 752 362 744 358 743 358 713 358 712 358 711 358 698 361 679 365 591 365 563 361 533 356 532 356 531 356 530 356 523 360 518 363 513 360 508 356 507 356 506 356 505 356 478 360 464 362 448 360 414 355 413 355 373 359 349 362 344 359 336 354 336 354 335 354 334 354 333 354 318 359 312 361 300 359 264 353 263 353 262 353 251 359 246 362 165 362 155 358 135 352 134 352 134 352 109 353 108 353 107 353 101 358 98 360 65 358 65 391"/></Shape>
	    <String CONTENT="verborum pugnas: ſuprà quoque capite pri¬"
                    HPOS="64.0"
                    VPOS="352.0"
                    WIDTH="797.0"
                    HEIGHT="66.0"
                    WC="0.9928200769992102"></String>
          </TextLine>
          <TextLine ID="line_7"
                    TAGREFS="LT8"
                    BASELINE="63 439 863 446" 
                    HPOS="62"
                    VPOS="401"
                    WIDTH="801"
                    HEIGHT="64">
            <Shape><Polygon POINTS="62 451 193 460 194 460 246 454 327 454 349 461 350 461 351 461 385 455 393 461 394 461 395 461 396 461 417 457 434 461 435 461 436 461 486 456 487 456 488 456 520 462 521 463 633 463 633 462 634 462 650 458 671 463 672 463 673 463 674 463 684 458 693 462 694 462 695 462 733 458 737 458 747 464 748 464 749 464 750 465 784 465 784 464 785 464 798 459 799 459 842 463 843 463 844 463 862 459 863 446 861 408 794 412 745 408 724 406 723 406 722 406 721 406 719 408 709 414 673 408 660 406 659 406 658 406 652 408 635 414 619 408 616 407 615 407 614 407 607 408 581 413 571 408 569 407 568 407 567 407 558 408 520 413 485 413 475 408 466 404 465 404 464 404 463 404 462 404 457 408 452 412 408 412 397 408 383 403 382 403 381 403 359 408 358 408 351 403 350 403 349 403 348 403 347 403 334 408 325 412 293 412 274 408 235 402 192 408 179 410 171 408 143 401 142 401 141 401 140 401 114 408 110 409 63 409 63 439"/></Shape>
	    <String CONTENT="mo damnauit ζητητικόν καὶ μυθικὸν: infrà ad"
                    HPOS="62"
                    VPOS="401"
                    WIDTH="801"
                    HEIGHT="64"></String>
          </TextLine>
          <TextLine ID="line_8"
                    TAGREFS="LT8"
                    BASELINE="70 489 864 495" 
                    HPOS="69.0"
                    VPOS="451.0"
                    WIDTH="795.0"
                    HEIGHT="63.0">
            <Shape><Polygon POINTS="70 489 69 498 111 507 112 507 113 507 133 501 157 507 158 507 159 507 211 501 269 508 270 508 271 508 296 501 312 506 313 506 314 506 315 506 330 502 338 509 339 509 340 509 341 509 402 504 410 510 411 510 412 510 413 510 514 503 565 509 566 509 591 504 605 511 606 511 607 511 664 505 681 512 682 512 683 512 729 506 736 511 737 511 738 511 739 511 758 507 776 513 777 513 778 514 832 514 832 513 863 505 864 495 864 466 840 458 839 458 838 458 837 458 815 465 813 466 791 466 789 464 780 458 779 458 778 458 777 458 737 463 735 463 734 463 721 459 720 459 719 459 718 459 709 463 706 465 640 465 636 461 633 460 632 460 631 460 630 460 620 461 609 463 597 461 573 456 572 456 533 460 503 462 497 459 492 455 491 455 490 455 489 455 488 455 477 459 465 463 429 463 408 457 397 454 396 454 358 454 357 454 356 454 355 454 352 456 341 461 278 461 263 454 262 454 261 454 260 454 259 454 258 454 240 461 181 455 180 455 130 460 119 452 118 452 117 452 70 451 70 489"/></Shape>
	    <String CONTENT="Titum capite primo, verſu Io.ματαιολογία"
                    HPOS="69.0"
                    VPOS="451.0"
                    WIDTH="795.0"
                    HEIGHT="63.0"
                    WC="0.9801186570307103"></String>
          </TextLine>
          <TextLine ID="line_9"
                    TAGREFS="LT8"
                    BASELINE="64 538 862 545" 
                    HPOS="63.0"
                    VPOS="497.0"
                    WIDTH="799.0"
                    HEIGHT="65.0">
            <Shape><Polygon POINTS="64 538 63 549 181 558 182 558 211 552 212 552 213 552 267 558 268 558 269 558 286 553 291 552 300 553 338 559 339 559 363 554 369 553 375 554 406 560 407 560 474 556 504 554 514 556 536 560 537 560 538 560 552 557 560 555 573 557 598 560 599 561 623 561 623 560 624 560 625 560 628 558 632 555 641 558 653 561 654 561 655 561 672 559 680 557 684 559 690 561 691 561 692 561 693 561 703 559 710 557 726 559 748 562 749 562 766 560 781 557 788 560 794 562 795 562 796 562 812 560 838 557 860 560 862 545 862 508 842 503 841 503 841 503 830 508 816 514 749 514 730 507 712 502 711 502 710 502 709 502 698 507 688 512 680 507 673 502 673 502 672 502 632 502 631 502 630 502 617 507 609 510 605 507 597 501 596 501 595 501 594 501 563 505 479 500 478 500 477 500 476 500 468 507 463 511 409 511 396 506 383 503 382 503 381 503 367 506 355 509 350 506 338 499 337 499 336 499 336 499 300 503 284 498 283 498 282 498 281 498 280 498 269 506 267 509 178 509 162 506 106 497 105 497 64 505 64 538"/></Shape>
	    <String CONTENT="dicitur, quia his quæſtionibus fruſtra om¬"
                    HPOS="63.0"
                    VPOS="497.0"
                    WIDTH="799.0"
                    HEIGHT="65.0"
                    WC="0.9994589019389379"></String>
          </TextLine>
          <TextLine ID="line_10"
                    TAGREFS="LT8"
                    BASELINE="58 588 862 595" 
                    HPOS="57.0"
                    VPOS="549.0"
                    WIDTH="805.0"
                    HEIGHT="64.0">
            <Shape><Polygon POINTS="58 588 57 598 81 599 91 607 92 607 93 607 94 607 155 600 157 600 158 600 164 606 165 606 166 606 167 606 218 601 220 601 221 601 228 607 229 607 230 607 231 607 254 601 257 601 258 601 269 609 270 609 271 609 272 610 307 610 307 609 308 609 324 602 326 602 330 603 366 610 367 610 368 610 385 603 386 603 388 603 403 609 403 609 404 609 405 609 423 604 430 610 431 610 432 610 433 610 459 605 464 604 472 605 517 610 518 610 519 610 528 606 530 605 606 605 610 607 614 610 615 610 616 610 617 610 618 610 629 607 634 606 639 607 660 613 661 613 662 613 706 608 711 608 712 608 719 613 720 613 721 613 722 613 861 610 862 595 860 555 808 561 790 555 788 554 787 554 740 553 739 553 738 553 734 555 725 560 715 555 713 554 712 554 711 554 710 554 709 554 708 555 696 562 676 562 604 555 558 551 483 551 482 551 481 551 480 551 474 556 472 557 469 556 455 551 454 551 453 551 452 551 441 556 434 560 401 560 396 556 389 550 388 550 387 550 357 549 356 549 305 556 288 558 106 557 106 556 100 551 99 551 98 551 97 551 58 556 58 588"/></Shape>
	    <String CONTENT="nis cura impenditur. Hoc loco grauiſsimè"
                    HPOS="57.0"
                    VPOS="549.0"
                    WIDTH="805.0"
                    HEIGHT="64.0"
                    WC="0.9992211010397934"></String>
          </TextLine>
          <TextLine ID="line_11"
                    TAGREFS="LT8"
                    BASELINE="59 636 860 644" 
                    HPOS="58.0"
                    VPOS="596.0"
                    WIDTH="802.0"
                    HEIGHT="66.0">
            <Shape><Polygon POINTS="59 636 58 647 88 655 89 655 148 649 152 649 153 649 166 655 167 655 168 655 218 650 226 650 229 651 243 656 244 656 245 656 288 652 297 651 302 652 320 657 321 657 322 657 323 657 336 652 341 651 346 653 356 657 357 657 358 657 378 653 386 652 409 654 459 658 460 658 473 655 483 653 520 656 572 659 573 659 601 657 632 654 650 658 664 660 665 660 706 659 755 657 761 659 765 661 766 661 767 662 837 662 837 661 838 661 839 661 847 656 856 661 860 644 859 605 826 603 825 603 824 603 819 604 803 610 782 604 777 603 776 603 775 603 774 603 772 604 760 610 728 610 720 604 718 602 717 602 716 602 715 602 714 602 710 604 701 610 660 610 646 604 639 601 638 601 637 601 587 604 558 605 554 604 546 600 545 600 470 600 469 600 468 600 462 603 455 607 409 607 402 603 393 599 392 599 391 599 362 603 344 605 340 603 332 598 331 598 330 598 298 603 280 605 273 603 260 597 259 597 258 597 257 597 241 602 236 605 174 605 170 602 167 599 166 599 165 599 164 599 144 602 138 603 137 602 130 596 129 596 128 596 127 596 126 596 111 602 108 603 102 602 71 596 70 596 69 596 59 601 59 636"/></Shape>
	    <String CONTENT="deterret ab eo vitio ſubiecta turpitudine."
                    HPOS="58.0"
                    VPOS="596.0"
                    WIDTH="802.0"
                    HEIGHT="66.0"
                    WC="0.9918567949817294"></String>
          </TextLine>
          <TextLine ID="line_12"
                    TAGREFS="LT8"
                    BASELINE="61 688 435 688 862 694" 
                    HPOS="60.0"
                    VPOS="645.0"
                    WIDTH="802.0"
                    HEIGHT="66.0">
            <Shape><Polygon POINTS="60 697 112 705 113 705 191 699 200 699 201 699 215 706 216 706 217 706 278 700 287 700 293 701 324 707 325 707 401 702 423 701 426 703 433 708 434 708 435 708 436 709 497 709 497 708 498 708 499 708 504 704 506 702 515 704 539 709 540 709 541 709 556 704 561 703 563 704 570 709 571 709 572 709 572 709 605 705 623 703 656 706 696 709 697 709 720 707 743 704 751 707 762 711 763 711 764 711 765 711 777 707 783 706 790 708 807 711 807 711 861 708 862 694 861 659 804 659 799 657 784 652 783 652 782 652 781 652 771 657 768 658 765 657 749 651 748 651 747 651 746 651 729 656 715 660 668 660 654 655 641 650 640 650 639 650 612 654 583 659 575 654 571 650 570 650 569 650 568 650 545 653 518 657 509 652 504 649 503 649 463 649 462 649 461 649 460 649 457 651 448 658 437 651 433 648 432 648 431 648 430 648 404 651 348 657 324 649 317 647 316 647 294 647 293 647 292 647 291 647 289 649 279 656 248 651 247 651 246 651 235 656 147 656 129 646 128 646 96 645 95 645 94 645 93 645 85 651 62 645 61 688 60 697"/></Shape>
	    <String CONTENT="Νόσος  enim eſt quod læ dit naturalem vitæ a¬"
                    HPOS="60.0"
                    VPOS="645.0"
                    WIDTH="802.0"
                    HEIGHT="66.0"></String>
          </TextLine>
          <TextLine ID="line_13"
                    TAGREFS="LT8"
                    BASELINE="65 735 863 741" 
                    HPOS="65.0"
                    VPOS="695.0"
                    WIDTH="798.0"
                    HEIGHT="63.0">
            <Shape><Polygon POINTS="65 735 65 747 103 747 105 748 117 754 118 754 119 754 120 754 121 754 131 748 153 754 154 754 155 754 232 749 244 748 250 749 284 755 285 755 322 749 330 748 336 749 366 756 367 756 440 752 469 757 470 757 542 750 551 750 554 750 572 757 573 757 574 757 575 757 588 751 597 758 598 758 599 758 600 758 601 758 602 758 612 751 625 758 626 758 627 758 707 758 707 758 708 758 732 752 740 758 740 758 741 758 834 758 835 758 862 752 863 741 863 710 812 709 789 701 788 701 787 701 786 701 769 708 766 709 764 708 755 701 754 701 753 701 727 700 726 700 618 705 567 707 560 704 549 699 548 699 547 699 546 699 532 703 518 708 466 708 432 701 410 698 409 698 408 698 400 701 390 704 385 701 382 698 381 698 380 698 353 698 352 698 351 698 347 700 336 706 318 699 311 697 310 697 309 697 308 697 302 699 286 705 272 698 269 697 269 697 268 697 260 698 229 705 128 705 65 695 65 735"/></Shape>
	    <String CONTENT="ctionem : in religione autem νόσος eſt ſtu¬"
                    HPOS="65.0"
                    VPOS="695.0"
                    WIDTH="798.0"
                    HEIGHT="63.0"></String>
          </TextLine>
          <TextLine ID="line_14"
                    TAGREFS="LT8"
                    BASELINE="65 784 860 792" 
                    HPOS="64.0"
                    VPOS="743.0"
                    WIDTH="796.0"
                    HEIGHT="68.0">
            <Shape><Polygon POINTS="65 784 64 795 94 801 95 801 137 797 139 797 141 797 185 805 186 805 218 800 225 805 226 805 227 805 281 806 282 806 283 806 305 800 310 799 389 799 395 802 406 806 407 806 408 806 436 802 441 802 442 803 449 808 450 808 451 808 452 808 485 803 504 801 512 804 524 808 525 808 526 808 553 805 575 802 584 805 597 810 598 810 599 810 667 809 668 809 669 809 672 807 677 803 689 807 691 808 692 808 693 808 694 808 697 807 708 804 716 808 722 811 723 811 724 811 725 811 733 808 741 805 753 809 762 811 763 811 764 811 859 810 860 792 860 756 842 751 841 751 841 751 840 751 839 751 832 756 828 759 789 759 781 756 768 750 767 750 766 750 736 755 734 755 733 755 692 750 691 750 669 754 656 757 646 754 631 749 630 749 629 749 628 749 627 749 621 754 616 758 595 758 569 757 564 753 557 748 556 748 555 748 554 748 531 753 520 755 515 753 504 747 503 747 502 747 501 747 500 747 492 752 490 754 482 752 462 748 461 748 437 752 419 755 412 752 404 747 403 747 403 747 402 747 393 751 387 755 355 755 345 751 330 745 329 745 328 745 296 750 284 752 277 750 268 747 267 747 266 747 265 747 259 750 252 753 228 749 198 745 197 745 177 749 161 752 157 749 155 747 154 747 153 747 152 747 142 748 128 751 124 748 116 743 115 743 114 743 113 743 65 747 65 784"/></Shape>
	    <String CONTENT="dium litigandi, &amp; curioſitas quæſtionum"
                    HPOS="64.0"
                    VPOS="743.0"
                    WIDTH="796.0"
                    HEIGHT="68.0"
                    WC="0.9991711148848901"></String>
          </TextLine>
          <TextLine ID="line_15"
                    TAGREFS="LT8"
                    BASELINE="58 834 860 840" 
                    HPOS="57.0"
                    VPOS="798.0"
                    WIDTH="803.0"
                    HEIGHT="60.0">
            <Shape><Polygon POINTS="58 834 57 845 214 855 215 856 305 856 305 855 306 855 320 848 321 848 322 848 336 853 336 853 337 853 378 849 379 849 394 856 395 856 396 856 397 856 414 849 415 849 453 849 495 850 503 857 504 857 504 857 505 857 570 851 592 857 593 857 594 857 595 857 609 851 610 851 634 851 636 851 645 857 646 857 647 857 648 858 702 858 702 857 703 857 704 857 710 853 726 858 727 858 728 858 859 853 860 840 860 806 840 801 839 801 838 801 837 801 826 807 819 810 815 806 808 801 807 801 807 801 783 801 782 801 781 801 768 806 761 809 757 806 749 801 748 801 747 801 695 800 694 800 693 800 692 800 684 806 680 809 671 806 656 801 655 801 654 801 628 806 609 809 600 806 588 801 587 801 586 801 585 801 573 806 569 807 563 805 541 799 540 799 485 799 484 799 483 799 471 805 466 808 461 805 447 798 446 798 410 798 409 798 408 798 407 798 398 805 394 808 380 808 376 805 369 798 368 798 367 798 366 798 328 805 318 806 313 805 297 798 296 798 295 798 269 804 261 806 130 806 127 804 120 798 119 798 118 798 117 798 58 803 58 834"/></Shape>
	    <String CONTENT="nouarum, quod ipſam quoque lædit actio¬"
                    HPOS="57.0"
                    VPOS="798.0"
                    WIDTH="803.0"
                    HEIGHT="60.0"></String>
          </TextLine>
          <TextLine ID="line_16"
                    TAGREFS="LT8"
                    BASELINE="53 884 859 887" 
                    HPOS="52.0"
                    VPOS="847.0"
                    WIDTH="807.0"
                    HEIGHT="57.0">
            <Shape><Polygon POINTS="53 884 52 894 93 895 102 902 103 902 104 902 105 902 156 896 214 902 215 902 264 896 269 896 276 896 322 903 323 903 351 897 354 897 357 897 392 903 393 903 394 903 407 898 410 897 414 898 440 903 441 904 535 904 535 903 536 903 549 899 556 897 586 897 591 899 600 904 601 904 602 904 858 901 859 887 859 852 778 849 777 849 759 852 730 857 717 852 709 849 708 849 707 849 691 852 669 857 633 853 603 849 602 849 601 849 600 849 595 853 591 856 586 853 580 850 579 850 578 850 577 850 567 853 554 857 485 857 475 853 458 848 457 848 456 848 455 848 443 854 438 856 430 854 412 849 411 849 410 849 409 849 408 849 403 854 399 857 369 857 363 854 349 848 348 848 347 848 346 848 334 854 332 856 238 856 235 855 207 847 206 847 152 847 151 847 150 847 136 853 116 847 115 847 114 847 113 847 94 855 94 856 53 856 53 884"/></Shape>
	    <String CONTENT="nem vitæ renati hominis: ideo quàm dili¬"
                    HPOS="52.0"
                    VPOS="847.0"
                    WIDTH="807.0"
                    HEIGHT="57.0"
                    WC="0.9993730071114331"></String>
          </TextLine>
          <TextLine ID="line_17"
                    TAGREFS="LT8"
                    BASELINE="55 933 857 937" 
                    HPOS="55.0"
                    VPOS="893.0"
                    WIDTH="802.0"
                    HEIGHT="62.0">
            <Shape><Polygon POINTS="55 933 55 952 104 946 122 951 123 951 124 951 184 946 194 951 195 951 196 951 223 945 235 951 238 953 239 953 240 953 262 951 302 947 332 951 358 954 359 954 375 950 395 946 401 950 405 954 406 954 407 954 408 954 459 950 496 947 500 950 506 954 507 954 508 954 509 954 510 954 520 950 536 955 537 955 538 955 538 955 539 955 546 949 548 948 553 949 564 952 565 952 566 952 567 952 568 952 572 949 576 947 644 947 648 949 655 952 656 952 657 952 686 948 692 948 693 948 705 955 706 955 706 955 707 955 718 951 823 955 824 955 825 955 856 947 857 937 857 907 814 906 802 896 801 896 800 896 799 896 798 896 781 902 769 896 768 896 700 896 699 896 698 896 697 896 683 905 682 905 677 905 648 904 630 895 629 895 628 895 627 895 599 904 578 895 577 895 576 895 501 896 500 896 471 904 469 904 463 904 430 899 429 899 358 903 347 903 346 903 340 898 339 898 338 898 337 898 315 902 310 903 305 902 254 893 253 893 252 893 221 902 218 902 215 902 168 893 168 893 167 893 139 901 135 902 55 901 55 933"/></Shape>
	    <String CONTENT="gentiſsimè hæc vitia cauenda ſunt. Habes e¬"
                    HPOS="55.0"
                    VPOS="893.0"
                    WIDTH="802.0"
                    HEIGHT="62.0"
                    WC="0.9882825369184668"></String>
          </TextLine>
          <TextLine ID="line_18"
                    TAGREFS="LT8"
                    BASELINE="49 983 857 986" 
                    HPOS="48.0"
                    VPOS="946.0"
                    WIDTH="809.0"
                    HEIGHT="55.0">
            <Shape><Polygon POINTS="49 983 48 993 112 1000 113 1001 209 1001 209 1000 210 1000 225 995 226 995 318 995 321 996 336 1001 337 1001 338 1001 339 1001 354 996 409 996 410 996 417 1001 418 1001 419 1001 420 1001 478 997 493 996 855 999 857 986 857 958 823 951 822 951 782 956 740 952 739 952 673 956 665 951 664 951 663 951 662 951 661 951 644 955 586 947 585 947 541 954 535 949 534 949 533 949 384 947 383 947 382 947 381 947 370 955 321 955 305 950 304 950 303 950 302 950 284 955 230 949 229 949 228 949 208 955 130 955 102 946 101 946 100 946 100 946 99 946 86 955 49 955 49 983"/></Shape>
	    <String CONTENT="uidentem notam ſchiſmatici hominis, mor¬"
                    HPOS="48.0"
                    VPOS="946.0"
                    WIDTH="809.0"
                    HEIGHT="55.0"
                    WC="0.9983628392219543"></String>
          </TextLine>
          <TextLine ID="line_19"
                    TAGREFS="LT8"
                    BASELINE="47 1033 858 1036" 
                    HPOS="46.0"
                    VPOS="992.0"
                    WIDTH="812.0"
                    HEIGHT="62.0">
            <Shape><Polygon POINTS="852 1035 846 1004 819 1004 790 994 789 994 788 994 787 994 769 1003 768 1003 740 994 740 994 739 994 738 994 717 1001 661 994 660 994 659 994 658 994 649 1001 645 1004 620 1004 610 1001 586 993 585 993 584 993 583 993 570 1000 566 1002 547 1000 503 993 502 993 501 993 489 999 481 1003 398 1003 380 997 368 993 367 993 366 993 365 993 364 993 359 996 349 1002 338 996 333 993 332 993 331 993 313 996 284 1001 270 995 264 992 263 992 229 992 228 992 227 992 220 994 199 1002 128 1002 113 993 113 992 112 992 111 992 47 992 47 1033 46 1045 69 1053 70 1053 71 1053 125 1046 127 1046 128 1046 152 1053 153 1053 154 1053 202 1047 209 1046 215 1047 252 1053 253 1053 254 1053 274 1047 275 1047 276 1047 288 1053 289 1053 290 1053 328 1047 335 1047 347 1048 403 1052 403 1052 438 1048 453 1047 462 1048 489 1054 490 1054 521 1049 535 1047 607 1047 614 1050 634 1054 635 1054 636 1054 637 1054 649 1050 653 1048 656 1050 662 1054 663 1054 664 1054 665 1054 857 1051 858 1036 858 1005 853 1004 852 1035"/></Shape>
	    <String CONTENT="bidum eſſe quodammodo, &amp; ad inſaniam"
                    HPOS="46.0"
                    VPOS="992.0"
                    WIDTH="812.0"
                    HEIGHT="62.0"
                    WC="0.9988315188222461"></String>
          </TextLine>
          <TextLine ID="line_20"
                    TAGREFS="LT8"
                    BASELINE="50 1080 856 1087" 
                    HPOS="49.0"
                    VPOS="1040.0"
                    WIDTH="807.0"
                    HEIGHT="64.0">
            <Shape><Polygon POINTS="49 1094 133 1097 134 1097 134 1097 135 1097 137 1095 142 1092 181 1095 218 1098 219 1098 235 1095 250 1093 254 1096 258 1099 259 1099 260 1099 261 1099 284 1096 298 1094 315 1096 353 1100 354 1100 422 1096 452 1095 466 1097 497 1101 498 1101 525 1097 533 1096 548 1097 608 1102 609 1102 644 1097 650 1097 657 1097 696 1103 697 1103 744 1098 747 1098 751 1098 798 1104 799 1104 855 1098 856 1087 855 1056 751 1056 744 1054 728 1050 727 1050 726 1050 725 1050 707 1054 702 1055 695 1054 653 1045 569 1045 568 1045 567 1045 566 1045 556 1051 541 1044 540 1044 539 1044 538 1044 524 1052 518 1055 503 1055 498 1052 486 1044 485 1044 484 1044 449 1043 448 1043 413 1049 405 1044 404 1044 403 1044 333 1042 332 1042 331 1042 330 1042 317 1050 311 1053 227 1053 221 1049 209 1041 208 1041 207 1041 206 1041 205 1041 192 1048 185 1052 123 1052 116 1048 100 1040 100 1040 99 1040 98 1040 75 1047 63 1051 51 1047 50 1080 49 1094"/></Shape>
	    <String CONTENT="vſque ſe quæſtionibus nouis macerare,"
                    HPOS="49.0"
                    VPOS="1040.0"
                    WIDTH="807.0"
                    HEIGHT="64.0"
                    WC="0.9868119745641142"></String>
          </TextLine>
          <TextLine ID="line_21"
                    TAGREFS="LT8"
                    BASELINE="49 1130 859 1136" 
                    HPOS="48.0"
                    VPOS="1089.0"
                    WIDTH="811.0"
                    HEIGHT="66.0">
            <Shape><Polygon POINTS="49 1130 48 1140 131 1147 132 1147 166 1143 185 1152 186 1152 187 1152 251 1145 273 1151 274 1151 275 1151 313 1143 325 1153 326 1153 327 1153 328 1153 376 1153 376 1153 377 1153 409 1144 432 1153 433 1153 434 1153 435 1153 453 1146 471 1153 471 1153 472 1153 546 1146 559 1153 560 1153 561 1153 562 1153 563 1153 585 1148 598 1153 599 1153 600 1153 643 1146 725 1155 726 1155 791 1147 858 1147 859 1136 859 1105 816 1105 815 1104 797 1094 796 1094 795 1094 794 1094 773 1103 771 1104 697 1104 695 1103 682 1093 681 1093 680 1093 655 1093 654 1093 653 1093 652 1093 640 1102 639 1103 632 1102 587 1092 586 1092 555 1093 554 1093 536 1101 532 1102 470 1102 466 1100 446 1091 445 1091 444 1091 336 1098 332 1098 330 1098 288 1090 287 1090 286 1090 285 1090 274 1097 273 1098 272 1097 260 1090 259 1090 258 1090 257 1090 243 1097 237 1101 196 1101 191 1096 182 1089 181 1089 180 1089 143 1089 142 1089 141 1089 140 1089 132 1096 128 1099 109 1095 77 1089 76 1089 49 1094 49 1130"/></Shape>
	    <String CONTENT="Conſidera hîc quæſtionum diuerſitatem: in"
                    HPOS="48.0"
                    VPOS="1089.0"
                    WIDTH="811.0"
                    HEIGHT="66.0"
                    WC="0.9883315946374621"></String>
          </TextLine>
          <TextLine ID="line_22"
                    TAGREFS="LT8"
                    BASELINE="57 1181 861 1185" 
                    HPOS="56.0"
                    VPOS="1139.0"
                    WIDTH="805.0"
                    HEIGHT="65.0">
            <Shape><Polygon POINTS="852 1183 846 1153 844 1153 843 1153 831 1143 830 1143 829 1143 828 1143 827 1143 808 1153 807 1153 798 1152 742 1146 741 1146 740 1146 729 1151 724 1153 693 1153 684 1150 661 1142 660 1142 659 1142 658 1142 640 1149 637 1151 631 1149 608 1142 607 1142 606 1142 577 1148 559 1152 552 1148 543 1142 542 1142 541 1142 496 1142 495 1142 494 1142 493 1142 487 1147 481 1151 471 1146 459 1141 458 1141 457 1141 456 1141 439 1146 433 1147 422 1145 397 1141 396 1141 395 1141 387 1145 375 1151 337 1151 318 1143 311 1141 310 1141 309 1141 308 1141 307 1141 304 1143 290 1152 260 1152 240 1142 236 1140 235 1140 235 1140 234 1140 227 1142 196 1150 170 1142 169 1142 168 1142 126 1148 114 1140 113 1140 112 1140 57 1139 57 1181 56 1190 105 1197 106 1197 158 1194 177 1201 178 1201 179 1202 259 1202 259 1201 260 1201 261 1201 272 1193 331 1193 332 1193 350 1202 351 1202 352 1202 377 1197 414 1201 415 1201 416 1201 441 1194 447 1193 453 1194 471 1200 471 1200 472 1200 497 1195 502 1194 504 1195 510 1200 511 1200 512 1200 513 1200 559 1197 573 1203 574 1203 575 1203 605 1196 606 1196 607 1196 629 1200 630 1200 666 1197 683 1195 687 1197 696 1201 697 1201 698 1201 724 1197 740 1195 755 1197 792 1204 793 1204 794 1204 811 1198 821 1195 859 1198 861 1185 861 1153 852 1153 852 1183"/></Shape>
	    <String CONTENT="Theologia alia eſt vtilis quæſtio &amp; pia"
                    HPOS="56.0"
                    VPOS="1139.0"
                    WIDTH="805.0"
                    HEIGHT="65.0"
                    WC="0.9881435220058148"></String>
          </TextLine>
          <TextLine ID="line_23"
                    TAGREFS="LT8"
                    BASELINE="53 1230 856 1233" 
                    HPOS="52.0"
                    VPOS="1190.0"
                    WIDTH="804.0"
                    HEIGHT="61.0">
            <Shape><Polygon POINTS="53 1230 52 1241 69 1248 70 1248 71 1248 119 1243 135 1249 136 1249 137 1249 191 1243 287 1243 288 1243 344 1250 345 1251 371 1251 371 1250 372 1250 373 1250 381 1244 394 1250 395 1250 396 1250 434 1244 476 1244 493 1244 510 1250 511 1250 512 1250 612 1245 653 1251 654 1251 655 1251 671 1245 689 1251 690 1251 691 1251 855 1245 856 1233 855 1202 831 1202 831 1201 818 1192 817 1192 816 1192 815 1192 814 1192 795 1201 793 1202 790 1201 757 1192 756 1192 705 1192 704 1192 703 1192 683 1201 680 1203 657 1203 654 1201 641 1192 640 1192 639 1192 639 1192 568 1201 561 1201 560 1201 546 1191 545 1191 544 1191 543 1191 542 1191 518 1197 487 1191 486 1191 485 1191 467 1200 465 1201 462 1200 434 1191 433 1191 432 1191 431 1191 430 1191 418 1200 417 1201 413 1200 376 1191 375 1191 374 1191 357 1200 344 1192 343 1192 342 1192 341 1192 340 1192 323 1200 320 1201 301 1201 300 1200 287 1190 286 1190 285 1190 284 1190 246 1200 242 1201 150 1201 144 1199 101 1190 69 1190 68 1190 67 1190 53 1197 53 1230"/></Shape>
	    <String CONTENT="ζήτηπς εὐσεβηε, quæ in Sacris literis funda¬"
                    HPOS="52.0"
                    VPOS="1190.0"
                    WIDTH="804.0"
                    HEIGHT="61.0"
                    WC="0.9841515000747598"></String>
          </TextLine>
          <TextLine ID="line_24"
                    TAGREFS="LT8"
                    BASELINE="55 1279 859 1282" 
                    HPOS="54.0"
                    VPOS="1240.0"
                    WIDTH="805.0"
                    HEIGHT="61.0">
            <Shape><Polygon POINTS="55 1279 54 1289 168 1296 168 1296 200 1291 226 1298 227 1298 228 1298 304 1291 335 1299 336 1299 336 1300 396 1300 396 1299 397 1299 398 1299 405 1294 460 1299 461 1299 462 1299 488 1292 513 1299 514 1299 515 1300 570 1300 570 1299 571 1299 588 1292 597 1300 598 1300 599 1300 600 1301 641 1301 641 1300 642 1300 643 1300 653 1294 694 1300 695 1300 733 1293 741 1300 742 1300 743 1300 744 1300 745 1300 772 1293 817 1293 825 1298 826 1298 827 1298 828 1298 858 1292 859 1282 859 1252 835 1251 823 1242 822 1242 821 1242 793 1242 792 1242 791 1242 790 1242 778 1250 725 1245 724 1245 651 1250 635 1242 634 1242 633 1242 632 1242 611 1247 591 1242 590 1242 589 1242 588 1242 587 1242 577 1250 485 1250 472 1241 471 1241 471 1241 470 1241 422 1247 375 1241 374 1241 373 1241 357 1249 323 1240 322 1240 321 1240 55 1248 55 1279"/></Shape>
	    <String CONTENT="mentum habet, &amp; ad cognitionem verita¬"
                    HPOS="54.0"
                    VPOS="1240.0"
                    WIDTH="805.0"
                    HEIGHT="61.0"
                    WC="0.9977162856804697"></String>
          </TextLine>
          <TextLine ID="line_25"
                    TAGREFS="LT8"
                    BASELINE="54 1326 856 1331" 
                    HPOS="54.0"
                    VPOS="1289.0"
                    WIDTH="802.0"
                    HEIGHT="61.0">
            <Shape><Polygon POINTS="54 1326 54 1344 205 1339 229 1344 238 1346 239 1346 240 1346 249 1344 266 1340 283 1344 290 1345 291 1345 306 1344 345 1340 351 1344 353 1346 354 1346 355 1346 356 1346 357 1346 366 1344 377 1341 390 1344 406 1347 407 1347 472 1343 486 1343 499 1343 574 1348 575 1348 629 1343 643 1342 648 1343 665 1348 666 1348 667 1348 710 1343 712 1343 724 1349 725 1349 726 1350 762 1350 762 1349 763 1349 764 1349 773 1343 818 1349 819 1349 855 1342 856 1331 856 1302 833 1295 832 1295 831 1295 791 1301 786 1301 782 1300 755 1293 754 1293 753 1293 694 1298 685 1292 684 1292 683 1292 682 1292 588 1297 536 1300 525 1296 511 1291 510 1291 509 1291 402 1294 278 1298 250 1292 240 1290 239 1290 238 1290 235 1291 221 1298 141 1293 140 1293 109 1297 97 1289 96 1289 95 1289 54 1289 54 1326"/></Shape>
	    <String CONTENT="tis, aut ad mores renati hominis confert: vt"
                    HPOS="54.0"
                    VPOS="1289.0"
                    WIDTH="802.0"
                    HEIGHT="61.0"
                    WC="0.9913600778037851"></String>
          </TextLine>
          <TextLine ID="line_26"
                    TAGREFS="LT8"
                    BASELINE="47 1376 858 1380" 
                    HPOS="46.0"
                    VPOS="1335.0"
                    WIDTH="812.0"
                    HEIGHT="64.0">
            <Shape><Polygon POINTS="852 1378 846 1349 765 1339 764 1339 763 1339 743 1348 740 1350 733 1348 704 1340 703 1340 702 1340 701 1340 700 1340 690 1347 686 1351 657 1351 649 1347 634 1338 633 1338 632 1338 607 1340 606 1340 605 1340 598 1346 593 1349 575 1345 568 1344 567 1344 555 1345 515 1349 504 1344 495 1339 494 1339 493 1339 453 1343 440 1344 437 1343 427 1337 426 1337 368 1337 367 1337 366 1337 350 1341 325 1348 314 1340 310 1337 309 1337 308 1337 227 1337 226 1337 225 1337 220 1339 194 1347 171 1338 168 1336 167 1336 140 1336 139 1336 138 1336 134 1337 104 1347 93 1341 92 1341 91 1341 62 1345 49 1335 47 1376 46 1387 136 1396 137 1396 192 1389 204 1395 205 1395 206 1395 260 1391 297 1397 298 1397 391 1390 398 1390 424 1390 425 1390 437 1397 438 1397 439 1397 440 1397 441 1397 449 1390 450 1390 453 1390 480 1397 481 1397 525 1391 527 1391 528 1391 537 1398 538 1398 538 1398 539 1399 571 1399 571 1398 572 1398 586 1391 588 1391 601 1392 700 1399 701 1399 736 1394 751 1399 752 1399 753 1399 754 1399 773 1393 776 1392 779 1393 800 1399 801 1399 802 1399 857 1393 858 1380 857 1351 853 1350 852 1378"/></Shape>
	    <String CONTENT="quæſtio de fide, de bonis operibus, de via ad"
                    HPOS="46.0"
                    VPOS="1335.0"
                    WIDTH="812.0"
                    HEIGHT="64.0"
                    WC="0.9766679962476095"></String>
          </TextLine>
          <TextLine ID="line_27"
                    TAGREFS="LT8"
                    BASELINE="38 1425 852 1427" 
                    HPOS="37.0"
                    VPOS="1388.0"
                    WIDTH="815.0"
                    HEIGHT="59.0">
            <Shape><Polygon POINTS="38 1425 37 1438 117 1445 118 1445 145 1439 148 1439 151 1439 185 1445 186 1445 248 1440 263 1439 300 1440 449 1446 450 1446 481 1441 484 1441 485 1441 494 1446 495 1446 496 1447 590 1447 590 1446 591 1446 601 1442 605 1440 624 1442 656 1446 657 1446 851 1443 852 1427 851 1401 783 1393 782 1393 781 1393 780 1393 771 1400 768 1400 729 1400 728 1399 696 1389 695 1389 694 1389 670 1390 669 1390 668 1390 657 1398 655 1399 646 1398 616 1394 615 1394 614 1394 613 1394 609 1398 606 1400 555 1400 548 1397 529 1389 528 1389 527 1389 403 1393 356 1388 355 1388 354 1388 353 1388 343 1394 336 1398 299 1398 291 1394 278 1388 277 1388 245 1388 244 1388 243 1388 233 1393 222 1399 172 1399 163 1392 159 1389 158 1389 157 1389 156 1389 140 1392 109 1398 100 1391 97 1388 96 1388 95 1388 94 1388 38 1390 38 1425"/></Shape>
	    <String CONTENT="ſalutem, &amp;c. Alia eſt ζήτησις νοσώδης, mor¬"
                    HPOS="37.0"
                    VPOS="1388.0"
                    WIDTH="815.0"
                    HEIGHT="59.0"
                    WC="0.9753296600447761"></String>
          </TextLine>
          <TextLine ID="line_28"
                    TAGREFS="LT8"
                    BASELINE="35 1478 848 1476" 
                    HPOS="34.0"
                    VPOS="1434.0"
                    WIDTH="814.0"
                    HEIGHT="61.0">
            <Shape><Polygon POINTS="35 1478 35 1489 112 1494 113 1494 114 1494 132 1490 134 1489 136 1490 147 1494 148 1494 149 1495 149 1494 150 1494 161 1490 162 1489 164 1490 176 1495 177 1495 178 1495 208 1490 214 1489 216 1490 228 1495 229 1495 230 1495 231 1495 251 1490 256 1489 263 1490 289 1494 290 1494 330 1490 340 1489 342 1490 350 1495 351 1495 352 1495 353 1495 422 1490 453 1488 493 1488 499 1490 507 1494 508 1494 509 1494 528 1490 538 1488 540 1490 544 1493 545 1493 546 1493 547 1493 574 1490 596 1488 602 1490 610 1494 611 1494 612 1494 847 1490 848 1476 847 1443 822 1434 821 1434 820 1434 819 1434 797 1442 794 1443 782 1442 717 1435 716 1435 715 1435 703 1441 699 1444 663 1444 659 1441 651 1435 650 1435 649 1435 601 1434 600 1434 599 1434 588 1440 582 1443 561 1440 547 1438 546 1438 529 1440 503 1442 496 1439 483 1434 482 1434 481 1434 480 1434 470 1439 463 1442 441 1439 440 1439 439 1439 438 1439 426 1444 411 1438 404 1436 403 1436 403 1436 370 1438 336 1440 305 1437 281 1435 280 1435 279 1435 275 1437 261 1445 131 1445 110 1435 109 1435 108 1435 34 1435 35 1478"/></Shape>
	    <String CONTENT="bida, quæ Chriſti meritum obſcurat, bonis"
                    HPOS="34.0"
                    VPOS="1434.0"
                    WIDTH="814.0"
                    HEIGHT="61.0"
                    WC="0.9863544222785205"></String>
          </TextLine>
          <TextLine ID="line_29"
                    TAGREFS="LT8"
                    BASELINE="35 1525 857 1527" 
                    HPOS="34.0"
                    VPOS="1486.0"
                    WIDTH="823.0"
                    HEIGHT="70.0">
            <Shape><Polygon POINTS="35 1525 34 1540 61 1551 62 1551 63 1551 64 1551 65 1551 78 1542 101 1549 102 1549 103 1549 135 1542 137 1542 139 1542 178 1554 179 1554 180 1554 215 1549 234 1554 235 1554 235 1554 236 1554 252 1548 267 1554 268 1554 269 1554 269 1554 270 1554 285 1545 289 1542 299 1545 316 1550 317 1550 318 1550 319 1550 320 1550 327 1546 333 1542 434 1545 439 1548 461 1555 462 1555 463 1556 568 1556 568 1555 569 1555 570 1555 578 1549 592 1543 627 1543 642 1550 643 1550 644 1550 728 1543 751 1553 757 1555 758 1555 759 1555 760 1555 766 1553 775 1549 788 1553 794 1555 795 1555 796 1555 856 1554 857 1527 856 1496 814 1496 814 1495 804 1487 803 1487 802 1487 759 1487 758 1487 757 1487 756 1487 744 1495 743 1496 635 1496 632 1495 578 1487 577 1487 576 1487 552 1495 550 1495 543 1495 445 1486 444 1486 372 1494 371 1495 283 1495 282 1494 272 1486 271 1486 270 1486 269 1486 164 1494 158 1494 156 1494 124 1486 123 1486 122 1486 98 1494 97 1494 85 1486 84 1486 83 1486 60 1486 59 1486 58 1486 35 1493 35 1525"/></Shape>
	    <String CONTENT="obeſt moribus, aut ad cognitionem veritatis"
                    HPOS="34.0"
                    VPOS="1486.0"
                    WIDTH="823.0"
                    HEIGHT="70.0"
                    WC="0.9928907169852146"></String>
          </TextLine>
        </TextBlock>
        <TextBlock HPOS="581"
                   VPOS="1539"
                   WIDTH="142"
                   HEIGHT="61"
                   ID="block_1"
                   TAGREFS="BT17">
          <Shape><Polygon POINTS="723 1539 723 1600 581 1600 581 1539"/></Shape>
          <TextLine ID="line_30"
                    TAGREFS="LT8"
                    BASELINE="585 1578 709 1578" 
                    HPOS="585.0"
                    VPOS="1534.0"
                    WIDTH="124.0"
                    HEIGHT="85.0">
            <Shape><Polygon POINTS="585 1578 585 1605 602 1605 604 1606 619 1618 620 1618 621 1618 622 1619 661 1619 661 1618 662 1618 674 1613 684 1609 707 1615 709 1578 708 1546 653 1551 639 1542 629 1534 628 1534 627 1534 626 1534 585 1538 585 1578"/></Shape>
	    <String CONTENT="K 4"
                    HPOS="585.0"
                    VPOS="1534.0"
                    WIDTH="124.0"
                    HEIGHT="85.0"
                    WC="0.999962329864502"></String>
          </TextLine>
        </TextBlock>
        <TextBlock HPOS="819"
                   VPOS="70"
                   WIDTH="57"
                   HEIGHT="39"
                   ID="eSc_textblock_9483dcb6"
                   TAGREFS="BT15">
          <Shape><Polygon POINTS="819 70 819 109 876 109 876 70"/></Shape>
          <TextLine ID="eSc_line_b23a969b"
                    TAGREFS="LT8"
                    BASELINE="822 97 870 96" 
                    HPOS="820"
                    VPOS="71"
                    WIDTH="48"
                    HEIGHT="46">
            <Shape><Polygon POINTS="864 71 849 71 835 71 820 71 821 96 821 115 867 117 868 94 864 71 864 71"/></Shape>
	    <String CONTENT="151"
                    HPOS="820"
                    VPOS="71"
                    WIDTH="48"
                    HEIGHT="46"></String>
          </TextLine>
        </TextBlock>
      </PrintSpace>
    </Page>
  </Layout>
</alto>
