<?xml version="1.0" encoding="UTF-8"?>
<alto xmlns:xsi="http://www.w3.org/2001/XMLSchema-instance"
      xmlns="http://www.loc.gov/standards/alto/ns-v4#"
      xsi:schemaLocation="http://www.loc.gov/standards/alto/ns-v4# http://www.loc.gov/standards/alto/v4/alto-4-2.xsd">
  <Description>
    <MeasurementUnit>pixel</MeasurementUnit>
    <sourceImageInformation>
      <fileName>bsb10313792_00155.jpg</fileName>
    </sourceImageInformation>
  </Description>
  <Tags>
    <OtherTag ID="BT7" LABEL="CustomZone" DESCRIPTION="block type CustomZone"/><OtherTag ID="BT8" LABEL="DamageZone" DESCRIPTION="block type DamageZone"/><OtherTag ID="BT9" LABEL="DigitizationArtefactZone" DESCRIPTION="block type DigitizationArtefactZone"/><OtherTag ID="BT10" LABEL="DropCapitalZone" DESCRIPTION="block type DropCapitalZone"/><OtherTag ID="BT11" LABEL="GraphicZone" DESCRIPTION="block type GraphicZone"/><OtherTag ID="BT12" LABEL="MainZone" DESCRIPTION="block type MainZone"/><OtherTag ID="BT13" LABEL="MarginTextZone" DESCRIPTION="block type MarginTextZone"/><OtherTag ID="BT14" LABEL="MusicZone" DESCRIPTION="block type MusicZone"/><OtherTag ID="BT15" LABEL="NumberingZone" DESCRIPTION="block type NumberingZone"/><OtherTag ID="BT17" LABEL="QuireMarksZone" DESCRIPTION="block type QuireMarksZone"/><OtherTag ID="BT18" LABEL="RunningTitleZone" DESCRIPTION="block type RunningTitleZone"/><OtherTag ID="BT19" LABEL="SealZone" DESCRIPTION="block type SealZone"/><OtherTag ID="BT20" LABEL="StampZone" DESCRIPTION="block type StampZone"/><OtherTag ID="BT21" LABEL="TableZone" DESCRIPTION="block type TableZone"/><OtherTag ID="BT22" LABEL="TitlePageZone" DESCRIPTION="block type TitlePageZone"/><OtherTag ID="BT1851" LABEL="MainZone-P" DESCRIPTION="block type MainZone-P"/><OtherTag ID="BT1852" LABEL="MainZone-Head" DESCRIPTION="block type MainZone-Head"/><OtherTag ID="BT1853" LABEL="MainZone-P-Continued" DESCRIPTION="block type MainZone-P-Continued"/><OtherTag ID="BT1854" LABEL="MarginTextZone-ManuscriptAddendum" DESCRIPTION="block type MarginTextZone-ManuscriptAddendum"/><OtherTag ID="BT1855" LABEL="text" DESCRIPTION="block type text"/><OtherTag ID="BT1856" LABEL="MainZone-Entry" DESCRIPTION="block type MainZone-Entry"/><OtherTag ID="BT1857" LABEL="MainZone-Entry-Continued" DESCRIPTION="block type MainZone-Entry-Continued"/><OtherTag ID="BT1877" LABEL="GraphicZone-Decoration" DESCRIPTION="block type GraphicZone-Decoration"/><OtherTag ID="BT1894" LABEL="MainZone-Other" DESCRIPTION="block type MainZone-Other"/>
    <OtherTag ID="LT7" LABEL="CustomLine" DESCRIPTION="line type CustomLine"/><OtherTag ID="LT8" LABEL="DefaultLine" DESCRIPTION="line type DefaultLine"/><OtherTag ID="LT9" LABEL="DropCapitalLine" DESCRIPTION="line type DropCapitalLine"/><OtherTag ID="LT10" LABEL="HeadingLine" DESCRIPTION="line type HeadingLine"/><OtherTag ID="LT11" LABEL="InterlinearLine" DESCRIPTION="line type InterlinearLine"/><OtherTag ID="LT12" LABEL="MusicLine" DESCRIPTION="line type MusicLine"/><OtherTag ID="LT636" LABEL="default" DESCRIPTION="line type default"/>
  </Tags>
  <Layout>
    <Page WIDTH="1073"
          HEIGHT="1748"
          PHYSICAL_IMG_NR="139"
          ID="eSc_dummypage_">
      <PrintSpace HPOS="0"
                  VPOS="0"
                  WIDTH="1073"
                  HEIGHT="1748">
        <TextBlock HPOS="129"
                   VPOS="54"
                   WIDTH="650"
                   HEIGHT="61"
                   ID="block_0"
                   TAGREFS="BT18">
          <Shape><Polygon POINTS="779 54 779 115 129 115 129 54"/></Shape>
          <TextLine ID="line_0"
                    TAGREFS="LT10"
                    BASELINE="133 88 481 95 758 102" 
                    HPOS="131"
                    VPOS="55"
                    WIDTH="625"
                    HEIGHT="67">
            <Shape><Polygon POINTS="500 55 462 58 427 55 132 55 131 107 244 103 346 113 371 106 381 115 427 107 437 116 460 109 476 116 555 110 594 119 650 113 753 122 756 101 755 65 613 55"/></Shape>
	    <String CONTENT="IN I. EPIST. AD TIMOTH."
                    HPOS="131"
                    VPOS="55"
                    WIDTH="625"
                    HEIGHT="67"></String>
          </TextLine>
        </TextBlock>
        <TextBlock HPOS="813"
                   VPOS="82"
                   WIDTH="66"
                   HEIGHT="43"
                   ID="block_3"
                   TAGREFS="BT15">
          <Shape><Polygon POINTS="879 82 879 125 813 125 813 82"/></Shape>
          <TextLine ID="line_1"
                    TAGREFS="LT8"
                    BASELINE="818 107 822 107 870 111" 
                    HPOS="816"
                    VPOS="83"
                    WIDTH="52"
                    HEIGHT="43">
            <Shape><Polygon POINTS="863 83 848 83 833 83 822 83 817 106 816 117 865 126 868 110 868 83 863 83"/></Shape>
	    <String CONTENT="147"
                    HPOS="816"
                    VPOS="83"
                    WIDTH="52"
                    HEIGHT="43"
                    WC="0.9999768336613973"></String>
          </TextLine>
        </TextBlock>
        <TextBlock HPOS="29"
                   VPOS="119"
                   WIDTH="849"
                   HEIGHT="1229"
                   ID="block_2"
                   TAGREFS="BT1853">
          <Shape><Polygon POINTS="878 134 852 1342 29 1348 73 119"/></Shape>
          <TextLine ID="line_2"
                    TAGREFS="LT8"
                    BASELINE="120 150 385 152 870 168" 
                    HPOS="119"
                    VPOS="130"
                    WIDTH="751"
                    HEIGHT="53">
            <Shape><Polygon POINTS="810 130 800 130 791 130 781 130 771 130 761 130 752 130 742 130 732 130 723 130 713 130 703 130 693 130 684 130 674 130 670 130 648 134 627 136 587 134 584 132 580 130 577 130 567 130 557 130 548 130 538 130 532 130 530 131 527 133 525 131 523 130 519 130 509 130 499 130 489 130 480 130 470 130 460 130 450 130 441 130 431 130 421 130 412 130 402 130 395 130 392 130 382 130 373 130 363 130 353 130 344 130 334 130 324 130 314 130 305 130 295 130 285 130 276 130 266 130 256 130 246 130 237 130 227 130 217 130 207 130 198 130 188 130 178 130 169 130 159 130 149 130 139 130 137 130 120 150 119 159 155 164 156 164 181 162 207 159 220 163 231 166 232 166 233 166 249 164 270 161 277 165 284 168 285 168 286 168 298 165 313 162 333 167 348 169 349 169 367 168 385 165 390 168 392 170 393 170 394 170 395 170 413 168 435 167 465 170 488 173 489 173 490 173 491 173 494 171 501 168 524 172 526 172 527 172 533 172 625 170 654 176 662 178 663 178 688 177 755 175 765 180 767 181 768 181 769 181 776 180 800 177 868 183 870 168 870 136 863 131 862 131 861 131 827 130 820 130"/></Shape>
	    <String CONTENT="Occurrit Apoſtolus ſeruili impatientiæ,"
                    HPOS="119"
                    VPOS="130"
                    WIDTH="751"
                    HEIGHT="53"></String>
          </TextLine>
          <TextLine ID="line_3"
                    TAGREFS="LT8"
                    BASELINE="72 197 457 203 873 217" 
                    HPOS="71"
                    VPOS="155"
                    WIDTH="802"
                    HEIGHT="77">
            <Shape><Polygon POINTS="117 212 118 212 119 212 122 211 134 207 199 213 232 216 233 216 234 216 238 214 248 209 306 209 348 217 354 218 355 218 356 218 358 218 380 212 597 222 598 222 599 222 607 218 620 225 622 226 623 226 624 226 627 225 642 222 717 228 733 229 734 229 735 229 736 229 749 224 871 232 873 217 873 183 815 172 814 172 734 179 725 179 722 178 703 171 702 171 701 171 700 171 687 175 646 168 645 168 553 173 536 174 511 174 509 172 500 165 499 165 498 165 497 165 437 170 423 171 420 170 410 165 409 165 408 165 369 168 357 169 355 168 342 160 341 160 340 160 339 160 308 167 307 167 273 158 272 158 271 158 270 158 250 166 245 167 237 165 197 156 196 156 195 156 174 163 169 165 138 165 135 162 121 155 120 155 119 155 118 155 99 161 92 163 73 161 72 197 71 209"/></Shape>
	    <String CONTENT="ac eripit ei firmamentum defenſionis ſuæ."
                    HPOS="71"
                    VPOS="155"
                    WIDTH="802"
                    HEIGHT="77"
                    WC="0.994194474162125"></String>
          </TextLine>
          <TextLine ID="line_4"
                    TAGREFS="LT8"
                    BASELINE="74 247 364 250 872 265" 
                    HPOS="73.0"
                    VPOS="204.0"
                    WIDTH="799.0"
                    HEIGHT="75.0">
            <Shape><Polygon POINTS="852 237 848 230 820 227 819 227 818 227 809 230 807 231 805 230 799 226 798 226 797 226 796 226 776 229 769 230 764 229 737 220 736 220 735 220 706 227 704 227 701 227 669 217 668 217 616 217 615 217 588 223 576 225 553 225 548 221 538 214 537 214 536 214 439 212 438 212 437 212 436 212 429 217 422 221 414 216 402 211 401 211 361 210 360 210 339 214 310 219 283 219 272 211 265 207 264 207 263 207 262 207 261 207 252 211 242 216 189 216 143 215 132 207 129 204 128 204 127 204 126 204 74 204 74 247 73 254 123 263 124 263 185 259 193 265 194 265 195 265 196 266 234 266 234 265 235 265 236 265 243 259 266 267 267 267 268 267 337 261 346 261 350 262 373 268 374 268 375 268 419 264 428 263 443 264 519 271 519 271 544 267 550 266 626 267 630 268 643 275 644 275 670 276 671 276 672 276 690 270 721 277 722 277 723 277 734 271 736 270 739 271 758 278 759 278 760 278 761 278 776 272 777 272 791 279 792 279 793 279 871 274 872 265 872 233 855 231 852 237"/></Shape>
	    <String CONTENT="Primùm igitur hîc obſeruetur ſuperiora pro"
                    HPOS="73.0"
                    VPOS="204.0"
                    WIDTH="799.0"
                    HEIGHT="75.0"
                    WC="0.9968572990460829"></String>
          </TextLine>
          <TextLine ID="line_5"
                    TAGREFS="LT8"
                    BASELINE="76 299 343 299 867 313" 
                    HPOS="75.0"
                    VPOS="255.0"
                    WIDTH="792.0"
                    HEIGHT="74.0">
            <Shape><Polygon POINTS="854 282 850 276 843 274 842 274 841 274 840 274 829 280 828 280 745 279 742 278 688 268 687 268 686 268 666 276 648 268 647 268 646 268 645 268 629 276 628 276 610 276 609 275 601 268 600 268 599 268 598 268 574 273 547 265 546 265 545 265 544 265 520 273 519 273 509 273 461 271 429 262 428 262 427 262 392 268 372 261 371 261 325 260 324 260 323 260 322 260 312 267 297 259 296 259 295 259 294 259 274 268 175 267 156 256 155 256 118 255 117 255 76 264 76 299 75 312 131 314 132 314 133 314 135 313 148 306 193 314 207 316 208 316 209 316 216 314 237 308 277 314 278 314 279 314 290 309 324 315 325 315 326 315 328 315 406 312 425 316 433 318 434 318 444 317 468 313 505 317 559 324 560 324 585 318 591 317 605 319 633 322 634 322 635 322 643 319 648 317 657 319 692 327 692 327 751 324 780 329 781 329 866 321 867 313 867 280 856 277 854 282"/></Shape>
	    <String CONTENT="priè loqui de obedientia, quam debemus e¬"
                    HPOS="75.0"
                    VPOS="255.0"
                    WIDTH="792.0"
                    HEIGHT="74.0"
                    WC="0.992404397044863"></String>
          </TextLine>
          <TextLine ID="line_6"
                    TAGREFS="LT8"
                    BASELINE="71 345 346 348 869 361" 
                    HPOS="70.0"
                    VPOS="304.0"
                    WIDTH="799.0"
                    HEIGHT="73.0">
            <Shape><Polygon POINTS="71 345 70 353 146 363 147 363 220 359 227 365 228 365 229 365 230 365 274 359 293 366 294 366 295 366 296 366 318 360 462 367 463 367 489 363 507 370 508 370 509 370 510 370 535 364 570 370 571 370 572 370 585 365 600 372 601 372 602 372 640 368 687 374 688 374 770 371 847 377 848 377 849 377 868 369 869 361 869 324 785 327 766 322 753 318 752 318 751 318 750 318 741 321 731 326 694 326 678 320 660 315 659 315 658 315 623 319 596 323 590 319 586 315 585 315 584 315 583 315 563 319 549 321 545 318 538 313 537 313 536 313 535 313 507 318 491 320 485 317 474 311 473 311 472 311 471 311 458 317 455 319 420 319 416 316 409 309 408 309 407 309 406 309 374 314 366 308 365 308 364 308 256 306 255 306 254 306 241 311 228 305 227 305 226 305 225 305 197 313 191 314 187 312 170 304 169 304 168 304 136 312 132 312 71 311 71 345"/></Shape>
	    <String CONTENT="tiam infidelibus dominis: alioquin præoccu¬"
                    HPOS="70.0"
                    VPOS="304.0"
                    WIDTH="799.0"
                    HEIGHT="73.0"
                    WC="0.9913675674172335"></String>
          </TextLine>
          <TextLine ID="line_7"
                    TAGREFS="LT8"
                    BASELINE="70 396 354 399 869 411" 
                    HPOS="69.0"
                    VPOS="355.0"
                    WIDTH="800.0"
                    HEIGHT="68.0">
            <Shape><Polygon POINTS="70 396 69 408 148 410 149 410 150 410 151 410 169 405 186 411 188 411 189 411 190 411 199 411 273 407 290 413 292 413 293 413 294 413 295 413 297 413 314 408 436 410 450 416 455 417 456 417 457 417 468 416 499 412 556 418 574 419 575 419 576 419 579 418 588 414 607 419 615 420 616 420 648 419 727 417 867 423 869 411 869 380 802 371 801 371 800 371 799 371 790 377 741 368 740 368 701 375 634 365 633 365 632 365 613 372 595 364 594 364 526 363 525 363 486 369 441 361 440 361 439 361 412 369 411 369 410 369 375 363 374 363 300 367 275 357 274 357 273 357 272 357 248 365 238 358 237 358 236 358 235 358 234 358 210 365 182 355 181 355 180 355 179 355 178 355 164 364 70 363 70 396"/></Shape>
	    <String CONTENT="patio hæc non commodè haberet locum."
                    HPOS="69.0"
                    VPOS="355.0"
                    WIDTH="800.0"
                    HEIGHT="68.0"
                    WC="0.9983614715369972"></String>
          </TextLine>
          <TextLine ID="line_8"
                    TAGREFS="LT8"
                    BASELINE="72 444 351 447 868 462" 
                    HPOS="71"
                    VPOS="403"
                    WIDTH="797"
                    HEIGHT="74">
            <Shape><Polygon POINTS="71 454 108 461 109 461 154 457 173 455 182 457 201 463 202 463 266 465 267 465 291 460 305 458 333 461 386 468 387 469 415 469 415 468 416 468 422 464 426 461 446 464 468 468 469 468 484 465 499 463 519 466 540 470 541 470 557 467 571 465 585 468 596 470 597 470 598 470 623 469 640 468 651 470 677 474 678 474 679 474 691 470 697 469 707 470 727 475 728 475 749 471 762 470 786 470 790 472 796 477 797 477 798 477 867 474 868 462 868 427 850 423 849 423 848 423 841 426 831 430 816 425 790 418 789 418 702 416 701 416 700 416 687 421 669 415 668 415 667 415 623 421 611 423 607 421 596 415 595 415 594 415 562 420 549 422 538 420 508 411 507 411 506 411 471 418 459 420 431 417 398 414 397 414 373 416 347 418 343 415 334 411 333 411 332 411 331 411 322 415 317 417 188 415 183 412 167 403 166 403 165 403 164 403 139 411 123 403 122 403 121 403 72 409 72 444"/></Shape>
	    <String CONTENT="Valebat igitur argumentum à maiori, ſi enim"
                    HPOS="71"
                    VPOS="403"
                    WIDTH="797"
                    HEIGHT="74"
                    WC="0.987219287590547"></String>
          </TextLine>
          <TextLine ID="line_9"
                    TAGREFS="LT8"
                    BASELINE="72 493 866 508" 
                    HPOS="71.0"
                    VPOS="456.0"
                    WIDTH="795.0"
                    HEIGHT="69.0">
            <Shape><Polygon POINTS="71 503 86 508 87 508 88 508 194 505 271 514 272 514 304 507 370 516 371 516 463 510 558 519 559 519 560 519 575 513 618 521 619 521 661 514 678 521 679 521 680 521 708 515 735 522 736 522 737 522 795 519 832 525 833 525 865 517 866 508 866 478 844 470 843 470 842 470 841 470 821 477 813 470 812 470 811 470 810 470 809 470 796 476 767 468 766 468 738 468 737 468 736 468 723 474 722 475 717 474 676 467 675 467 674 467 656 472 654 473 653 472 644 466 643 466 642 466 617 465 616 465 581 470 569 472 557 470 533 464 532 464 531 464 530 464 516 469 511 470 508 469 500 463 499 463 498 463 497 463 452 467 421 470 379 470 372 465 366 460 365 460 364 460 363 460 320 463 271 467 207 465 199 460 197 458 196 458 195 458 194 458 193 458 189 459 176 464 169 459 165 456 164 456 163 456 162 456 161 456 156 458 143 464 94 464 74 456 72 493 71 503"/></Shape>
	    <String CONTENT="etiam impiis eſt par endum, ergo multò ma¬"
                    HPOS="71.0"
                    VPOS="456.0"
                    WIDTH="795.0"
                    HEIGHT="69.0"
                    WC="0.9853483480076457"></String>
          </TextLine>
          <TextLine ID="line_10"
                    TAGREFS="LT8"
                    BASELINE="71 543 323 545 869 558" 
                    HPOS="70.0"
                    VPOS="501.0"
                    WIDTH="799.0"
                    HEIGHT="73.0">
            <Shape><Polygon POINTS="71 543 70 559 217 555 233 562 236 563 237 563 238 563 239 563 242 562 257 556 295 556 379 557 390 563 399 567 400 567 401 567 418 563 440 559 546 562 549 565 556 570 557 570 558 570 584 571 585 571 586 571 597 565 602 563 609 565 630 571 631 571 703 572 704 572 705 572 719 566 722 565 765 566 775 572 776 572 777 572 778 572 779 572 793 567 796 567 828 568 840 574 841 574 842 574 843 574 868 567 869 558 869 517 848 515 847 515 846 515 843 516 829 524 818 517 817 517 816 517 815 517 754 522 734 515 726 512 725 512 696 512 695 512 694 512 693 512 690 515 681 520 661 515 660 515 659 515 658 515 657 515 650 520 589 520 568 513 552 509 551 509 550 509 519 513 509 514 489 513 398 505 397 505 370 512 359 514 352 511 335 504 334 504 333 504 332 504 311 511 305 513 257 513 253 510 236 503 235 503 204 502 203 502 202 502 201 502 188 510 187 510 186 510 156 501 155 501 154 501 153 501 127 509 126 509 71 509 71 543"/></Shape>
	    <String CONTENT="gis fidelibus dominis. Verùm Apoſtolus reſ¬"
                    HPOS="70.0"
                    VPOS="501.0"
                    WIDTH="799.0"
                    HEIGHT="73.0"
                    WC="0.998144655065103"></String>
          </TextLine>
          <TextLine ID="line_11"
                    TAGREFS="LT8"
                    BASELINE="69 595 311 595 675 605 865 605" 
                    HPOS="69.0"
                    VPOS="553.0"
                    WIDTH="796.0"
                    HEIGHT="70.0">
            <Shape><Polygon POINTS="69 595 69 610 174 605 194 610 195 610 196 610 238 605 253 611 254 611 255 611 301 606 346 612 348 612 349 612 350 612 364 607 379 612 385 615 386 615 427 616 428 616 450 613 478 609 540 609 553 613 568 618 569 618 570 618 571 618 583 614 590 611 603 614 625 619 626 619 653 614 659 613 663 614 679 620 680 620 681 620 704 614 710 613 717 615 738 621 739 621 740 621 796 616 803 622 804 622 805 622 806 623 831 623 831 622 864 615 865 605 865 574 853 568 852 568 851 568 850 568 849 568 829 572 801 566 800 566 799 566 798 566 768 573 767 573 738 569 737 569 690 572 684 572 683 572 671 567 670 567 669 567 668 567 656 571 655 571 611 567 610 567 609 567 593 571 588 566 587 566 586 566 585 566 584 566 571 570 552 559 551 559 516 559 515 559 514 559 513 559 499 568 482 558 481 558 480 558 479 558 448 568 427 557 426 557 425 557 387 564 378 557 377 557 376 557 267 555 266 555 265 555 242 565 239 566 188 566 185 564 169 553 168 553 167 553 166 553 165 553 164 553 148 563 145 565 115 565 113 562 107 558 107 557 106 557 105 557 104 557 69 561 69 595"/></Shape>
	    <String CONTENT="pexit hîc ad defenſionis firmamentum: im¬"
                    HPOS="69.0"
                    VPOS="553.0"
                    WIDTH="796.0"
                    HEIGHT="70.0"
                    WC="0.992642077661696"></String>
          </TextLine>
          <TextLine ID="line_12"
                    TAGREFS="LT8"
                    BASELINE="68 643 393 645 865 656" 
                    HPOS="68.0"
                    VPOS="607.0"
                    WIDTH="797.0"
                    HEIGHT="64.0">
            <Shape><Polygon POINTS="68 643 68 657 133 653 224 659 227 659 228 659 233 659 341 657 366 661 381 663 382 663 392 661 407 658 451 662 479 664 480 664 498 662 523 660 528 663 533 666 534 666 535 666 536 666 551 663 561 661 614 664 711 669 712 669 760 665 768 665 774 665 809 671 810 671 865 666 865 656 865 628 825 628 824 627 808 615 807 615 806 615 758 615 757 615 756 615 739 624 715 625 705 625 704 625 690 614 689 614 688 614 687 614 649 622 634 614 633 614 584 611 532 611 531 611 490 621 489 621 470 609 469 609 468 609 467 609 466 609 426 620 425 620 416 613 415 613 415 613 359 607 358 607 305 617 268 617 257 610 256 610 255 610 254 610 253 610 252 610 243 616 232 607 231 607 230 607 229 607 228 607 227 607 214 616 213 616 68 614 68 643"/></Shape>
	    <String CONTENT="patientes enim ſeruitutis dicebãt: Ecce Chri¬"
                    HPOS="68.0"
                    VPOS="607.0"
                    WIDTH="797.0"
                    HEIGHT="64.0"
                    WC="0.9955339587253073"></String>
          </TextLine>
          <TextLine ID="line_13"
                    TAGREFS="LT8"
                    BASELINE="67 691 863 705" 
                    HPOS="66.0"
                    VPOS="651.0"
                    WIDTH="797.0"
                    HEIGHT="66.0">
            <Shape><Polygon POINTS="854 674 849 667 834 664 833 664 832 664 831 664 824 669 821 671 815 669 804 666 803 666 802 666 789 669 771 672 755 669 731 662 730 662 729 662 728 662 707 668 692 672 650 668 632 666 631 666 613 667 579 670 569 667 557 663 556 663 555 663 536 666 522 669 517 666 510 663 509 663 508 663 507 663 496 666 490 668 487 666 482 661 481 661 480 661 407 656 406 656 362 665 361 665 360 665 349 655 348 655 347 655 294 654 293 654 292 654 259 664 258 664 257 664 234 653 233 653 232 653 231 653 230 653 223 658 192 653 191 653 190 653 189 653 175 663 138 663 105 651 104 651 86 651 85 651 84 651 67 660 67 691 66 702 142 708 143 708 180 705 188 704 192 705 207 709 208 709 209 709 229 705 237 704 257 705 292 709 293 709 322 706 339 705 352 707 382 712 383 712 432 708 455 707 516 708 518 710 523 715 524 715 525 715 526 715 548 711 556 709 583 711 644 717 645 717 862 716 863 705 863 670 856 668 854 674"/></Shape>
	    <String CONTENT="ſtianus ſum factus, &amp; herus meus quoque: cur"
                    HPOS="66.0"
                    VPOS="651.0"
                    WIDTH="797.0"
                    HEIGHT="66.0"
                    WC="0.998653997074474"></String>
          </TextLine>
          <TextLine ID="line_14"
                    TAGREFS="LT8"
                    BASELINE="70 740 407 744 860 758" 
                    HPOS="69.0"
                    VPOS="703.0"
                    WIDTH="791.0"
                    HEIGHT="68.0">
            <Shape><Polygon POINTS="857 756 852 725 833 719 832 719 831 719 789 723 761 713 761 713 760 713 759 713 729 724 714 712 713 712 712 712 695 711 694 711 604 717 585 709 584 709 451 706 450 706 449 706 420 717 399 717 393 717 387 716 337 714 323 703 322 703 321 703 320 703 319 703 292 714 291 714 289 714 269 709 268 709 221 712 219 712 218 712 212 707 211 707 210 707 209 707 70 708 70 740 69 748 114 755 115 755 252 754 279 754 287 755 321 760 322 760 378 757 394 757 398 758 409 762 410 762 411 762 457 760 480 759 858 771 860 758 860 727 859 727 857 756"/></Shape>
	    <String CONTENT="ioitur me non manumittit? ſum illius frater,"
                    HPOS="69.0"
                    VPOS="703.0"
                    WIDTH="791.0"
                    HEIGHT="68.0"></String>
          </TextLine>
          <TextLine ID="line_15"
                    TAGREFS="LT8"
                    BASELINE="69 789 862 804" 
                    HPOS="69.0"
                    VPOS="750.0"
                    WIDTH="793.0"
                    HEIGHT="70.0">
            <Shape><Polygon POINTS="69 789 69 803 275 803 285 806 307 810 308 810 309 810 330 806 333 806 337 806 386 812 387 812 414 806 420 806 427 806 445 811 446 811 447 811 469 807 476 806 480 807 496 814 497 814 498 814 530 808 536 807 539 808 552 814 553 814 600 816 601 816 664 810 666 810 669 810 756 819 757 819 796 812 806 820 807 820 808 820 809 820 861 812 862 804 861 772 832 772 830 771 810 762 809 762 808 762 807 762 806 762 794 770 793 770 754 765 753 765 730 769 726 770 721 769 692 760 692 760 691 760 690 760 659 768 654 769 585 768 584 767 578 762 577 762 576 762 575 762 574 762 559 766 555 767 553 766 547 761 546 761 545 761 544 761 512 765 488 756 487 756 486 756 441 760 435 755 434 755 433 755 432 755 431 755 409 764 407 764 403 763 358 754 357 754 296 762 290 762 289 761 277 752 276 752 276 752 275 752 205 758 175 750 174 750 173 750 173 750 150 759 149 759 145 759 98 753 97 753 69 757 69 789"/></Shape>
	    <String CONTENT="&amp; in Chriſto, neque liber neque ſeruus de¬"
                    HPOS="69.0"
                    VPOS="750.0"
                    WIDTH="793.0"
                    HEIGHT="70.0"
                    WC="0.9985359992299762"></String>
          </TextLine>
          <TextLine ID="line_16"
                    TAGREFS="LT8"
                    BASELINE="66 840 861 853" 
                    HPOS="66.0"
                    VPOS="800.0"
                    WIDTH="795.0"
                    HEIGHT="70.0">
            <Shape><Polygon POINTS="66 840 66 851 93 851 94 851 101 857 102 857 103 857 103 857 104 857 105 857 113 851 114 851 165 852 180 852 188 859 189 859 190 859 236 861 237 862 266 862 266 861 267 861 268 861 276 854 311 861 311 861 312 861 333 855 335 854 336 855 347 863 348 863 349 863 350 863 387 855 391 855 403 856 502 864 503 864 504 864 515 858 552 858 571 858 572 858 588 864 588 864 589 864 684 860 689 860 690 860 703 869 704 869 705 869 706 869 745 865 760 870 761 870 761 870 860 862 861 853 861 818 846 812 845 812 844 812 843 812 829 818 827 819 825 818 814 813 813 813 812 813 811 813 799 818 792 821 748 821 719 816 703 814 702 814 701 814 697 815 689 819 634 819 611 814 576 807 575 807 574 807 573 807 565 813 560 816 519 816 471 816 462 811 451 806 450 806 449 806 449 806 432 809 405 805 404 805 403 805 402 805 395 809 392 812 349 813 339 808 332 806 331 806 330 806 329 806 320 808 307 812 300 807 293 803 292 803 291 803 290 803 265 807 262 807 257 806 230 802 229 802 228 802 217 806 214 807 212 806 207 802 206 802 205 802 165 801 164 801 163 801 162 801 156 805 148 809 110 809 103 804 99 800 98 800 97 800 96 800 66 803 66 840"/></Shape>
	    <String CONTENT="bet eſſe, ſed noua creatura: id non perpen¬"
                    HPOS="66.0"
                    VPOS="800.0"
                    WIDTH="795.0"
                    HEIGHT="70.0"
                    WC="0.9916119589362034"></String>
          </TextLine>
          <TextLine ID="line_17"
                    TAGREFS="LT8"
                    BASELINE="62 888 861 900" 
                    HPOS="61.0"
                    VPOS="850.0"
                    WIDTH="800.0"
                    HEIGHT="67.0">
            <Shape><Polygon POINTS="62 888 61 897 79 905 80 905 81 905 150 900 174 907 175 907 176 907 232 901 235 901 236 901 262 909 263 909 264 910 316 910 316 909 317 909 318 909 324 905 351 909 352 909 353 909 354 909 362 904 364 903 394 903 408 905 461 912 462 912 463 912 476 906 480 906 522 905 527 907 538 913 539 913 540 913 541 913 588 908 598 907 650 907 655 909 667 915 668 915 669 915 716 910 723 910 729 911 761 916 798 917 799 917 800 917 814 913 823 910 859 913 861 900 860 863 836 861 835 861 834 861 831 862 816 871 802 864 801 864 800 864 799 864 798 864 789 870 739 864 738 864 737 864 725 869 674 867 660 860 656 858 655 858 654 858 642 860 615 865 594 859 587 857 586 857 585 857 584 857 583 857 580 859 569 866 529 867 496 865 485 858 484 856 483 856 482 856 481 856 467 858 414 865 400 857 396 854 395 854 394 854 393 854 392 854 385 857 372 862 355 856 351 855 350 855 349 855 348 855 345 856 320 863 311 857 310 857 309 857 308 857 307 857 306 857 297 864 262 864 248 858 247 858 246 858 183 861 146 854 128 850 127 850 62 852 62 888"/></Shape>
	    <String CONTENT="dit herus meus, volo igitur ipſe ſumere quod"
                    HPOS="61.0"
                    VPOS="850.0"
                    WIDTH="800.0"
                    HEIGHT="67.0"
                    WC="0.9993256073106419"></String>
          </TextLine>
          <TextLine ID="line_18"
                    TAGREFS="LT8"
                    BASELINE="59 939 449 941 862 950" 
                    HPOS="58.0"
                    VPOS="899.0"
                    WIDTH="804.0"
                    HEIGHT="65.0">
            <Shape><Polygon POINTS="59 939 58 951 231 955 232 955 233 955 236 954 253 950 296 955 304 956 305 956 309 956 332 951 342 956 344 957 345 957 346 957 368 957 463 953 475 958 477 959 478 959 479 959 495 959 574 955 615 961 622 961 623 961 623 961 625 961 640 956 719 956 860 964 862 950 862 910 793 907 792 907 791 907 785 909 765 917 753 909 748 907 747 907 746 907 745 907 729 909 711 913 704 909 702 907 701 907 700 907 699 907 680 909 667 910 661 909 645 905 644 905 643 905 642 905 630 909 615 915 606 909 598 904 597 904 596 904 582 904 581 904 580 904 579 904 571 908 563 914 519 909 519 909 468 913 449 913 443 908 434 902 433 902 432 902 400 901 399 901 398 901 397 901 385 908 384 909 382 908 373 901 372 901 371 901 322 900 321 900 320 900 319 900 309 907 304 911 292 911 284 907 270 903 269 903 268 903 267 903 255 907 252 909 249 907 233 899 232 899 231 899 193 907 187 908 59 907 59 939"/></Shape>
	    <String CONTENT="ingratus herus Chriſto non vult dare: ſic ſerui"
                    HPOS="58.0"
                    VPOS="899.0"
                    WIDTH="804.0"
                    HEIGHT="65.0"
                    WC="0.9981209065051789"></String>
          </TextLine>
          <TextLine ID="line_19"
                    TAGREFS="LT8"
                    BASELINE="60 988 378 990 859 1000" 
                    HPOS="59.0"
                    VPOS="946.0"
                    WIDTH="800.0"
                    HEIGHT="67.0">
            <Shape><Polygon POINTS="60 988 59 996 69 1002 69 1002 188 1004 189 1005 552 1005 576 1009 577 1009 614 1006 830 1013 831 1013 858 1008 859 1000 859 959 829 957 828 957 827 957 818 959 789 967 759 959 754 958 753 958 752 958 751 958 749 959 742 963 737 959 733 955 732 955 731 955 730 955 729 955 719 959 706 963 678 959 665 957 664 957 663 957 659 959 643 965 588 958 538 952 537 952 536 952 535 952 526 958 519 963 512 958 504 952 503 952 502 952 410 950 409 950 408 950 387 957 375 961 276 960 270 957 249 947 248 947 247 947 246 947 228 956 224 959 188 959 148 958 145 956 132 946 131 946 130 946 129 946 128 946 103 956 102 956 60 956 60 988"/></Shape>
	    <String CONTENT="videntur fraternitatis Chriſtianæ nomẽ arri"
                    HPOS="59.0"
                    VPOS="946.0"
                    WIDTH="800.0"
                    HEIGHT="67.0"
                    WC="0.9986572942950509"></String>
          </TextLine>
          <TextLine ID="line_20"
                    TAGREFS="LT8"
                    BASELINE="56 1041 425 1041 857 1047" 
                    HPOS="56.0"
                    VPOS="998.0"
                    WIDTH="801.0"
                    HEIGHT="66.0">
            <Shape><Polygon POINTS="56 1041 56 1056 203 1051 234 1057 239 1058 240 1058 241 1058 242 1058 242 1057 251 1051 259 1057 260 1057 261 1057 262 1057 263 1057 264 1057 275 1051 306 1051 354 1057 355 1057 492 1053 501 1059 502 1060 503 1060 504 1060 505 1060 518 1059 549 1055 595 1059 609 1060 610 1060 611 1060 613 1059 625 1054 666 1059 687 1062 688 1062 723 1060 775 1056 783 1060 789 1063 790 1063 791 1064 824 1064 824 1063 825 1063 826 1063 830 1060 836 1056 855 1060 857 1047 856 1015 780 1015 779 1014 759 1005 758 1005 757 1005 756 1005 732 1013 731 1013 729 1013 676 1006 675 1006 674 1006 658 1012 657 1013 570 1013 565 1011 527 1002 526 1002 525 1002 524 1002 511 1008 498 1002 497 1002 453 1002 452 1002 451 1002 436 1008 426 1005 425 1005 424 1005 390 1009 389 1009 378 1001 377 1001 376 1001 375 1001 329 1006 308 1000 307 1000 306 1000 305 1000 277 1008 274 1010 247 1010 244 1008 239 1004 238 1004 237 1004 236 1004 235 1004 222 1008 212 999 211 999 210 999 209 999 154 1007 142 999 141 999 140 999 104 998 103 998 103 998 88 1006 56 1006 56 1041"/></Shape>
	    <String CONTENT="puiſſe ad prætextum rebellionis. Quo doce¬"
                    HPOS="56.0"
                    VPOS="998.0"
                    WIDTH="801.0"
                    HEIGHT="66.0"
                    WC="0.998971429609117"></String>
          </TextLine>
          <TextLine ID="line_21"
                    TAGREFS="LT8"
                    BASELINE="53 1086 855 1097" 
                    HPOS="52.0"
                    VPOS="1048.0"
                    WIDTH="803.0"
                    HEIGHT="60.0">
            <Shape><Polygon POINTS="53 1086 52 1096 84 1103 85 1103 145 1100 206 1105 207 1105 207 1105 224 1100 271 1106 272 1106 415 1102 440 1108 441 1108 442 1108 854 1107 855 1097 855 1066 830 1057 830 1057 778 1056 777 1056 710 1064 707 1064 696 1064 689 1064 678 1055 677 1055 676 1055 625 1054 624 1054 567 1062 561 1062 491 1062 489 1060 479 1052 478 1052 477 1052 476 1052 416 1059 412 1059 272 1058 271 1056 263 1050 263 1049 262 1049 261 1049 260 1049 219 1055 208 1057 203 1055 182 1048 181 1048 180 1048 150 1054 140 1056 53 1053 53 1086"/></Shape>
	    <String CONTENT="mur apud hy pocritas, honoris &amp; ſortis Chri¬"
                    HPOS="52.0"
                    VPOS="1048.0"
                    WIDTH="803.0"
                    HEIGHT="60.0"
                    WC="0.9874519014900381"></String>
          </TextLine>
          <TextLine ID="line_22"
                    TAGREFS="LT8"
                    BASELINE="53 1136 426 1139 852 1147" 
                    HPOS="52.0"
                    VPOS="1096.0"
                    WIDTH="800.0"
                    HEIGHT="68.0">
            <Shape><Polygon POINTS="851 1116 822 1109 821 1109 792 1113 785 1108 784 1108 783 1108 782 1108 781 1108 780 1108 770 1114 744 1107 743 1107 742 1107 741 1107 721 1112 707 1106 706 1106 705 1106 678 1112 671 1113 657 1111 624 1108 623 1108 605 1110 596 1111 593 1109 586 1104 585 1104 584 1104 583 1104 525 1109 492 1110 480 1107 462 1102 461 1102 460 1102 441 1106 437 1107 435 1106 427 1102 426 1102 351 1101 350 1101 349 1101 341 1103 332 1106 311 1103 293 1100 292 1100 291 1100 285 1102 270 1108 146 1107 53 1096 53 1136 52 1144 77 1150 78 1150 164 1148 173 1154 173 1154 174 1154 175 1154 207 1148 221 1155 222 1155 223 1155 260 1149 265 1148 270 1149 293 1154 294 1154 369 1151 394 1150 402 1151 426 1157 427 1157 428 1157 429 1157 437 1152 438 1152 489 1152 497 1153 527 1160 528 1160 562 1156 606 1161 607 1161 608 1161 624 1156 631 1154 641 1156 652 1159 653 1159 654 1159 698 1157 739 1156 756 1159 788 1164 789 1164 790 1164 806 1160 813 1158 850 1160 852 1147 852 1120 851 1116"/></Shape>
	    <String CONTENT="ſtianæ æ qualitatẽ contemptũ parere: &amp; quia"
                    HPOS="52.0"
                    VPOS="1096.0"
                    WIDTH="800.0"
                    HEIGHT="68.0"
                    WC="0.9961210860146417"></String>
          </TextLine>
          <TextLine ID="line_23"
                    TAGREFS="LT8"
                    BASELINE="53 1183 851 1195" 
                    HPOS="52.0"
                    VPOS="1143.0"
                    WIDTH="799.0"
                    HEIGHT="66.0">
            <Shape><Polygon POINTS="53 1183 52 1193 83 1199 84 1199 156 1197 167 1202 168 1202 169 1202 170 1202 182 1197 240 1203 241 1203 301 1198 303 1198 304 1198 311 1204 312 1204 313 1204 314 1204 378 1199 383 1199 384 1199 393 1206 394 1206 395 1206 396 1206 545 1202 566 1202 568 1203 584 1209 585 1209 586 1209 850 1207 851 1195 851 1155 817 1154 816 1154 815 1154 814 1154 798 1163 740 1163 728 1155 727 1155 726 1155 726 1155 725 1155 713 1161 519 1160 503 1154 490 1149 489 1149 340 1147 339 1147 338 1147 323 1153 311 1147 310 1147 309 1147 264 1151 248 1145 247 1145 246 1145 245 1145 231 1153 230 1153 204 1145 203 1145 202 1145 201 1145 178 1153 177 1153 176 1153 154 1144 153 1144 118 1143 117 1143 116 1143 85 1153 53 1153 53 1183"/></Shape>
	    <String CONTENT="in fide eſt honoris quædam æquatio omniũ"
                    HPOS="52.0"
                    VPOS="1143.0"
                    WIDTH="799.0"
                    HEIGHT="66.0"
                    WC="0.9980890212989435"></String>
          </TextLine>
          <TextLine ID="line_24"
                    TAGREFS="LT8"
                    BASELINE="56 1234 848 1244" 
                    HPOS="55.0"
                    VPOS="1193.0"
                    WIDTH="793.0"
                    HEIGHT="65.0">
            <Shape><Polygon POINTS="56 1234 55 1243 152 1250 153 1250 250 1246 264 1246 266 1246 275 1252 276 1252 276 1252 277 1252 306 1247 309 1247 310 1247 319 1252 320 1252 321 1252 374 1249 386 1248 392 1249 416 1254 417 1254 463 1250 480 1249 482 1251 486 1255 487 1255 488 1255 489 1255 528 1251 547 1250 561 1252 585 1256 586 1256 607 1253 622 1251 631 1253 645 1257 646 1257 647 1258 847 1258 848 1244 846 1208 740 1212 729 1207 724 1203 723 1203 722 1203 682 1201 681 1201 680 1201 670 1206 659 1212 641 1212 631 1206 628 1204 627 1204 626 1204 625 1204 615 1206 592 1210 585 1206 576 1200 575 1200 574 1200 556 1200 555 1200 554 1200 553 1200 547 1206 540 1210 489 1210 450 1210 441 1205 428 1198 427 1198 426 1198 425 1198 424 1198 415 1205 414 1206 411 1205 395 1197 394 1197 393 1197 355 1204 348 1205 339 1204 269 1195 268 1195 267 1195 248 1204 242 1207 201 1207 179 1203 113 1193 69 1193 68 1193 67 1193 66 1193 56 1199 56 1234"/></Shape>
	    <String CONTENT="fidelium, in Baptiſmo verò ſortis, ideo mox"
                    HPOS="55.0"
                    VPOS="1193.0"
                    WIDTH="793.0"
                    HEIGHT="65.0"
                    WC="0.9888153739950873"></String>
          </TextLine>
          <TextLine ID="line_25"
                    TAGREFS="LT8"
                    BASELINE="53 1285 361 1285 844 1294" 
                    HPOS="52.0"
                    VPOS="1246.0"
                    WIDTH="792.0"
                    HEIGHT="65.0">
            <Shape><Polygon POINTS="53 1285 52 1304 84 1304 84 1303 85 1303 101 1295 141 1295 155 1302 156 1302 157 1302 158 1302 169 1298 180 1303 184 1305 185 1305 186 1305 215 1303 314 1297 333 1303 343 1307 344 1307 345 1307 346 1307 346 1307 351 1303 355 1301 378 1303 394 1305 395 1305 396 1305 402 1303 416 1299 425 1303 434 1308 435 1308 467 1309 468 1309 469 1309 470 1309 479 1303 481 1302 484 1303 501 1309 502 1309 503 1309 504 1309 505 1309 514 1303 519 1301 559 1301 568 1303 588 1310 589 1310 630 1311 631 1311 663 1311 663 1311 664 1311 665 1311 675 1303 677 1302 684 1303 721 1311 722 1311 770 1305 820 1311 821 1311 822 1311 843 1303 844 1294 844 1265 767 1253 708 1253 707 1253 706 1253 682 1262 682 1263 619 1263 618 1262 604 1255 603 1255 602 1255 548 1261 543 1261 538 1261 466 1249 465 1249 415 1250 415 1250 392 1258 353 1248 352 1248 351 1248 307 1257 261 1250 260 1250 259 1250 240 1257 239 1257 220 1247 219 1247 218 1247 217 1247 192 1256 131 1256 127 1256 100 1246 99 1246 98 1246 53 1254 53 1285"/></Shape>
	    <String CONTENT="prorumpunt in has cogitationes, quas hîc da¬"
                    HPOS="52.0"
                    VPOS="1246.0"
                    WIDTH="792.0"
                    HEIGHT="65.0"></String>
          </TextLine>
          <TextLine ID="line_26"
                    TAGREFS="LT8"
                    BASELINE="55 1331 512 1338" 
                    HPOS="54.0"
                    VPOS="1311.0"
                    WIDTH="458.0"
                    HEIGHT="43.0">
            <Shape><Polygon POINTS="483 1311 473 1311 463 1311 456 1311 452 1312 451 1313 449 1312 447 1311 444 1311 434 1311 425 1311 420 1312 415 1313 410 1311 407 1311 405 1311 395 1311 385 1311 376 1311 366 1311 356 1311 346 1311 337 1311 327 1311 324 1311 321 1312 317 1311 308 1311 298 1311 288 1311 278 1311 269 1311 259 1311 249 1311 240 1311 230 1311 220 1311 210 1311 201 1311 191 1311 181 1311 172 1311 162 1311 152 1311 142 1311 133 1311 123 1311 113 1311 103 1311 94 1311 84 1311 74 1311 65 1311 55 1311 55 1331 54 1343 76 1350 77 1350 78 1350 166 1345 188 1352 189 1352 190 1352 191 1352 211 1346 250 1353 251 1353 328 1348 337 1354 338 1354 339 1354 340 1354 372 1348 374 1348 377 1348 408 1354 409 1354 410 1354 421 1349 423 1349 453 1354 454 1354 511 1350 512 1338 511 1313 487 1311 483 1311"/></Shape>
	    <String CONTENT="mnat in ſeruis Apoſtolus."
                    HPOS="54.0"
                    VPOS="1311.0"
                    WIDTH="458.0"
                    HEIGHT="43.0"></String>
          </TextLine>
          <TextLine ID="line_27"
                    TAGREFS="LT8"
                    BASELINE="81 1383 847 1392" 
                    HPOS="80.0"
                    VPOS="1340.0"
                    WIDTH="767.0"
                    HEIGHT="68.0">
            <Shape><Polygon POINTS="838 1391 832 1363 825 1363 819 1391 809 1391 799 1391 796 1362 760 1362 729 1346 728 1346 727 1346 726 1346 701 1361 698 1362 686 1360 682 1360 665 1346 664 1346 663 1346 662 1346 661 1346 660 1346 650 1354 607 1357 591 1349 590 1349 589 1349 566 1354 546 1347 545 1347 544 1347 543 1347 542 1347 526 1357 523 1359 519 1357 488 1344 487 1344 486 1344 447 1350 422 1343 421 1343 420 1343 388 1348 375 1343 374 1343 373 1343 372 1343 346 1351 326 1342 325 1342 324 1342 323 1342 285 1352 268 1357 255 1351 231 1341 230 1341 229 1341 172 1350 161 1351 155 1349 127 1340 126 1340 125 1340 81 1347 81 1383 80 1401 361 1404 362 1404 363 1404 368 1402 378 1398 419 1398 438 1402 457 1406 458 1406 459 1406 468 1402 475 1399 484 1402 498 1406 499 1406 500 1406 553 1402 584 1400 592 1402 609 1407 610 1407 611 1407 659 1402 675 1401 682 1402 702 1407 703 1407 745 1402 752 1402 753 1402 761 1408 762 1408 763 1408 764 1408 846 1402 847 1392 846 1391 838 1391"/></Shape>
	    <String CONTENT="Propoſitio eſt, fideles heri non contẽnendi"
                    HPOS="80.0"
                    VPOS="1340.0"
                    WIDTH="767.0"
                    HEIGHT="68.0"
                    WC="0.9929137514396147"></String>
          </TextLine>
          <TextLine ID="line_28"
                    TAGREFS="LT8"
                    BASELINE="40 1430 847 1440" 
                    HPOS="39.0"
                    VPOS="1390.0"
                    WIDTH="808.0"
                    HEIGHT="67.0">
            <Shape><Polygon POINTS="40 1430 39 1442 202 1451 203 1451 271 1446 280 1452 281 1452 282 1452 283 1452 382 1447 410 1453 411 1453 412 1453 436 1447 449 1453 450 1453 530 1455 531 1455 532 1455 545 1449 568 1455 569 1455 570 1455 571 1455 592 1449 613 1455 614 1455 615 1455 708 1451 727 1457 728 1457 729 1457 846 1451 847 1440 847 1406 821 1399 820 1399 819 1399 818 1399 801 1406 799 1407 798 1406 793 1401 792 1401 791 1401 790 1401 789 1401 780 1406 779 1406 778 1406 754 1398 753 1398 710 1398 709 1398 708 1398 692 1405 686 1407 667 1407 664 1405 656 1397 655 1397 654 1397 605 1396 604 1396 553 1403 539 1405 512 1405 509 1403 491 1395 490 1395 489 1395 461 1401 445 1394 444 1394 443 1394 380 1401 364 1403 357 1401 333 1393 332 1393 331 1393 295 1400 286 1402 283 1400 272 1392 271 1392 270 1392 269 1392 268 1392 249 1400 246 1401 168 1400 167 1399 161 1394 160 1394 159 1394 158 1394 98 1398 84 1399 82 1398 70 1390 69 1390 69 1390 68 1390 67 1390 40 1397 40 1430"/></Shape>
	    <String CONTENT="ſunt ſeruis ſuis, h. e. fideliter etiã his eſt ſeruiẽ"
                    HPOS="39.0"
                    VPOS="1390.0"
                    WIDTH="808.0"
                    HEIGHT="67.0"
                    WC="0.9822012435306202"></String>
          </TextLine>
          <TextLine ID="line_29"
                    TAGREFS="LT8"
                    BASELINE="39 1479 847 1489" 
                    HPOS="38.0"
                    VPOS="1441.0"
                    WIDTH="809.0"
                    HEIGHT="70.0">
            <Shape><Polygon POINTS="39 1479 38 1498 123 1502 124 1502 125 1502 126 1502 129 1500 138 1493 175 1493 247 1496 256 1501 262 1504 263 1504 264 1504 289 1502 331 1497 340 1502 342 1504 343 1504 344 1504 345 1504 355 1502 373 1499 379 1503 381 1505 382 1505 383 1505 384 1505 409 1503 432 1501 449 1504 467 1506 468 1506 469 1506 470 1506 473 1504 479 1500 496 1504 506 1506 507 1506 508 1506 509 1506 511 1504 520 1498 547 1500 552 1505 554 1507 554 1508 555 1508 556 1508 557 1508 572 1505 599 1499 622 1506 626 1507 627 1507 628 1507 629 1507 632 1506 641 1500 649 1506 652 1509 653 1509 654 1509 655 1509 656 1509 662 1506 677 1500 763 1500 772 1507 773 1509 774 1509 775 1509 776 1509 787 1508 820 1502 829 1508 832 1511 833 1511 834 1511 835 1511 836 1511 846 1508 847 1489 846 1450 781 1457 755 1449 754 1449 753 1449 751 1449 712 1456 702 1448 701 1448 700 1448 699 1448 694 1448 660 1455 648 1448 647 1448 646 1448 645 1448 644 1448 643 1448 624 1454 614 1448 612 1447 611 1447 610 1447 602 1448 557 1454 522 1447 515 1446 514 1446 499 1447 444 1452 436 1446 434 1445 433 1445 432 1445 431 1445 407 1446 334 1451 288 1445 268 1444 267 1444 254 1445 233 1449 181 1445 149 1443 148 1443 126 1445 100 1447 95 1445 90 1441 89 1441 88 1441 87 1441 39 1444 39 1479"/></Shape>
	    <String CONTENT="dũ nõ minus quàm planè impiis, qui cõuerſi"
                    HPOS="38.0"
                    VPOS="1441.0"
                    WIDTH="809.0"
                    HEIGHT="70.0"
                    WC="0.9846599875612462"></String>
          </TextLine>
        </TextBlock>
        <TextBlock HPOS="24"
                   VPOS="1348"
                   WIDTH="829"
                   HEIGHT="250"
                   ID="block_4"
                   TAGREFS="BT1851">
          <Shape><Polygon POINTS="853 1350 853 1598 24 1590 36 1348"/></Shape>
          <TextLine ID="line_30"
                    TAGREFS="LT8"
                    BASELINE="37 1526 849 1537" 
                    HPOS="36.0"
                    VPOS="1491.0"
                    WIDTH="813.0"
                    HEIGHT="65.0">
            <Shape><Polygon POINTS="37 1526 36 1539 95 1540 121 1550 122 1550 123 1550 154 1545 185 1551 186 1551 308 1544 331 1553 332 1553 441 1554 442 1554 443 1554 444 1554 452 1547 480 1555 481 1555 482 1555 522 1550 553 1556 554 1556 555 1556 581 1549 601 1556 602 1556 603 1556 685 1548 847 1549 849 1537 849 1509 802 1509 800 1508 789 1500 788 1500 787 1500 786 1500 756 1507 753 1507 709 1507 708 1506 697 1498 696 1498 695 1498 637 1498 636 1498 635 1498 634 1498 624 1505 623 1505 622 1505 593 1497 592 1497 591 1497 590 1497 570 1504 565 1505 563 1504 554 1496 553 1496 553 1496 511 1496 510 1496 509 1496 489 1502 483 1504 472 1502 450 1498 449 1498 424 1501 410 1503 399 1501 380 1496 379 1496 378 1496 368 1500 363 1502 357 1500 336 1493 335 1493 334 1493 294 1499 279 1501 268 1498 242 1492 241 1492 210 1497 195 1500 177 1497 143 1491 142 1491 141 1491 128 1496 119 1499 37 1495 37 1526"/></Shape>
	    <String CONTENT="nondum ſunt. Firmamentũ ipſorũ ſeruorum"
                    HPOS="36.0"
                    VPOS="1491.0"
                    WIDTH="813.0"
                    HEIGHT="65.0"
                    WC="0.999147974863285"></String>
          </TextLine>
          <TextLine ID="line_31"
                    TAGREFS="LT8"
                    BASELINE="38 1575 845 1587" 
                    HPOS="37.0"
                    VPOS="1539.0"
                    WIDTH="808.0"
                    HEIGHT="72.0">
            <Shape><Polygon POINTS="38 1575 37 1594 54 1603 55 1603 224 1606 225 1606 226 1606 227 1606 242 1596 246 1594 306 1594 311 1597 324 1607 325 1607 326 1607 327 1607 373 1598 380 1597 384 1598 409 1609 410 1609 411 1609 412 1609 440 1599 448 1597 464 1600 485 1603 486 1603 487 1603 498 1600 506 1598 510 1600 519 1607 519 1607 520 1607 521 1607 522 1607 537 1601 542 1599 546 1601 560 1607 561 1607 562 1607 563 1607 564 1607 572 1601 576 1599 692 1600 698 1603 713 1609 714 1609 715 1609 760 1604 765 1604 767 1604 783 1611 784 1611 785 1611 786 1611 801 1605 802 1605 843 1605 845 1587 845 1559 777 1548 776 1548 745 1554 722 1547 721 1547 669 1547 668 1547 667 1547 640 1554 631 1547 630 1547 629 1547 628 1547 627 1547 605 1553 603 1554 602 1553 589 1546 588 1546 588 1546 587 1546 554 1552 550 1553 540 1552 507 1548 506 1548 485 1551 478 1552 476 1551 467 1544 466 1544 465 1544 464 1544 425 1550 416 1551 412 1549 393 1543 392 1543 391 1543 390 1543 377 1549 373 1551 349 1551 304 1550 299 1547 288 1541 287 1541 286 1541 285 1541 284 1541 270 1546 265 1548 172 1548 166 1545 157 1539 156 1539 155 1539 154 1539 153 1539 134 1545 124 1546 38 1543 38 1575"/></Shape>
	    <String CONTENT="eratifratres ſunt, ergo fraternè nos debebant"
                    HPOS="37.0"
                    VPOS="1539.0"
                    WIDTH="808.0"
                    HEIGHT="72.0"
                    WC="0.9845722959093426"></String>
          </TextLine>
        </TextBlock>
        <TextBlock HPOS="580"
                   VPOS="1599"
                   WIDTH="128"
                   HEIGHT="56"
                   ID="block_1"
                   TAGREFS="BT17">
          <Shape><Polygon POINTS="708 1599 708 1649 580 1655 586 1599"/></Shape>
          <TextLine ID="line_32"
                    TAGREFS="LT8"
                    BASELINE="596 1636 704 1634" 
                    HPOS="595.0"
                    VPOS="1593.0"
                    WIDTH="109.0"
                    HEIGHT="66.0">
            <Shape><Polygon POINTS="596 1636 596 1658 642 1659 643 1659 644 1659 645 1659 646 1658 655 1651 703 1656 704 1634 703 1609 683 1603 682 1603 681 1603 665 1606 655 1608 651 1605 639 1594 639 1593 638 1593 637 1593 600 1593 599 1593 598 1593 597 1593 597 1594 596 1594 595 1594 596 1636"/></Shape>
	    <String CONTENT="K 2"
                    HPOS="595.0"
                    VPOS="1593.0"
                    WIDTH="109.0"
                    HEIGHT="66.0"
                    WC="0.9993202686309814"></String>
          </TextLine>
        </TextBlock>
      </PrintSpace>
    </Page>
  </Layout>
</alto>
