<?xml version="1.0" encoding="UTF-8"?>
<alto xmlns:xsi="http://www.w3.org/2001/XMLSchema-instance"
      xmlns="http://www.loc.gov/standards/alto/ns-v4#"
      xsi:schemaLocation="http://www.loc.gov/standards/alto/ns-v4# http://www.loc.gov/standards/alto/v4/alto-4-2.xsd">
  <Description>
    <MeasurementUnit>pixel</MeasurementUnit>
    <sourceImageInformation>
      <fileName>bsb10313792_00025.jpg</fileName>
    </sourceImageInformation>
  </Description>
  <Tags>
    <OtherTag ID="BT7" LABEL="CustomZone" DESCRIPTION="block type CustomZone"/><OtherTag ID="BT8" LABEL="DamageZone" DESCRIPTION="block type DamageZone"/><OtherTag ID="BT9" LABEL="DigitizationArtefactZone" DESCRIPTION="block type DigitizationArtefactZone"/><OtherTag ID="BT10" LABEL="DropCapitalZone" DESCRIPTION="block type DropCapitalZone"/><OtherTag ID="BT11" LABEL="GraphicZone" DESCRIPTION="block type GraphicZone"/><OtherTag ID="BT12" LABEL="MainZone" DESCRIPTION="block type MainZone"/><OtherTag ID="BT13" LABEL="MarginTextZone" DESCRIPTION="block type MarginTextZone"/><OtherTag ID="BT14" LABEL="MusicZone" DESCRIPTION="block type MusicZone"/><OtherTag ID="BT15" LABEL="NumberingZone" DESCRIPTION="block type NumberingZone"/><OtherTag ID="BT17" LABEL="QuireMarksZone" DESCRIPTION="block type QuireMarksZone"/><OtherTag ID="BT18" LABEL="RunningTitleZone" DESCRIPTION="block type RunningTitleZone"/><OtherTag ID="BT19" LABEL="SealZone" DESCRIPTION="block type SealZone"/><OtherTag ID="BT20" LABEL="StampZone" DESCRIPTION="block type StampZone"/><OtherTag ID="BT21" LABEL="TableZone" DESCRIPTION="block type TableZone"/><OtherTag ID="BT22" LABEL="TitlePageZone" DESCRIPTION="block type TitlePageZone"/><OtherTag ID="BT1851" LABEL="MainZone-P" DESCRIPTION="block type MainZone-P"/><OtherTag ID="BT1852" LABEL="MainZone-Head" DESCRIPTION="block type MainZone-Head"/><OtherTag ID="BT1853" LABEL="MainZone-P-Continued" DESCRIPTION="block type MainZone-P-Continued"/><OtherTag ID="BT1854" LABEL="MarginTextZone-ManuscriptAddendum" DESCRIPTION="block type MarginTextZone-ManuscriptAddendum"/><OtherTag ID="BT1855" LABEL="text" DESCRIPTION="block type text"/><OtherTag ID="BT1856" LABEL="MainZone-Entry" DESCRIPTION="block type MainZone-Entry"/><OtherTag ID="BT1857" LABEL="MainZone-Entry-Continued" DESCRIPTION="block type MainZone-Entry-Continued"/><OtherTag ID="BT1877" LABEL="GraphicZone-Decoration" DESCRIPTION="block type GraphicZone-Decoration"/><OtherTag ID="BT1894" LABEL="MainZone-Other" DESCRIPTION="block type MainZone-Other"/>
    <OtherTag ID="LT7" LABEL="CustomLine" DESCRIPTION="line type CustomLine"/><OtherTag ID="LT8" LABEL="DefaultLine" DESCRIPTION="line type DefaultLine"/><OtherTag ID="LT9" LABEL="DropCapitalLine" DESCRIPTION="line type DropCapitalLine"/><OtherTag ID="LT10" LABEL="HeadingLine" DESCRIPTION="line type HeadingLine"/><OtherTag ID="LT11" LABEL="InterlinearLine" DESCRIPTION="line type InterlinearLine"/><OtherTag ID="LT12" LABEL="MusicLine" DESCRIPTION="line type MusicLine"/><OtherTag ID="LT636" LABEL="default" DESCRIPTION="line type default"/>
  </Tags>
  <Layout>
    <Page WIDTH="1063"
          HEIGHT="1750"
          PHYSICAL_IMG_NR="9"
          ID="eSc_dummypage_">
      <PrintSpace HPOS="0"
                  VPOS="0"
                  WIDTH="1063"
                  HEIGHT="1750">
        <TextBlock HPOS="105"
                   VPOS="36"
                   WIDTH="641"
                   HEIGHT="49"
                   ID="block_0"
                   TAGREFS="BT18">
          <Shape><Polygon POINTS="746 36 746 85 105 85 105 36"/></Shape>
          <TextLine ID="line_0"
                    TAGREFS="LT10"
                    BASELINE="108 70 421 69 747 73" 
                    HPOS="108"
                    VPOS="35"
                    WIDTH="639"
                    HEIGHT="52">
            <Shape><Polygon POINTS="712 35 720 37 734 42 747 41 747 87 746 87 736 87 685 81 667 86 664 86 542 85 540 85 517 77 486 77 476 84 476 85 473 85 424 84 422 84 410 76 369 83 367 83 345 76 291 83 284 83 274 77 185 79 182 79 177 74 159 81 158 81 158 82 108 82 108 35 233 35 246 38 249 35 380 35 383 36 389 39 420 36 439 35 476 35 479 36 486 41 501 41 507 36 509 35 552 35 555 36 558 35 607 35 613 37 622 41 634 37 639 35 643 35 645 37 652 41 661 37 665 35 667 35 681 37 690 38 696 35"/></Shape>
	    <String CONTENT="IN I. EPIST. AD TIMOTH."
                    HPOS="108"
                    VPOS="35"
                    WIDTH="639"
                    HEIGHT="52"
                    WC="0.9977567791938782"></String>
          </TextLine>
        </TextBlock>
        <TextBlock HPOS="799"
                   VPOS="55"
                   WIDTH="46"
                   HEIGHT="26"
                   ID="eSc_textblock_5c0e9b9d"
                   TAGREFS="BT15">
          <Shape><Polygon POINTS="799 55 799 81 845 81 845 55"/></Shape>
          <TextLine ID="eSc_line_964d699d"
                    TAGREFS="LT8"
                    BASELINE="809 74 835 74" 
                    HPOS="808"
                    VPOS="39"
                    WIDTH="25"
                    HEIGHT="51">
            <Shape><Polygon POINTS="808 72 808 87 832 90 833 72 832 39 808 40 808 72"/></Shape>
	    <String CONTENT="17"
                    HPOS="808"
                    VPOS="39"
                    WIDTH="25"
                    HEIGHT="51"
                    WC="0.9999814033508301"></String>
          </TextLine>
        </TextBlock>
        <TextBlock HPOS="50"
                   VPOS="93"
                   WIDTH="799"
                   HEIGHT="444"
                   ID="block_3"
                   TAGREFS="BT1853">
          <Shape><Polygon POINTS="849 93 849 537 50 537 50 93"/></Shape>
          <TextLine ID="line_1"
                    TAGREFS="LT8"
                    BASELINE="51 123 839 130" 
                    HPOS="50.0"
                    VPOS="91.0"
                    WIDTH="789.0"
                    HEIGHT="57.0">
            <Shape><Polygon POINTS="800 91 790 91 789 91 785 94 776 100 756 95 755 95 754 95 753 95 734 100 712 94 703 91 703 91 693 91 683 91 673 91 664 91 654 91 644 91 635 91 625 91 615 91 605 91 596 91 586 91 576 91 566 91 557 91 547 91 537 91 528 91 519 91 517 92 506 98 499 92 498 91 489 91 482 91 480 92 467 97 449 92 448 92 447 92 446 92 432 97 380 96 372 91 365 91 357 96 322 91 314 91 304 96 289 91 284 91 275 91 270 91 263 95 241 91 236 91 226 91 217 91 212 95 105 91 100 91 90 91 80 91 70 91 61 91 51 91 51 123 50 139 79 141 80 141 94 140 122 135 137 140 138 140 139 140 140 140 151 135 183 140 199 142 200 142 201 142 207 140 220 136 262 136 331 141 337 141 338 141 341 141 386 137 404 142 412 144 413 144 414 144 456 142 500 140 528 143 551 145 552 145 553 145 557 143 566 139 612 139 625 144 631 146 632 146 633 147 684 147 684 146 685 146 692 144 710 140 727 144 735 147 736 147 737 148 786 148 786 147 787 147 793 145 808 140 837 145 839 130 839 95 803 91 800 91"/></Shape>
	    <String CONTENT="tutiores contra corruptelas) neceſſarium eſſe"
                    HPOS="50.0"
                    VPOS="91.0"
                    WIDTH="789.0"
                    HEIGHT="57.0"
                    WC="0.9932536840438843"></String>
          </TextLine>
          <TextLine ID="line_2"
                    TAGREFS="LT8"
                    BASELINE="52 174 839 176" 
                    HPOS="51"
                    VPOS="136"
                    WIDTH="788"
                    HEIGHT="57">
            <Shape><Polygon POINTS="51 187 297 186 304 188 314 192 315 192 316 192 341 188 351 187 380 188 467 192 468 192 519 188 532 187 535 188 547 192 548 192 549 192 550 192 566 188 571 187 576 188 601 193 602 193 681 188 682 188 683 188 816 193 817 193 818 193 838 187 839 176 838 148 652 148 651 147 631 138 630 138 576 137 575 137 574 137 549 146 511 137 510 137 509 137 508 137 491 144 482 138 481 138 480 138 457 137 456 137 416 146 415 146 399 137 398 137 397 137 396 137 395 137 394 137 383 146 382 147 339 147 335 146 287 136 286 136 285 136 263 144 241 140 240 140 210 145 209 145 195 140 194 140 193 140 192 140 176 144 165 136 164 136 163 136 91 136 90 136 89 136 88 136 75 145 74 145 52 145 52 174"/></Shape>
	    <String CONTENT="vt habeant manentes, &amp; in eis hærentes mi¬"
                    HPOS="51"
                    VPOS="136"
                    WIDTH="788"
                    HEIGHT="57"></String>
          </TextLine>
          <TextLine ID="line_3"
                    TAGREFS="LT8"
                    BASELINE="55 222 837 224" 
                    HPOS="54.0"
                    VPOS="184.0"
                    WIDTH="783.0"
                    HEIGHT="59.0">
            <Shape><Polygon POINTS="55 222 54 235 80 241 81 241 109 236 120 234 127 236 141 241 142 241 143 241 144 241 158 236 165 234 176 236 188 239 189 239 209 237 230 234 241 237 255 241 256 241 257 241 258 241 259 241 263 237 268 234 297 237 322 240 323 240 343 238 372 234 390 238 404 241 405 241 419 238 438 234 450 238 454 240 455 240 456 240 471 239 507 235 525 239 538 242 539 242 580 240 620 237 625 240 628 242 629 242 630 242 631 243 747 243 747 242 748 242 749 242 750 241 757 237 835 241 837 224 836 196 813 196 813 195 788 185 787 185 786 185 785 185 751 195 750 196 728 196 727 195 707 185 706 185 705 185 662 195 659 195 658 195 640 185 639 185 638 185 603 193 578 185 577 185 576 185 575 185 574 185 560 194 558 196 532 196 530 194 510 185 509 185 470 185 469 185 468 185 448 194 446 195 401 195 399 194 379 184 378 184 377 184 313 186 312 186 297 193 294 194 291 193 281 189 280 189 279 189 246 193 234 194 231 193 219 184 218 184 217 184 216 184 215 184 195 193 191 195 120 195 116 192 105 184 104 184 103 184 70 184 70 184 69 184 55 191 55 222"/></Shape>
	    <String CONTENT="uiſtros idoneos. Ratio eſt, quia hoc Apoſto¬"
                    HPOS="54.0"
                    VPOS="184.0"
                    WIDTH="783.0"
                    HEIGHT="59.0"
                    WC="0.9844040830026973"></String>
          </TextLine>
          <TextLine ID="line_4"
                    TAGREFS="LT8"
                    BASELINE="56 272 837 277" 
                    HPOS="55.0"
                    VPOS="230.0"
                    WIDTH="782.0"
                    HEIGHT="64.0">
            <Shape><Polygon POINTS="56 272 55 281 99 282 113 290 114 290 115 290 116 290 137 283 166 290 167 290 248 284 250 284 273 284 274 284 283 291 283 291 284 291 285 291 355 285 366 284 368 285 382 291 383 291 384 291 385 291 406 285 408 285 414 285 486 292 487 292 558 287 559 287 561 287 611 293 612 293 613 293 614 293 621 287 624 286 694 286 697 288 708 294 708 294 709 294 763 289 784 287 835 289 837 277 836 238 717 243 705 237 699 234 698 234 697 234 680 237 650 242 637 237 634 235 633 235 632 235 631 235 630 235 628 236 619 243 527 243 515 236 507 232 506 232 410 232 409 232 408 232 397 235 380 241 346 235 321 231 320 231 319 231 311 235 308 236 296 235 265 231 264 231 263 231 262 231 256 235 247 241 227 241 219 234 216 232 215 232 214 232 213 232 163 234 138 235 132 234 113 230 112 230 111 230 110 230 106 234 98 239 84 234 73 230 72 230 71 230 56 233 56 272"/></Shape>
	    <String CONTENT="lus in Epheſina Eccleſia fecit, qui reliquit Ti¬"
                    HPOS="55.0"
                    VPOS="230.0"
                    WIDTH="782.0"
                    HEIGHT="64.0"></String>
          </TextLine>
          <TextLine ID="line_5"
                    TAGREFS="LT8"
                    BASELINE="58 319 837 323" 
                    HPOS="57.0"
                    VPOS="282.0"
                    WIDTH="780.0"
                    HEIGHT="59.0">
            <Shape><Polygon POINTS="57 331 85 338 86 338 413 334 448 340 449 341 525 341 525 340 526 340 527 340 534 335 548 340 549 340 550 340 700 336 763 341 764 341 836 335 837 323 836 294 785 285 784 285 783 285 762 292 759 294 721 294 714 292 697 285 696 285 652 285 651 285 626 290 613 293 603 290 585 284 584 284 459 284 458 284 457 284 456 284 451 288 444 292 312 287 311 287 288 292 271 286 270 286 269 286 268 286 249 292 139 292 124 283 123 282 122 282 121 282 120 282 119 282 116 283 86 291 59 282 58 319 57 331"/></Shape>
	    <String CONTENT="motheum manentem illic aliquandiu mini¬"
                    HPOS="57.0"
                    VPOS="282.0"
                    WIDTH="780.0"
                    HEIGHT="59.0"
                    WC="0.9859393804501264"></String>
          </TextLine>
          <TextLine ID="line_6"
                    TAGREFS="LT8"
                    BASELINE="56 369 837 375" 
                    HPOS="55.0"
                    VPOS="332.0"
                    WIDTH="782.0"
                    HEIGHT="61.0">
            <Shape><Polygon POINTS="56 369 55 385 159 388 160 388 161 388 173 385 185 382 198 385 212 389 212 389 213 390 253 390 253 389 254 389 270 385 280 384 293 385 323 390 324 390 325 390 326 390 334 385 337 384 432 384 464 386 526 391 527 391 562 386 574 385 584 386 611 392 612 392 613 392 632 386 633 386 634 386 659 392 660 392 730 386 737 386 740 386 763 393 764 393 765 393 836 386 837 375 837 348 792 347 772 336 771 336 728 336 727 336 726 336 708 345 706 346 697 345 660 338 659 338 658 338 641 344 639 344 638 343 623 335 622 335 539 334 538 334 537 334 513 341 502 344 498 341 491 334 490 334 489 334 455 334 454 334 453 334 443 339 435 344 363 344 353 338 344 333 343 333 342 333 320 337 293 342 285 336 281 332 280 332 279 332 278 332 277 332 267 336 253 341 224 335 209 332 208 332 207 332 201 334 185 342 122 342 114 335 113 335 112 335 56 332 56 369"/></Shape>
	    <String CONTENT="ſtrum. Sic in Creta reliquit Titum. Tit.1."
                    HPOS="55.0"
                    VPOS="332.0"
                    WIDTH="782.0"
                    HEIGHT="61.0"></String>
          </TextLine>
          <TextLine ID="line_7"
                    TAGREFS="LT8"
                    BASELINE="61 420 837 421" 
                    HPOS="60.0"
                    VPOS="383.0"
                    WIDTH="777.0"
                    HEIGHT="56.0">
            <Shape><Polygon POINTS="61 420 60 430 129 438 130 439 220 439 220 438 221 438 234 432 325 432 336 437 337 437 338 437 364 433 372 438 373 438 374 438 375 438 425 432 425 432 426 432 471 439 472 439 473 439 489 433 515 439 516 439 655 434 736 439 737 439 764 433 765 433 767 433 823 439 824 439 825 439 836 433 837 421 836 395 762 394 746 385 745 385 744 385 744 385 698 393 689 394 604 394 602 392 591 384 590 384 589 384 569 384 568 384 567 384 553 391 549 393 510 392 508 390 491 384 490 384 458 384 457 384 456 384 455 384 445 390 443 391 438 389 427 386 426 386 425 386 425 386 416 389 405 393 378 389 348 385 347 385 328 388 318 390 314 388 302 383 301 383 300 383 243 384 242 384 241 384 237 387 228 394 198 394 187 386 183 384 182 384 181 384 180 384 179 384 178 384 175 386 163 393 141 386 131 383 130 383 129 383 110 385 85 390 61 385 61 420"/></Shape>
	    <String CONTENT="verſ.5. &amp; Actor.14. verſ.21.teſtatur in omni¬"
                    HPOS="60.0"
                    VPOS="383.0"
                    WIDTH="777.0"
                    HEIGHT="56.0"
                    WC="0.9856865896119011"></String>
          </TextLine>
          <TextLine ID="line_8"
                    TAGREFS="LT8"
                    BASELINE="65 467 836 471" 
                    HPOS="64.0"
                    VPOS="427.0"
                    WIDTH="772.0"
                    HEIGHT="57.0">
            <Shape><Polygon POINTS="64 484 835 484 836 471 835 434 782 431 781 431 780 431 776 433 756 441 735 435 734 435 733 435 732 435 731 435 721 443 684 443 668 432 667 431 666 431 665 431 664 431 663 431 658 432 646 435 637 432 632 430 631 430 630 430 629 430 625 432 607 441 581 441 555 431 552 430 551 430 550 430 549 430 547 431 527 442 451 442 395 441 372 430 371 430 370 430 369 430 334 440 320 429 319 429 318 429 222 428 221 428 220 428 219 428 211 435 188 429 187 429 186 429 185 429 184 429 168 440 145 440 122 429 121 429 120 429 119 429 90 438 66 427 65 467 64 484"/></Shape>
	    <String CONTENT="bus Eccleſiis Paulum cum Barnaba conſti¬"
                    HPOS="64.0"
                    VPOS="427.0"
                    WIDTH="772.0"
                    HEIGHT="57.0"
                    WC="0.9995438203215599"></String>
          </TextLine>
          <TextLine ID="line_9"
                    TAGREFS="LT8"
                    BASELINE="71 515 577 521" 
                    HPOS="70.0"
                    VPOS="478.0"
                    WIDTH="507.0"
                    HEIGHT="62.0">
            <Shape><Polygon POINTS="71 515 70 525 155 537 156 537 220 535 221 535 222 535 231 529 282 536 283 536 283 536 299 528 312 536 313 536 314 536 315 536 332 532 339 538 339 539 340 539 341 539 342 540 372 540 372 539 373 539 391 529 413 535 414 535 415 535 416 535 417 535 425 530 440 540 441 540 442 540 443 540 444 540 482 530 536 530 542 536 542 537 543 537 544 537 545 537 576 530 577 521 575 488 541 492 531 487 527 485 526 485 525 485 524 485 517 487 504 492 497 487 494 484 493 484 492 484 491 484 459 487 451 488 445 487 412 482 411 482 410 482 409 482 409 483 404 487 399 490 372 487 354 485 353 485 352 485 351 485 348 487 341 490 335 487 322 480 321 480 320 480 264 487 241 490 226 487 188 479 187 479 186 479 185 479 177 487 174 490 156 490 151 487 130 478 129 478 89 478 88 478 87 478 71 486 71 515"/></Shape>
	    <String CONTENT="tuiſſe paſtores &amp; presbyteros."
                    HPOS="70.0"
                    VPOS="478.0"
                    WIDTH="507.0"
                    HEIGHT="62.0"
                    WC="0.9826575954755147"></String>
          </TextLine>
        </TextBlock>
        <TextBlock HPOS="43"
                   VPOS="539"
                   WIDTH="804"
                   HEIGHT="985"
                   ID="block_5"
                   TAGREFS="BT1851">
          <Shape><Polygon POINTS="847 539 847 1510 43 1524 61 539"/></Shape>
          <TextLine ID="line_10"
                    TAGREFS="LT8"
                    BASELINE="104 569 833 572" 
                    HPOS="103.0"
                    VPOS="529.0"
                    WIDTH="730.0"
                    HEIGHT="60.0">
            <Shape><Polygon POINTS="104 569 103 577 146 587 147 587 192 582 313 585 314 585 315 585 323 580 326 579 433 579 438 582 447 588 448 588 449 588 450 588 483 583 491 588 492 588 493 588 494 588 495 588 509 583 515 581 523 583 533 587 534 587 535 587 536 587 537 587 541 583 546 580 586 581 590 584 594 588 595 588 596 588 597 588 598 588 610 584 616 583 626 585 650 589 651 589 691 586 720 583 725 586 729 589 730 589 731 589 732 589 832 587 833 572 833 537 814 531 813 531 812 531 811 531 810 531 804 537 795 544 725 544 672 541 658 536 644 531 643 531 568 530 567 530 566 530 555 535 539 543 409 543 392 534 391 534 390 534 389 534 387 534 354 542 336 536 335 536 334 536 291 540 274 534 262 529 261 529 214 529 213 529 212 529 212 529 206 533 195 541 170 536 169 536 168 536 151 541 136 533 128 529 127 529 126 529 104 532 104 569"/></Shape>
	    <String CONTENT="Propoſitionis ratio prima hinc petatur à"
                    HPOS="103.0"
                    VPOS="529.0"
                    WIDTH="730.0"
                    HEIGHT="60.0"
                    WC="0.9990090785956964"></String>
          </TextLine>
          <TextLine ID="line_11"
                    TAGREFS="LT8"
                    BASELINE="78 612 198 619 835 623" 
                    HPOS="77.0"
                    VPOS="575.0"
                    WIDTH="758.0"
                    HEIGHT="64.0">
            <Shape><Polygon POINTS="78 612 77 626 214 635 215 635 266 630 316 635 317 635 349 630 433 634 434 634 460 630 462 630 465 630 503 637 504 637 569 632 586 638 587 638 588 639 646 639 646 638 647 638 660 631 672 636 673 636 673 636 696 631 699 631 704 631 764 639 765 639 766 639 779 632 780 632 833 632 835 623 835 589 820 581 819 581 818 581 817 581 816 581 790 590 789 591 744 591 738 589 698 580 697 580 696 580 679 588 675 590 602 590 597 586 589 579 588 579 587 579 586 579 585 579 564 585 553 588 524 584 484 579 483 579 482 579 481 579 476 583 469 588 430 588 424 582 419 578 418 578 417 578 416 578 388 581 371 583 361 581 352 578 351 578 350 578 349 578 344 580 333 587 300 587 277 579 270 577 269 577 268 577 267 577 263 579 251 583 198 578 197 578 196 578 179 586 134 586 122 576 121 576 120 576 78 575 78 612"/></Shape>
	    <String CONTENT="fineconſilii Apoſtolici. Hoc fine relictus eſt"
                    HPOS="77.0"
                    VPOS="575.0"
                    WIDTH="758.0"
                    HEIGHT="64.0"
                    WC="0.9778560723947443"></String>
          </TextLine>
          <TextLine ID="line_12"
                    TAGREFS="LT8"
                    BASELINE="82 663 213 668 834 670" 
                    HPOS="82.0"
                    VPOS="626.0"
                    WIDTH="752.0"
                    HEIGHT="64.0">
            <Shape><Polygon POINTS="82 663 82 678 126 678 141 686 142 686 143 686 250 680 315 687 316 687 338 686 339 686 340 686 347 680 349 679 359 680 402 685 403 685 404 685 422 681 428 679 431 681 445 688 446 688 447 689 478 689 478 688 479 688 480 688 488 681 491 680 501 681 535 686 536 686 537 686 550 682 556 680 577 682 615 686 616 686 642 683 656 681 667 683 696 689 697 690 746 690 746 689 747 689 761 684 766 682 777 684 804 689 805 689 833 684 834 670 833 640 805 634 804 634 750 638 732 639 727 637 707 630 706 630 705 630 704 630 693 633 670 629 669 629 619 635 599 638 592 635 575 628 574 628 573 628 572 628 557 634 549 637 533 634 516 630 515 630 514 630 513 630 509 633 502 639 470 639 454 632 438 627 437 627 363 627 362 627 361 627 353 630 348 632 340 630 328 627 327 627 326 627 325 627 324 627 319 630 308 637 283 630 278 628 277 628 276 628 275 628 270 629 240 637 194 637 180 627 178 626 177 626 177 626 176 626 175 626 171 627 141 636 118 626 117 626 116 626 82 626 82 663"/></Shape>
	    <String CONTENT="Timotheus Epheſi, ergo in hoc diligenter"
                    HPOS="82.0"
                    VPOS="626.0"
                    WIDTH="752.0"
                    HEIGHT="64.0"
                    WC="0.9994317397475243"></String>
          </TextLine>
          <TextLine ID="line_13"
                    TAGREFS="LT8"
                    BASELINE="77 712 215 718 834 721" 
                    HPOS="76.0"
                    VPOS="676.0"
                    WIDTH="758.0"
                    HEIGHT="61.0">
            <Shape><Polygon POINTS="77 712 76 724 131 726 140 734 141 734 141 734 142 734 143 734 158 730 235 735 236 735 295 735 295 735 296 735 322 727 398 727 442 735 443 735 444 735 460 728 513 733 514 733 515 733 530 729 540 736 541 736 542 736 543 736 544 736 562 729 610 736 611 737 664 737 664 736 665 736 666 736 675 730 684 736 685 736 686 736 687 736 773 730 795 736 796 736 797 736 833 729 834 721 834 690 782 690 779 689 754 680 753 680 752 680 751 680 731 688 723 690 711 687 699 684 698 684 697 684 674 687 653 689 634 686 596 679 595 679 566 685 543 689 532 684 521 678 520 678 488 678 487 678 486 678 475 683 463 689 448 689 440 682 435 678 434 678 433 678 432 678 401 682 355 687 331 682 330 682 329 682 328 682 324 685 318 680 317 679 316 679 315 679 314 679 313 679 311 680 297 685 283 679 277 677 276 677 275 677 274 677 267 679 243 687 149 687 133 677 133 676 132 676 131 676 77 676 77 712"/></Shape>
	    <String CONTENT="debetincumbere. Sic valet ad generalem"
                    HPOS="76.0"
                    VPOS="676.0"
                    WIDTH="758.0"
                    HEIGHT="61.0"
                    WC="0.9994875161271346"></String>
          </TextLine>
          <TextLine ID="line_14"
                    TAGREFS="LT8"
                    BASELINE="76 765 835 769" 
                    HPOS="75"
                    VPOS="727"
                    WIDTH="760"
                    HEIGHT="55">
            <Shape><Polygon POINTS="75 780 833 782 835 769 834 732 652 737 552 737 542 730 541 729 540 729 539 729 488 729 487 729 486 729 485 729 485 730 474 737 457 737 424 735 414 729 412 728 411 728 410 728 409 728 395 729 341 735 330 729 329 729 328 729 294 728 293 728 292 728 290 729 274 735 261 729 260 729 259 729 258 729 257 729 248 735 183 728 169 727 168 727 167 727 164 728 150 735 106 735 76 728 76 765"/></Shape>
	    <String CONTENT="propoſitionẽ. Hoc fine cõſtituuntur miniſtri"
                    HPOS="75"
                    VPOS="727"
                    WIDTH="760"
                    HEIGHT="55"
                    WC="0.9832835767580115"></String>
          </TextLine>
          <TextLine ID="line_15"
                    TAGREFS="LT8"
                    BASELINE="68 812 230 817 833 817" 
                    HPOS="67.0"
                    VPOS="776.0"
                    WIDTH="766.0"
                    HEIGHT="57.0">
            <Shape><Polygon POINTS="68 812 67 825 105 832 106 832 134 826 173 832 174 832 239 827 277 832 278 832 335 827 345 832 346 832 347 833 347 832 348 832 357 827 377 833 378 833 379 833 460 832 460 832 471 827 485 833 486 833 487 833 832 826 833 817 832 788 693 788 689 785 677 780 676 780 675 780 674 780 664 785 661 787 624 787 617 784 607 780 606 780 605 780 604 780 591 784 582 786 579 784 571 777 570 777 569 777 568 777 567 777 551 783 539 788 519 788 513 783 506 777 505 777 504 777 503 777 474 782 471 782 467 782 431 777 430 777 429 777 422 781 413 786 404 781 398 778 397 778 396 778 395 778 389 781 374 786 342 780 320 776 299 776 298 776 297 776 296 776 292 779 281 787 230 787 209 778 207 777 206 777 205 777 204 777 202 778 180 785 168 777 167 776 166 776 165 776 164 776 163 776 161 777 145 786 130 777 130 776 129 776 128 776 127 776 123 776 103 781 68 776 68 812"/></Shape>
	    <String CONTENT="in Eccleſiis vt ſanam doctrinã tueantur con¬"
                    HPOS="67.0"
                    VPOS="776.0"
                    WIDTH="766.0"
                    HEIGHT="57.0"
                    WC="0.9926805959807502"></String>
          </TextLine>
          <TextLine ID="line_16"
                    TAGREFS="LT8"
                    BASELINE="63 862 244 867 831 864" 
                    HPOS="62.0"
                    VPOS="826.0"
                    WIDTH="769.0"
                    HEIGHT="60.0">
            <Shape><Polygon POINTS="63 862 63 876 148 876 152 877 169 885 170 885 171 886 253 886 253 885 254 885 255 885 264 879 283 885 284 885 285 885 317 879 333 876 338 879 345 885 346 885 347 885 348 886 392 886 392 885 393 885 407 880 420 876 463 881 488 883 489 883 498 881 524 875 543 882 551 884 552 884 553 884 554 884 555 884 558 882 566 876 594 881 595 881 673 875 683 882 684 882 685 882 686 882 687 882 699 876 708 883 708 884 709 884 710 884 711 884 717 883 760 876 781 884 782 884 783 884 784 885 830 885 831 864 829 835 750 826 690 826 689 826 688 826 663 834 660 835 657 834 635 828 634 828 633 828 632 828 613 834 599 826 598 826 597 826 596 826 573 832 558 826 557 826 556 826 555 826 554 826 544 834 542 835 509 834 495 834 486 827 485 827 484 827 455 827 454 827 453 827 452 827 443 834 440 836 425 834 392 830 391 830 390 830 389 830 384 834 380 837 329 837 318 834 284 827 265 827 264 827 263 827 262 827 251 834 247 837 160 837 156 834 153 831 152 831 151 831 150 831 138 834 131 835 127 834 112 827 111 827 110 827 62 833 63 862"/></Shape>
	    <String CONTENT="tra corruptelas: ergo in hoc debent vigilãter"
                    HPOS="62.0"
                    VPOS="826.0"
                    WIDTH="769.0"
                    HEIGHT="60.0"
                    WC="0.9949219537817914"></String>
          </TextLine>
          <TextLine ID="line_17"
                    TAGREFS="LT8"
                    BASELINE="60 910 190 916 831 913" 
                    HPOS="60.0"
                    VPOS="873.0"
                    WIDTH="771.0"
                    HEIGHT="61.0">
            <Shape><Polygon POINTS="60 924 111 924 113 924 151 933 152 933 231 928 248 932 249 932 250 932 251 932 267 926 272 924 280 926 310 933 311 934 380 934 380 933 381 933 393 927 399 924 415 927 429 930 430 930 451 928 479 924 492 928 501 931 502 931 503 931 504 931 509 928 517 924 541 928 552 930 553 930 554 930 555 930 557 929 563 925 599 929 610 930 611 930 616 929 634 925 646 930 650 931 651 931 652 931 653 931 657 930 675 923 718 930 730 932 731 932 732 932 737 931 760 923 830 931 831 913 830 883 815 879 814 879 814 879 813 879 812 879 807 882 803 885 798 882 783 875 782 875 749 873 748 873 747 873 730 881 722 886 696 886 687 881 673 873 673 873 672 873 621 873 620 873 619 873 618 873 608 880 601 874 600 874 599 874 576 873 575 873 574 873 552 879 533 885 526 879 518 873 517 873 516 873 504 873 503 873 502 873 481 878 457 885 437 877 425 874 425 874 399 874 398 874 397 874 396 874 390 877 375 886 317 876 304 875 303 875 302 875 301 875 299 876 283 887 189 887 162 875 161 875 160 875 159 875 158 875 143 887 124 887 104 874 103 874 102 874 60 874 60 910 60 924"/></Shape>
	    <String CONTENT="incumbere. Quòd hoc fine ſit iſtic relictus"
                    HPOS="60.0"
                    VPOS="873.0"
                    WIDTH="771.0"
                    HEIGHT="61.0"></String>
          </TextLine>
          <TextLine ID="line_18"
                    TAGREFS="LT8"
                    BASELINE="63 962 832 962" 
                    HPOS="63.0"
                    VPOS="924.0"
                    WIDTH="769.0"
                    HEIGHT="60.0">
            <Shape><Polygon POINTS="63 962 63 975 103 975 128 983 129 983 130 984 152 984 152 983 153 983 169 976 190 983 191 983 192 984 239 984 239 983 240 983 241 983 248 978 263 983 264 983 265 983 293 978 312 983 313 983 314 983 354 978 411 983 412 983 413 983 435 977 496 983 496 983 497 983 498 983 511 975 564 980 565 980 592 975 607 981 608 981 609 981 645 975 688 980 689 980 690 980 700 975 724 983 725 983 726 984 760 984 760 983 761 983 785 975 832 975 832 962 831 935 790 935 787 934 782 930 781 930 780 930 779 930 779 930 764 934 758 935 753 933 744 930 744 930 743 930 742 930 732 933 725 935 719 933 699 924 698 924 697 924 696 924 673 932 671 933 663 932 634 928 633 928 632 928 631 928 626 932 622 934 616 931 598 924 597 924 431 924 430 924 429 924 420 929 405 936 222 936 191 927 190 927 189 927 188 927 187 927 177 935 141 928 141 928 140 928 116 935 102 924 101 924 100 924 63 924 63 962"/></Shape>
	    <String CONTENT="hinc probatur: quia proficiſcens eum rogauit"
                    HPOS="63.0"
                    VPOS="924.0"
                    WIDTH="769.0"
                    HEIGHT="60.0"
                    WC="0.9993925202976573"></String>
          </TextLine>
          <TextLine ID="line_19"
                    TAGREFS="LT8"
                    BASELINE="72 1011 241 1015 832 1012" 
                    HPOS="72.0"
                    VPOS="974.0"
                    WIDTH="760.0"
                    HEIGHT="60.0">
            <Shape><Polygon POINTS="72 1025 243 1027 266 1034 267 1034 268 1034 356 1027 357 1027 358 1027 389 1033 389 1033 390 1033 391 1033 401 1027 407 1024 428 1024 433 1027 436 1030 437 1030 438 1030 439 1030 440 1030 451 1027 461 1024 469 1027 478 1031 479 1031 480 1031 504 1027 507 1027 508 1027 519 1033 520 1033 521 1033 571 1030 572 1030 573 1030 576 1027 582 1023 612 1028 641 1032 642 1033 673 1033 673 1032 673 1032 683 1028 695 1023 709 1028 722 1032 723 1032 724 1032 832 1028 832 1012 830 981 798 974 765 974 764 974 763 974 749 980 747 981 744 980 726 976 725 976 724 976 723 976 705 980 699 981 694 980 680 976 679 976 678 976 677 976 660 980 591 974 590 974 589 974 575 980 570 981 563 980 547 975 546 975 545 975 525 980 508 983 481 983 475 979 470 975 469 975 468 975 414 975 413 975 412 975 403 979 393 982 389 979 385 975 384 975 383 975 341 975 340 975 339 975 338 975 334 978 331 980 318 978 312 977 311 977 310 977 309 977 308 978 300 983 282 978 276 976 275 976 274 976 265 978 239 984 136 984 126 977 125 977 124 977 72 977 72 1011 72 1025"/></Shape>
	    <String CONTENT="Vt maneret Epheſi, Act.2o. de hac profectio"
                    HPOS="72.0"
                    VPOS="974.0"
                    WIDTH="760.0"
                    HEIGHT="60.0"
                    WC="0.9881643736085226"></String>
          </TextLine>
          <TextLine ID="line_20"
                    TAGREFS="LT8"
                    BASELINE="69 1059 202 1063 830 1063" 
                    HPOS="69.0"
                    VPOS="1023.0"
                    WIDTH="761.0"
                    HEIGHT="62.0">
            <Shape><Polygon POINTS="69 1059 69 1073 123 1073 194 1084 195 1084 196 1084 212 1079 320 1084 321 1084 322 1084 334 1078 345 1084 346 1084 347 1085 395 1085 395 1084 396 1084 409 1078 416 1084 417 1084 418 1084 419 1084 420 1084 421 1084 431 1075 474 1073 495 1082 496 1082 496 1082 497 1082 529 1073 553 1084 554 1084 555 1085 595 1085 595 1084 596 1084 597 1084 607 1076 619 1080 620 1080 621 1080 622 1080 647 1073 670 1084 671 1084 672 1084 673 1084 703 1073 739 1080 740 1080 829 1072 830 1063 829 1024 799 1023 798 1023 797 1023 796 1023 787 1029 779 1023 779 1023 778 1023 745 1023 744 1023 744 1023 743 1023 726 1031 699 1023 697 1023 696 1023 676 1023 675 1023 674 1023 673 1023 663 1032 544 1032 506 1023 503 1023 449 1023 448 1023 447 1023 431 1031 416 1023 415 1023 414 1023 413 1023 401 1028 381 1023 379 1023 378 1023 376 1023 341 1031 333 1025 332 1025 331 1025 330 1025 278 1031 255 1025 254 1025 253 1025 191 1031 184 1026 183 1026 182 1026 181 1026 163 1030 154 1023 153 1023 152 1023 69 1023 69 1059"/></Shape>
	    <String CONTENT="ne videtur loqui. Alii ad illam quæ eſt 16. vel"
                    HPOS="69.0"
                    VPOS="1023.0"
                    WIDTH="761.0"
                    HEIGHT="62.0"
                    WC="0.9825647016789051"></String>
          </TextLine>
          <TextLine ID="line_21"
                    TAGREFS="LT8"
                    BASELINE="70 1105 257 1114 825 1111" 
                    HPOS="70.0"
                    VPOS="1073.0"
                    WIDTH="755.0"
                    HEIGHT="57.0">
            <Shape><Polygon POINTS="70 1120 155 1121 168 1128 169 1128 170 1128 202 1122 214 1129 215 1129 216 1129 274 1122 295 1129 296 1129 297 1129 298 1129 309 1123 317 1129 318 1129 318 1129 319 1130 380 1130 380 1129 381 1129 382 1129 394 1121 396 1120 400 1121 420 1127 421 1127 422 1127 469 1121 472 1121 473 1121 489 1129 490 1129 491 1130 566 1130 566 1129 566 1129 596 1121 601 1120 603 1121 616 1127 617 1127 618 1127 643 1121 646 1121 649 1121 685 1129 686 1129 722 1121 730 1120 739 1121 758 1125 759 1125 824 1121 825 1111 822 1078 753 1082 746 1077 742 1073 741 1073 740 1073 699 1073 698 1073 697 1073 687 1077 672 1082 652 1076 640 1073 639 1073 601 1073 600 1073 599 1073 598 1073 594 1076 585 1083 563 1083 551 1076 545 1073 544 1073 543 1073 542 1073 536 1076 525 1081 452 1075 424 1073 423 1073 422 1073 421 1073 419 1075 409 1083 238 1083 225 1074 225 1073 224 1073 223 1073 222 1073 221 1073 219 1073 204 1078 189 1073 187 1073 186 1073 185 1073 184 1073 183 1073 156 1082 136 1075 135 1075 134 1075 109 1080 99 1073 98 1073 97 1073 70 1073 70 1105 70 1120"/></Shape>
	    <String CONTENT="etiam ad hanc quæ eſt cap.19. Act. referunt."
                    HPOS="70.0"
                    VPOS="1073.0"
                    WIDTH="755.0"
                    HEIGHT="57.0"
                    WC="0.97354617850347"></String>
          </TextLine>
          <TextLine ID="line_22"
                    TAGREFS="LT8"
                    BASELINE="69 1156 229 1162 826 1160" 
                    HPOS="69.0"
                    VPOS="1120.0"
                    WIDTH="757.0"
                    HEIGHT="62.0">
            <Shape><Polygon POINTS="69 1172 164 1178 165 1178 166 1178 176 1173 177 1172 177 1173 190 1181 191 1181 192 1181 193 1182 259 1182 259 1181 260 1181 286 1174 370 1181 371 1181 372 1181 397 1173 402 1172 405 1173 421 1181 422 1181 423 1181 461 1174 471 1172 484 1172 487 1174 496 1181 496 1181 497 1181 498 1181 499 1181 522 1174 551 1181 552 1181 553 1181 554 1181 562 1174 563 1173 564 1174 575 1180 576 1180 577 1180 578 1180 594 1175 609 1181 610 1181 611 1181 651 1175 659 1181 660 1181 661 1181 662 1182 730 1182 730 1181 731 1181 732 1181 742 1174 745 1172 824 1174 826 1160 824 1132 773 1131 750 1120 749 1120 708 1120 707 1120 706 1120 688 1129 685 1131 639 1131 632 1128 598 1120 578 1120 577 1120 576 1120 562 1127 554 1132 505 1132 496 1126 494 1124 493 1124 492 1124 491 1124 478 1126 456 1130 440 1125 429 1122 428 1122 427 1122 426 1122 419 1125 410 1128 401 1125 389 1120 388 1120 387 1120 386 1120 372 1124 352 1132 295 1132 283 1123 279 1120 278 1120 277 1120 260 1120 259 1120 258 1120 257 1120 254 1122 245 1131 206 1122 201 1121 200 1121 199 1121 198 1121 198 1122 180 1132 158 1132 141 1121 141 1120 140 1120 139 1120 69 1120 69 1156 69 1172"/></Shape>
	    <String CONTENT="Lector diiudicet ad quam poſsit aptiſsimè"
                    HPOS="69.0"
                    VPOS="1120.0"
                    WIDTH="757.0"
                    HEIGHT="62.0"></String>
          </TextLine>
          <TextLine ID="line_23"
                    TAGREFS="LT8"
                    BASELINE="68 1205 281 1212 822 1208" 
                    HPOS="67.0"
                    VPOS="1171.0"
                    WIDTH="755.0"
                    HEIGHT="58.0">
            <Shape><Polygon POINTS="68 1205 68 1220 126 1220 127 1220 138 1225 139 1225 140 1225 141 1225 161 1220 163 1220 165 1220 193 1229 194 1229 195 1229 196 1229 215 1224 267 1229 268 1229 269 1229 288 1221 326 1228 327 1228 328 1228 355 1221 399 1228 400 1228 401 1228 418 1225 468 1229 469 1229 470 1229 501 1221 517 1227 518 1227 519 1227 520 1227 537 1223 567 1229 568 1229 627 1222 677 1228 678 1228 679 1228 701 1222 728 1228 729 1228 730 1228 731 1228 754 1219 794 1225 795 1225 796 1225 822 1218 822 1208 820 1181 794 1181 794 1180 782 1171 781 1171 780 1171 779 1171 779 1171 747 1180 746 1181 596 1181 593 1179 574 1173 573 1173 572 1173 571 1173 549 1179 541 1181 539 1179 531 1172 530 1172 529 1172 488 1172 487 1172 486 1172 470 1179 463 1182 433 1182 429 1178 422 1172 421 1172 420 1172 402 1172 401 1172 400 1172 399 1172 391 1178 389 1180 387 1178 381 1174 380 1174 379 1174 378 1174 332 1178 317 1179 309 1178 283 1172 282 1172 231 1173 230 1173 221 1177 214 1182 173 1182 167 1177 161 1172 160 1172 159 1172 158 1172 67 1176 68 1205"/></Shape>
	    <String CONTENT="accommodari. Porrò quòd rogauit, mode¬"
                    HPOS="67.0"
                    VPOS="1171.0"
                    WIDTH="755.0"
                    HEIGHT="58.0"
                    WC="0.9868626490235328"></String>
          </TextLine>
          <TextLine ID="line_24"
                    TAGREFS="LT8"
                    BASELINE="61 1254 255 1261 827 1259" 
                    HPOS="61.0"
                    VPOS="1219.0"
                    WIDTH="766.0"
                    HEIGHT="60.0">
            <Shape><Polygon POINTS="61 1269 145 1269 147 1270 157 1278 158 1278 159 1278 160 1278 215 1273 262 1278 263 1278 264 1278 265 1278 274 1271 282 1278 283 1278 283 1278 284 1279 304 1279 304 1278 305 1278 324 1270 328 1269 333 1270 363 1278 364 1278 365 1278 441 1277 442 1277 443 1277 450 1272 465 1278 466 1278 467 1278 468 1278 493 1271 496 1270 500 1271 535 1278 536 1278 566 1271 575 1269 588 1271 633 1278 634 1278 635 1278 648 1272 660 1278 661 1278 662 1279 698 1279 698 1278 699 1278 700 1278 708 1271 716 1276 717 1276 718 1276 719 1276 731 1271 737 1269 743 1271 753 1275 754 1275 755 1275 756 1275 757 1275 762 1271 766 1269 825 1271 827 1259 825 1219 754 1219 753 1219 752 1219 729 1230 673 1230 658 1219 657 1219 656 1219 655 1219 654 1219 640 1225 607 1219 606 1219 605 1219 584 1230 544 1230 537 1225 536 1225 535 1225 534 1225 510 1229 487 1220 486 1220 485 1220 484 1220 454 1229 423 1219 422 1219 421 1219 420 1219 395 1230 281 1230 257 1219 256 1219 255 1219 254 1219 240 1225 209 1219 208 1219 207 1219 186 1230 172 1230 151 1220 150 1220 149 1220 148 1220 131 1225 107 1219 106 1219 61 1219 61 1254 61 1269"/></Shape>
	    <String CONTENT="ſtiæ Apoſtolicæ argumentum eſt:rogat diſci"
                    HPOS="61.0"
                    VPOS="1219.0"
                    WIDTH="766.0"
                    HEIGHT="60.0"
                    WC="0.992732496488662"></String>
          </TextLine>
          <TextLine ID="line_25"
                    TAGREFS="LT8"
                    BASELINE="59 1305 824 1310" 
                    HPOS="59.0"
                    VPOS="1269.0"
                    WIDTH="765.0"
                    HEIGHT="61.0">
            <Shape><Polygon POINTS="59 1305 59 1325 148 1319 157 1325 158 1326 159 1326 160 1326 161 1326 177 1325 227 1321 273 1325 305 1327 306 1327 307 1327 313 1324 320 1321 341 1324 352 1326 353 1326 354 1326 357 1324 365 1320 378 1324 389 1328 390 1328 391 1328 449 1324 492 1321 496 1324 502 1328 503 1328 504 1328 585 1329 586 1329 587 1329 607 1323 614 1322 665 1322 676 1323 733 1330 734 1330 735 1330 748 1323 749 1323 823 1323 824 1310 822 1274 808 1282 734 1274 722 1273 721 1273 715 1274 680 1282 668 1274 666 1272 665 1272 664 1272 663 1272 662 1272 656 1274 635 1281 613 1274 608 1272 607 1272 547 1272 546 1272 545 1272 544 1272 542 1273 532 1281 493 1275 492 1275 491 1275 476 1279 470 1274 469 1274 468 1274 467 1274 466 1274 451 1280 436 1274 435 1274 434 1274 433 1274 413 1280 360 1280 345 1273 337 1270 336 1270 305 1270 304 1270 303 1270 296 1273 283 1280 231 1280 222 1273 220 1271 219 1271 218 1271 217 1271 216 1271 210 1273 192 1278 163 1273 141 1269 107 1269 106 1269 106 1269 105 1269 101 1273 93 1278 59 1273 59 1305"/></Shape>
	    <String CONTENT="pulum cui mandare poterat, ſed voluit prom"
                    HPOS="59.0"
                    VPOS="1269.0"
                    WIDTH="765.0"
                    HEIGHT="61.0"
                    WC="0.9983147198245639"></String>
          </TextLine>
          <TextLine ID="line_26"
                    TAGREFS="LT8"
                    BASELINE="53 1358 818 1358" 
                    HPOS="53.0"
                    VPOS="1322.0"
                    WIDTH="765.0"
                    HEIGHT="55.0">
            <Shape><Polygon POINTS="53 1358 53 1369 205 1369 206 1369 215 1376 216 1376 217 1376 218 1376 306 1370 328 1376 329 1376 330 1376 365 1371 451 1376 452 1376 482 1370 512 1376 513 1377 604 1377 604 1376 605 1376 630 1369 631 1369 633 1369 650 1376 651 1376 652 1376 653 1376 672 1369 673 1369 683 1369 783 1376 784 1376 818 1369 818 1358 818 1330 733 1325 732 1325 712 1329 702 1324 701 1324 700 1324 662 1330 648 1323 647 1323 594 1322 593 1322 592 1322 581 1327 575 1322 574 1322 573 1322 572 1322 571 1322 546 1330 523 1324 522 1324 521 1324 486 1330 468 1322 467 1322 466 1322 439 1327 426 1322 425 1322 425 1322 424 1322 409 1330 375 1323 374 1323 343 1330 297 1323 296 1323 259 1330 211 1322 210 1322 209 1322 193 1330 183 1322 182 1322 181 1322 180 1322 179 1322 161 1329 141 1322 141 1322 80 1322 79 1322 78 1322 53 1330 53 1358"/></Shape>
	    <String CONTENT="ptum &amp; ſpontaneum illis præficere mini¬"
                    HPOS="53.0"
                    VPOS="1322.0"
                    WIDTH="765.0"
                    HEIGHT="55.0"
                    WC="0.9994254051110684"></String>
          </TextLine>
          <TextLine ID="line_27"
                    TAGREFS="LT8"
                    BASELINE="43 1407 818 1404" 
                    HPOS="42.0"
                    VPOS="1365.0"
                    WIDTH="776.0"
                    HEIGHT="61.0">
            <Shape><Polygon POINTS="43 1407 43 1419 106 1419 120 1426 121 1426 122 1426 150 1421 198 1425 199 1425 200 1425 217 1419 320 1425 321 1425 322 1425 344 1420 377 1425 378 1425 428 1419 435 1424 436 1424 437 1424 438 1424 466 1419 550 1425 551 1425 552 1425 553 1425 563 1418 565 1417 580 1418 621 1423 622 1423 672 1418 679 1418 681 1418 688 1424 689 1424 690 1424 691 1424 818 1418 818 1404 817 1375 793 1367 792 1367 791 1367 790 1367 777 1374 775 1375 662 1374 661 1373 646 1365 645 1365 621 1365 620 1365 619 1365 603 1373 601 1374 599 1373 582 1365 581 1365 580 1365 579 1365 563 1373 555 1376 536 1372 503 1366 502 1366 446 1372 403 1376 391 1371 379 1366 378 1366 353 1366 352 1366 351 1366 350 1366 343 1371 333 1377 297 1377 283 1371 283 1371 282 1371 281 1371 267 1376 245 1371 244 1371 212 1377 203 1370 200 1367 199 1367 198 1367 172 1367 171 1367 170 1367 169 1367 166 1369 158 1376 134 1369 132 1369 131 1369 42 1369 43 1407"/></Shape>
	    <String CONTENT="ſtrum, ideo vſus eſt potius ſuaſoriis argumẽ¬"
                    HPOS="42.0"
                    VPOS="1365.0"
                    WIDTH="776.0"
                    HEIGHT="61.0"
                    WC="0.999301306579424"></String>
          </TextLine>
          <TextLine ID="line_28"
                    TAGREFS="LT8"
                    BASELINE="47 1459 821 1454" 
                    HPOS="46.0"
                    VPOS="1415.0"
                    WIDTH="775.0"
                    HEIGHT="64.0">
            <Shape><Polygon POINTS="47 1459 47 1471 72 1471 74 1471 97 1479 98 1479 99 1479 141 1472 187 1479 188 1479 216 1474 265 1478 266 1478 267 1478 287 1470 289 1470 290 1470 304 1478 305 1478 306 1478 307 1478 308 1478 329 1470 331 1469 416 1469 418 1470 427 1477 428 1477 429 1477 430 1477 460 1471 510 1477 511 1477 573 1468 578 1468 582 1468 622 1476 623 1476 624 1476 646 1468 647 1468 667 1475 668 1475 669 1476 741 1476 741 1475 742 1475 768 1467 769 1467 820 1467 821 1454 818 1424 807 1425 804 1424 793 1415 792 1415 791 1415 790 1415 766 1420 733 1415 732 1415 731 1415 730 1415 718 1423 713 1427 665 1427 638 1423 630 1422 629 1422 628 1422 627 1422 626 1423 619 1427 574 1423 570 1423 569 1423 565 1423 487 1428 477 1423 477 1422 476 1422 475 1422 474 1422 473 1422 472 1422 472 1423 464 1429 389 1429 374 1422 362 1418 361 1418 270 1418 269 1418 268 1418 267 1418 261 1422 256 1425 227 1422 223 1422 222 1422 220 1422 174 1430 155 1422 148 1419 147 1419 146 1419 46 1421 47 1459"/></Shape>
	    <String CONTENT="tis, quàm Apoſtolica autoritate præcipiẽdo."
                    HPOS="46.0"
                    VPOS="1415.0"
                    WIDTH="775.0"
                    HEIGHT="64.0"
                    WC="0.9889965997801886"></String>
          </TextLine>
          <TextLine ID="line_29"
                    TAGREFS="LT8"
                    BASELINE="106 1509 818 1503" 
                    HPOS="106.0"
                    VPOS="1467.0"
                    WIDTH="712.0"
                    HEIGHT="66.0">
            <Shape><Polygon POINTS="106 1509 106 1519 134 1528 135 1528 136 1528 137 1528 149 1522 169 1532 170 1532 171 1533 203 1533 203 1532 229 1531 230 1531 251 1519 254 1519 307 1525 308 1525 334 1519 338 1518 339 1519 350 1527 351 1527 352 1527 353 1527 400 1519 405 1518 407 1519 430 1529 431 1529 432 1530 478 1530 478 1529 521 1520 539 1526 540 1526 541 1526 575 1521 588 1528 589 1528 590 1528 591 1528 609 1518 616 1515 649 1515 653 1518 664 1527 665 1527 666 1527 667 1528 709 1528 709 1527 710 1527 730 1518 739 1514 816 1517 818 1503 816 1476 756 1467 755 1467 714 1476 704 1471 703 1471 702 1471 670 1476 642 1471 641 1471 522 1477 520 1477 505 1471 504 1471 503 1471 502 1471 491 1478 489 1479 453 1479 450 1478 411 1470 410 1470 342 1470 341 1470 340 1470 329 1479 328 1479 326 1479 299 1471 298 1471 297 1471 296 1471 295 1471 288 1477 249 1475 248 1475 248 1475 239 1479 237 1480 225 1479 180 1475 179 1475 178 1475 177 1475 173 1479 172 1481 169 1480 151 1472 150 1472 121 1472 120 1472 119 1472 106 1478 106 1509"/></Shape>
	    <String CONTENT="Altera ratio eſt à genere corruptæ do¬"
                    HPOS="106.0"
                    VPOS="1467.0"
                    WIDTH="712.0"
                    HEIGHT="66.0"
                    WC="0.9941967649337573"></String>
          </TextLine>
        </TextBlock>
        <TextBlock HPOS="627"
                   VPOS="1522"
                   WIDTH="43"
                   HEIGHT="42"
                   ID="block_1"
                   TAGREFS="BT17">
          <Shape><Polygon POINTS="670 1522 670 1564 627 1564 627 1522"/></Shape>
          <TextLine ID="line_30"
                    TAGREFS="LT8"
                    BASELINE="638 1555 660 1557" 
                    HPOS="636.0"
                    VPOS="1508.0"
                    WIDTH="26.0"
                    HEIGHT="80.0">
            <Shape><Polygon POINTS="638 1555 636 1576 654 1588 660 1557 662 1513 641 1508 638 1555"/></Shape>
	    <String CONTENT="B"
                    HPOS="636.0"
                    VPOS="1508.0"
                    WIDTH="26.0"
                    HEIGHT="80.0"
                    WC="0.9999978542327881"></String>
          </TextLine>
        </TextBlock>
      </PrintSpace>
    </Page>
  </Layout>
</alto>
