<?xml version="1.0" encoding="UTF-8"?>
<alto xmlns:xsi="http://www.w3.org/2001/XMLSchema-instance"
      xmlns="http://www.loc.gov/standards/alto/ns-v4#"
      xsi:schemaLocation="http://www.loc.gov/standards/alto/ns-v4# http://www.loc.gov/standards/alto/v4/alto-4-2.xsd">
  <Description>
    <MeasurementUnit>pixel</MeasurementUnit>
    <sourceImageInformation>
      <fileName>bsb10313792_00016.jpg</fileName>
    </sourceImageInformation>
  </Description>
  <Tags>
    <OtherTag ID="BT7" LABEL="CustomZone" DESCRIPTION="block type CustomZone"/><OtherTag ID="BT8" LABEL="DamageZone" DESCRIPTION="block type DamageZone"/><OtherTag ID="BT9" LABEL="DigitizationArtefactZone" DESCRIPTION="block type DigitizationArtefactZone"/><OtherTag ID="BT10" LABEL="DropCapitalZone" DESCRIPTION="block type DropCapitalZone"/><OtherTag ID="BT11" LABEL="GraphicZone" DESCRIPTION="block type GraphicZone"/><OtherTag ID="BT12" LABEL="MainZone" DESCRIPTION="block type MainZone"/><OtherTag ID="BT13" LABEL="MarginTextZone" DESCRIPTION="block type MarginTextZone"/><OtherTag ID="BT14" LABEL="MusicZone" DESCRIPTION="block type MusicZone"/><OtherTag ID="BT15" LABEL="NumberingZone" DESCRIPTION="block type NumberingZone"/><OtherTag ID="BT17" LABEL="QuireMarksZone" DESCRIPTION="block type QuireMarksZone"/><OtherTag ID="BT18" LABEL="RunningTitleZone" DESCRIPTION="block type RunningTitleZone"/><OtherTag ID="BT19" LABEL="SealZone" DESCRIPTION="block type SealZone"/><OtherTag ID="BT20" LABEL="StampZone" DESCRIPTION="block type StampZone"/><OtherTag ID="BT21" LABEL="TableZone" DESCRIPTION="block type TableZone"/><OtherTag ID="BT22" LABEL="TitlePageZone" DESCRIPTION="block type TitlePageZone"/><OtherTag ID="BT1851" LABEL="MainZone-P" DESCRIPTION="block type MainZone-P"/><OtherTag ID="BT1852" LABEL="MainZone-Head" DESCRIPTION="block type MainZone-Head"/><OtherTag ID="BT1853" LABEL="MainZone-P-Continued" DESCRIPTION="block type MainZone-P-Continued"/><OtherTag ID="BT1854" LABEL="MarginTextZone-ManuscriptAddendum" DESCRIPTION="block type MarginTextZone-ManuscriptAddendum"/><OtherTag ID="BT1855" LABEL="text" DESCRIPTION="block type text"/><OtherTag ID="BT1856" LABEL="MainZone-Entry" DESCRIPTION="block type MainZone-Entry"/><OtherTag ID="BT1857" LABEL="MainZone-Entry-Continued" DESCRIPTION="block type MainZone-Entry-Continued"/><OtherTag ID="BT1877" LABEL="GraphicZone-Decoration" DESCRIPTION="block type GraphicZone-Decoration"/><OtherTag ID="BT1894" LABEL="MainZone-Other" DESCRIPTION="block type MainZone-Other"/>
    <OtherTag ID="LT7" LABEL="CustomLine" DESCRIPTION="line type CustomLine"/><OtherTag ID="LT8" LABEL="DefaultLine" DESCRIPTION="line type DefaultLine"/><OtherTag ID="LT9" LABEL="DropCapitalLine" DESCRIPTION="line type DropCapitalLine"/><OtherTag ID="LT10" LABEL="HeadingLine" DESCRIPTION="line type HeadingLine"/><OtherTag ID="LT11" LABEL="InterlinearLine" DESCRIPTION="line type InterlinearLine"/><OtherTag ID="LT12" LABEL="MusicLine" DESCRIPTION="line type MusicLine"/><OtherTag ID="LT636" LABEL="default" DESCRIPTION="line type default"/>
  </Tags>
  <Layout>
    <Page WIDTH="1087"
          HEIGHT="1742"
          PHYSICAL_IMG_NR="0"
          ID="eSc_dummypage_">
      <PrintSpace HPOS="0"
                  VPOS="0"
                  WIDTH="1087"
                  HEIGHT="1742">
        <TextBlock HPOS="174"
                   VPOS="58"
                   WIDTH="49"
                   HEIGHT="27"
                   ID="eSc_textblock_429ec227"
                   TAGREFS="BT15">
          <Shape><Polygon POINTS="174 58 174 85 223 85 223 58"/></Shape>
          <TextLine ID="eSc_line_9df8d1a9"
                    TAGREFS="LT8"
                    BASELINE="186 81 211 85" 
                    HPOS="181"
                    VPOS="58"
                    WIDTH="29"
                    HEIGHT="33">
            <Shape><Polygon POINTS="201 60 193 58 187 58 184 79 181 91 209 90 210 84 210 82 201 60"/></Shape>
	    <String CONTENT="8"
                    HPOS="181"
                    VPOS="58"
                    WIDTH="29"
                    HEIGHT="33"
                    WC="0.9999926090240479"></String>
          </TextLine>
        </TextBlock>
        <TextBlock HPOS="342"
                   VPOS="38"
                   WIDTH="475"
                   HEIGHT="45"
                   ID="block_0"
                   TAGREFS="BT18">
          <Shape><Polygon POINTS="817 38 817 83 342 83 342 38"/></Shape>
          <TextLine ID="line_0"
                    TAGREFS="LT10"
                    BASELINE="343 72 812 66" 
                    HPOS="342"
                    VPOS="30"
                    WIDTH="470"
                    HEIGHT="52">
            <Shape><Polygon POINTS="784 37 778 37 768 37 758 37 749 37 739 37 734 37 729 37 720 37 710 37 706 37 705 38 693 37 691 37 681 37 671 37 662 37 652 37 642 37 633 37 623 37 615 37 612 39 607 37 603 37 594 37 584 37 574 37 567 40 561 37 555 37 545 37 536 37 526 37 516 37 507 37 497 37 495 37 485 41 477 37 468 37 458 37 455 37 453 38 452 38 450 37 449 37 439 37 429 37 427 37 424 39 420 42 416 39 413 37 410 37 400 37 398 39 395 41 386 40 366 37 362 37 352 37 348 37 342 40 343 72 343 82 730 82 730 81 731 81 749 75 763 80 764 80 765 80 766 80 767 80 767 79 772 74 812 73 812 66 810 30 793 30 792 30 791 30 790 30 788 31 787 37"/></Shape>
	    <String CONTENT="COMMENTARIE"
                    HPOS="342"
                    VPOS="30"
                    WIDTH="470"
                    HEIGHT="52"
                    WC="0.9987119165333834"></String>
          </TextLine>
        </TextBlock>
        <TextBlock HPOS="180"
                   VPOS="92"
                   WIDTH="810"
                   HEIGHT="151"
                   ID="block_8"
                   TAGREFS="BT1851">
          <Shape><Polygon POINTS="990 92 990 243 180 243 180 92"/></Shape>
          <TextLine ID="line_1"
                    TAGREFS="LT8"
                    BASELINE="253 134 619 127 976 128" 
                    HPOS="252.0"
                    VPOS="88.0"
                    WIDTH="724.0"
                    HEIGHT="62.0">
            <Shape><Polygon POINTS="949 90 939 90 930 90 920 90 910 90 901 90 891 90 881 90 872 90 862 90 852 90 843 90 833 90 823 90 821 90 819 91 784 91 781 90 775 90 765 90 755 90 746 90 736 90 726 90 722 90 716 91 708 90 707 90 697 90 688 90 678 90 668 90 659 90 649 90 648 90 600 93 571 93 564 90 562 90 552 90 543 90 533 90 532 90 488 93 252 90 253 134 253 142 303 149 304 150 359 150 359 149 360 149 379 143 384 141 389 143 402 148 403 148 404 149 438 149 438 148 439 148 449 143 452 141 476 143 525 147 526 147 527 147 528 147 533 143 537 140 556 143 584 147 585 147 586 147 596 143 603 140 619 143 635 146 636 146 637 146 645 143 655 139 703 139 710 143 712 145 713 145 714 145 715 145 716 145 721 143 732 138 745 143 750 145 751 145 752 145 753 145 754 145 755 143 764 138 810 143 827 145 828 145 829 145 833 143 846 137 875 143 875 143 876 143 877 143 878 143 888 137 974 143 976 128 975 90 949 88 949 90"/></Shape>
	    <String CONTENT="Sextò, quomodo cum ſeruis agendum,"
                    HPOS="252.0"
                    VPOS="88.0"
                    WIDTH="724.0"
                    HEIGHT="62.0"
                    WC="0.993728004183088"></String>
          </TextLine>
          <TextLine ID="line_2"
                    TAGREFS="LT8"
                    BASELINE="176 184 983 176" 
                    HPOS="175.0"
                    VPOS="137.0"
                    WIDTH="808.0"
                    HEIGHT="65.0">
            <Shape><Polygon POINTS="176 184 176 194 198 201 199 201 200 201 201 201 225 195 243 202 244 202 245 202 246 202 264 197 283 202 284 202 285 202 286 202 307 194 312 193 322 194 367 201 368 202 437 202 437 201 438 201 454 195 482 199 483 199 483 199 484 199 492 194 497 191 517 194 551 199 552 199 553 199 563 194 570 190 589 194 610 198 611 198 612 198 620 194 626 190 669 189 682 194 683 194 684 194 685 194 688 194 715 188 744 194 753 195 754 195 763 194 803 187 839 194 853 196 854 196 935 195 936 195 939 193 954 188 982 193 983 176 981 148 897 143 896 143 895 143 894 143 889 148 888 149 837 149 837 148 791 137 790 137 756 142 713 137 712 137 694 138 693 138 692 138 677 149 675 150 668 149 637 146 636 146 567 150 531 151 527 150 513 144 513 144 512 144 460 146 445 140 444 140 443 140 442 140 417 147 403 141 402 141 401 141 291 142 290 142 270 151 263 154 242 154 238 151 222 144 221 144 220 144 175 151 176 184"/></Shape>
	    <String CONTENT="contra ſchiſmaticos, cum diuitibus, capite"
                    HPOS="175.0"
                    VPOS="137.0"
                    WIDTH="808.0"
                    HEIGHT="65.0"
                    WC="0.9980542063713074"></String>
          </TextLine>
          <TextLine ID="line_3"
                    TAGREFS="LT8"
                    BASELINE="175 235 377 231" 
                    HPOS="175.0"
                    VPOS="192.0"
                    WIDTH="202.0"
                    HEIGHT="59.0">
            <Shape><Polygon POINTS="222 233 212 233 203 233 193 233 183 233 180 233 175 235 175 249 274 251 275 251 377 241 377 231 375 199 326 192 325 192 324 192 281 207 256 200 255 200 254 200 253 200 225 215 222 233"/></Shape>
	    <String CONTENT="ſexto, &amp;c."
                    HPOS="175.0"
                    VPOS="192.0"
                    WIDTH="202.0"
                    HEIGHT="59.0"></String>
          </TextLine>
        </TextBlock>
        <TextBlock HPOS="178"
                   VPOS="242"
                   WIDTH="823"
                   HEIGHT="250"
                   ID="eSc_textblock_e09647c2"
                   TAGREFS="BT1851">
          <Shape><Polygon POINTS="178 249 178 492 999 492 1001 242"/></Shape>
          <TextLine ID="line_4"
                    TAGREFS="LT8"
                    BASELINE="308 282 671 275 979 278" 
                    HPOS="307"
                    VPOS="231"
                    WIDTH="672"
                    HEIGHT="68">
            <Shape><Polygon POINTS="308 282 309 298 320 294 339 298 345 299 346 299 347 299 351 298 377 289 394 298 395 298 396 298 397 298 398 298 399 298 413 292 462 298 470 298 471 298 472 298 474 298 502 288 537 288 555 297 557 298 558 298 559 299 579 299 579 298 580 298 583 297 611 287 633 297 634 297 634 297 635 298 658 298 658 297 659 297 660 297 660 296 670 286 728 286 788 296 789 296 790 297 812 297 812 296 813 296 814 296 830 286 845 293 846 293 847 293 848 293 860 288 870 295 871 295 872 295 873 295 935 288 977 295 979 278 978 241 910 240 892 231 891 231 890 231 847 236 827 231 826 231 825 231 824 231 807 240 803 242 786 242 784 240 774 231 773 231 772 231 771 231 712 232 711 232 697 239 693 240 689 239 674 232 673 232 672 232 621 238 602 232 601 232 600 232 551 237 541 233 540 233 539 233 538 233 529 238 518 243 511 238 510 238 509 238 508 238 507 238 494 244 445 245 422 245 411 236 408 234 407 234 406 234 405 234 385 236 340 241 307 236 308 282"/></Shape>
	    <String CONTENT="Tertia pars Epilogi eſt capite ſexto,"
                    HPOS="307"
                    VPOS="231"
                    WIDTH="672"
                    HEIGHT="68"
                    WC="0.999623590224498"></String>
          </TextLine>
          <TextLine ID="line_5"
                    TAGREFS="LT8"
                    BASELINE="181 332 979 323" 
                    HPOS="180"
                    VPOS="283"
                    WIDTH="799"
                    HEIGHT="65">
            <Shape><Polygon POINTS="181 332 181 341 195 348 196 348 197 348 222 343 248 348 249 348 282 340 283 340 284 340 301 347 301 347 302 347 347 341 417 346 418 346 459 338 462 338 470 338 569 344 570 344 571 344 592 337 595 336 624 336 800 341 801 341 802 341 818 334 819 334 834 340 835 340 836 341 899 341 899 340 979 332 979 323 976 294 878 295 874 294 840 286 839 286 838 286 812 295 808 296 803 295 777 285 776 285 738 283 737 283 736 283 715 295 712 297 707 295 674 284 673 284 672 284 671 284 640 296 639 297 576 300 542 300 534 297 513 289 512 289 511 289 510 289 490 297 484 300 444 300 436 297 423 292 422 292 422 292 421 292 420 292 412 297 408 300 401 298 374 288 373 288 372 288 316 296 301 289 300 289 299 289 209 294 194 290 193 290 192 290 191 290 190 290 180 296 181 332"/></Shape>
	    <String CONTENT="verſu viceſimo, repetit autem ſæpe iam ite¬"
                    HPOS="180"
                    VPOS="283"
                    WIDTH="799"
                    HEIGHT="65"></String>
          </TextLine>
          <TextLine ID="line_6"
                    TAGREFS="LT8"
                    BASELINE="177 382 605 374 978 374" 
                    HPOS="176"
                    VPOS="331"
                    WIDTH="802"
                    HEIGHT="64">
            <Shape><Polygon POINTS="177 382 177 393 362 395 363 395 364 395 365 395 365 394 370 390 373 388 403 388 418 390 440 394 441 394 474 390 492 386 624 386 628 387 639 390 640 390 641 390 642 390 643 390 647 387 650 384 742 384 749 385 770 390 771 390 829 385 922 390 923 390 977 381 978 374 976 338 887 339 883 339 846 331 845 331 845 331 815 339 811 341 770 341 768 340 739 332 738 332 737 332 663 338 646 334 645 334 644 334 643 334 622 342 619 342 613 342 552 334 551 334 550 334 534 343 532 344 488 344 486 343 456 335 455 335 454 335 416 342 399 336 398 336 397 336 396 336 378 344 346 337 287 337 286 337 285 337 259 346 256 346 251 346 210 340 209 340 176 346 177 382"/></Shape>
	    <String CONTENT="ratam exhortationem vt ſeductores diligen¬"
                    HPOS="176"
                    VPOS="331"
                    WIDTH="802"
                    HEIGHT="64"
                    WC="0.9928257110572997"></String>
          </TextLine>
          <TextLine ID="line_7"
                    TAGREFS="LT8"
                    BASELINE="180 431 606 423 976 423" 
                    HPOS="179"
                    VPOS="382"
                    WIDTH="797"
                    HEIGHT="65">
            <Shape><Polygon POINTS="180 431 180 440 199 447 200 447 201 447 246 441 261 447 262 447 263 447 264 447 281 442 331 446 332 446 332 446 350 440 363 446 364 446 365 446 562 437 563 437 693 442 694 442 738 435 739 435 740 435 773 441 774 441 838 435 850 440 851 440 852 441 926 441 926 440 976 432 976 423 972 385 962 391 879 392 870 387 862 382 861 382 860 382 859 382 858 382 848 387 777 382 776 382 775 382 759 389 754 391 749 390 734 383 733 383 732 383 705 389 689 383 688 383 687 383 614 388 591 384 590 384 589 384 588 384 574 392 570 396 514 396 503 394 459 385 458 385 408 387 407 387 406 387 392 396 390 398 364 398 357 397 308 388 307 388 306 388 294 393 273 389 272 389 271 389 271 389 270 389 253 399 252 400 179 400 180 431"/></Shape>
	    <String CONTENT="ter caueat, &amp; ſanam doctrinam conſtanter"
                    HPOS="179"
                    VPOS="382"
                    WIDTH="797"
                    HEIGHT="65"
                    WC="0.9948867827653884"></String>
          </TextLine>
          <TextLine ID="line_8"
                    TAGREFS="LT8"
                    BASELINE="181 481 335 479" 
                    HPOS="180"
                    VPOS="448"
                    WIDTH="155"
                    HEIGHT="49">
            <Shape><Polygon POINTS="181 481 181 493 278 497 279 497 335 488 335 479 333 454 286 448 285 448 254 453 244 454 232 452 205 449 204 449 180 451 181 481"/></Shape>
	    <String CONTENT="tueatur."
                    HPOS="180"
                    VPOS="448"
                    WIDTH="155"
                    HEIGHT="49"
                    WC="0.9979253932833672"></String>
          </TextLine>
        </TextBlock>
        <TextBlock HPOS="438"
                   VPOS="694"
                   WIDTH="270"
                   HEIGHT="52"
                   ID="block_2"
                   TAGREFS="BT1852">
          <Shape><Polygon POINTS="708 694 708 746 438 746 438 694"/></Shape>
          <TextLine ID="line_9"
                    TAGREFS="LT10"
                    BASELINE="455 730 700 729" 
                    HPOS="454"
                    VPOS="690"
                    WIDTH="246"
                    HEIGHT="62">
            <Shape><Polygon POINTS="455 752 482 751 483 751 483 750 492 742 521 738 607 749 608 749 609 749 636 736 662 736 697 750 700 729 699 709 679 698 678 698 677 698 676 698 675 698 664 706 660 710 622 710 604 701 600 699 599 699 598 699 597 699 596 699 595 700 584 707 570 698 560 693 559 693 558 693 557 693 549 696 543 699 538 696 536 694 535 694 534 694 533 694 532 694 531 694 530 695 519 703 506 693 501 690 500 690 499 690 454 690 455 730"/></Shape>
	    <String CONTENT="CAPVT I."
                    HPOS="454"
                    VPOS="690"
                    WIDTH="246"
                    HEIGHT="62"
                    WC="0.9857138022780418"></String>
          </TextLine>
        </TextBlock>
        <TextBlock HPOS="182"
                   VPOS="782"
                   WIDTH="811"
                   HEIGHT="256"
                   ID="block_7"
                   TAGREFS="BT1851">
          <Shape><Polygon POINTS="993 782 993 1038 182 1038 182 782"/></Shape>
          <TextLine ID="eSc_line_d90e5379"
                    TAGREFS="LT9"
                    BASELINE="201 971 366 975" 
                    HPOS="199"
                    VPOS="929"
                    WIDTH="165"
                    HEIGHT="72">
            <Shape><Polygon POINTS="200 969 199 991 241 998 242 998 283 991 292 990 296 991 322 1001 324 1001 325 1001 326 1001 363 990 364 974 361 931 331 943 316 934 315 933 313 933 312 933 310 933 309 933 308 933 305 936 287 950 261 950 251 940 238 930 238 929 236 929 235 929 233 929 232 929 231 929 213 943 210 946 200 945 200 969"/></Shape>
	    <String CONTENT="C"
                    HPOS="199"
                    VPOS="929"
                    WIDTH="165"
                    HEIGHT="72"></String>
          </TextLine>
          <TextLine ID="line_11"
                    TAGREFS="LT8"
                    BASELINE="408 821 984 813" 
                    HPOS="407"
                    VPOS="769"
                    WIDTH="577"
                    HEIGHT="69">
            <Shape><Polygon POINTS="408 838 456 838 456 837 457 837 458 837 458 836 464 831 489 835 490 835 491 835 504 829 533 836 536 836 537 836 538 836 539 836 552 828 596 835 600 835 601 835 635 834 636 834 637 834 645 827 667 833 668 833 669 833 670 833 698 826 983 829 984 813 982 780 961 779 949 769 948 769 947 769 946 769 945 769 912 779 908 780 859 780 857 779 851 774 851 773 850 773 849 773 848 773 847 773 835 779 833 780 831 779 818 770 817 770 816 770 815 770 783 778 768 782 735 782 731 778 725 773 725 772 724 772 723 772 722 772 710 777 701 771 700 771 699 771 698 771 656 778 616 783 573 777 548 774 489 774 488 774 487 774 486 774 483 777 477 780 407 777 408 821"/></Shape>
	    <String CONTENT="OMPLECTITVR ſalutatio¬"
                    HPOS="407"
                    VPOS="769"
                    WIDTH="577"
                    HEIGHT="69"
                    WC="0.9997457997365431"></String>
          </TextLine>
          <TextLine ID="line_12"
                    TAGREFS="LT8"
                    BASELINE="395 871 982 862" 
                    HPOS="394.0"
                    VPOS="824.0"
                    WIDTH="588.0"
                    HEIGHT="62.0">
            <Shape><Polygon POINTS="395 871 395 881 489 886 490 886 491 886 492 886 492 885 497 881 543 885 544 885 545 885 555 880 569 885 570 885 571 885 609 879 666 883 667 883 668 883 689 877 724 882 725 882 753 876 783 881 784 881 896 874 915 879 916 879 917 879 982 871 982 862 980 834 957 829 956 829 879 834 851 824 850 824 849 824 848 824 847 824 832 835 824 829 823 829 822 829 821 829 820 829 806 835 804 836 802 835 791 828 790 828 789 828 788 828 787 828 786 828 775 835 774 836 772 835 753 829 752 829 751 829 750 829 749 829 749 830 743 835 733 826 732 826 731 826 704 826 703 826 660 832 614 828 613 828 612 828 596 837 591 840 557 840 554 837 538 829 537 829 536 829 473 830 472 830 471 830 459 838 409 831 408 831 407 831 394 837 395 871"/></Shape>
	    <String CONTENT="nem, &amp; primum locum inſtitutio¬"
                    HPOS="394.0"
                    VPOS="824.0"
                    WIDTH="588.0"
                    HEIGHT="62.0"
                    WC="0.9980133983396715"></String>
          </TextLine>
          <TextLine ID="line_13"
                    TAGREFS="LT8"
                    BASELINE="396 920 979 912" 
                    HPOS="396.0"
                    VPOS="874.0"
                    WIDTH="583.0"
                    HEIGHT="61.0">
            <Shape><Polygon POINTS="396 931 457 935 458 935 488 931 495 930 503 931 534 934 535 934 536 934 554 930 561 929 574 930 609 933 610 933 657 930 687 927 697 929 708 931 709 931 710 931 771 931 772 931 773 931 775 929 778 926 784 929 788 931 789 931 790 931 791 931 798 929 807 926 815 929 823 931 824 931 825 931 826 931 827 931 830 928 835 925 849 928 858 930 859 930 879 928 919 924 923 928 924 928 924 929 925 929 926 929 927 929 928 929 931 928 939 924 977 927 979 912 978 887 941 876 940 876 939 876 938 876 919 885 905 876 905 876 904 876 903 876 888 879 877 874 876 874 875 874 875 874 842 886 837 888 758 890 740 890 730 885 715 876 714 876 713 876 637 877 636 877 625 884 612 891 577 883 552 878 551 878 550 878 542 883 526 892 503 883 493 879 492 879 491 879 490 879 489 879 484 883 466 894 423 894 396 882 396 920 396 931"/></Shape>
	    <String CONTENT="nis de ſana doctrina conſtanter"
                    HPOS="396.0"
                    VPOS="874.0"
                    WIDTH="583.0"
                    HEIGHT="61.0"
                    WC="0.9992046048564296"></String>
          </TextLine>
          <TextLine ID="line_14"
                    TAGREFS="LT8"
                    BASELINE="392 972 601 966 977 964" 
                    HPOS="391.0"
                    VPOS="926.0"
                    WIDTH="586.0"
                    HEIGHT="63.0">
            <Shape><Polygon POINTS="392 972 392 987 448 980 463 987 469 989 470 989 471 989 472 989 473 989 477 987 487 980 518 984 519 984 520 984 535 979 553 986 559 988 560 988 561 988 562 988 563 988 566 986 577 978 626 978 632 983 632 984 633 984 634 984 634 984 635 984 646 978 657 985 659 986 660 986 661 986 662 986 663 986 664 986 665 985 678 977 725 983 726 983 727 983 728 983 735 977 744 984 746 986 747 986 748 986 749 986 818 985 819 985 824 983 833 979 859 983 871 984 872 984 873 984 876 983 894 975 905 982 906 984 907 984 908 984 909 984 923 982 945 978 950 982 951 983 952 983 953 983 954 983 977 981 977 964 975 933 910 929 909 929 889 933 887 933 886 933 869 926 868 926 867 926 866 926 851 933 849 934 845 933 816 927 759 927 758 927 757 927 756 927 756 928 750 933 748 935 737 933 709 930 708 930 687 933 680 935 678 934 673 930 673 929 672 929 671 929 670 929 669 929 668 929 662 934 658 937 641 937 638 934 635 931 635 931 634 931 634 931 633 931 632 931 631 931 625 934 624 935 622 934 615 929 614 929 613 929 612 929 575 934 554 938 526 938 522 934 517 931 517 930 516 930 515 930 514 930 391 934 392 972"/></Shape>
	    <String CONTENT="tuenda contra corruptelas Legis,"
                    HPOS="391.0"
                    VPOS="926.0"
                    WIDTH="586.0"
                    HEIGHT="63.0"
                    WC="0.9996936228126287"></String>
          </TextLine>
          <TextLine ID="line_15"
                    TAGREFS="LT8"
                    BASELINE="183 1021 685 1016" 
                    HPOS="183.0"
                    VPOS="978.0"
                    WIDTH="502.0"
                    HEIGHT="63.0">
            <Shape><Polygon POINTS="682 988 641 988 638 987 621 981 620 981 619 981 618 981 597 987 592 989 590 987 581 979 581 978 580 978 579 978 578 978 554 983 513 978 512 978 511 978 493 987 487 990 482 987 469 982 468 982 467 982 466 982 465 982 457 987 452 990 433 987 393 981 392 981 392 981 381 987 375 981 375 980 374 980 373 980 358 980 357 980 356 980 343 987 334 991 311 987 292 983 291 983 251 985 250 985 249 985 247 987 239 993 190 993 183 987 183 1021 185 1040 199 1032 217 1032 225 1039 226 1040 226 1041 227 1041 228 1041 229 1041 230 1041 231 1041 233 1039 244 1031 268 1031 279 1038 282 1041 283 1041 284 1041 285 1041 348 1040 349 1040 355 1037 369 1030 414 1030 421 1036 422 1036 422 1037 422 1037 423 1037 424 1037 431 1036 458 1029 516 1029 533 1034 545 1038 546 1038 547 1038 640 1037 641 1037 654 1032 664 1028 683 1031 685 1016 682 988"/></Shape>
	    <String CONTENT="itémque de vero vſu Legis."
                    HPOS="183.0"
                    VPOS="978.0"
                    WIDTH="502.0"
                    HEIGHT="63.0"
                    WC="0.9719491490611324"></String>
          </TextLine>
        </TextBlock>
        <TextBlock HPOS="465"
                   VPOS="1068"
                   WIDTH="251"
                   HEIGHT="45"
                   ID="eSc_textblock_e01592db"
                   TAGREFS="BT1852">
          <Shape><Polygon POINTS="465 1068 465 1113 716 1113 716 1068"/></Shape>
          <TextLine ID="line_16"
                    TAGREFS="LT8"
                    BASELINE="468 1104 699 1101" 
                    HPOS="467"
                    VPOS="1055"
                    WIDTH="232"
                    HEIGHT="65">
            <Shape><Polygon POINTS="468 1104 468 1112 484 1119 485 1119 486 1120 528 1120 528 1119 529 1119 541 1114 543 1113 561 1114 618 1118 619 1118 620 1118 627 1115 634 1111 643 1115 646 1117 647 1117 648 1117 655 1116 671 1112 698 1116 699 1101 697 1071 656 1071 655 1070 639 1062 638 1062 637 1062 608 1067 588 1059 587 1059 586 1059 585 1059 573 1066 557 1055 556 1055 555 1055 554 1055 493 1057 492 1057 467 1067 468 1104"/></Shape>
	    <String CONTENT="Salutatio."
                    HPOS="467"
                    VPOS="1055"
                    WIDTH="232"
                    HEIGHT="65"
                    WC="0.993165785074234"></String>
          </TextLine>
        </TextBlock>
        <TextBlock HPOS="178"
                   VPOS="1132"
                   WIDTH="821"
                   HEIGHT="394"
                   ID="block_6"
                   TAGREFS="BT1851">
          <Shape><Polygon POINTS="997 1132 999 1526 178 1526 180 1132"/></Shape>
          <TextLine ID="line_17"
                    TAGREFS="LT8"
                    BASELINE="254 1162 423 1158 989 1158" 
                    HPOS="253.0"
                    VPOS="1111.0"
                    WIDTH="736.0"
                    HEIGHT="66.0">
            <Shape><Polygon POINTS="254 1162 254 1170 315 1177 316 1177 376 1170 384 1170 447 1170 457 1176 458 1176 459 1176 460 1176 486 1170 489 1170 491 1170 504 1176 505 1176 506 1176 507 1176 518 1171 571 1176 572 1176 573 1176 594 1170 596 1170 597 1170 608 1177 609 1177 610 1177 611 1177 744 1170 776 1169 782 1170 796 1174 797 1174 798 1174 799 1174 800 1174 807 1170 811 1169 860 1169 865 1170 882 1176 883 1176 884 1176 988 1170 989 1158 988 1114 955 1111 954 1111 953 1111 947 1114 931 1122 867 1122 846 1114 840 1112 839 1112 783 1111 782 1111 781 1111 780 1111 775 1115 762 1123 722 1123 712 1115 709 1112 708 1112 707 1112 706 1112 705 1112 696 1115 677 1123 632 1123 620 1116 615 1112 614 1112 613 1112 612 1112 611 1112 598 1116 574 1123 536 1123 526 1116 520 1112 519 1112 518 1112 517 1112 516 1112 504 1116 494 1119 480 1116 457 1112 456 1112 432 1117 428 1117 426 1117 417 1112 416 1112 415 1112 372 1117 361 1118 358 1117 352 1114 351 1114 350 1114 349 1114 348 1114 344 1117 336 1122 317 1117 296 1112 295 1112 253 1117 254 1162"/></Shape>
	    <String CONTENT="Titulus honeſta &amp; appoſita ad rem præ¬"
                    HPOS="253.0"
                    VPOS="1111.0"
                    WIDTH="736.0"
                    HEIGHT="66.0"
                    WC="0.9852403214103297"></String>
          </TextLine>
          <TextLine ID="line_18"
                    TAGREFS="LT8"
                    BASELINE="184 1211 992 1205" 
                    HPOS="183.0"
                    VPOS="1168.0"
                    WIDTH="809.0"
                    HEIGHT="57.0">
            <Shape><Polygon POINTS="184 1211 184 1225 319 1219 431 1219 458 1223 472 1225 473 1225 487 1223 506 1220 514 1223 521 1225 522 1225 523 1225 565 1222 599 1220 608 1222 619 1224 620 1224 643 1222 682 1217 712 1217 720 1221 723 1223 724 1223 724 1223 725 1223 746 1221 769 1218 990 1218 992 1205 990 1175 955 1175 946 1169 945 1169 944 1169 943 1169 886 1174 869 1168 868 1168 867 1168 866 1168 837 1175 770 1170 769 1170 742 1175 727 1169 726 1169 725 1169 696 1170 695 1170 682 1177 589 1177 486 1171 485 1171 484 1171 472 1177 427 1171 426 1171 356 1176 339 1171 338 1171 337 1171 255 1179 201 1172 200 1172 199 1172 183 1179 184 1211"/></Shape>
	    <String CONTENT="ſentem conſtat ſalutatione: quia enim in¬"
                    HPOS="183.0"
                    VPOS="1168.0"
                    WIDTH="809.0"
                    HEIGHT="57.0"
                    WC="0.9957839105187393"></String>
          </TextLine>
          <TextLine ID="line_19"
                    TAGREFS="LT8"
                    BASELINE="182 1260 988 1256" 
                    HPOS="181.0"
                    VPOS="1216.0"
                    WIDTH="807.0"
                    HEIGHT="58.0">
            <Shape><Polygon POINTS="182 1260 182 1268 231 1268 232 1268 240 1274 241 1274 241 1274 242 1274 243 1274 255 1268 256 1268 335 1268 337 1268 364 1274 365 1274 409 1268 417 1267 440 1268 575 1273 576 1273 634 1267 645 1266 689 1266 691 1267 697 1272 698 1272 699 1272 700 1272 987 1265 988 1256 986 1226 922 1217 921 1217 920 1217 895 1225 894 1226 850 1226 846 1225 822 1216 821 1216 820 1216 819 1216 791 1225 783 1227 736 1225 726 1217 725 1217 724 1217 724 1217 723 1217 703 1224 695 1227 686 1224 677 1222 676 1222 675 1222 662 1224 648 1227 641 1224 625 1217 624 1217 623 1217 622 1217 597 1224 582 1228 450 1228 444 1223 437 1218 436 1218 435 1218 434 1218 355 1219 354 1219 346 1223 335 1229 306 1230 262 1230 245 1223 236 1219 235 1219 234 1219 181 1222 182 1260"/></Shape>
	    <String CONTENT="ſtituere voluit quomodo vtiliter huic Ec¬"
                    HPOS="181.0"
                    VPOS="1216.0"
                    WIDTH="807.0"
                    HEIGHT="58.0"
                    WC="0.9979857191806887"></String>
          </TextLine>
          <TextLine ID="line_20"
                    TAGREFS="LT8"
                    BASELINE="181 1308 989 1306" 
                    HPOS="181.0"
                    VPOS="1267.0"
                    WIDTH="808.0"
                    HEIGHT="60.0">
            <Shape><Polygon POINTS="965 1298 960 1279 955 1279 955 1278 938 1267 937 1267 936 1267 936 1267 846 1278 845 1278 839 1278 793 1278 769 1270 768 1270 767 1270 766 1270 748 1276 724 1271 723 1271 666 1278 664 1278 644 1267 643 1267 642 1267 641 1267 619 1278 603 1278 535 1277 517 1268 516 1268 515 1268 514 1268 496 1276 480 1268 479 1268 478 1268 477 1268 452 1275 442 1268 441 1268 440 1268 403 1268 402 1268 401 1268 400 1268 388 1278 387 1279 381 1278 344 1269 343 1269 342 1269 341 1269 332 1276 312 1272 311 1272 310 1272 295 1278 292 1279 290 1278 272 1268 271 1268 210 1268 209 1268 208 1268 181 1277 181 1308 181 1320 282 1319 289 1320 324 1327 325 1327 371 1320 378 1319 416 1319 418 1320 428 1326 429 1326 430 1326 431 1326 432 1326 452 1319 454 1319 455 1319 468 1325 469 1325 470 1325 490 1321 527 1327 528 1327 589 1320 599 1326 600 1326 601 1326 602 1326 603 1326 621 1321 636 1326 637 1326 638 1327 760 1327 760 1326 761 1326 781 1318 782 1318 783 1318 796 1322 797 1322 798 1322 858 1318 863 1318 865 1318 894 1323 895 1323 988 1317 989 1306 987 1279 968 1279 965 1298"/></Shape>
	    <String CONTENT="cleſiæ præeſſe debeat, operæpretium fuit"
                    HPOS="181.0"
                    VPOS="1267.0"
                    WIDTH="808.0"
                    HEIGHT="60.0"
                    WC="0.9988235533237457"></String>
          </TextLine>
          <TextLine ID="line_21"
                    TAGREFS="LT8"
                    BASELINE="181 1358 987 1355" 
                    HPOS="181.0"
                    VPOS="1319.0"
                    WIDTH="806.0"
                    HEIGHT="58.0">
            <Shape><Polygon POINTS="965 1351 960 1330 950 1330 930 1319 929 1319 908 1319 907 1319 906 1319 905 1319 895 1327 867 1322 866 1322 865 1322 850 1329 755 1324 754 1324 754 1324 734 1329 724 1322 724 1322 723 1322 722 1322 674 1330 630 1330 618 1322 617 1322 616 1322 615 1322 614 1322 587 1330 554 1322 553 1322 522 1329 507 1320 506 1320 505 1320 459 1320 458 1320 457 1320 456 1320 442 1331 425 1322 424 1322 423 1322 422 1322 401 1329 388 1321 387 1321 386 1321 385 1321 321 1327 308 1321 307 1321 228 1321 227 1321 226 1321 181 1332 181 1358 182 1375 208 1369 250 1374 251 1374 322 1369 330 1374 332 1376 332 1376 333 1376 334 1376 354 1374 370 1372 379 1374 395 1377 396 1377 397 1377 404 1373 414 1368 467 1368 490 1373 507 1376 508 1376 509 1376 519 1372 527 1370 530 1372 533 1375 534 1375 535 1375 536 1375 558 1372 574 1370 580 1372 591 1376 592 1376 593 1376 594 1376 595 1376 601 1372 603 1370 624 1372 672 1376 673 1376 674 1376 690 1371 699 1368 705 1371 716 1376 717 1376 718 1376 719 1376 736 1371 749 1367 765 1370 789 1375 790 1376 829 1376 829 1375 830 1375 831 1375 839 1370 843 1367 850 1370 867 1375 868 1375 869 1376 886 1376 886 1375 887 1375 888 1375 896 1369 899 1367 905 1369 924 1375 925 1375 926 1376 962 1376 962 1375 963 1375 964 1375 971 1369 974 1367 985 1368 987 1355 985 1330 968 1330 965 1351"/></Shape>
	    <String CONTENT="initio amica ſalutatione, qua grata ipſi"
                    HPOS="181.0"
                    VPOS="1319.0"
                    WIDTH="806.0"
                    HEIGHT="58.0"
                    WC="0.9908875957131386"></String>
          </TextLine>
          <TextLine ID="line_22"
                    TAGREFS="LT8"
                    BASELINE="185 1407 983 1404" 
                    HPOS="184.0"
                    VPOS="1367.0"
                    WIDTH="799.0"
                    HEIGHT="60.0">
            <Shape><Polygon POINTS="185 1407 185 1417 240 1417 242 1417 271 1424 272 1424 273 1424 285 1417 287 1417 313 1417 316 1417 356 1425 357 1425 384 1420 392 1426 392 1426 393 1426 394 1427 451 1427 451 1426 537 1416 542 1416 544 1416 574 1422 575 1422 603 1417 635 1424 710 1425 711 1425 712 1425 725 1419 805 1424 806 1424 807 1424 830 1415 831 1415 836 1415 919 1423 920 1423 921 1423 922 1423 935 1415 936 1415 982 1415 983 1404 981 1377 909 1371 908 1371 907 1371 899 1376 898 1376 884 1369 883 1369 882 1369 881 1369 867 1376 865 1377 770 1377 767 1375 753 1367 752 1367 751 1367 750 1367 723 1374 711 1377 698 1374 681 1370 680 1370 679 1370 669 1374 661 1377 652 1374 646 1371 645 1371 644 1371 629 1373 606 1377 596 1373 583 1368 582 1368 548 1368 547 1368 546 1368 534 1373 520 1377 499 1372 479 1368 478 1368 477 1368 468 1372 458 1377 420 1378 361 1371 349 1370 277 1369 276 1369 270 1370 247 1376 236 1370 234 1369 233 1369 232 1369 184 1369 185 1407"/></Shape>
	    <String CONTENT="Timotheo exprimeret, cauerétque contra¬"
                    HPOS="184.0"
                    VPOS="1367.0"
                    WIDTH="799.0"
                    HEIGHT="60.0"
                    WC="0.9989572897553444"></String>
          </TextLine>
          <TextLine ID="line_23"
                    TAGREFS="LT8"
                    BASELINE="182 1457 983 1453" 
                    HPOS="181.0"
                    VPOS="1417.0"
                    WIDTH="802.0"
                    HEIGHT="60.0">
            <Shape><Polygon POINTS="182 1457 183 1477 211 1468 271 1468 301 1475 305 1476 306 1476 307 1476 314 1475 348 1468 357 1474 359 1476 360 1476 361 1476 362 1477 382 1477 382 1476 416 1473 483 1468 518 1468 524 1471 528 1474 529 1474 530 1474 531 1474 532 1474 541 1471 554 1466 610 1466 641 1466 648 1470 654 1474 655 1474 656 1474 657 1474 686 1469 690 1469 705 1469 782 1471 783 1471 784 1471 791 1467 796 1465 800 1467 809 1473 810 1473 811 1473 812 1473 861 1467 879 1473 880 1473 881 1474 939 1474 939 1473 940 1473 941 1473 953 1466 968 1470 969 1470 970 1470 971 1470 983 1464 983 1453 980 1419 783 1425 776 1421 771 1417 770 1417 769 1417 713 1417 712 1417 711 1417 698 1422 694 1423 693 1422 687 1418 686 1418 685 1418 684 1418 666 1422 651 1426 645 1422 640 1419 639 1419 638 1419 637 1419 636 1419 628 1422 619 1427 563 1427 547 1423 529 1419 528 1419 506 1424 496 1426 488 1424 467 1418 466 1418 465 1418 464 1418 450 1424 444 1427 438 1425 423 1418 422 1418 382 1418 381 1418 380 1418 352 1426 346 1427 342 1426 325 1419 324 1419 292 1419 291 1419 290 1419 266 1427 260 1428 181 1428 182 1457"/></Shape>
	    <String CONTENT="ria. Et ipſa natura in omni ſermone pri¬"
                    HPOS="181.0"
                    VPOS="1417.0"
                    WIDTH="802.0"
                    HEIGHT="60.0"
                    WC="0.9919823542237282"></String>
          </TextLine>
          <TextLine ID="line_24"
                    TAGREFS="LT8"
                    BASELINE="181 1508 990 1504" 
                    HPOS="181.0"
                    VPOS="1466.0"
                    WIDTH="809.0"
                    HEIGHT="66.0">
            <Shape><Polygon POINTS="181 1508 181 1532 350 1531 351 1531 361 1527 380 1531 381 1531 419 1522 462 1522 474 1529 475 1529 476 1529 477 1529 478 1529 506 1522 562 1522 621 1531 624 1531 625 1531 626 1531 627 1531 643 1521 673 1521 703 1531 705 1531 706 1531 707 1531 778 1531 778 1531 779 1531 781 1530 790 1525 818 1530 821 1530 822 1530 823 1530 824 1530 838 1520 873 1528 874 1528 875 1528 886 1523 899 1529 900 1530 901 1530 902 1530 908 1529 972 1520 987 1529 990 1504 988 1467 949 1467 948 1467 947 1467 907 1478 818 1478 792 1467 788 1466 787 1466 786 1466 785 1466 781 1468 752 1477 685 1478 649 1468 644 1467 643 1467 599 1467 598 1467 597 1467 596 1467 594 1468 576 1480 540 1480 518 1469 516 1468 515 1468 514 1468 506 1469 474 1473 464 1469 461 1468 460 1468 459 1468 458 1468 457 1468 456 1469 438 1480 382 1480 332 1470 327 1469 326 1469 319 1470 274 1478 258 1470 255 1469 254 1469 253 1469 252 1469 248 1470 226 1477 181 1471 181 1508"/></Shape>
	    <String CONTENT="mum locum tribuit ſalutationibus, poſt"
                    HPOS="181.0"
                    VPOS="1466.0"
                    WIDTH="809.0"
                    HEIGHT="66.0"
                    WC="0.9822916168915597"></String>
          </TextLine>
        </TextBlock>
        <TextBlock HPOS="892"
                   VPOS="1526"
                   WIDTH="94"
                   HEIGHT="53"
                   ID="block_1"
                   TAGREFS="BT17">
          <Shape><Polygon POINTS="986 1526 986 1579 892 1579 892 1526"/></Shape>
          <TextLine ID="line_25"
                    TAGREFS="LT8"
                    BASELINE="890 1554 984 1552" 
                    HPOS="888.0"
                    VPOS="1520.0"
                    WIDTH="96.0"
                    HEIGHT="63.0">
            <Shape><Polygon POINTS="890 1554 890 1574 914 1583 915 1583 916 1583 917 1583 936 1577 948 1574 983 1580 984 1552 981 1520 888 1528 890 1554"/></Shape>
	    <String CONTENT="quas"
                    HPOS="888.0"
                    VPOS="1520.0"
                    WIDTH="96.0"
                    HEIGHT="63.0"
                    WC="0.9999088495969772"></String>
          </TextLine>
        </TextBlock>
        <TextBlock HPOS="174"
                   VPOS="556"
                   WIDTH="827"
                   HEIGHT="98"
                   ID="eSc_textblock_f76294df"
                   TAGREFS="BT11">
          <Shape><Polygon POINTS="174 556 174 654 1001 654 1001 556"/></Shape>
        </TextBlock>
        <TextBlock HPOS="184"
                   VPOS="781"
                   WIDTH="205"
                   HEIGHT="210"
                   ID="block_4"
                   TAGREFS="BT10">
          <Shape><Polygon POINTS="389 781 389 991 184 991 184 781"/></Shape>
        </TextBlock>
      </PrintSpace>
    </Page>
  </Layout>
</alto>
