<?xml version="1.0" encoding="UTF-8"?>
<alto xmlns:xsi="http://www.w3.org/2001/XMLSchema-instance"
      xmlns="http://www.loc.gov/standards/alto/ns-v4#"
      xsi:schemaLocation="http://www.loc.gov/standards/alto/ns-v4# http://www.loc.gov/standards/alto/v4/alto-4-2.xsd">
  <Description>
    <MeasurementUnit>pixel</MeasurementUnit>
    <sourceImageInformation>
      <fileName>bsb10313792_00088.jpg</fileName>
    </sourceImageInformation>
  </Description>
  <Tags>
    <OtherTag ID="BT7" LABEL="CustomZone" DESCRIPTION="block type CustomZone"/><OtherTag ID="BT8" LABEL="DamageZone" DESCRIPTION="block type DamageZone"/><OtherTag ID="BT9" LABEL="DigitizationArtefactZone" DESCRIPTION="block type DigitizationArtefactZone"/><OtherTag ID="BT10" LABEL="DropCapitalZone" DESCRIPTION="block type DropCapitalZone"/><OtherTag ID="BT11" LABEL="GraphicZone" DESCRIPTION="block type GraphicZone"/><OtherTag ID="BT12" LABEL="MainZone" DESCRIPTION="block type MainZone"/><OtherTag ID="BT13" LABEL="MarginTextZone" DESCRIPTION="block type MarginTextZone"/><OtherTag ID="BT14" LABEL="MusicZone" DESCRIPTION="block type MusicZone"/><OtherTag ID="BT15" LABEL="NumberingZone" DESCRIPTION="block type NumberingZone"/><OtherTag ID="BT17" LABEL="QuireMarksZone" DESCRIPTION="block type QuireMarksZone"/><OtherTag ID="BT18" LABEL="RunningTitleZone" DESCRIPTION="block type RunningTitleZone"/><OtherTag ID="BT19" LABEL="SealZone" DESCRIPTION="block type SealZone"/><OtherTag ID="BT20" LABEL="StampZone" DESCRIPTION="block type StampZone"/><OtherTag ID="BT21" LABEL="TableZone" DESCRIPTION="block type TableZone"/><OtherTag ID="BT22" LABEL="TitlePageZone" DESCRIPTION="block type TitlePageZone"/><OtherTag ID="BT1851" LABEL="MainZone-P" DESCRIPTION="block type MainZone-P"/><OtherTag ID="BT1852" LABEL="MainZone-Head" DESCRIPTION="block type MainZone-Head"/><OtherTag ID="BT1853" LABEL="MainZone-P-Continued" DESCRIPTION="block type MainZone-P-Continued"/><OtherTag ID="BT1854" LABEL="MarginTextZone-ManuscriptAddendum" DESCRIPTION="block type MarginTextZone-ManuscriptAddendum"/><OtherTag ID="BT1855" LABEL="text" DESCRIPTION="block type text"/><OtherTag ID="BT1856" LABEL="MainZone-Entry" DESCRIPTION="block type MainZone-Entry"/><OtherTag ID="BT1857" LABEL="MainZone-Entry-Continued" DESCRIPTION="block type MainZone-Entry-Continued"/><OtherTag ID="BT1877" LABEL="GraphicZone-Decoration" DESCRIPTION="block type GraphicZone-Decoration"/><OtherTag ID="BT1894" LABEL="MainZone-Other" DESCRIPTION="block type MainZone-Other"/>
    <OtherTag ID="LT7" LABEL="CustomLine" DESCRIPTION="line type CustomLine"/><OtherTag ID="LT8" LABEL="DefaultLine" DESCRIPTION="line type DefaultLine"/><OtherTag ID="LT9" LABEL="DropCapitalLine" DESCRIPTION="line type DropCapitalLine"/><OtherTag ID="LT10" LABEL="HeadingLine" DESCRIPTION="line type HeadingLine"/><OtherTag ID="LT11" LABEL="InterlinearLine" DESCRIPTION="line type InterlinearLine"/><OtherTag ID="LT12" LABEL="MusicLine" DESCRIPTION="line type MusicLine"/><OtherTag ID="LT636" LABEL="default" DESCRIPTION="line type default"/>
  </Tags>
  <Layout>
    <Page WIDTH="1087"
          HEIGHT="1757"
          PHYSICAL_IMG_NR="72"
          ID="eSc_dummypage_">
      <PrintSpace HPOS="0"
                  VPOS="0"
                  WIDTH="1087"
                  HEIGHT="1757">
        <TextBlock HPOS="220"
                   VPOS="65"
                   WIDTH="55"
                   HEIGHT="46"
                   ID="block_5"
                   TAGREFS="BT15">
          <Shape><Polygon POINTS="275 65 275 111 220 111 220 65"/></Shape>
          <TextLine ID="line_0"
                    TAGREFS="LT8"
                    BASELINE="225 95 263 93" 
                    HPOS="222"
                    VPOS="65"
                    WIDTH="40"
                    HEIGHT="49">
            <Shape><Polygon POINTS="251 65 237 65 222 65 224 93 224 109 260 114 262 92 257 65 251 65"/></Shape>
	    <String CONTENT="80"
                    HPOS="222"
                    VPOS="65"
                    WIDTH="40"
                    HEIGHT="49"
                    WC="0.9999935030937195"></String>
          </TextLine>
        </TextBlock>
        <TextBlock HPOS="394"
                   VPOS="60"
                   WIDTH="456"
                   HEIGHT="50"
                   ID="block_0"
                   TAGREFS="BT18">
          <Shape><Polygon POINTS="850 60 850 110 394 110 394 60"/></Shape>
          <TextLine ID="line_1"
                    TAGREFS="LT8"
                    BASELINE="399 94 846 97" 
                    HPOS="398.0"
                    VPOS="59.0"
                    WIDTH="448.0"
                    HEIGHT="55.0">
            <Shape><Polygon POINTS="779 59 769 59 759 59 750 59 740 59 736 59 734 60 730 63 703 63 700 60 698 59 691 59 681 59 671 59 662 59 652 59 642 59 632 59 623 59 613 59 603 59 593 59 588 59 587 60 585 61 579 60 573 59 564 59 554 59 544 59 535 59 525 59 515 59 505 59 496 59 486 59 481 59 471 60 465 60 464 60 462 59 457 59 447 59 437 59 427 59 418 59 412 59 411 60 410 60 399 60 399 94 398 105 448 111 449 111 511 108 543 106 547 108 555 112 556 112 557 112 626 110 696 107 718 111 729 113 730 113 749 112 794 108 799 112 799 113 800 113 801 113 802 114 845 114 846 97 845 61 789 62 787 60 785 59 779 59"/></Shape>
	    <String CONTENT="COMMENTARII"
                    HPOS="398.0"
                    VPOS="59.0"
                    WIDTH="448.0"
                    HEIGHT="55.0"
                    WC="0.9997426921671088"></String>
          </TextLine>
        </TextBlock>
        <TextBlock HPOS="217"
                   VPOS="118"
                   WIDTH="812"
                   HEIGHT="695"
                   ID="block_4"
                   TAGREFS="BT1853">
          <Shape><Polygon POINTS="1029 118 1029 813 217 813 217 118"/></Shape>
          <TextLine ID="line_2"
                    TAGREFS="LT8"
                    BASELINE="222 152 1013 152" 
                    HPOS="222.0"
                    VPOS="116.0"
                    WIDTH="791.0"
                    HEIGHT="55.0">
            <Shape><Polygon POINTS="955 116 945 116 935 116 925 116 924 116 919 121 905 116 896 116 886 116 877 116 867 116 857 116 851 116 840 121 838 121 803 116 802 116 801 116 783 121 782 121 775 116 769 116 759 116 758 116 754 118 750 116 740 116 730 116 720 116 715 116 705 118 697 116 691 116 681 116 671 116 662 116 652 116 642 116 632 116 623 116 613 116 603 116 593 116 584 116 580 116 555 117 551 116 544 116 535 116 525 116 516 120 464 120 377 121 372 120 354 116 349 116 339 116 330 116 320 116 310 116 300 116 297 116 270 119 260 116 251 116 242 116 232 116 222 119 222 152 222 170 279 164 327 170 334 170 335 170 343 169 376 165 425 169 449 170 450 170 451 170 452 170 454 168 460 164 491 168 501 169 501 169 556 167 658 164 662 166 666 170 667 170 668 170 668 171 694 171 694 170 695 170 696 170 701 166 703 164 711 166 727 170 728 170 729 170 750 166 758 164 764 166 779 170 780 170 781 171 867 171 867 170 868 170 869 170 876 164 877 164 888 170 889 170 890 170 921 164 923 164 924 164 936 170 937 170 938 170 939 170 954 165 995 170 996 170 997 170 1013 163 1013 152 1013 122 974 122 974 121 961 116 955 116"/></Shape>
	    <String CONTENT="quartũ argumentũ ad diligẽtiam, qui a mini¬"
                    HPOS="222.0"
                    VPOS="116.0"
                    WIDTH="791.0"
                    HEIGHT="55.0"
                    WC="0.9956104457378387"></String>
          </TextLine>
          <TextLine ID="line_3"
                    TAGREFS="LT8"
                    BASELINE="221 204 1016 201" 
                    HPOS="220.0"
                    VPOS="161.0"
                    WIDTH="796.0"
                    HEIGHT="63.0">
            <Shape><Polygon POINTS="221 204 221 224 261 223 262 223 291 210 304 215 305 215 306 215 307 215 318 210 417 210 462 219 483 223 484 223 506 218 546 209 566 217 571 219 572 219 573 219 574 219 582 217 604 209 613 216 617 219 618 219 619 219 620 219 636 215 639 215 648 222 649 222 650 222 651 222 652 222 671 215 676 213 683 214 716 222 717 222 718 222 737 213 743 211 755 213 793 219 794 219 852 212 908 221 909 222 988 222 988 221 989 221 1016 207 1016 201 1013 165 973 168 968 165 962 161 961 161 961 161 914 161 913 161 912 161 911 161 904 165 900 169 820 169 812 166 793 161 792 161 791 161 695 167 666 169 663 167 656 163 655 163 654 163 630 162 629 162 571 168 561 169 558 168 538 162 537 162 486 162 485 162 384 169 374 163 373 163 372 163 345 163 344 163 343 163 322 169 273 163 272 163 271 163 252 170 240 163 239 163 238 163 237 163 236 163 220 169 221 204"/></Shape>
	    <String CONTENT="ſtri tractant myſteria ſolis piis ὁμολογούμενα:"
                    HPOS="220.0"
                    VPOS="161.0"
                    WIDTH="796.0"
                    HEIGHT="63.0"></String>
          </TextLine>
          <TextLine ID="line_4"
                    TAGREFS="LT8"
                    BASELINE="222 250 1014 250" 
                    HPOS="222.0"
                    VPOS="212.0"
                    WIDTH="792.0"
                    HEIGHT="57.0">
            <Shape><Polygon POINTS="222 250 222 268 250 263 280 268 290 269 291 269 292 269 292 269 293 268 303 261 327 261 338 267 342 269 343 269 344 269 393 268 394 268 395 268 396 267 404 261 418 266 418 266 419 266 420 266 435 261 550 261 559 265 563 267 564 267 565 267 585 265 614 261 619 264 626 269 627 269 627 269 628 269 668 264 670 264 671 264 687 269 688 269 689 269 690 269 703 264 704 264 888 269 889 269 923 261 925 261 928 261 958 269 959 269 960 269 961 269 961 269 971 262 979 268 980 268 981 268 982 268 1014 260 1014 250 1014 221 964 212 963 212 962 212 937 219 915 213 914 213 913 213 880 220 869 212 868 212 867 212 843 212 842 212 781 221 614 221 593 212 592 212 352 212 351 212 350 212 335 220 273 212 272 212 271 212 270 212 259 221 222 221 222 250"/></Shape>
	    <String CONTENT="ergo vigilandum illis ne tanta myſteria ſuo"
                    HPOS="222.0"
                    VPOS="212.0"
                    WIDTH="792.0"
                    HEIGHT="57.0"
                    WC="0.9969388177228529"></String>
          </TextLine>
          <TextLine ID="line_5"
                    TAGREFS="LT8"
                    BASELINE="224 301 1011 298" 
                    HPOS="223.0"
                    VPOS="259.0"
                    WIDTH="788.0"
                    HEIGHT="60.0">
            <Shape><Polygon POINTS="224 301 224 314 247 319 248 319 249 319 250 319 256 314 261 311 267 314 273 317 274 317 275 317 276 317 286 314 296 311 311 314 338 319 339 319 340 319 341 319 349 314 355 311 425 313 491 315 492 315 493 315 499 313 504 310 578 310 583 312 593 318 594 318 595 319 626 319 626 318 627 318 627 318 635 312 638 310 651 312 675 315 676 315 677 315 684 311 688 310 694 311 719 318 720 318 721 318 874 313 896 317 897 317 922 312 977 317 978 317 1011 309 1011 298 1009 269 963 269 949 262 948 262 947 262 919 269 798 269 768 259 767 259 766 259 765 259 748 269 734 260 733 260 732 260 692 260 691 260 690 260 689 260 674 270 655 270 644 261 643 261 642 261 641 261 640 261 616 267 609 261 608 261 607 261 606 261 605 261 581 269 570 260 569 260 568 260 504 260 503 260 502 260 484 268 424 261 423 261 422 261 402 268 392 261 391 261 390 261 389 261 358 268 345 261 344 261 343 261 321 266 310 261 309 261 308 261 307 261 306 261 292 270 244 265 243 265 242 265 223 271 224 301"/></Shape>
	    <String CONTENT="vitio polluant. Diſcamus ex hoc argumento"
                    HPOS="223.0"
                    VPOS="259.0"
                    WIDTH="788.0"
                    HEIGHT="60.0"></String>
          </TextLine>
          <TextLine ID="line_6"
                    TAGREFS="LT8"
                    BASELINE="222 351 1009 346" 
                    HPOS="221.0"
                    VPOS="306.0"
                    WIDTH="788.0"
                    HEIGHT="63.0">
            <Shape><Polygon POINTS="222 351 222 369 264 369 264 368 265 368 266 368 276 362 356 367 368 368 369 368 370 368 373 367 401 360 470 360 486 367 488 367 489 367 490 367 495 367 537 359 609 359 621 366 621 367 622 367 623 367 624 367 628 366 658 360 687 366 690 366 691 366 703 366 830 359 873 365 879 365 880 365 881 365 883 364 899 357 922 364 926 365 927 365 928 365 929 365 932 364 942 360 1008 363 1009 346 1007 311 985 306 984 306 983 306 982 306 975 311 969 314 919 312 881 310 880 310 849 312 816 315 807 313 787 307 786 307 785 307 761 312 698 306 697 306 663 315 660 315 659 315 644 307 643 307 642 307 604 313 549 307 548 307 547 307 528 314 500 309 499 309 498 309 481 315 437 308 436 308 383 317 374 310 373 310 372 310 371 310 334 316 319 309 318 309 278 309 277 309 221 319 222 351"/></Shape>
	    <String CONTENT="quæ ſit vera Eccleſia Chriſti in his terris, ni¬"
                    HPOS="221.0"
                    VPOS="306.0"
                    WIDTH="788.0"
                    HEIGHT="63.0"
                    WC="0.9867421972254912"></String>
          </TextLine>
          <TextLine ID="line_7"
                    TAGREFS="LT8"
                    BASELINE="221 403 1004 396" 
                    HPOS="220.0"
                    VPOS="357.0"
                    WIDTH="784.0"
                    HEIGHT="60.0">
            <Shape><Polygon POINTS="221 403 221 412 382 417 383 417 384 417 385 417 393 411 395 409 464 409 468 411 477 415 478 415 479 415 520 410 533 409 537 410 547 414 548 414 549 414 550 414 562 410 569 408 576 410 593 415 594 415 595 415 596 415 607 410 611 408 615 409 629 415 630 415 631 416 668 416 668 415 716 410 799 413 800 413 801 413 802 413 808 408 810 407 813 408 823 413 824 413 825 413 848 408 849 408 878 412 879 412 880 412 890 408 895 406 936 406 943 408 960 412 961 412 961 412 1003 407 1004 396 1002 365 963 365 962 365 946 357 945 357 944 357 943 357 928 362 891 357 890 357 853 366 848 367 846 366 830 358 829 358 828 358 827 358 808 365 736 359 735 359 624 364 555 360 554 360 553 360 552 360 541 368 539 369 492 369 480 369 471 364 470 364 469 364 468 364 467 364 444 369 440 370 436 369 417 364 416 364 368 364 367 364 366 364 351 370 351 371 220 371 221 403"/></Shape>
	    <String CONTENT="mirum quæ inter alia etiam quædam habet"
                    HPOS="220.0"
                    VPOS="357.0"
                    WIDTH="784.0"
                    HEIGHT="60.0"
                    WC="0.9954555172186631"></String>
          </TextLine>
          <TextLine ID="line_8"
                    TAGREFS="LT8"
                    BASELINE="222 450 1004 443" 
                    HPOS="221.0"
                    VPOS="406.0"
                    WIDTH="783.0"
                    HEIGHT="63.0">
            <Shape><Polygon POINTS="222 450 222 461 297 469 298 469 354 460 357 460 359 460 383 467 384 467 385 467 418 459 422 458 589 458 611 466 612 466 613 466 656 465 657 465 658 465 668 459 682 465 683 465 684 465 685 465 704 460 737 464 738 464 784 457 801 463 802 463 803 464 866 464 866 463 867 463 868 463 875 458 955 462 956 462 957 462 958 462 966 454 1003 453 1004 443 1003 414 874 408 873 408 872 408 871 408 861 414 808 408 807 408 773 413 765 409 764 409 763 409 762 409 761 409 752 415 724 406 723 406 722 406 660 416 632 408 631 408 601 407 600 407 599 407 598 407 590 412 583 407 582 407 581 407 580 407 579 407 561 412 515 407 514 407 471 409 470 409 469 409 460 416 434 408 433 408 432 408 431 408 408 419 391 413 390 413 389 413 388 413 376 417 361 408 360 408 359 408 320 408 319 408 266 417 249 411 248 411 247 411 246 411 221 421 222 450"/></Shape>
	    <String CONTENT="confeſſa &amp; conceſſa dogmata, αὐτοπιςτὰ &amp; ὁμο¬"
                    HPOS="221.0"
                    VPOS="406.0"
                    WIDTH="783.0"
                    HEIGHT="63.0"></String>
          </TextLine>
          <TextLine ID="line_9"
                    TAGREFS="LT8"
                    BASELINE="222 500 1010 495" 
                    HPOS="221.0"
                    VPOS="453.0"
                    WIDTH="789.0"
                    HEIGHT="66.0">
            <Shape><Polygon POINTS="222 500 224 519 237 510 301 518 303 518 304 518 305 518 330 513 343 518 344 518 345 518 346 518 347 518 348 518 379 509 390 514 391 514 392 514 393 514 394 514 401 509 516 514 517 514 543 508 553 516 554 516 555 516 556 517 579 517 579 516 580 516 581 516 590 508 618 516 620 516 621 516 622 516 623 516 625 516 640 511 709 515 718 515 719 515 720 515 721 515 738 507 806 507 825 514 828 515 829 515 830 515 882 514 883 514 885 513 907 506 919 513 920 513 921 513 922 513 934 507 958 513 963 514 964 514 965 514 966 514 968 513 976 508 1008 512 1010 495 1007 460 989 463 981 460 966 453 965 453 964 453 963 453 962 453 953 460 949 463 942 460 932 457 931 457 930 457 895 461 890 461 877 453 877 453 876 453 875 453 874 453 850 461 801 462 782 462 768 455 767 455 766 455 698 462 678 455 677 455 676 455 675 455 655 464 651 466 539 466 538 465 521 456 520 456 519 456 495 461 484 456 483 456 398 456 397 456 396 456 366 464 336 457 335 457 221 468 222 500"/></Shape>
	    <String CONTENT="λογούμενα, vt hîc loquitur Apoſtolus, hoc eſt,"
                    HPOS="221.0"
                    VPOS="453.0"
                    WIDTH="789.0"
                    HEIGHT="66.0"></String>
          </TextLine>
          <TextLine ID="line_10"
                    TAGREFS="LT8"
                    BASELINE="224 549 1012 544" 
                    HPOS="223.0"
                    VPOS="505.0"
                    WIDTH="789.0"
                    HEIGHT="61.0">
            <Shape><Polygon POINTS="224 549 224 559 256 566 257 566 258 566 281 560 285 559 329 559 332 560 349 566 350 566 351 566 415 560 431 559 452 560 514 565 515 565 516 565 529 561 540 557 560 561 579 564 580 564 581 564 591 561 606 557 661 561 689 563 690 563 691 563 696 561 710 556 732 561 740 563 741 563 742 563 748 561 759 558 765 562 767 563 768 563 769 563 770 564 827 564 827 563 828 563 829 563 830 562 835 558 847 562 852 563 853 563 854 563 872 562 958 555 1010 562 1012 544 1010 516 951 512 940 505 939 505 938 505 937 505 894 511 877 506 877 506 876 506 831 516 798 506 797 506 796 506 795 506 772 516 754 507 753 507 752 507 682 514 671 507 670 507 669 507 633 507 632 507 631 507 611 518 538 518 506 513 505 513 459 518 449 510 448 510 447 510 405 508 404 508 403 508 379 520 355 520 341 509 340 509 339 509 338 509 302 517 292 509 292 509 291 509 247 509 246 509 245 509 223 519 224 549"/></Shape>
	    <String CONTENT="talia de quibus piis non licet dubitare. Nam"
                    HPOS="223.0"
                    VPOS="505.0"
                    WIDTH="789.0"
                    HEIGHT="61.0"
                    WC="0.9892875145782124"></String>
          </TextLine>
          <TextLine ID="line_11"
                    TAGREFS="LT8"
                    BASELINE="223 597 1014 594" 
                    HPOS="222.0"
                    VPOS="554.0"
                    WIDTH="792.0"
                    HEIGHT="60.0">
            <Shape><Polygon POINTS="223 597 224 614 245 609 269 613 270 613 271 613 287 607 341 612 342 612 343 612 368 607 405 612 414 613 415 613 416 613 417 613 418 612 426 607 492 606 585 611 630 612 631 612 1013 605 1014 594 1010 555 994 561 962 555 954 554 953 554 952 554 951 554 949 555 936 563 884 556 865 554 864 554 863 554 856 557 837 563 775 557 755 556 754 556 753 556 750 558 743 562 737 558 734 555 733 555 732 555 710 555 710 555 656 559 585 564 575 560 564 555 563 555 562 555 561 555 547 560 537 565 501 565 496 561 489 555 488 555 487 555 486 555 430 556 429 556 428 556 420 561 414 566 379 566 374 562 365 556 364 556 363 556 244 556 243 556 242 556 222 563 223 597"/></Shape>
	    <String CONTENT="dubitãdo produnt ſe non eſſe pios. Interim"
                    HPOS="222.0"
                    VPOS="554.0"
                    WIDTH="792.0"
                    HEIGHT="60.0"
                    WC="0.9963429736536603"></String>
          </TextLine>
          <TextLine ID="line_12"
                    TAGREFS="LT8"
                    BASELINE="223 646 1015 643" 
                    HPOS="222.0"
                    VPOS="601.0"
                    WIDTH="793.0"
                    HEIGHT="61.0">
            <Shape><Polygon POINTS="223 646 223 662 250 656 306 661 307 661 308 661 320 656 383 661 389 661 390 661 399 661 487 655 524 660 529 660 530 660 1014 655 1015 643 1013 612 975 612 975 611 965 604 964 604 963 604 962 604 917 611 916 611 892 601 891 601 890 601 889 601 865 607 857 602 856 602 855 602 854 602 853 602 835 611 833 611 786 605 785 605 753 611 747 612 743 611 723 604 722 604 721 604 720 604 708 611 705 612 648 612 643 611 618 602 617 602 616 602 615 602 598 609 561 602 560 602 523 610 479 603 478 603 477 603 476 603 465 610 464 611 463 610 453 605 452 605 451 605 450 605 440 610 438 611 437 610 423 603 422 603 421 603 420 603 419 603 409 610 406 612 399 610 375 603 374 603 243 603 242 603 241 603 222 609 223 646"/></Shape>
	    <String CONTENT="de his dubitat &amp; diſputat totus mundus. Sic"
                    HPOS="222.0"
                    VPOS="601.0"
                    WIDTH="793.0"
                    HEIGHT="61.0"
                    WC="0.9940837690996569"></String>
          </TextLine>
          <TextLine ID="line_13"
                    TAGREFS="LT8"
                    BASELINE="222 693 1015 694" 
                    HPOS="221.0"
                    VPOS="651.0"
                    WIDTH="794.0"
                    HEIGHT="63.0">
            <Shape><Polygon POINTS="222 693 221 703 248 712 249 712 250 713 289 713 289 712 290 712 308 705 334 712 334 712 335 712 596 705 597 705 621 713 622 713 623 714 774 714 774 713 775 713 776 713 783 707 790 713 791 713 792 713 793 714 856 714 856 713 857 713 877 706 879 706 979 706 980 706 1001 713 1002 713 1003 713 1003 713 1004 713 1014 706 1015 694 1013 652 976 657 946 652 942 652 941 652 940 652 939 652 930 658 911 653 909 652 908 652 907 652 892 653 806 659 794 653 794 653 793 653 792 653 777 661 714 661 699 654 697 653 696 653 695 653 689 654 660 660 630 654 605 651 604 651 603 651 592 655 586 657 568 655 523 651 522 651 486 656 483 656 482 656 463 651 462 651 461 651 435 656 423 659 407 657 381 653 380 653 292 658 266 659 264 658 251 653 250 653 250 653 222 658 222 693"/></Shape>
	    <String CONTENT="omnes facultates ſuas habent hypotheſes,"
                    HPOS="221.0"
                    VPOS="651.0"
                    WIDTH="794.0"
                    HEIGHT="63.0"
                    WC="0.9990725219249725"></String>
          </TextLine>
          <TextLine ID="line_14"
                    TAGREFS="LT8"
                    BASELINE="223 742 1017 742" 
                    HPOS="223.0"
                    VPOS="702.0"
                    WIDTH="794.0"
                    HEIGHT="61.0">
            <Shape><Polygon POINTS="223 742 223 753 250 760 251 760 286 755 293 761 294 761 295 761 296 761 339 754 395 754 412 761 413 761 414 761 415 761 437 754 450 762 451 762 452 762 453 762 454 762 483 754 511 760 512 760 513 760 522 756 531 762 532 762 533 762 534 763 751 763 751 762 752 762 752 762 765 754 782 761 783 761 784 761 817 754 830 761 831 761 832 761 833 761 846 757 852 762 853 762 854 762 855 763 904 763 904 762 905 762 926 754 1017 753 1017 742 1015 702 1000 710 971 710 961 702 961 702 960 702 959 702 950 703 888 709 867 704 866 704 865 704 762 709 730 705 710 702 710 702 664 705 626 708 622 706 617 702 616 702 615 702 479 702 478 702 477 702 466 707 461 710 425 710 420 708 405 702 404 702 403 702 402 702 391 708 388 709 386 708 372 702 371 702 330 702 329 702 328 702 315 709 314 710 223 710 223 742"/></Shape>
	    <String CONTENT="quas non licet in dubium vocare. Hypothe¬"
                    HPOS="223.0"
                    VPOS="702.0"
                    WIDTH="794.0"
                    HEIGHT="61.0"
                    WC="0.9993554586317481"></String>
          </TextLine>
          <TextLine ID="line_15"
                    TAGREFS="LT8"
                    BASELINE="230 793 997 791" 
                    HPOS="228"
                    VPOS="748"
                    WIDTH="768"
                    HEIGHT="66">
            <Shape><Polygon POINTS="229 792 229 814 273 806 993 812 996 790 993 755 275 748 273 748 228 755 229 792"/></Shape>
	    <String CONTENT="ſes igitur Chriſtianæ pietatis hoc loco ſunt."
                    HPOS="228"
                    VPOS="748"
                    WIDTH="768"
                    HEIGHT="66"></String>
          </TextLine>
        </TextBlock>
        <TextBlock HPOS="237"
                   VPOS="818"
                   WIDTH="682"
                   HEIGHT="63"
                   ID="block_3"
                   TAGREFS="BT1852">
          <Shape><Polygon POINTS="919 818 919 881 237 881 237 818"/></Shape>
          <TextLine ID="line_16"
                    TAGREFS="LT8"
                    BASELINE="283 859 919 855" 
                    HPOS="281"
                    VPOS="818"
                    WIDTH="637"
                    HEIGHT="78">
            <Shape><Polygon POINTS="720 818 714 818 694 828 566 818 546 830 401 830 364 819 351 831 290 822 281 828 282 875 385 875 418 893 451 894 471 884 518 887 525 879 550 894 558 894 574 882 615 896 681 896 744 887 833 891 858 871 918 869 915 830 842 821 766 827 720 818"/></Shape>
	    <String CONTENT="1. Deus manifeſtatus eſt in carne."
                    HPOS="281"
                    VPOS="818"
                    WIDTH="637"
                    HEIGHT="78"></String>
          </TextLine>
        </TextBlock>
        <TextBlock HPOS="219"
                   VPOS="887"
                   WIDTH="812"
                   HEIGHT="394"
                   ID="block_7"
                   TAGREFS="BT1851">
          <Shape><Polygon POINTS="1031 887 1031 1281 219 1281 219 887"/></Shape>
          <TextLine ID="line_17"
                    TAGREFS="LT8"
                    BASELINE="316 924 1013 924" 
                    HPOS="314"
                    VPOS="887"
                    WIDTH="698"
                    HEIGHT="54">
            <Shape><Polygon POINTS="900 887 873 887 849 891 839 887 814 887 807 890 798 887 770 887 748 891 735 887 682 887 646 891 618 887 585 887 577 893 501 893 489 887 369 887 360 891 355 887 314 887 314 937 1010 941 1012 893 915 893 906 887 900 887"/></Shape>
	    <String CONTENT="Hoc eſt, Deus carnem aſſumpſit. Ioan.1."
                    HPOS="314"
                    VPOS="887"
                    WIDTH="698"
                    HEIGHT="54"></String>
          </TextLine>
          <TextLine ID="line_18"
                    TAGREFS="LT8"
                    BASELINE="225 974 1004 974" 
                    HPOS="225.0"
                    VPOS="933.0"
                    WIDTH="779.0"
                    HEIGHT="58.0">
            <Shape><Polygon POINTS="225 974 225 984 299 984 301 984 316 990 317 990 318 990 350 985 356 984 362 985 388 990 389 990 390 990 405 985 408 984 411 985 422 990 423 990 424 991 522 991 522 990 523 990 534 986 541 984 666 984 678 988 686 990 687 990 688 990 689 990 694 988 702 984 709 988 713 990 714 990 715 990 716 990 723 988 738 984 779 988 795 990 796 990 835 989 946 985 1003 990 1004 974 1003 940 966 941 962 939 949 933 948 933 947 933 910 939 896 942 882 942 879 939 873 934 872 934 871 934 870 934 869 934 868 934 861 939 857 942 786 942 778 939 764 933 763 933 674 933 673 933 649 938 636 940 625 938 606 933 605 933 542 933 541 933 540 933 539 933 534 937 527 942 499 942 488 937 479 933 478 933 477 933 476 933 466 937 455 941 443 937 436 934 435 934 434 934 418 937 391 941 225 936 225 974"/></Shape>
	    <String CONTENT="Deus caro factus eſt. In Chriſto, igitur duæ"
                    HPOS="225.0"
                    VPOS="933.0"
                    WIDTH="779.0"
                    HEIGHT="58.0"
                    WC="0.9782569841905073"></String>
          </TextLine>
          <TextLine ID="line_19"
                    TAGREFS="LT8"
                    BASELINE="226 1019 1009 1023" 
                    HPOS="225.0"
                    VPOS="981.0"
                    WIDTH="784.0"
                    HEIGHT="59.0">
            <Shape><Polygon POINTS="225 1029 238 1036 239 1036 240 1037 335 1037 335 1036 369 1030 386 1037 387 1037 388 1037 539 1031 669 1038 670 1038 671 1038 697 1032 740 1038 741 1038 742 1038 754 1033 764 1039 765 1039 766 1039 767 1039 824 1033 851 1040 852 1040 853 1040 1008 1033 1009 1023 1007 989 895 994 850 988 849 988 818 993 780 987 760 984 695 984 694 984 693 984 689 986 677 993 641 993 632 986 629 983 628 983 627 983 582 983 581 983 580 983 579 983 576 985 566 992 540 985 535 984 534 984 533 984 532 984 529 985 515 990 499 986 498 986 497 986 443 991 414 984 403 982 348 981 347 981 346 981 341 984 329 991 242 991 227 983 226 1019 225 1029"/></Shape>
	    <String CONTENT="vnitæ ſunt naturæ diuina &amp; humana in vna"
                    HPOS="225.0"
                    VPOS="981.0"
                    WIDTH="784.0"
                    HEIGHT="59.0"
                    WC="0.9993890926241875"></String>
          </TextLine>
          <TextLine ID="line_20"
                    TAGREFS="LT8"
                    BASELINE="225 1069 735 1068 1005 1073" 
                    HPOS="225.0"
                    VPOS="1030.0"
                    WIDTH="780.0"
                    HEIGHT="60.0">
            <Shape><Polygon POINTS="225 1069 225 1088 322 1081 337 1088 338 1088 339 1089 381 1089 381 1088 382 1088 404 1081 424 1088 425 1088 426 1088 427 1088 446 1081 542 1081 563 1087 564 1087 565 1087 597 1082 608 1088 610 1089 611 1089 612 1089 631 1088 713 1082 779 1083 785 1088 786 1089 787 1089 788 1089 789 1090 829 1090 829 1089 830 1089 833 1088 843 1083 860 1087 861 1087 862 1087 863 1087 864 1087 870 1082 894 1088 902 1089 903 1089 1004 1087 1005 1073 1005 1043 977 1035 976 1035 975 1035 974 1035 961 1040 948 1031 947 1031 946 1031 945 1031 887 1042 887 1043 846 1043 846 1042 835 1033 834 1033 833 1033 817 1033 816 1033 815 1033 814 1033 803 1042 784 1042 782 1042 767 1031 766 1031 765 1031 676 1031 675 1031 674 1031 633 1042 606 1030 605 1030 582 1030 581 1030 580 1030 579 1030 562 1041 516 1040 503 1030 502 1030 501 1030 501 1030 473 1035 446 1030 445 1030 444 1030 443 1030 425 1041 382 1036 381 1036 380 1036 379 1036 373 1042 328 1042 295 1030 294 1030 293 1030 292 1030 276 1038 260 1031 259 1031 258 1031 257 1031 225 1041 225 1069"/></Shape>
	    <String CONTENT="perſona:atque hanc hypotheſin qui negant,"
                    HPOS="225.0"
                    VPOS="1030.0"
                    WIDTH="780.0"
                    HEIGHT="60.0"
                    WC="0.9905924157398504"></String>
          </TextLine>
          <TextLine ID="line_21"
                    TAGREFS="LT8"
                    BASELINE="225 1120 710 1116 1013 1122" 
                    HPOS="224.0"
                    VPOS="1082.0"
                    WIDTH="789.0"
                    HEIGHT="57.0">
            <Shape><Polygon POINTS="225 1120 225 1139 307 1138 308 1138 322 1130 334 1138 335 1138 336 1138 337 1138 338 1138 361 1130 409 1138 410 1138 411 1138 428 1129 484 1129 500 1138 501 1138 501 1138 502 1138 503 1138 524 1129 564 1129 580 1137 581 1137 582 1137 583 1137 615 1129 770 1129 807 1137 817 1138 818 1138 819 1138 826 1136 839 1133 846 1136 850 1138 851 1138 852 1138 853 1138 854 1138 856 1136 863 1132 891 1136 907 1138 908 1138 1012 1135 1013 1122 1012 1090 984 1082 983 1082 982 1082 939 1091 901 1091 890 1082 889 1082 888 1082 864 1082 863 1082 862 1082 861 1082 850 1091 785 1091 771 1082 770 1082 769 1082 768 1082 737 1089 724 1082 723 1082 722 1082 721 1082 702 1090 643 1082 642 1082 574 1090 565 1084 564 1084 563 1084 562 1084 561 1084 541 1089 490 1082 489 1082 449 1090 327 1082 326 1082 325 1082 324 1082 311 1091 224 1091 225 1120"/></Shape>
	    <String CONTENT="principia pietatis conuellunt: ratio eſt, quia"
                    HPOS="224.0"
                    VPOS="1082.0"
                    WIDTH="789.0"
                    HEIGHT="57.0"
                    WC="0.9843170241169308"></String>
          </TextLine>
          <TextLine ID="line_22"
                    TAGREFS="LT8"
                    BASELINE="225 1169 622 1164 1011 1171" 
                    HPOS="224.0"
                    VPOS="1126.0"
                    WIDTH="787.0"
                    HEIGHT="61.0">
            <Shape><Polygon POINTS="225 1169 224 1179 293 1185 294 1185 295 1185 306 1180 309 1179 312 1180 322 1184 323 1184 324 1184 325 1184 341 1181 355 1177 363 1181 368 1183 369 1183 370 1183 371 1183 375 1181 386 1175 464 1175 476 1182 482 1185 483 1185 484 1185 485 1185 486 1185 487 1185 492 1182 502 1175 548 1175 556 1181 557 1181 558 1181 559 1181 595 1175 627 1184 629 1184 630 1184 631 1184 635 1184 680 1176 722 1184 723 1184 820 1180 829 1185 830 1186 831 1186 832 1186 833 1187 1010 1187 1011 1171 1011 1131 1000 1129 999 1129 998 1129 997 1129 995 1131 986 1138 916 1138 905 1131 900 1129 899 1129 898 1129 897 1129 892 1131 884 1136 878 1132 876 1129 875 1129 874 1129 873 1129 853 1132 820 1137 809 1132 804 1130 803 1130 802 1130 801 1130 795 1132 789 1135 786 1132 779 1127 778 1127 777 1127 744 1127 743 1127 742 1127 730 1133 720 1137 704 1133 694 1131 693 1131 692 1131 691 1131 689 1133 683 1138 649 1138 643 1133 634 1127 633 1127 632 1127 631 1127 630 1127 613 1131 587 1126 586 1126 585 1126 559 1134 552 1136 548 1134 538 1129 537 1129 421 1126 420 1126 385 1131 367 1126 366 1126 365 1126 364 1126 348 1134 324 1128 323 1128 322 1128 321 1128 302 1136 268 1136 262 1136 249 1129 248 1129 247 1129 246 1129 225 1136 225 1169"/></Shape>
	    <String CONTENT="Apoſtolo eſt ὁμολογούμενον : videãt ergo quid"
                    HPOS="224.0"
                    VPOS="1126.0"
                    WIDTH="787.0"
                    HEIGHT="61.0"></String>
          </TextLine>
          <TextLine ID="line_23"
                    TAGREFS="LT8"
                    BASELINE="222 1218 364 1213 625 1213 1012 1220" 
                    HPOS="221.0"
                    VPOS="1175.0"
                    WIDTH="791.0"
                    HEIGHT="68.0">
            <Shape><Polygon POINTS="222 1218 221 1227 242 1228 252 1237 253 1237 254 1237 255 1237 256 1237 289 1228 295 1226 302 1228 321 1234 322 1234 323 1234 324 1234 342 1228 343 1228 345 1228 362 1234 363 1234 364 1234 365 1234 366 1234 373 1228 376 1227 393 1228 466 1235 467 1235 523 1229 535 1228 540 1229 575 1240 576 1240 577 1240 621 1229 624 1229 626 1229 647 1240 648 1240 775 1242 776 1242 854 1240 855 1240 856 1240 868 1231 901 1241 902 1241 903 1241 904 1241 905 1241 917 1233 933 1242 934 1242 935 1243 973 1243 973 1242 974 1242 1011 1231 1012 1220 1011 1191 940 1186 939 1186 938 1186 927 1190 925 1191 922 1190 914 1186 913 1186 912 1186 911 1186 899 1190 894 1191 888 1190 864 1184 863 1184 823 1189 816 1190 811 1189 764 1178 763 1178 762 1178 711 1179 710 1179 672 1188 669 1189 668 1188 639 1177 638 1177 536 1176 535 1176 456 1187 454 1187 453 1187 417 1175 416 1175 415 1175 414 1175 386 1186 359 1176 358 1176 357 1176 304 1186 303 1186 296 1181 295 1181 294 1181 293 1181 292 1181 292 1181 284 1185 247 1181 246 1181 222 1185 222 1218"/></Shape>
	    <String CONTENT="agant Arriani, &amp; ſimiles qui hoc totum in"
                    HPOS="221.0"
                    VPOS="1175.0"
                    WIDTH="791.0"
                    HEIGHT="68.0"
                    WC="0.9966676991160323"></String>
          </TextLine>
          <TextLine ID="line_24"
                    TAGREFS="LT8"
                    BASELINE="231 1262 528 1262" 
                    HPOS="229"
                    VPOS="1219"
                    WIDTH="298"
                    HEIGHT="60">
            <Shape><Polygon POINTS="229 1279 527 1273 527 1260 527 1231 421 1231 408 1226 382 1219 380 1219 379 1219 377 1219 363 1225 351 1229 344 1224 338 1219 336 1219 335 1219 288 1219 287 1219 285 1219 276 1222 256 1229 231 1221 229 1260 229 1279"/></Shape>
	    <String CONTENT="dubium vocant."
                    HPOS="229"
                    VPOS="1219"
                    WIDTH="298"
                    HEIGHT="60"></String>
          </TextLine>
        </TextBlock>
        <TextBlock HPOS="248"
                   VPOS="1286"
                   WIDTH="493"
                   HEIGHT="57"
                   ID="block_2"
                   TAGREFS="BT1852">
          <Shape><Polygon POINTS="741 1286 741 1343 248 1339 248 1288"/></Shape>
          <TextLine ID="line_25"
                    TAGREFS="LT8"
                    BASELINE="289 1327 727 1327" 
                    HPOS="288"
                    VPOS="1287"
                    WIDTH="438"
                    HEIGHT="62">
            <Shape><Polygon POINTS="698 1287 585 1287 486 1291 476 1287 347 1287 288 1291 290 1349 313 1341 347 1348 364 1341 372 1349 402 1341 489 1341 503 1349 514 1348 528 1341 549 1349 726 1345 726 1291 698 1287"/></Shape>
	    <String CONTENT="3 Iuſtificatus in ſpiritu."
                    HPOS="288"
                    VPOS="1287"
                    WIDTH="438"
                    HEIGHT="62"></String>
          </TextLine>
        </TextBlock>
        <TextBlock HPOS="224"
                   VPOS="1339"
                   WIDTH="799"
                   HEIGHT="207"
                   ID="block_6"
                   TAGREFS="BT1851">
          <Shape><Polygon POINTS="1023 1339 1023 1546 224 1546 224 1339"/></Shape>
          <TextLine ID="line_26"
                    TAGREFS="LT8"
                    BASELINE="287 1375 1003 1381" 
                    HPOS="287.0"
                    VPOS="1333.0"
                    WIDTH="716.0"
                    HEIGHT="63.0">
            <Shape><Polygon POINTS="287 1375 287 1390 394 1387 415 1391 418 1392 418 1392 419 1392 431 1392 488 1388 495 1392 496 1392 497 1392 498 1392 508 1392 626 1389 666 1393 675 1394 676 1394 691 1393 751 1389 767 1394 771 1395 772 1395 773 1395 785 1394 820 1390 838 1394 841 1395 842 1395 843 1396 1003 1396 1003 1381 1002 1345 926 1347 921 1344 910 1338 909 1338 908 1338 907 1338 887 1344 880 1346 878 1344 873 1339 873 1338 872 1338 871 1338 850 1338 849 1338 848 1338 835 1344 829 1346 820 1344 794 1337 794 1337 793 1337 792 1337 769 1344 767 1344 766 1344 752 1336 752 1336 674 1336 673 1336 672 1336 657 1343 654 1344 649 1343 625 1338 624 1338 574 1343 558 1344 553 1343 527 1334 526 1334 525 1334 524 1334 523 1334 509 1342 508 1343 504 1342 462 1334 461 1334 460 1334 438 1342 420 1334 419 1334 418 1334 418 1334 400 1342 399 1343 353 1343 351 1342 337 1333 336 1333 335 1333 334 1333 287 1341 287 1375"/></Shape>
	    <String CONTENT="Hoc eſt, Chriſtus Dei filius homo factus"
                    HPOS="287.0"
                    VPOS="1333.0"
                    WIDTH="716.0"
                    HEIGHT="63.0"
                    WC="0.9792933240532875"></String>
          </TextLine>
          <TextLine ID="line_27"
                    TAGREFS="LT8"
                    BASELINE="223 1425 1003 1430" 
                    HPOS="222.0"
                    VPOS="1386.0"
                    WIDTH="781.0"
                    HEIGHT="62.0">
            <Shape><Polygon POINTS="223 1425 222 1438 279 1437 288 1440 296 1444 297 1444 298 1444 333 1441 353 1439 366 1441 381 1444 382 1444 383 1444 384 1444 387 1441 393 1438 419 1438 480 1442 504 1444 505 1444 506 1444 509 1443 519 1439 635 1439 673 1445 691 1447 692 1447 718 1445 782 1440 834 1446 848 1448 849 1448 871 1447 954 1441 964 1446 965 1446 966 1446 967 1446 968 1446 975 1441 1001 1448 1003 1430 1003 1402 961 1400 928 1389 927 1389 926 1389 925 1389 896 1399 867 1389 866 1389 865 1389 864 1389 844 1399 825 1398 812 1389 811 1389 810 1389 766 1389 765 1389 764 1389 763 1389 749 1400 702 1400 678 1388 677 1388 676 1388 675 1388 644 1399 569 1399 536 1387 535 1387 534 1387 533 1387 500 1398 478 1398 462 1387 461 1387 460 1387 426 1387 425 1387 424 1387 394 1396 380 1386 379 1386 378 1386 377 1386 376 1386 352 1394 338 1386 337 1386 336 1386 335 1386 334 1386 312 1393 297 1386 296 1386 273 1386 272 1386 271 1386 270 1386 254 1397 223 1397 223 1425"/></Shape>
	    <String CONTENT="iuſtitiæ laudem obtinuit, quòd ſit pura &amp; i¬"
                    HPOS="222.0"
                    VPOS="1386.0"
                    WIDTH="781.0"
                    HEIGHT="62.0"></String>
          </TextLine>
          <TextLine ID="line_28"
                    TAGREFS="LT8"
                    BASELINE="224 1474 1008 1479" 
                    HPOS="223.0"
                    VPOS="1434.0"
                    WIDTH="785.0"
                    HEIGHT="65.0">
            <Shape><Polygon POINTS="223 1488 300 1494 301 1494 302 1494 303 1494 309 1490 313 1487 344 1486 357 1490 363 1492 364 1492 365 1492 366 1492 367 1492 369 1490 375 1487 418 1487 448 1491 472 1495 473 1495 474 1495 486 1492 502 1487 514 1492 515 1492 516 1492 517 1492 518 1492 526 1487 598 1493 600 1493 601 1493 603 1493 670 1488 690 1494 698 1497 699 1497 700 1497 740 1495 851 1489 870 1497 874 1498 875 1498 876 1499 942 1499 942 1498 943 1498 944 1498 953 1493 1006 1498 1008 1479 1007 1450 985 1450 984 1449 973 1441 972 1441 971 1441 970 1441 969 1441 958 1447 948 1439 947 1439 946 1439 945 1439 916 1446 901 1439 900 1439 899 1439 898 1439 897 1439 886 1447 882 1449 795 1449 786 1445 769 1440 768 1440 767 1440 766 1440 755 1445 749 1448 696 1448 638 1444 636 1442 628 1437 627 1437 627 1437 626 1437 593 1441 554 1447 544 1440 540 1436 539 1436 538 1436 537 1436 536 1436 525 1440 518 1443 512 1440 506 1437 505 1437 504 1437 489 1439 450 1446 435 1438 430 1436 429 1436 428 1436 410 1438 387 1440 383 1437 380 1435 379 1435 378 1435 303 1435 302 1435 301 1435 299 1436 285 1443 273 1435 272 1435 271 1435 270 1435 267 1435 235 1440 226 1434 224 1474 223 1488"/></Shape>
	    <String CONTENT="donea hoſtia pro hominum peccatis delen¬"
                    HPOS="223.0"
                    VPOS="1434.0"
                    WIDTH="785.0"
                    HEIGHT="65.0"
                    WC="0.9868872761726379"></String>
          </TextLine>
          <TextLine ID="line_29"
                    TAGREFS="LT8"
                    BASELINE="226 1524 1009 1528" 
                    HPOS="225.0"
                    VPOS="1483.0"
                    WIDTH="784.0"
                    HEIGHT="80.0">
            <Shape><Polygon POINTS="226 1524 225 1556 305 1560 306 1560 307 1560 318 1556 331 1551 348 1555 364 1560 365 1560 366 1560 367 1560 384 1555 411 1548 425 1554 426 1554 427 1554 428 1554 444 1549 459 1554 471 1559 472 1559 473 1559 474 1559 475 1559 482 1554 484 1553 495 1554 522 1556 523 1556 544 1553 589 1548 598 1553 599 1554 600 1554 601 1554 602 1554 603 1554 608 1553 616 1551 628 1552 674 1562 675 1563 799 1563 799 1562 800 1562 834 1551 838 1550 851 1551 919 1558 919 1558 920 1558 944 1550 946 1550 1008 1550 1009 1528 1008 1498 889 1498 888 1497 865 1486 864 1486 863 1486 816 1496 795 1490 794 1490 794 1490 760 1496 758 1496 746 1489 745 1489 744 1489 710 1496 708 1496 705 1496 669 1485 668 1485 636 1485 635 1485 634 1485 633 1485 624 1491 607 1484 606 1484 605 1484 604 1484 581 1495 580 1496 543 1496 541 1495 525 1486 524 1486 490 1484 489 1484 488 1484 487 1484 471 1494 469 1496 422 1496 419 1494 399 1483 398 1483 306 1483 305 1483 304 1483 285 1490 251 1483 250 1483 250 1483 226 1492 226 1524"/></Shape>
	    <String CONTENT="dis, iuſtificatus dicitur abſolutus, &amp; liber pro¬"
                    HPOS="225.0"
                    VPOS="1483.0"
                    WIDTH="784.0"
                    HEIGHT="80.0"
                    WC="0.9887028446002882"></String>
          </TextLine>
        </TextBlock>
        <TextBlock HPOS="860"
                   VPOS="1549"
                   WIDTH="161"
                   HEIGHT="45"
                   ID="block_1"
                   TAGREFS="BT17">
          <Shape><Polygon POINTS="1021 1549 1021 1594 860 1594 860 1549"/></Shape>
          <TextLine ID="line_30"
                    TAGREFS="LT8"
                    BASELINE="855 1578 1012 1576" 
                    HPOS="854.0"
                    VPOS="1546.0"
                    WIDTH="158.0"
                    HEIGHT="69.0">
            <Shape><Polygon POINTS="855 1578 855 1601 892 1599 908 1604 909 1604 910 1604 911 1604 926 1599 942 1609 949 1614 950 1614 951 1614 952 1615 1012 1615 1012 1576 1010 1552 940 1546 939 1546 938 1546 919 1552 867 1547 866 1547 865 1547 854 1552 855 1578"/></Shape>
	    <String CONTENT="nuntia¬"
                    HPOS="854.0"
                    VPOS="1546.0"
                    WIDTH="158.0"
                    HEIGHT="69.0"
                    WC="0.9999088219233921"></String>
          </TextLine>
        </TextBlock>
      </PrintSpace>
    </Page>
  </Layout>
</alto>
