<?xml version="1.0" encoding="UTF-8"?>
<alto xmlns:xsi="http://www.w3.org/2001/XMLSchema-instance"
      xmlns="http://www.loc.gov/standards/alto/ns-v4#"
      xsi:schemaLocation="http://www.loc.gov/standards/alto/ns-v4# http://www.loc.gov/standards/alto/v4/alto-4-2.xsd">
  <Description>
    <MeasurementUnit>pixel</MeasurementUnit>
    <sourceImageInformation>
      <fileName>bsb10313792_00086.jpg</fileName>
    </sourceImageInformation>
  </Description>
  <Tags>
    <OtherTag ID="BT7" LABEL="CustomZone" DESCRIPTION="block type CustomZone"/><OtherTag ID="BT8" LABEL="DamageZone" DESCRIPTION="block type DamageZone"/><OtherTag ID="BT9" LABEL="DigitizationArtefactZone" DESCRIPTION="block type DigitizationArtefactZone"/><OtherTag ID="BT10" LABEL="DropCapitalZone" DESCRIPTION="block type DropCapitalZone"/><OtherTag ID="BT11" LABEL="GraphicZone" DESCRIPTION="block type GraphicZone"/><OtherTag ID="BT12" LABEL="MainZone" DESCRIPTION="block type MainZone"/><OtherTag ID="BT13" LABEL="MarginTextZone" DESCRIPTION="block type MarginTextZone"/><OtherTag ID="BT14" LABEL="MusicZone" DESCRIPTION="block type MusicZone"/><OtherTag ID="BT15" LABEL="NumberingZone" DESCRIPTION="block type NumberingZone"/><OtherTag ID="BT17" LABEL="QuireMarksZone" DESCRIPTION="block type QuireMarksZone"/><OtherTag ID="BT18" LABEL="RunningTitleZone" DESCRIPTION="block type RunningTitleZone"/><OtherTag ID="BT19" LABEL="SealZone" DESCRIPTION="block type SealZone"/><OtherTag ID="BT20" LABEL="StampZone" DESCRIPTION="block type StampZone"/><OtherTag ID="BT21" LABEL="TableZone" DESCRIPTION="block type TableZone"/><OtherTag ID="BT22" LABEL="TitlePageZone" DESCRIPTION="block type TitlePageZone"/><OtherTag ID="BT1851" LABEL="MainZone-P" DESCRIPTION="block type MainZone-P"/><OtherTag ID="BT1852" LABEL="MainZone-Head" DESCRIPTION="block type MainZone-Head"/><OtherTag ID="BT1853" LABEL="MainZone-P-Continued" DESCRIPTION="block type MainZone-P-Continued"/><OtherTag ID="BT1854" LABEL="MarginTextZone-ManuscriptAddendum" DESCRIPTION="block type MarginTextZone-ManuscriptAddendum"/><OtherTag ID="BT1855" LABEL="text" DESCRIPTION="block type text"/><OtherTag ID="BT1856" LABEL="MainZone-Entry" DESCRIPTION="block type MainZone-Entry"/><OtherTag ID="BT1857" LABEL="MainZone-Entry-Continued" DESCRIPTION="block type MainZone-Entry-Continued"/><OtherTag ID="BT1877" LABEL="GraphicZone-Decoration" DESCRIPTION="block type GraphicZone-Decoration"/><OtherTag ID="BT1894" LABEL="MainZone-Other" DESCRIPTION="block type MainZone-Other"/>
    <OtherTag ID="LT7" LABEL="CustomLine" DESCRIPTION="line type CustomLine"/><OtherTag ID="LT8" LABEL="DefaultLine" DESCRIPTION="line type DefaultLine"/><OtherTag ID="LT9" LABEL="DropCapitalLine" DESCRIPTION="line type DropCapitalLine"/><OtherTag ID="LT10" LABEL="HeadingLine" DESCRIPTION="line type HeadingLine"/><OtherTag ID="LT11" LABEL="InterlinearLine" DESCRIPTION="line type InterlinearLine"/><OtherTag ID="LT12" LABEL="MusicLine" DESCRIPTION="line type MusicLine"/><OtherTag ID="LT636" LABEL="default" DESCRIPTION="line type default"/>
  </Tags>
  <Layout>
    <Page WIDTH="1089"
          HEIGHT="1753"
          PHYSICAL_IMG_NR="70"
          ID="eSc_dummypage_">
      <PrintSpace HPOS="0"
                  VPOS="0"
                  WIDTH="1089"
                  HEIGHT="1753">
        <TextBlock HPOS="207"
                   VPOS="69"
                   WIDTH="68"
                   HEIGHT="43"
                   ID="eSc_textblock_e5cc1609"
                   TAGREFS="BT15">
          <Shape><Polygon POINTS="207 69 207 112 275 112 275 69"/></Shape>
          <TextLine ID="line_0"
                    TAGREFS="LT8"
                    BASELINE="224 105 262 103" 
                    HPOS="222"
                    VPOS="69"
                    WIDTH="40"
                    HEIGHT="47">
            <Shape><Polygon POINTS="251 72 241 72 231 72 228 72 222 74 224 105 224 116 262 111 262 103 261 73 251 69 251 72"/></Shape>
	    <String CONTENT="78"
                    HPOS="222"
                    VPOS="69"
                    WIDTH="40"
                    HEIGHT="47"></String>
          </TextLine>
        </TextBlock>
        <TextBlock HPOS="390"
                   VPOS="48"
                   WIDTH="482"
                   HEIGHT="62"
                   ID="eSc_textblock_09d8ea5f"
                   TAGREFS="BT18">
          <Shape><Polygon POINTS="390 48 390 110 872 110 872 48"/></Shape>
          <TextLine ID="line_1"
                    TAGREFS="LT10"
                    BASELINE="403 98 854 98" 
                    HPOS="403"
                    VPOS="60"
                    WIDTH="451"
                    HEIGHT="53">
            <Shape><Polygon POINTS="822 64 812 64 802 64 792 64 783 64 773 64 763 64 753 64 744 64 734 64 724 64 714 64 705 64 695 64 685 64 675 64 666 64 656 64 646 64 637 64 627 64 617 64 607 64 598 64 588 64 578 64 568 64 559 64 549 64 539 64 529 64 520 64 510 64 500 64 491 64 403 64 403 98 404 113 427 108 450 108 455 112 455 113 456 113 457 113 458 113 459 113 491 108 518 113 519 113 520 113 521 113 532 108 544 113 545 113 546 113 547 113 548 113 559 108 582 108 589 113 590 113 591 113 592 113 594 113 643 108 666 113 667 113 668 113 669 113 704 108 743 112 744 112 840 109 852 113 854 98 853 60 831 60 831 62"/></Shape>
	    <String CONTENT="COMMENTARII"
                    HPOS="403"
                    VPOS="60"
                    WIDTH="451"
                    HEIGHT="53"
                    WC="0.9994061047380621"></String>
          </TextLine>
        </TextBlock>
        <TextBlock HPOS="189"
                   VPOS="122"
                   WIDTH="828"
                   HEIGHT="984"
                   ID="eSc_textblock_9934f528"
                   TAGREFS="BT1853">
          <Shape><Polygon POINTS="189 122 189 1106 1017 1106 1017 122"/></Shape>
          <TextLine ID="line_2"
                    TAGREFS="LT8"
                    BASELINE="213 161 409 157 1005 158" 
                    HPOS="212"
                    VPOS="119"
                    WIDTH="793"
                    HEIGHT="55">
            <Shape><Polygon POINTS="835 119 826 119 816 119 809 119 799 127 743 127 727 119 718 119 709 119 705 119 683 127 650 127 626 119 621 119 611 119 601 119 592 119 582 119 572 119 565 119 562 121 542 119 533 119 524 119 514 119 504 119 494 119 487 119 473 123 465 119 455 119 446 119 436 119 433 119 421 121 415 119 407 119 397 119 393 119 370 125 356 119 348 119 338 119 333 119 322 123 312 119 309 119 300 119 292 126 262 121 212 127 213 161 213 174 342 174 342 173 346 173 372 167 580 167 590 171 594 173 595 173 596 173 597 173 604 171 619 167 696 170 755 173 756 173 1005 168 1005 158 1004 127 944 120 943 120 942 120 927 127 876 127 852 119 845 119"/></Shape>
	    <String CONTENT="omnis Eccleſiæ Chriſti miniſter gubernatio¬"
                    HPOS="212"
                    VPOS="119"
                    WIDTH="793"
                    HEIGHT="55"
                    WC="0.9904480701269105"></String>
          </TextLine>
          <TextLine ID="line_3"
                    TAGREFS="LT8"
                    BASELINE="211 210 454 206 1002 208" 
                    HPOS="211"
                    VPOS="167"
                    WIDTH="791"
                    HEIGHT="56">
            <Shape><Polygon POINTS="211 223 287 223 288 223 308 216 361 223 366 223 367 223 368 223 369 223 389 216 571 216 584 222 588 223 589 223 590 223 600 222 632 216 666 216 672 221 674 223 675 223 676 223 688 221 713 216 723 221 726 222 727 222 728 222 735 221 754 216 762 221 765 223 766 223 767 223 768 223 844 223 845 223 856 220 873 216 900 220 921 223 922 223 923 223 936 220 946 217 952 220 957 222 958 222 959 222 1001 219 1002 208 1001 178 967 178 947 168 946 168 945 168 877 177 805 169 804 169 803 169 802 169 790 178 744 178 726 167 725 167 724 167 665 167 664 167 663 167 649 173 600 168 599 168 598 168 590 174 581 167 580 167 579 167 530 167 529 167 430 177 398 167 397 167 396 167 395 167 394 167 384 174 324 177 307 167 306 167 305 167 282 167 281 167 280 167 279 167 265 178 211 178 211 210"/></Shape>
	    <String CONTENT="nis formulã non niſi hinc debet petere. Pe¬"
                    HPOS="211"
                    VPOS="167"
                    WIDTH="791"
                    HEIGHT="56"
                    WC="0.9927408979697661"></String>
          </TextLine>
          <TextLine ID="line_4"
                    TAGREFS="LT8"
                    BASELINE="212 259 998 255" 
                    HPOS="211"
                    VPOS="215"
                    WIDTH="787"
                    HEIGHT="58">
            <Shape><Polygon POINTS="212 259 212 267 276 273 277 273 278 273 279 273 287 268 346 272 347 272 348 272 366 267 370 267 373 267 394 273 395 273 396 273 397 273 408 267 412 266 445 266 449 267 456 273 457 273 458 273 459 273 494 268 503 272 504 272 505 272 506 272 515 267 518 266 531 267 562 271 563 271 580 267 588 266 592 267 600 272 601 272 602 272 603 272 614 267 621 265 722 265 733 267 751 272 751 272 752 272 783 267 795 266 877 266 880 267 884 271 885 271 886 271 887 271 997 267 998 255 996 225 962 225 946 215 945 215 944 215 860 215 859 215 858 215 857 215 845 223 808 215 807 215 806 215 805 215 790 225 642 216 641 216 640 216 622 223 570 217 569 217 568 217 567 217 553 227 471 227 455 219 454 219 453 219 452 219 433 226 391 226 365 218 364 218 363 218 299 225 258 218 257 218 256 218 237 227 211 228 212 259"/></Shape>
	    <String CONTENT="tantur hinc argumenta ſuaſoria ad diligen¬"
                    HPOS="211"
                    VPOS="215"
                    WIDTH="787"
                    HEIGHT="58"
                    WC="0.9942187297911871"></String>
          </TextLine>
          <TextLine ID="line_5"
                    TAGREFS="LT8"
                    BASELINE="209 307 504 303 1003 306" 
                    HPOS="208"
                    VPOS="266"
                    WIDTH="795"
                    HEIGHT="60">
            <Shape><Polygon POINTS="209 307 208 313 266 325 267 326 334 326 334 325 335 325 336 325 348 316 350 315 377 316 558 325 559 325 560 325 576 319 591 314 672 314 703 320 704 320 705 320 721 314 841 314 863 323 867 325 868 325 869 325 870 325 875 324 891 319 906 324 910 325 911 325 912 325 913 325 916 324 931 319 1001 325 1003 306 1002 277 955 277 954 276 941 266 940 266 939 266 938 266 938 266 907 276 905 276 895 276 840 273 826 266 826 266 798 266 797 266 796 266 795 266 787 273 778 269 777 269 776 269 775 269 774 269 765 275 763 277 708 277 704 275 690 266 689 266 688 266 621 266 620 266 619 266 618 266 607 274 605 274 582 271 581 271 580 271 579 271 575 274 571 276 456 275 454 273 444 266 443 266 442 266 441 266 359 267 358 267 343 272 339 274 337 272 330 268 329 268 328 268 327 268 326 268 325 268 319 272 313 276 251 276 244 272 232 266 231 266 230 266 209 271 209 307"/></Shape>
	    <String CONTENT="tiam: primùm, quia verſantur in domo Dei,"
                    HPOS="208"
                    VPOS="266"
                    WIDTH="795"
                    HEIGHT="60"
                    WC="0.9985349036398388"></String>
          </TextLine>
          <TextLine ID="line_6"
                    TAGREFS="LT8"
                    BASELINE="208 357 993 352" 
                    HPOS="207"
                    VPOS="313"
                    WIDTH="786"
                    HEIGHT="59">
            <Shape><Polygon POINTS="976 342 971 322 903 322 901 322 888 314 887 314 886 314 885 314 875 318 853 313 852 313 851 313 829 322 826 323 824 322 801 313 800 313 799 313 798 313 797 313 783 322 782 323 780 322 765 313 764 313 763 313 762 313 761 313 739 319 724 313 723 313 678 313 677 313 624 323 614 325 570 325 568 323 563 318 562 318 561 318 560 318 559 318 548 323 545 325 497 325 490 323 466 315 465 315 435 315 434 315 433 315 415 323 411 325 403 323 372 315 371 315 370 315 369 315 342 323 339 324 337 323 314 316 313 316 312 316 311 316 294 324 289 326 283 324 277 321 276 321 275 321 274 321 265 324 258 326 250 324 225 316 225 316 224 316 223 316 207 322 208 357 208 365 228 372 229 372 230 372 231 372 247 365 248 365 258 365 351 372 352 372 353 372 354 372 363 365 366 364 452 364 454 365 466 371 467 371 468 371 506 365 522 363 543 365 573 368 574 368 592 365 602 363 605 365 611 370 612 370 613 370 614 370 644 365 651 364 656 365 668 368 669 368 670 368 671 368 672 368 675 365 681 362 713 362 717 365 722 369 723 369 724 369 725 370 835 370 835 369 836 369 851 365 862 362 874 365 891 368 892 368 992 364 993 352 990 322 981 322 976 342"/></Shape>
	    <String CONTENT="hoc eſt, ſunt œconomi in Eccleſia Dei. Quan¬"
                    HPOS="207"
                    VPOS="313"
                    WIDTH="786"
                    HEIGHT="59"
                    WC="0.9971266808834943"></String>
          </TextLine>
          <TextLine ID="line_7"
                    TAGREFS="LT8"
                    BASELINE="210 406 986 399" 
                    HPOS="209"
                    VPOS="359"
                    WIDTH="777"
                    HEIGHT="64">
            <Shape><Polygon POINTS="978 392 972 367 961 364 960 364 959 364 958 364 937 371 919 371 859 371 858 371 840 362 839 362 838 362 837 362 806 371 804 372 766 372 764 371 723 360 722 360 721 360 720 360 707 364 672 359 671 359 670 359 638 371 633 372 611 371 606 371 592 360 591 360 590 360 589 360 412 362 411 362 386 371 378 373 351 371 334 370 333 370 332 370 328 371 317 376 290 376 273 372 243 363 242 363 241 363 240 363 209 371 210 406 210 414 319 423 320 423 404 414 413 413 421 414 471 421 472 421 473 421 474 421 486 413 488 411 570 411 574 413 588 420 589 420 590 420 635 413 653 410 666 413 680 416 681 416 699 413 706 419 707 419 708 419 709 419 710 419 725 412 729 411 744 412 791 418 792 418 793 418 806 412 808 411 811 412 823 418 824 418 825 418 858 412 864 411 869 412 885 416 886 416 887 416 985 411 986 399 985 371 981 370 978 392"/></Shape>
	    <String CONTENT="tò qui præeſt domui præſtãtiori, tantò vi¬"
                    HPOS="209"
                    VPOS="359"
                    WIDTH="777"
                    HEIGHT="64"
                    WC="0.9769063313802083"></String>
          </TextLine>
          <TextLine ID="line_8"
                    TAGREFS="LT8"
                    BASELINE="210 454 988 450" 
                    HPOS="209"
                    VPOS="409"
                    WIDTH="779"
                    HEIGHT="61">
            <Shape><Polygon POINTS="978 437 972 412 959 410 958 410 957 410 907 417 899 418 895 417 870 409 869 409 868 409 833 413 810 409 809 409 808 409 807 409 796 417 795 418 794 417 780 410 779 410 719 410 718 410 717 410 716 410 705 418 702 420 680 420 677 418 667 410 666 410 665 410 640 410 639 410 638 410 622 418 619 420 598 420 590 418 563 410 563 410 515 410 514 410 513 410 512 410 501 418 498 420 451 420 450 419 437 410 436 410 435 410 434 410 378 411 377 411 376 411 366 419 362 422 270 422 267 419 261 414 260 414 259 414 258 414 209 419 210 454 210 470 309 463 338 469 339 469 340 469 341 469 342 469 351 462 398 469 403 469 404 469 405 469 406 469 424 461 544 462 555 467 557 468 558 468 559 468 566 467 619 460 677 465 678 465 679 465 695 460 703 466 704 466 705 466 706 466 711 466 770 460 782 465 786 467 787 467 788 467 807 465 861 459 869 465 871 466 872 466 873 466 874 466 987 463 988 450 987 417 980 415 978 437"/></Shape>
	    <String CONTENT="gilantior debet eſſe in officio: ſed hi ſunt in"
                    HPOS="209"
                    VPOS="409"
                    WIDTH="779"
                    HEIGHT="61"
                    WC="0.9971490603812198"></String>
          </TextLine>
          <TextLine ID="line_9"
                    TAGREFS="LT8"
                    BASELINE="211 504 463 499 992 502" 
                    HPOS="211"
                    VPOS="459"
                    WIDTH="781"
                    HEIGHT="60">
            <Shape><Polygon POINTS="211 504 211 519 298 519 298 518 299 518 300 518 307 512 316 518 317 518 318 518 319 518 351 513 387 518 388 518 389 518 414 511 464 518 465 518 466 518 482 510 499 518 500 518 501 519 542 519 542 518 543 518 544 518 555 511 577 516 578 516 579 516 580 516 589 510 715 510 734 518 735 518 736 518 737 518 765 510 822 518 823 518 824 519 865 519 865 518 866 518 884 511 895 515 896 515 897 515 898 515 899 515 904 510 939 516 940 516 941 516 959 510 989 518 992 502 991 467 968 461 967 461 966 461 953 467 946 470 936 467 926 464 925 464 924 464 923 464 922 464 918 467 912 472 729 472 725 468 713 459 713 459 712 459 578 459 577 459 576 459 575 459 568 465 540 459 539 459 538 459 512 470 507 471 499 470 466 463 465 463 428 470 422 471 420 470 397 459 396 459 300 459 299 459 298 459 273 471 211 471 211 504"/></Shape>
	    <String CONTENT="præſtãtiſsima, vtpote Dei domo œconomi,"
                    HPOS="211"
                    VPOS="459"
                    WIDTH="781"
                    HEIGHT="60"
                    WC="0.9967059075832367"></String>
          </TextLine>
          <TextLine ID="line_10"
                    TAGREFS="LT8"
                    BASELINE="210 552 539 548 997 550" 
                    HPOS="209"
                    VPOS="510"
                    WIDTH="788"
                    HEIGHT="57">
            <Shape><Polygon POINTS="210 552 211 567 231 562 313 566 314 566 315 566 316 566 327 559 384 563 385 563 582 559 592 564 593 564 594 564 595 564 628 559 645 565 646 565 647 565 691 559 723 566 725 566 726 567 816 567 816 566 817 566 818 566 830 559 850 559 893 565 894 565 930 560 937 565 938 565 938 565 939 565 940 565 953 560 995 565 997 550 996 520 882 520 882 519 853 510 852 510 851 510 850 510 832 519 794 510 767 510 766 510 765 510 764 510 750 519 731 512 730 512 729 512 690 519 689 519 676 510 675 510 675 510 624 510 623 510 622 510 621 510 608 519 607 520 588 520 587 519 575 510 574 510 573 510 572 510 481 519 475 519 472 519 425 510 394 510 393 510 392 510 391 510 379 519 378 519 366 519 344 518 334 510 333 510 332 510 331 510 330 510 306 518 266 513 265 513 209 518 210 552"/></Shape>
	    <String CONTENT="Ergo, &amp;c. Domus Dei dicitur, quia continet"
                    HPOS="209"
                    VPOS="510"
                    WIDTH="788"
                    HEIGHT="57"
                    WC="0.9843993811380296"></String>
          </TextLine>
          <TextLine ID="line_11"
                    TAGREFS="LT8"
                    BASELINE="207 598 996 600" 
                    HPOS="206"
                    VPOS="555"
                    WIDTH="790"
                    HEIGHT="61">
            <Shape><Polygon POINTS="206 607 247 614 248 614 406 609 431 615 432 615 433 615 434 615 454 609 520 614 521 614 585 609 589 609 591 609 630 616 631 616 658 610 692 616 693 616 767 611 775 615 776 615 777 615 778 615 779 615 787 610 817 616 818 616 857 610 860 610 866 610 956 616 957 616 958 616 959 616 967 610 969 610 994 610 996 600 995 560 979 559 978 559 977 559 974 559 953 569 875 569 864 561 863 561 863 561 862 561 834 562 825 559 819 557 818 557 817 557 816 557 809 559 783 568 740 568 720 559 717 557 716 557 618 557 617 557 616 557 614 558 595 567 575 559 574 559 573 559 572 559 548 566 524 557 523 557 522 557 521 557 514 557 448 561 420 556 416 556 415 556 414 556 413 556 399 567 375 567 328 556 327 556 326 556 325 556 301 568 256 568 232 556 231 556 230 556 229 556 228 556 221 560 208 555 207 598 206 607"/></Shape>
	    <String CONTENT="domeſticos Dei, hoc eſt, electos &amp; pios, qui"
                    HPOS="206"
                    VPOS="555"
                    WIDTH="790"
                    HEIGHT="61"
                    WC="0.9980105608701706"></String>
          </TextLine>
          <TextLine ID="line_12"
                    TAGREFS="LT8"
                    BASELINE="210 650 452 646 994 649" 
                    HPOS="210"
                    VPOS="607"
                    WIDTH="784"
                    HEIGHT="57">
            <Shape><Polygon POINTS="210 650 210 663 301 657 350 663 351 663 378 657 405 663 406 663 452 657 470 663 472 664 473 664 474 664 482 663 527 658 598 663 599 663 650 658 658 663 658 664 659 664 660 664 661 664 662 664 664 663 682 658 735 658 751 663 753 664 754 664 755 664 756 664 759 663 779 658 816 663 823 664 824 664 827 663 852 658 901 663 910 664 911 664 918 663 960 658 992 663 994 649 993 616 965 613 964 613 963 613 956 616 949 619 941 616 933 612 932 612 931 612 930 612 916 616 904 619 897 616 879 608 878 608 877 608 828 614 819 608 818 608 817 608 766 608 765 608 764 608 740 616 731 619 707 617 679 614 678 614 656 617 639 619 636 617 624 608 623 608 622 608 563 608 563 608 562 608 561 608 554 613 533 609 532 609 531 609 530 609 518 617 515 619 505 617 481 613 480 613 479 613 463 618 458 619 456 618 444 608 443 608 442 608 441 608 440 608 417 618 415 618 413 618 388 613 387 613 386 613 373 618 372 618 366 613 365 613 364 613 363 613 326 618 325 618 324 618 311 608 310 608 309 608 283 607 282 607 281 607 259 618 259 619 210 619 210 650"/></Shape>
	    <String CONTENT="profitentur veram doctrinam. Hos omnes"
                    HPOS="210"
                    VPOS="607"
                    WIDTH="784"
                    HEIGHT="57"
                    WC="0.9998217178018469"></String>
          </TextLine>
          <TextLine ID="line_13"
                    TAGREFS="LT8"
                    BASELINE="206 697 993 699" 
                    HPOS="205"
                    VPOS="655"
                    WIDTH="788"
                    HEIGHT="61">
            <Shape><Polygon POINTS="206 697 205 707 227 714 228 714 229 714 286 709 296 714 297 714 298 714 299 714 300 714 307 708 332 714 333 714 334 714 335 714 349 708 350 708 367 714 368 714 369 714 370 714 388 708 391 708 460 708 464 709 473 714 474 714 475 714 515 710 536 708 541 710 549 714 550 714 551 714 552 714 559 710 564 708 599 708 610 711 624 715 625 715 626 715 662 712 681 710 689 712 700 715 701 715 702 715 703 715 712 712 722 709 737 713 749 715 750 715 761 713 778 709 789 713 795 715 796 715 797 715 798 715 804 713 818 709 842 709 850 714 851 715 852 715 853 715 854 716 992 716 993 699 992 664 897 660 896 660 864 664 850 665 840 664 803 656 802 656 801 656 780 664 775 665 770 664 746 656 745 656 744 656 656 660 537 655 536 655 499 664 495 665 451 665 450 664 444 659 443 659 442 659 441 659 387 664 377 664 373 664 328 655 327 655 326 655 303 664 302 664 301 664 290 655 289 655 288 655 287 655 286 655 285 655 273 664 271 664 206 664 206 697"/></Shape>
	    <String CONTENT="cõplectitur vniuerſalis Eccleſia, cuius particu"
                    HPOS="205"
                    VPOS="655"
                    WIDTH="788"
                    HEIGHT="61"
                    WC="0.995476420968771"></String>
          </TextLine>
          <TextLine ID="line_14"
                    TAGREFS="LT8"
                    BASELINE="205 748 504 745 991 746" 
                    HPOS="204"
                    VPOS="705"
                    WIDTH="787"
                    HEIGHT="60">
            <Shape><Polygon POINTS="205 748 205 765 245 758 323 758 334 765 335 765 336 765 337 765 344 765 451 758 478 764 482 765 483 765 491 764 538 759 568 764 576 765 577 765 578 765 579 765 580 764 589 758 760 758 769 763 771 765 772 765 773 765 774 765 775 765 783 763 799 759 809 763 814 765 815 765 816 765 837 763 877 759 883 763 886 765 887 765 888 765 889 765 890 765 896 763 906 759 914 763 919 765 920 765 921 765 991 762 991 746 990 716 861 716 857 714 831 705 830 705 829 705 779 713 778 713 764 705 763 705 762 705 732 705 731 705 730 705 710 712 707 713 696 712 621 705 620 705 584 709 574 705 573 705 504 705 503 705 502 705 501 705 492 710 485 715 464 710 461 709 460 709 459 709 455 709 441 713 432 709 421 705 420 705 366 705 365 705 364 705 349 708 325 715 297 708 283 705 282 705 281 705 280 705 274 708 261 715 204 708 205 748"/></Shape>
	    <String CONTENT="læ ſunt priuatæ Eccleſiæ, vt ſingulares cœ¬"
                    HPOS="204"
                    VPOS="705"
                    WIDTH="787"
                    HEIGHT="60"
                    WC="0.9899256049200545"></String>
          </TextLine>
          <TextLine ID="line_15"
                    TAGREFS="LT8"
                    BASELINE="205 796 823 793 988 797" 
                    HPOS="204"
                    VPOS="755"
                    WIDTH="784"
                    HEIGHT="59">
            <Shape><Polygon POINTS="205 796 205 808 233 814 234 814 262 808 265 808 355 808 357 808 365 814 366 814 367 814 368 814 419 808 427 808 428 808 435 813 436 813 437 813 438 813 523 808 556 807 592 807 596 808 602 813 603 813 604 813 605 813 637 808 649 807 709 807 713 808 727 813 728 813 729 813 987 808 988 797 987 764 933 764 918 757 917 757 916 757 915 757 897 763 885 755 884 755 883 755 864 755 863 755 863 755 862 755 851 764 850 764 845 764 813 758 812 758 811 758 790 764 788 764 786 764 762 755 761 755 760 755 722 762 712 755 711 755 710 755 589 755 588 755 587 755 586 755 573 764 571 765 546 765 540 764 518 756 517 756 516 756 474 759 473 759 472 759 467 764 464 766 392 766 388 764 375 757 374 757 373 757 345 764 338 765 337 764 325 756 324 756 323 756 300 756 300 756 299 756 285 764 281 766 246 766 243 764 237 758 236 758 235 758 234 758 204 763 205 796"/></Shape>
	    <String CONTENT="tus. Et qua ratione Eccleſia dicitur domus"
                    HPOS="204"
                    VPOS="755"
                    WIDTH="784"
                    HEIGHT="59"
                    WC="0.9863166014353434"></String>
          </TextLine>
          <TextLine ID="line_16"
                    TAGREFS="LT8"
                    BASELINE="205 846 586 842 989 844" 
                    HPOS="204"
                    VPOS="802"
                    WIDTH="785"
                    HEIGHT="57">
            <Shape><Polygon POINTS="205 846 205 856 402 859 403 859 422 857 439 855 456 857 474 859 475 859 476 859 477 859 480 857 484 855 546 855 556 857 563 859 564 859 565 859 566 859 567 859 570 857 576 855 715 857 752 858 753 858 762 858 813 854 833 858 834 858 835 858 836 858 837 858 838 858 846 854 988 858 989 844 988 815 835 802 834 802 800 804 799 804 785 812 748 803 747 803 746 803 745 803 730 812 705 807 704 807 703 807 702 807 694 814 692 815 637 815 633 813 595 803 594 803 593 803 557 809 545 803 544 803 511 803 510 803 509 803 508 803 493 812 450 804 449 804 448 804 428 813 422 815 379 814 377 813 364 803 363 803 362 803 320 803 319 803 318 803 317 803 304 812 300 816 269 816 262 812 248 806 247 806 246 806 231 809 224 803 223 803 222 803 221 803 220 803 204 810 205 846"/></Shape>
	    <String CONTENT="Dei, eadẽ miniſtri dicũtur œconomi Dei. Ita¬"
                    HPOS="204"
                    VPOS="802"
                    WIDTH="785"
                    HEIGHT="57"
                    WC="0.9814734536668529"></String>
          </TextLine>
          <TextLine ID="line_17"
                    TAGREFS="LT8"
                    BASELINE="204 895 987 895" 
                    HPOS="204"
                    VPOS="854"
                    WIDTH="783"
                    HEIGHT="61">
            <Shape><Polygon POINTS="204 895 204 907 218 914 219 914 220 914 269 907 273 907 275 907 293 914 294 914 295 915 335 915 335 914 336 914 347 907 348 907 351 907 377 912 378 913 378 912 405 907 408 907 416 914 417 914 418 914 419 914 483 907 488 907 489 907 504 913 505 913 506 913 507 913 529 907 531 907 533 907 548 912 549 912 550 912 551 912 552 912 558 907 559 907 658 907 662 907 705 914 706 914 774 907 780 907 782 907 801 914 802 914 803 915 835 915 835 914 836 914 851 907 852 907 862 907 968 914 969 914 970 914 987 907 987 895 986 863 947 862 937 854 936 854 935 854 934 854 933 854 906 862 886 856 885 856 884 856 883 856 864 862 835 854 834 854 833 854 786 860 747 854 746 854 745 854 731 860 722 854 721 854 720 854 663 854 662 854 661 854 660 854 647 862 601 854 600 854 600 854 599 854 585 863 491 863 478 856 477 856 476 856 450 860 387 854 386 854 385 854 366 863 297 863 265 854 264 854 263 854 262 854 250 859 227 855 226 855 225 855 204 862 204 895"/></Shape>
	    <String CONTENT="que vt œconomus in familia præcipuos fert"
                    HPOS="204"
                    VPOS="854"
                    WIDTH="783"
                    HEIGHT="61"
                    WC="0.9884111939406977"></String>
          </TextLine>
          <TextLine ID="line_18"
                    TAGREFS="LT8"
                    BASELINE="203 946 544 941 984 942" 
                    HPOS="202"
                    VPOS="901"
                    WIDTH="782"
                    HEIGHT="57">
            <Shape><Polygon POINTS="203 946 203 957 982 958 984 942 983 910 948 910 933 902 932 902 931 902 930 902 929 902 919 910 908 910 883 910 881 910 854 901 853 901 852 901 811 910 797 901 796 901 795 901 761 901 760 901 695 911 691 911 689 911 668 903 667 903 666 903 637 907 622 902 621 902 620 902 619 902 600 911 560 902 559 902 558 902 533 908 525 902 525 902 524 902 523 902 522 902 508 907 475 902 474 902 473 902 454 911 410 905 409 905 408 905 386 912 385 912 363 912 307 912 290 903 289 903 288 903 287 903 265 910 245 903 244 903 243 903 242 903 241 903 227 912 216 906 215 906 214 906 213 906 202 911 203 946"/></Shape>
	    <String CONTENT="labores, primus ſurgit, vltimus cõfert ſe cubi¬"
                    HPOS="202"
                    VPOS="901"
                    WIDTH="782"
                    HEIGHT="57"
                    WC="0.998324370632569"></String>
          </TextLine>
          <TextLine ID="line_19"
                    TAGREFS="LT8"
                    BASELINE="203 993 983 990" 
                    HPOS="202"
                    VPOS="951"
                    WIDTH="781"
                    HEIGHT="56">
            <Shape><Polygon POINTS="203 993 203 1007 982 1004 983 990 981 961 888 961 864 951 863 951 863 951 824 957 804 951 803 951 802 951 801 951 800 951 788 960 717 952 716 952 641 960 617 952 616 952 615 952 537 957 483 952 482 952 481 952 480 952 471 958 416 953 415 953 414 953 396 963 325 963 295 953 294 953 293 953 255 962 237 953 236 953 235 953 234 953 202 963 203 993"/></Shape>
	    <String CONTENT="tũ: primus eſt in laboribus, vltimus inde rece¬"
                    HPOS="202"
                    VPOS="951"
                    WIDTH="781"
                    HEIGHT="56"
                    WC="0.9888848749299844"></String>
          </TextLine>
          <TextLine ID="line_20"
                    TAGREFS="LT8"
                    BASELINE="203 1041 986 1041" 
                    HPOS="203"
                    VPOS="1002"
                    WIDTH="783"
                    HEIGHT="57">
            <Shape><Polygon POINTS="203 1041 203 1051 218 1058 219 1058 220 1058 221 1058 230 1053 283 1058 284 1058 285 1058 286 1058 294 1052 296 1051 306 1052 349 1058 350 1058 390 1053 409 1051 442 1053 477 1056 478 1056 479 1056 486 1054 495 1051 617 1051 632 1055 641 1058 642 1058 643 1058 688 1056 741 1053 749 1056 752 1058 753 1058 754 1059 841 1059 841 1058 846 1057 868 1052 884 1058 886 1058 887 1058 888 1058 893 1058 926 1052 984 1058 986 1041 985 1013 891 1013 863 1002 862 1002 811 1002 810 1002 809 1002 790 1011 774 1007 773 1007 772 1007 771 1007 754 1012 720 1002 719 1002 718 1002 717 1002 697 1011 687 1005 686 1005 685 1005 684 1005 644 1008 636 1002 635 1002 634 1002 516 1002 515 1002 514 1002 513 1002 498 1013 450 1013 404 1002 403 1002 402 1002 379 1011 341 1007 340 1007 307 1012 281 1002 280 1002 279 1002 278 1002 277 1002 262 1012 228 1003 227 1003 226 1003 225 1003 203 1012 203 1041"/></Shape>
	    <String CONTENT="dit: ſic miniſtri in Eccleſia præcipuũ ferũt o¬"
                    HPOS="203"
                    VPOS="1002"
                    WIDTH="783"
                    HEIGHT="57"
                    WC="0.9810358127769159"></String>
          </TextLine>
          <TextLine ID="line_21"
                    TAGREFS="LT8"
                    BASELINE="213 1083 985 1091" 
                    HPOS="210"
                    VPOS="1044"
                    WIDTH="773"
                    HEIGHT="70">
            <Shape><Polygon POINTS="210 1105 415 1110 504 1101 517 1111 521 1111 580 1102 744 1104 751 1113 758 1113 768 1104 801 1111 827 1105 841 1114 846 1114 915 1105 980 1110 983 1060 953 1048 817 1057 801 1047 795 1047 763 1057 741 1047 716 1054 635 1048 631 1054 622 1045 587 1051 520 1044 486 1044 475 1054 439 1044 410 1054 356 1054 343 1044 337 1044 312 1053 211 1053 211 1082"/></Shape>
	    <String CONTENT="lus,quare inſtructione imprimis opus habẽt."
                    HPOS="210"
                    VPOS="1044"
                    WIDTH="773"
                    HEIGHT="70"></String>
          </TextLine>
        </TextBlock>
        <TextBlock HPOS="178"
                   VPOS="1117"
                   WIDTH="827"
                   HEIGHT="430"
                   ID="eSc_textblock_43d8da6f"
                   TAGREFS="BT1851">
          <Shape><Polygon POINTS="178 1117 178 1547 1005 1547 1005 1117"/></Shape>
          <TextLine ID="line_22"
                    TAGREFS="LT8"
                    BASELINE="230 1139 671 1137 987 1140" 
                    HPOS="228"
                    VPOS="1113"
                    WIDTH="758"
                    HEIGHT="43">
            <Shape><Polygon POINTS="229 1113 228 1154 983 1156 986 1139 983 1114 973 1114"/></Shape>
	    <String CONTENT="Alterum argumẽtum eſt, quia domus hæc"
                    HPOS="228"
                    VPOS="1113"
                    WIDTH="758"
                    HEIGHT="43"
                    WC="0.9959922087819952"></String>
          </TextLine>
          <TextLine ID="line_23"
                    TAGREFS="LT8"
                    BASELINE="201 1189 489 1181 985 1189" 
                    HPOS="201"
                    VPOS="1144"
                    WIDTH="784"
                    HEIGHT="62">
            <Shape><Polygon POINTS="201 1200 387 1194 450 1200 470 1196 492 1202 496 1203 497 1203 498 1204 525 1204 525 1203 526 1203 528 1202 542 1195 635 1196 650 1203 654 1204 655 1204 656 1204 667 1203 708 1197 757 1197 785 1203 792 1205 793 1206 891 1206 891 1205 892 1205 895 1204 910 1198 922 1204 924 1205 925 1205 926 1205 984 1204 985 1189 984 1156 915 1156 890 1147 889 1147 888 1147 887 1147 886 1147 875 1156 874 1156 829 1156 828 1156 816 1146 815 1146 814 1146 813 1146 782 1152 767 1145 766 1145 765 1145 764 1145 750 1152 725 1147 724 1147 723 1147 722 1147 711 1155 711 1156 694 1156 694 1155 672 1147 671 1147 670 1147 669 1147 657 1153 645 1145 644 1145 643 1145 588 1144 496 1144 495 1144 494 1144 493 1144 480 1155 456 1155 455 1155 455 1154 433 1144 432 1144 431 1144 430 1144 429 1144 415 1153 394 1153 384 1145 383 1145 382 1145 364 1144 363 1144 362 1144 340 1153 326 1145 325 1145 324 1145 323 1145 311 1150 291 1144 290 1144 289 1144 201 1153 201 1189"/></Shape>
	    <String CONTENT="eſt Dei viuentis, quaſi dicat, non ſtupidi aut"
                    HPOS="201"
                    VPOS="1144"
                    WIDTH="784"
                    HEIGHT="62"
                    WC="0.9940376592719037"></String>
          </TextLine>
          <TextLine ID="line_24"
                    TAGREFS="LT8"
                    BASELINE="199 1237 348 1230 643 1230 977 1240" 
                    HPOS="199"
                    VPOS="1191"
                    WIDTH="778"
                    HEIGHT="65">
            <Shape><Polygon POINTS="199 1237 199 1247 374 1243 491 1249 492 1249 493 1249 504 1245 523 1251 525 1252 526 1252 527 1252 528 1252 531 1251 550 1245 592 1245 610 1252 611 1252 612 1252 614 1252 685 1246 696 1253 697 1254 698 1254 699 1254 700 1254 701 1254 704 1253 715 1250 885 1255 916 1256 917 1256 918 1256 919 1256 934 1249 976 1256 977 1240 976 1205 787 1205 780 1202 763 1195 762 1195 689 1193 608 1193 607 1193 606 1193 588 1201 584 1202 579 1200 560 1193 559 1193 533 1193 532 1193 531 1193 513 1200 506 1202 500 1200 477 1192 476 1192 417 1192 416 1192 415 1192 401 1199 398 1200 341 1199 340 1198 331 1191 330 1191 329 1191 328 1191 327 1191 311 1198 306 1200 301 1198 292 1193 291 1193 290 1193 289 1193 288 1193 280 1197 278 1199 275 1197 269 1193 268 1193 267 1193 266 1193 265 1193 253 1197 245 1199 199 1197 199 1237"/></Shape>
	    <String CONTENT="ſtulti domini familia eſt, ſed Dei viuentis,"
                    HPOS="199"
                    VPOS="1191"
                    WIDTH="778"
                    HEIGHT="65"
                    WC="0.9988732161847028"></String>
          </TextLine>
          <TextLine ID="line_25"
                    TAGREFS="LT8"
                    BASELINE="198 1285 348 1279 979 1285" 
                    HPOS="197"
                    VPOS="1241"
                    WIDTH="782"
                    HEIGHT="64">
            <Shape><Polygon POINTS="976 1277 970 1251 966 1248 962 1245 961 1245 960 1245 921 1245 920 1245 907 1248 887 1253 881 1248 879 1246 878 1246 877 1246 876 1246 862 1248 830 1253 689 1253 631 1252 620 1247 610 1243 609 1243 428 1242 427 1242 426 1242 418 1246 411 1250 383 1246 354 1242 353 1242 352 1242 351 1242 346 1246 345 1246 339 1241 338 1241 337 1241 297 1241 296 1241 295 1241 294 1241 288 1246 283 1249 254 1249 250 1246 245 1241 244 1241 243 1241 242 1241 241 1241 240 1241 235 1246 231 1248 198 1246 198 1285 197 1294 204 1299 205 1299 206 1299 207 1299 323 1295 353 1294 363 1295 396 1301 397 1301 487 1297 541 1295 588 1299 631 1302 632 1302 633 1302 641 1299 651 1297 676 1300 702 1303 703 1303 730 1301 764 1298 782 1302 790 1303 791 1303 792 1303 797 1302 816 1297 841 1302 850 1304 851 1304 864 1303 906 1298 914 1304 915 1304 916 1304 917 1305 978 1305 979 1285 976 1262 976 1277"/></Shape>
	    <String CONTENT="hoc eſt, omnia ſcientis, omnia coram inſpi¬"
                    HPOS="197"
                    VPOS="1241"
                    WIDTH="782"
                    HEIGHT="64"
                    WC="0.9813894144324369"></String>
          </TextLine>
          <TextLine ID="line_26"
                    TAGREFS="LT8"
                    BASELINE="197 1332 468 1328 978 1336" 
                    HPOS="196"
                    VPOS="1291"
                    WIDTH="782"
                    HEIGHT="63">
            <Shape><Polygon POINTS="197 1332 196 1341 228 1346 229 1346 295 1342 299 1342 300 1342 338 1349 339 1349 340 1349 364 1343 369 1342 420 1342 430 1344 460 1350 461 1350 511 1345 531 1343 546 1345 566 1349 567 1349 591 1346 606 1344 619 1346 644 1352 645 1352 675 1347 691 1345 737 1345 748 1348 762 1353 763 1353 764 1354 843 1354 843 1353 844 1353 851 1350 856 1347 869 1350 888 1354 889 1354 977 1351 978 1336 977 1304 938 1305 929 1303 902 1295 901 1295 901 1295 900 1295 883 1303 876 1305 863 1303 826 1294 826 1294 825 1294 802 1303 795 1305 786 1303 775 1300 774 1300 773 1300 772 1300 765 1302 756 1305 748 1302 727 1296 726 1296 638 1292 638 1292 589 1302 579 1303 563 1301 548 1300 535 1291 534 1291 533 1291 431 1291 430 1291 390 1301 386 1301 299 1301 299 1300 288 1295 287 1295 286 1295 197 1299 197 1332"/></Shape>
	    <String CONTENT="cientis, quem nihil latet vſpiam, vigilandum"
                    HPOS="196"
                    VPOS="1291"
                    WIDTH="782"
                    HEIGHT="63"
                    WC="0.9977198243141174"></String>
          </TextLine>
          <TextLine ID="line_27"
                    TAGREFS="LT8"
                    BASELINE="196 1380 630 1379 972 1384" 
                    HPOS="195"
                    VPOS="1341"
                    WIDTH="777"
                    HEIGHT="62">
            <Shape><Polygon POINTS="196 1380 195 1393 218 1400 219 1400 220 1400 262 1394 274 1400 275 1400 276 1400 306 1394 307 1394 376 1394 377 1394 393 1400 394 1400 395 1400 396 1400 397 1400 406 1394 407 1394 415 1394 506 1401 507 1401 508 1401 524 1395 538 1401 539 1401 540 1401 541 1401 542 1401 552 1395 553 1395 591 1395 594 1395 642 1402 643 1402 644 1402 664 1397 672 1402 673 1402 674 1402 675 1402 745 1398 784 1403 785 1403 971 1396 972 1384 972 1350 947 1343 946 1343 945 1343 944 1343 928 1350 921 1353 865 1353 860 1349 852 1345 851 1345 850 1345 849 1345 837 1349 829 1353 785 1353 778 1349 760 1342 759 1342 690 1342 689 1342 688 1342 687 1342 675 1349 672 1352 639 1352 634 1349 615 1342 614 1342 571 1342 570 1342 569 1342 568 1342 557 1349 555 1350 542 1349 481 1343 480 1343 479 1343 458 1349 453 1350 440 1349 359 1341 303 1341 302 1341 301 1341 300 1341 289 1349 287 1349 196 1349 196 1380"/></Shape>
	    <String CONTENT="igitur. Nam œconomi ſæpe ludunt impunè,"
                    HPOS="195"
                    VPOS="1341"
                    WIDTH="777"
                    HEIGHT="62"
                    WC="0.9832690730690956"></String>
          </TextLine>
          <TextLine ID="line_28"
                    TAGREFS="LT8"
                    BASELINE="197 1428 684 1428 972 1433" 
                    HPOS="196"
                    VPOS="1390"
                    WIDTH="776"
                    HEIGHT="60">
            <Shape><Polygon POINTS="197 1428 196 1440 225 1447 226 1447 267 1441 270 1441 274 1441 335 1447 336 1447 523 1443 541 1443 542 1443 557 1449 558 1449 559 1449 673 1444 708 1443 711 1444 717 1449 718 1449 719 1449 758 1450 759 1450 971 1446 972 1433 971 1402 874 1402 871 1400 854 1393 853 1393 852 1393 851 1393 831 1399 825 1401 814 1399 791 1395 790 1395 774 1398 763 1401 759 1398 754 1394 753 1394 752 1394 751 1394 751 1394 741 1398 735 1401 680 1401 675 1397 670 1392 669 1392 668 1392 667 1392 666 1392 665 1392 658 1397 651 1401 623 1401 604 1396 587 1392 586 1392 563 1395 555 1396 536 1395 488 1391 487 1391 469 1394 450 1397 446 1393 443 1391 442 1391 441 1391 409 1391 408 1391 407 1391 400 1393 376 1399 348 1392 342 1391 341 1391 340 1391 337 1392 309 1399 300 1391 299 1391 298 1391 255 1390 254 1390 253 1390 251 1390 226 1397 197 1390 197 1428"/></Shape>
	    <String CONTENT="&amp; ſecuriter ſtertunt heris improuidis, aut"
                    HPOS="196"
                    VPOS="1390"
                    WIDTH="776"
                    HEIGHT="60"
                    WC="0.9967125114940462"></String>
          </TextLine>
          <TextLine ID="line_29"
                    TAGREFS="LT8"
                    BASELINE="195 1477 974 1480" 
                    HPOS="194"
                    VPOS="1440"
                    WIDTH="780"
                    HEIGHT="57">
            <Shape><Polygon POINTS="195 1477 194 1486 254 1494 255 1494 256 1494 278 1488 315 1493 316 1493 317 1493 318 1493 326 1488 328 1488 347 1493 348 1493 349 1493 350 1493 370 1489 374 1488 376 1489 389 1494 390 1494 391 1494 414 1490 418 1489 426 1490 463 1494 464 1494 485 1491 492 1489 500 1491 515 1494 516 1494 517 1494 518 1494 526 1491 531 1489 548 1491 570 1494 571 1494 572 1494 583 1491 594 1489 606 1491 612 1493 613 1493 614 1493 639 1492 703 1489 752 1490 758 1493 761 1496 762 1496 763 1496 764 1497 973 1497 974 1480 970 1444 961 1450 920 1444 901 1442 863 1442 862 1442 861 1442 855 1445 842 1451 782 1451 763 1445 751 1442 751 1442 750 1442 711 1445 668 1449 658 1446 645 1441 644 1441 643 1441 642 1441 631 1446 622 1449 614 1446 604 1441 603 1441 602 1441 561 1446 533 1449 528 1446 521 1441 520 1441 519 1441 518 1441 490 1445 413 1440 412 1440 411 1440 393 1447 388 1449 320 1449 315 1447 293 1440 292 1440 291 1440 290 1440 268 1447 265 1448 263 1447 247 1440 246 1440 245 1440 195 1447 195 1477"/></Shape>
	    <String CONTENT="non ſatis callidis &amp; attentis ad rem, ſecus"
                    HPOS="194"
                    VPOS="1440"
                    WIDTH="780"
                    HEIGHT="57"
                    WC="0.9997705318206964"></String>
          </TextLine>
          <TextLine ID="line_30"
                    TAGREFS="LT8"
                    BASELINE="195 1526 972 1529" 
                    HPOS="195"
                    VPOS="1484"
                    WIDTH="777"
                    HEIGHT="72">
            <Shape><Polygon POINTS="195 1526 195 1549 225 1546 253 1549 277 1552 278 1552 279 1552 280 1552 284 1549 294 1543 327 1543 352 1549 372 1553 373 1553 374 1553 388 1548 403 1544 410 1548 416 1553 417 1553 418 1553 419 1553 441 1548 452 1546 469 1548 511 1554 512 1554 513 1554 528 1548 534 1546 548 1548 566 1550 567 1550 568 1550 573 1548 577 1545 581 1547 591 1555 592 1555 593 1555 594 1555 595 1555 596 1555 607 1547 608 1547 609 1547 620 1552 621 1552 622 1552 623 1552 635 1547 641 1545 675 1545 679 1547 689 1555 690 1555 691 1555 692 1556 751 1556 751 1555 752 1555 767 1549 795 1555 796 1555 797 1555 826 1547 841 1556 842 1556 843 1556 844 1556 845 1556 875 1547 909 1556 910 1556 911 1556 912 1556 941 1546 971 1546 972 1529 971 1496 952 1496 951 1495 939 1487 938 1487 938 1487 937 1487 901 1494 897 1495 855 1495 853 1494 841 1488 840 1488 839 1488 838 1488 825 1493 820 1496 785 1496 775 1492 749 1486 748 1486 747 1486 710 1491 694 1495 635 1495 628 1491 625 1489 624 1489 623 1489 622 1489 621 1489 620 1489 618 1491 612 1495 584 1495 565 1490 546 1485 545 1485 488 1485 488 1485 487 1485 486 1485 481 1489 478 1491 464 1489 441 1485 440 1485 439 1485 429 1488 417 1491 385 1487 359 1484 358 1484 357 1484 351 1487 341 1491 331 1487 327 1485 326 1485 325 1485 324 1485 323 1485 321 1487 315 1491 293 1487 292 1487 291 1487 269 1492 248 1485 244 1484 243 1484 242 1484 241 1484 238 1485 226 1490 195 1485 195 1526"/></Shape>
	    <String CONTENT="hîc ratio ſe habet. Deus viuens huic familiæ"
                    HPOS="195"
                    VPOS="1484"
                    WIDTH="777"
                    HEIGHT="72"
                    WC="0.9876291844579909"></String>
          </TextLine>
        </TextBlock>
        <TextBlock HPOS="833"
                   VPOS="1551"
                   WIDTH="160"
                   HEIGHT="66"
                   ID="eSc_textblock_99252694"
                   TAGREFS="BT17">
          <Shape><Polygon POINTS="833 1551 833 1617 993 1617 993 1551"/></Shape>
          <TextLine ID="line_31"
                    TAGREFS="LT8"
                    BASELINE="844 1577 973 1580" 
                    HPOS="843"
                    VPOS="1540"
                    WIDTH="130"
                    HEIGHT="71">
            <Shape><Polygon POINTS="844 1577 843 1602 886 1598 912 1607 919 1610 920 1610 921 1610 922 1610 928 1608 941 1605 971 1611 973 1580 973 1551 954 1542 953 1542 952 1542 921 1549 877 1549 870 1541 870 1540 869 1540 868 1540 867 1540 866 1540 844 1547 844 1577"/></Shape>
	    <String CONTENT="præeſt,"
                    HPOS="843"
                    VPOS="1540"
                    WIDTH="130"
                    HEIGHT="71"
                    WC="0.9990509407860892"></String>
          </TextLine>
        </TextBlock>
      </PrintSpace>
    </Page>
  </Layout>
</alto>
