<?xml version="1.0" encoding="UTF-8"?>
<alto xmlns:xsi="http://www.w3.org/2001/XMLSchema-instance"
      xmlns="http://www.loc.gov/standards/alto/ns-v4#"
      xsi:schemaLocation="http://www.loc.gov/standards/alto/ns-v4# http://www.loc.gov/standards/alto/v4/alto-4-2.xsd">
  <Description>
    <MeasurementUnit>pixel</MeasurementUnit>
    <sourceImageInformation>
      <fileName>bsb10313792_00032.jpg</fileName>
    </sourceImageInformation>
  </Description>
  <Tags>
    <OtherTag ID="BT7" LABEL="CustomZone" DESCRIPTION="block type CustomZone"/><OtherTag ID="BT8" LABEL="DamageZone" DESCRIPTION="block type DamageZone"/><OtherTag ID="BT9" LABEL="DigitizationArtefactZone" DESCRIPTION="block type DigitizationArtefactZone"/><OtherTag ID="BT10" LABEL="DropCapitalZone" DESCRIPTION="block type DropCapitalZone"/><OtherTag ID="BT11" LABEL="GraphicZone" DESCRIPTION="block type GraphicZone"/><OtherTag ID="BT12" LABEL="MainZone" DESCRIPTION="block type MainZone"/><OtherTag ID="BT13" LABEL="MarginTextZone" DESCRIPTION="block type MarginTextZone"/><OtherTag ID="BT14" LABEL="MusicZone" DESCRIPTION="block type MusicZone"/><OtherTag ID="BT15" LABEL="NumberingZone" DESCRIPTION="block type NumberingZone"/><OtherTag ID="BT17" LABEL="QuireMarksZone" DESCRIPTION="block type QuireMarksZone"/><OtherTag ID="BT18" LABEL="RunningTitleZone" DESCRIPTION="block type RunningTitleZone"/><OtherTag ID="BT19" LABEL="SealZone" DESCRIPTION="block type SealZone"/><OtherTag ID="BT20" LABEL="StampZone" DESCRIPTION="block type StampZone"/><OtherTag ID="BT21" LABEL="TableZone" DESCRIPTION="block type TableZone"/><OtherTag ID="BT22" LABEL="TitlePageZone" DESCRIPTION="block type TitlePageZone"/><OtherTag ID="BT1851" LABEL="MainZone-P" DESCRIPTION="block type MainZone-P"/><OtherTag ID="BT1852" LABEL="MainZone-Head" DESCRIPTION="block type MainZone-Head"/><OtherTag ID="BT1853" LABEL="MainZone-P-Continued" DESCRIPTION="block type MainZone-P-Continued"/><OtherTag ID="BT1854" LABEL="MarginTextZone-ManuscriptAddendum" DESCRIPTION="block type MarginTextZone-ManuscriptAddendum"/><OtherTag ID="BT1855" LABEL="text" DESCRIPTION="block type text"/><OtherTag ID="BT1856" LABEL="MainZone-Entry" DESCRIPTION="block type MainZone-Entry"/><OtherTag ID="BT1857" LABEL="MainZone-Entry-Continued" DESCRIPTION="block type MainZone-Entry-Continued"/><OtherTag ID="BT1877" LABEL="GraphicZone-Decoration" DESCRIPTION="block type GraphicZone-Decoration"/><OtherTag ID="BT1894" LABEL="MainZone-Other" DESCRIPTION="block type MainZone-Other"/>
    <OtherTag ID="LT7" LABEL="CustomLine" DESCRIPTION="line type CustomLine"/><OtherTag ID="LT8" LABEL="DefaultLine" DESCRIPTION="line type DefaultLine"/><OtherTag ID="LT9" LABEL="DropCapitalLine" DESCRIPTION="line type DropCapitalLine"/><OtherTag ID="LT10" LABEL="HeadingLine" DESCRIPTION="line type HeadingLine"/><OtherTag ID="LT11" LABEL="InterlinearLine" DESCRIPTION="line type InterlinearLine"/><OtherTag ID="LT12" LABEL="MusicLine" DESCRIPTION="line type MusicLine"/><OtherTag ID="LT636" LABEL="default" DESCRIPTION="line type default"/>
  </Tags>
  <Layout>
    <Page WIDTH="1073"
          HEIGHT="1734"
          PHYSICAL_IMG_NR="16"
          ID="eSc_dummypage_">
      <PrintSpace HPOS="0"
                  VPOS="0"
                  WIDTH="1073"
                  HEIGHT="1734">
        <TextBlock HPOS="404"
                   VPOS="65"
                   WIDTH="466"
                   HEIGHT="44"
                   ID="block_0"
                   TAGREFS="BT18">
          <Shape><Polygon POINTS="870 65 870 109 404 109 404 65"/></Shape>
          <TextLine ID="line_1"
                    TAGREFS="LT10"
                    BASELINE="406 98 865 95" 
                    HPOS="405"
                    VPOS="57"
                    WIDTH="460"
                    HEIGHT="62">
            <Shape><Polygon POINTS="772 63 762 63 760 63 758 64 757 63 752 63 743 63 733 63 724 63 721 63 717 64 716 64 715 64 713 63 704 63 695 63 685 63 675 63 666 63 659 63 658 64 656 63 646 63 637 63 636 63 632 65 628 63 627 63 617 63 608 63 598 63 589 63 579 63 569 63 560 63 551 63 548 66 548 67 525 67 524 66 520 63 511 63 502 63 490 66 453 63 444 63 434 63 425 63 420 63 405 67 406 98 406 108 464 106 470 109 490 119 491 119 492 119 493 119 515 109 522 106 540 109 570 114 571 114 572 114 585 109 596 105 607 109 626 118 627 118 628 118 755 117 756 117 757 117 765 110 771 105 787 110 804 115 805 115 823 114 824 114 825 114 825 113 828 110 834 105 863 110 865 95 864 61 858 57 857 57 856 57 855 57 854 57 853 57 845 62 841 65 790 65 788 63 781 63"/></Shape>
	    <String CONTENT="COMMENTARII"
                    HPOS="405"
                    VPOS="57"
                    WIDTH="460"
                    HEIGHT="62"
                    WC="0.9997205409136686"></String>
          </TextLine>
        </TextBlock>
        <TextBlock HPOS="211"
                   VPOS="78"
                   WIDTH="53"
                   HEIGHT="39"
                   ID="block_5"
                   TAGREFS="BT15">
          <Shape><Polygon POINTS="264 78 264 117 211 117 211 78"/></Shape>
          <TextLine ID="line_0"
                    TAGREFS="LT8"
                    BASELINE="217 99 263 101" 
                    HPOS="216.0"
                    VPOS="75.0"
                    WIDTH="47.0"
                    HEIGHT="42.0">
            <Shape><Polygon POINTS="218 75 217 99 216 117 262 115 263 101 262 75 228 78 223 75 218 75"/></Shape>
	    <String CONTENT="24"
                    HPOS="216.0"
                    VPOS="75.0"
                    WIDTH="47.0"
                    HEIGHT="42.0"
                    WC="0.9999798536300659"></String>
          </TextLine>
        </TextBlock>
        <TextBlock HPOS="210"
                   VPOS="121"
                   WIDTH="812"
                   HEIGHT="149"
                   ID="block_4"
                   TAGREFS="BT1853">
          <Shape><Polygon POINTS="1022 121 1022 270 210 270 210 121"/></Shape>
          <TextLine ID="line_2"
                    TAGREFS="LT8"
                    BASELINE="214 159 670 155 1019 157" 
                    HPOS="213.0"
                    VPOS="116.0"
                    WIDTH="806.0"
                    HEIGHT="62.0">
            <Shape><Polygon POINTS="916 116 907 116 897 116 887 116 878 116 868 116 858 116 849 116 846 116 833 125 831 127 823 125 795 119 794 119 793 119 782 125 780 126 778 125 764 118 763 118 762 118 726 125 719 126 717 125 704 116 704 116 696 116 667 124 656 127 638 124 623 122 622 122 607 124 579 128 561 124 552 122 551 122 550 122 545 124 532 129 462 129 438 123 420 119 419 119 418 119 417 119 412 123 402 130 365 130 351 122 341 117 340 117 339 117 310 118 309 118 300 122 290 127 282 122 275 117 274 117 273 117 272 117 213 121 214 159 214 178 245 169 262 175 263 175 264 175 265 175 277 169 360 175 361 175 396 169 428 176 429 176 525 174 526 174 527 174 535 169 583 175 584 175 636 167 686 175 689 175 690 175 693 175 730 168 742 175 743 175 744 175 745 175 749 174 777 167 795 172 796 172 797 172 851 167 861 174 862 174 863 174 864 174 1018 172 1019 157 1018 127 966 127 965 126 919 116 916 116"/></Shape>
	    <String CONTENT="inſtructa. Argumentum eſt contra ſeducto¬"
                    HPOS="213.0"
                    VPOS="116.0"
                    WIDTH="806.0"
                    HEIGHT="62.0"
                    WC="0.9928209941561629"></String>
          </TextLine>
          <TextLine ID="line_3"
                    TAGREFS="LT8"
                    BASELINE="213 209 1014 205" 
                    HPOS="212.0"
                    VPOS="167.0"
                    WIDTH="802.0"
                    HEIGHT="61.0">
            <Shape><Polygon POINTS="983 189 978 174 908 167 907 167 906 167 905 167 893 177 872 177 860 172 859 172 858 172 755 178 737 168 736 168 632 168 631 168 630 168 611 179 585 169 584 169 487 169 486 169 446 179 413 169 412 169 411 169 361 180 234 176 233 176 232 176 212 181 213 209 213 228 269 218 289 227 290 227 291 227 292 227 319 218 347 226 348 226 348 226 349 226 350 226 363 218 389 218 408 226 409 226 410 226 411 226 412 226 424 218 493 224 494 224 495 224 509 217 536 224 536 224 537 224 538 224 564 217 584 226 585 226 586 227 606 227 613 227 613 226 614 226 615 226 622 220 656 225 657 225 658 225 659 225 673 216 705 216 722 223 723 223 724 223 789 216 804 223 805 223 806 223 807 223 808 223 808 222 815 216 822 221 823 221 824 221 825 221 861 215 912 224 912 224 946 218 963 224 964 224 965 225 1013 225 1014 205 1012 178 987 175 983 189"/></Shape>
	    <String CONTENT="res qui in docenda lege hos fines non obſer¬"
                    HPOS="212.0"
                    VPOS="167.0"
                    WIDTH="802.0"
                    HEIGHT="61.0"
                    WC="0.9868073449893431"></String>
          </TextLine>
          <TextLine ID="line_4"
                    TAGREFS="LT8"
                    BASELINE="212 258 670 255 1011 258" 
                    HPOS="211.0"
                    VPOS="215.0"
                    WIDTH="800.0"
                    HEIGHT="59.0">
            <Shape><Polygon POINTS="212 258 212 267 262 273 263 273 289 268 290 268 291 268 306 273 307 273 308 273 336 268 338 268 339 268 350 273 351 273 352 274 424 274 424 273 425 273 436 269 441 267 456 269 492 273 493 273 494 273 506 269 509 268 533 269 582 272 583 272 584 272 590 269 594 267 603 269 616 273 616 273 617 273 618 273 619 273 623 270 627 267 659 267 664 270 668 273 669 273 670 273 670 273 671 273 672 273 677 270 680 268 698 270 719 272 720 272 735 270 757 267 775 270 788 273 789 274 789 273 803 270 820 267 1009 271 1011 258 1010 227 978 227 965 217 965 217 964 217 963 217 962 217 949 223 938 217 937 217 936 217 935 217 934 217 922 227 885 227 876 220 875 220 874 220 873 220 810 226 794 215 793 215 792 215 791 215 735 216 734 216 698 225 618 215 617 215 616 215 599 225 581 215 580 215 579 215 534 220 476 215 475 215 474 215 456 225 439 216 438 216 387 215 386 215 385 215 384 215 367 227 331 227 310 215 309 215 308 215 307 215 281 226 257 220 256 220 255 220 211 226 212 258"/></Shape>
	    <String CONTENT="uãt, ideo aberrãt à dilectione, &amp; hĩc toto cælo."
                    HPOS="211.0"
                    VPOS="215.0"
                    WIDTH="800.0"
                    HEIGHT="59.0"
                    WC="0.9897009810576072"></String>
          </TextLine>
        </TextBlock>
        <TextBlock HPOS="242"
                   VPOS="271"
                   WIDTH="604"
                   HEIGHT="50"
                   ID="block_2"
                   TAGREFS="BT1852">
          <Shape><Polygon POINTS="826 273 846 317 242 321 248 271"/></Shape>
          <TextLine ID="line_5"
                    TAGREFS="LT8"
                    BASELINE="268 313 609 308 836 310" 
                    HPOS="267.0"
                    VPOS="268.0"
                    WIDTH="569.0"
                    HEIGHT="62.0">
            <Shape><Polygon POINTS="268 313 268 320 326 320 332 325 333 325 334 325 335 325 336 325 348 320 348 320 380 330 381 330 382 330 419 329 420 329 421 329 421 328 428 322 474 329 475 329 517 321 528 319 534 321 542 324 543 324 544 324 545 324 546 324 549 321 554 318 581 318 586 321 593 328 594 328 595 328 596 328 624 327 625 327 626 327 626 326 631 321 632 321 633 321 656 328 657 328 658 328 659 328 677 322 690 317 699 322 706 325 707 325 708 325 709 325 710 325 714 322 721 317 738 318 742 322 748 327 749 327 750 327 751 327 778 322 802 318 810 322 817 326 818 326 819 326 836 322 836 310 835 277 776 268 775 268 706 277 697 269 697 268 696 268 695 268 679 268 678 268 677 268 676 268 676 269 666 278 666 279 627 279 627 278 613 271 612 271 611 271 610 271 609 271 609 272 602 279 579 279 536 269 536 269 535 269 511 279 441 270 440 270 439 270 438 270 425 279 366 271 365 271 364 271 363 271 349 280 290 273 289 273 288 273 267 281 268 313"/></Shape>
	    <String CONTENT="6 A quibus càm quidam. &amp;c."
                    HPOS="267.0"
                    VPOS="268.0"
                    WIDTH="569.0"
                    HEIGHT="62.0"
                    WC="0.997142149342431"></String>
          </TextLine>
        </TextBlock>
        <TextBlock HPOS="205"
                   VPOS="327"
                   WIDTH="824"
                   HEIGHT="985"
                   ID="block_7"
                   TAGREFS="BT1851">
          <Shape><Polygon POINTS="1029 331 1021 1312 205 1312 205 327"/></Shape>
          <TextLine ID="line_6"
                    TAGREFS="LT8"
                    BASELINE="288 364 1000 359" 
                    HPOS="287.0"
                    VPOS="318.0"
                    WIDTH="713.0"
                    HEIGHT="62.0">
            <Shape><Polygon POINTS="288 364 288 372 326 372 327 372 341 379 342 379 343 379 391 372 392 372 429 380 429 380 499 371 502 371 506 371 586 375 587 375 617 370 618 370 633 378 634 378 635 378 690 372 704 377 705 377 706 377 707 377 708 377 708 376 716 369 717 369 740 375 741 375 742 375 743 375 744 375 750 370 758 377 759 377 760 377 761 377 762 377 777 372 855 377 856 377 857 377 858 377 866 370 986 376 987 376 988 376 989 376 1000 367 1000 359 998 327 945 318 944 318 895 326 885 318 884 318 883 318 865 318 864 318 863 318 862 318 851 327 850 328 771 328 768 327 724 319 723 319 722 319 702 324 652 320 651 320 650 320 649 320 639 327 637 329 605 329 603 327 595 320 594 320 593 320 573 320 572 320 571 320 570 320 560 327 557 329 551 327 531 321 530 321 529 321 528 321 508 327 502 329 494 327 466 321 465 321 441 322 440 322 439 322 431 328 428 330 425 328 419 324 418 324 417 324 416 324 415 324 414 324 410 328 406 331 365 331 358 328 343 322 342 322 341 322 340 322 328 328 323 330 318 328 302 322 301 322 300 322 299 322 287 327 288 364"/></Shape>
	    <String CONTENT="Sexta ratio ab exemplo &amp; experientia."
                    HPOS="287.0"
                    VPOS="318.0"
                    WIDTH="713.0"
                    HEIGHT="62.0"
                    WC="0.9878527763727549"></String>
          </TextLine>
          <TextLine ID="line_7"
                    TAGREFS="LT8"
                    BASELINE="217 414 1000 408" 
                    HPOS="216.0"
                    VPOS="367.0"
                    WIDTH="784.0"
                    HEIGHT="63.0">
            <Shape><Polygon POINTS="217 414 217 425 247 422 254 425 262 429 263 429 264 430 298 430 298 429 299 429 300 429 305 425 310 422 341 425 354 426 355 426 372 425 415 421 447 425 477 428 478 428 479 428 490 424 505 420 549 420 557 424 560 426 561 426 562 426 563 426 578 424 613 420 641 424 654 426 655 427 655 426 670 424 697 420 726 423 738 425 739 425 751 423 774 420 827 423 862 425 863 425 864 425 871 423 888 418 905 422 906 422 907 423 907 422 908 422 924 418 941 423 945 424 946 424 947 424 948 424 952 423 966 418 998 422 1000 408 998 379 958 379 957 378 939 367 938 367 938 367 897 367 896 367 895 367 870 378 867 380 814 380 811 378 801 369 800 369 799 369 798 369 797 369 768 377 761 380 713 380 709 377 697 369 697 369 696 369 680 369 679 369 678 369 677 369 668 377 666 379 607 381 548 376 518 374 517 374 516 374 512 376 502 381 469 376 450 373 449 373 448 373 439 376 421 382 411 376 405 371 404 371 403 371 352 371 351 371 350 371 337 375 328 378 321 375 315 373 314 373 313 373 312 373 308 375 292 383 268 375 260 372 259 372 258 372 216 374 217 414"/></Shape>
	    <String CONTENT="Vim habet argumentum à conſequentibus"
                    HPOS="216.0"
                    VPOS="367.0"
                    WIDTH="784.0"
                    HEIGHT="63.0"
                    WC="0.99631404406146"></String>
          </TextLine>
          <TextLine ID="line_8"
                    TAGREFS="LT8"
                    BASELINE="211 462 1004 457" 
                    HPOS="210.0"
                    VPOS="420.0"
                    WIDTH="794.0"
                    HEIGHT="60.0">
            <Shape><Polygon POINTS="211 462 211 472 264 472 265 472 277 479 278 479 279 479 280 480 301 480 301 479 302 479 303 479 312 472 324 477 325 477 326 477 327 477 342 472 375 476 375 476 376 476 391 471 393 471 398 471 436 475 437 475 463 471 464 471 465 471 481 475 482 475 482 475 543 470 550 470 551 470 562 477 563 477 563 477 564 477 565 477 583 470 584 470 597 475 598 475 670 477 670 477 671 477 672 477 678 472 697 476 697 476 698 476 699 476 710 469 711 469 714 469 766 475 767 475 768 475 787 469 798 476 799 476 800 476 801 477 845 477 845 476 910 471 976 475 977 475 978 475 1004 467 1004 457 1002 430 960 422 959 422 958 422 957 422 946 429 940 429 869 424 868 424 833 428 816 430 812 428 806 423 805 423 804 423 804 423 803 423 786 428 777 430 769 427 753 422 752 422 699 420 698 420 697 420 697 420 686 427 683 429 678 427 665 420 664 420 663 420 620 426 613 427 609 426 593 420 592 420 591 420 590 420 577 426 563 431 504 427 503 427 476 432 466 425 461 421 460 421 459 421 432 421 431 421 430 421 429 421 426 424 415 433 383 433 372 424 371 423 370 423 369 423 291 422 290 422 289 422 286 423 265 434 247 434 229 423 227 422 226 422 225 422 210 422 211 462"/></Shape>
	    <String CONTENT="&amp; effectis. Aberrant à dilectionis proprieta¬"
                    HPOS="210.0"
                    VPOS="420.0"
                    WIDTH="794.0"
                    HEIGHT="60.0"
                    WC="0.9898366059945978"></String>
          </TextLine>
          <TextLine ID="line_9"
                    TAGREFS="LT8"
                    BASELINE="211 512 1007 508" 
                    HPOS="210.0"
                    VPOS="470.0"
                    WIDTH="797.0"
                    HEIGHT="57.0">
            <Shape><Polygon POINTS="211 512 211 527 288 520 310 526 311 526 312 526 313 526 335 520 367 526 371 526 372 526 376 526 416 519 426 524 427 524 428 524 515 519 527 525 529 525 530 525 531 525 538 525 563 519 587 524 596 525 597 525 642 525 643 525 646 524 659 518 739 523 754 523 755 523 763 522 790 518 799 522 805 525 806 525 807 525 845 521 870 519 885 521 910 524 911 524 912 524 925 520 938 517 943 520 950 524 951 524 952 524 1006 519 1007 508 1005 479 859 479 844 472 843 472 842 472 805 477 787 470 786 470 739 470 738 470 737 470 704 478 671 470 670 470 670 470 669 470 629 479 598 474 597 474 596 474 583 481 546 481 526 471 525 471 524 471 456 480 343 472 342 472 341 472 311 481 298 472 297 472 296 472 295 472 295 472 279 477 272 472 271 472 270 472 245 472 244 472 243 472 210 482 211 512"/></Shape>
	    <String CONTENT="tibus, hinc inciderunt in vaniloquentiam:"
                    HPOS="210.0"
                    VPOS="470.0"
                    WIDTH="797.0"
                    HEIGHT="57.0"
                    WC="0.9995145303447072"></String>
          </TextLine>
          <TextLine ID="line_10"
                    TAGREFS="LT8"
                    BASELINE="210 560 1010 557" 
                    HPOS="210.0"
                    VPOS="516.0"
                    WIDTH="800.0"
                    HEIGHT="62.0">
            <Shape><Polygon POINTS="210 575 232 571 254 575 272 578 273 578 274 578 275 578 279 576 285 571 303 576 311 577 312 577 321 576 345 571 362 576 371 578 372 578 373 578 374 578 375 578 377 576 382 572 409 576 422 577 423 577 432 576 461 571 473 576 479 578 480 578 481 578 522 578 522 578 540 576 586 570 595 576 598 578 599 578 600 578 601 578 614 576 640 571 689 576 711 578 712 578 713 578 721 576 743 570 793 576 803 577 804 577 804 577 807 576 829 569 883 576 890 577 891 577 901 576 968 569 983 576 984 577 985 577 986 577 1010 576 1010 557 1009 525 990 518 989 518 988 518 987 518 967 525 965 525 869 525 866 525 844 517 843 517 842 517 841 517 827 524 827 525 826 524 814 516 813 516 812 516 811 516 780 521 756 516 755 516 754 516 737 524 733 526 716 526 713 524 703 517 702 517 701 517 700 517 699 517 686 524 683 525 671 524 628 517 627 517 626 517 607 524 602 525 598 524 585 517 584 517 563 517 562 517 561 517 560 517 549 524 547 525 545 524 527 517 526 517 525 517 504 518 503 518 502 518 494 524 492 525 490 524 481 517 480 517 479 517 478 517 419 518 418 518 407 524 405 525 402 524 387 518 386 518 385 518 384 518 366 524 361 525 355 524 334 519 309 519 308 519 307 519 306 519 299 524 295 526 284 524 269 519 268 519 268 519 241 524 222 526 210 524 210 560 210 575"/></Shape>
	    <String CONTENT="ergo illorũ doctrina fugienda eſt, ſed geminũ"
                    HPOS="210.0"
                    VPOS="516.0"
                    WIDTH="800.0"
                    HEIGHT="62.0"
                    WC="0.9991385860646025"></String>
          </TextLine>
          <TextLine ID="line_11"
                    TAGREFS="LT8"
                    BASELINE="209 609 1007 604" 
                    HPOS="208.0"
                    VPOS="566.0"
                    WIDTH="799.0"
                    HEIGHT="63.0">
            <Shape><Polygon POINTS="209 609 209 617 237 624 238 624 266 618 293 628 294 628 295 629 325 629 325 628 326 628 348 617 456 617 463 623 464 623 465 623 466 623 528 616 685 626 686 626 825 625 863 616 889 624 890 624 891 624 892 624 917 616 967 624 968 624 969 624 1007 612 1007 604 1006 578 987 571 986 571 985 571 984 571 983 571 974 577 941 566 940 566 939 566 938 566 918 576 901 577 872 578 869 576 851 566 850 566 849 566 848 566 824 576 815 578 802 576 767 567 766 567 765 567 764 567 753 575 747 579 696 579 689 574 688 574 687 574 686 574 685 574 683 574 666 580 615 580 604 574 597 569 596 569 595 569 558 568 557 568 556 568 537 573 509 580 485 572 476 569 475 569 400 569 399 569 398 569 397 569 394 571 378 580 362 571 360 570 359 570 358 570 357 570 355 571 335 582 318 582 301 572 300 572 299 572 298 572 297 572 268 581 253 570 252 570 251 570 208 570 209 609"/></Shape>
	    <String CONTENT="eſt argumẽtũ in verbis ἀστοχεῖν, ſignificat ſco¬"
                    HPOS="208.0"
                    VPOS="566.0"
                    WIDTH="799.0"
                    HEIGHT="63.0"></String>
          </TextLine>
          <TextLine ID="line_12"
                    TAGREFS="LT8"
                    BASELINE="214 659 1008 655" 
                    HPOS="213.0"
                    VPOS="620.0"
                    WIDTH="795.0"
                    HEIGHT="57.0">
            <Shape><Polygon POINTS="214 659 214 677 245 677 245 676 246 676 264 668 336 668 358 674 359 674 360 674 361 674 378 667 524 668 535 674 536 674 536 674 537 674 538 674 569 666 615 673 620 674 621 674 654 673 655 673 656 673 664 667 687 672 716 673 833 673 834 673 835 673 836 673 838 672 851 664 871 669 872 669 873 669 874 669 886 664 900 670 901 670 902 670 903 670 922 665 940 671 941 671 942 671 943 671 1007 670 1008 655 1006 630 913 630 869 621 868 621 867 621 838 630 837 630 836 630 823 624 822 624 821 624 820 624 819 624 813 629 775 621 774 621 773 621 761 627 754 621 753 621 752 621 751 621 751 621 727 630 726 631 699 631 697 630 655 621 654 621 611 625 580 620 579 620 578 620 561 626 531 620 530 620 456 622 455 622 426 630 412 621 411 621 410 621 409 621 408 621 407 621 397 628 325 622 324 622 323 622 291 630 280 633 213 631 214 659"/></Shape>
	    <String CONTENT="po ordinario aberrare, cui opponitur εὐτο¬"
                    HPOS="213.0"
                    VPOS="620.0"
                    WIDTH="795.0"
                    HEIGHT="57.0"></String>
          </TextLine>
          <TextLine ID="line_13"
                    TAGREFS="LT8"
                    BASELINE="213 713 256 709 431 706 1003 707" 
                    HPOS="212.0"
                    VPOS="666.0"
                    WIDTH="791.0"
                    HEIGHT="59.0">
            <Shape><Polygon POINTS="213 713 213 725 343 716 425 716 457 723 461 723 462 723 463 723 464 723 477 716 551 716 561 722 563 724 564 724 565 724 566 724 567 724 576 721 588 718 623 721 665 724 666 724 667 724 668 724 672 720 677 716 682 720 688 724 689 724 690 724 691 724 753 719 800 716 841 716 851 718 873 724 874 724 875 724 876 724 886 719 925 724 926 724 927 724 928 724 938 717 939 716 945 717 966 722 967 722 1002 716 1003 707 1002 679 959 670 958 670 912 673 903 666 902 666 901 666 900 666 836 667 835 667 811 675 798 666 797 666 796 666 795 666 794 666 772 673 762 666 761 666 760 666 759 666 758 666 734 678 711 671 710 671 709 671 658 678 632 666 631 666 586 666 585 666 584 666 583 666 566 676 542 671 541 671 508 678 478 666 477 666 434 666 433 666 379 678 302 666 301 666 300 666 272 679 212 679 213 713"/></Shape>
	    <String CONTENT="χεῖν, bene collimare, ſcopũ probè attingere."
                    HPOS="212.0"
                    VPOS="666.0"
                    WIDTH="791.0"
                    HEIGHT="59.0"></String>
          </TextLine>
          <TextLine ID="line_14"
                    TAGREFS="LT8"
                    BASELINE="256 757 1006 754" 
                    HPOS="255.0"
                    VPOS="716.0"
                    WIDTH="751.0"
                    HEIGHT="59.0">
            <Shape><Polygon POINTS="256 757 256 771 283 766 293 771 297 774 298 774 299 774 300 774 301 774 305 771 311 767 317 771 321 774 321 774 322 774 323 775 356 775 356 774 357 774 363 771 372 766 384 771 385 771 386 771 390 771 445 766 467 771 478 773 479 773 494 771 531 765 543 771 548 773 549 773 550 773 562 771 583 766 594 771 601 773 602 773 603 773 604 773 610 771 621 765 642 770 652 773 653 773 654 773 669 770 691 766 791 770 845 772 846 772 847 772 852 770 863 764 909 764 917 770 920 772 921 772 922 772 923 772 1005 769 1006 754 1004 725 931 716 930 716 929 716 913 724 712 717 711 717 710 717 709 717 698 724 684 717 683 717 682 717 637 725 636 725 634 725 589 717 588 717 587 717 586 717 576 725 575 726 543 726 542 725 532 718 531 718 530 718 529 718 528 718 507 725 504 727 482 727 480 725 468 718 467 718 466 718 465 718 464 718 438 725 435 726 434 725 423 718 422 718 421 718 420 718 391 723 368 719 367 719 366 719 353 726 352 726 351 726 344 720 343 720 342 720 341 720 340 720 329 726 328 726 327 726 310 718 309 718 262 718 261 718 260 718 259 718 259 719 255 722 256 757"/></Shape>
	    <String CONTENT="Scopus doctrinæ eſt ædificatio per dile¬"
                    HPOS="255.0"
                    VPOS="716.0"
                    WIDTH="751.0"
                    HEIGHT="59.0"
                    WC="0.9987956374883652"></String>
          </TextLine>
          <TextLine ID="line_15"
                    TAGREFS="LT8"
                    BASELINE="208 805 1001 805" 
                    HPOS="208.0"
                    VPOS="765.0"
                    WIDTH="793.0"
                    HEIGHT="59.0">
            <Shape><Polygon POINTS="208 805 208 818 414 823 415 823 416 823 417 823 423 818 425 817 436 818 482 821 482 821 483 821 484 821 488 817 491 816 549 816 557 817 586 823 587 823 588 823 598 817 601 816 664 816 667 817 681 823 682 823 683 824 756 824 756 823 757 823 777 816 778 816 785 816 849 823 850 823 890 816 891 816 892 816 908 823 909 823 910 823 1001 815 1001 805 1001 775 967 775 949 766 948 766 947 766 946 766 935 772 926 765 925 765 924 765 923 765 922 765 898 775 876 775 863 765 862 765 861 765 847 765 846 765 845 765 844 765 833 774 793 765 792 765 791 765 759 774 733 768 732 768 731 768 730 768 723 775 670 775 655 767 654 767 653 767 652 767 651 767 643 774 612 774 593 767 592 767 480 765 479 765 431 774 391 768 390 768 331 774 307 765 306 765 245 765 244 765 208 774 208 805"/></Shape>
	    <String CONTENT="ctionem, quo illi aberrant: igitur ſtudiosè ca¬"
                    HPOS="208.0"
                    VPOS="765.0"
                    WIDTH="793.0"
                    HEIGHT="59.0"
                    WC="0.9979123001297315"></String>
          </TextLine>
          <TextLine ID="line_16"
                    TAGREFS="LT8"
                    BASELINE="209 856 998 852" 
                    HPOS="208.0"
                    VPOS="814.0"
                    WIDTH="790.0"
                    HEIGHT="61.0">
            <Shape><Polygon POINTS="209 856 209 867 258 867 259 867 269 874 270 874 271 874 272 874 273 874 294 867 295 867 295 867 324 874 325 874 326 875 395 875 395 874 396 874 408 868 414 873 415 873 416 873 417 874 509 874 509 873 509 873 510 873 521 866 536 871 537 871 538 871 605 866 631 872 632 872 633 872 672 865 675 865 680 865 772 872 773 872 812 866 825 869 826 869 827 869 828 869 829 869 836 864 843 869 844 869 845 869 846 869 847 869 858 864 859 864 894 864 895 864 908 871 909 871 910 871 911 872 970 872 970 871 971 871 998 863 998 852 996 824 861 824 840 814 839 814 838 814 837 814 836 814 824 824 758 824 713 815 712 815 711 815 694 823 684 815 683 815 682 815 650 815 649 815 648 815 647 815 639 821 603 815 602 815 561 816 560 816 539 825 501 816 500 816 499 816 482 824 429 816 428 816 427 816 426 816 414 824 278 817 277 817 276 817 275 817 263 826 224 821 223 821 222 821 208 827 209 856"/></Shape>
	    <String CONTENT="uendi ſunt. Alterum ab effectis, MATAEOLO¬"
                    HPOS="208.0"
                    VPOS="814.0"
                    WIDTH="790.0"
                    HEIGHT="61.0"
                    WC="0.9985003059818631"></String>
          </TextLine>
          <TextLine ID="line_17"
                    TAGREFS="LT8"
                    BASELINE="209 905 1000 903" 
                    HPOS="208.0"
                    VPOS="867.0"
                    WIDTH="792.0"
                    HEIGHT="52.0">
            <Shape><Polygon POINTS="209 905 209 915 603 919 604 919 638 915 646 914 654 915 679 919 680 919 999 914 1000 903 998 878 968 871 967 871 938 878 858 878 836 867 835 867 817 867 816 867 815 867 814 867 802 877 786 869 785 869 742 867 689 867 688 867 687 867 670 874 616 867 616 867 615 867 577 879 504 879 482 871 481 871 480 871 479 871 465 878 447 868 446 868 349 868 348 868 348 868 309 878 295 868 294 868 293 868 292 868 291 868 290 868 276 878 241 873 240 873 208 879 209 905"/></Shape>
	    <String CONTENT="GIFACTI SVNT, μάταιον vitium eſt in omni"
                    HPOS="208.0"
                    VPOS="867.0"
                    WIDTH="792.0"
                    HEIGHT="52.0"></String>
          </TextLine>
          <TextLine ID="line_18"
                    TAGREFS="LT8"
                    BASELINE="205 955 998 952" 
                    HPOS="204.0"
                    VPOS="915.0"
                    WIDTH="794.0"
                    HEIGHT="52.0">
            <Shape><Polygon POINTS="205 955 205 967 997 967 998 952 995 922 917 922 915 921 906 915 905 915 904 915 903 915 858 921 838 915 837 915 836 915 835 915 834 915 823 921 822 922 820 921 799 915 798 915 797 915 739 921 722 924 643 924 636 921 617 916 616 916 568 916 567 916 566 916 565 916 559 921 556 923 552 921 540 916 539 916 538 916 492 921 465 924 436 921 395 917 394 917 393 917 377 921 376 921 375 921 360 917 359 917 358 917 357 917 342 921 340 921 337 921 313 917 312 917 204 920 205 955"/></Shape>
	    <String CONTENT="re culpabile, vanitas, hinc ματαιολογία, ſermo"
                    HPOS="204.0"
                    VPOS="915.0"
                    WIDTH="794.0"
                    HEIGHT="52.0"
                    WC="0.998686210906252"></String>
          </TextLine>
          <TextLine ID="line_19"
                    TAGREFS="LT8"
                    BASELINE="206 1001 998 1004" 
                    HPOS="206.0"
                    VPOS="962.0"
                    WIDTH="792.0"
                    HEIGHT="58.0">
            <Shape><Polygon POINTS="206 1001 206 1014 486 1013 491 1014 510 1018 511 1018 512 1018 526 1014 533 1012 553 1014 601 1018 602 1018 603 1018 604 1018 611 1013 614 1012 651 1012 658 1013 678 1018 679 1018 713 1013 724 1012 725 1013 733 1019 734 1019 735 1019 736 1020 758 1020 758 1019 759 1019 770 1013 772 1013 870 1013 871 1013 887 1019 888 1019 889 1019 890 1019 891 1019 899 1013 900 1013 997 1013 998 1004 998 975 968 962 967 962 879 962 878 962 877 962 857 968 847 962 846 962 845 962 761 962 760 962 651 973 630 966 629 966 628 966 600 970 586 962 585 962 584 962 555 969 530 963 529 963 528 963 460 973 442 973 379 973 378 972 350 967 349 967 348 967 348 967 341 972 340 973 312 973 311 972 287 962 286 962 285 962 284 962 259 972 257 972 206 972 206 1001"/></Shape>
	    <String CONTENT="nis inanitas, cui nihil veri nec ſolidi ſubeſt."
                    HPOS="206.0"
                    VPOS="962.0"
                    WIDTH="792.0"
                    HEIGHT="58.0"
                    WC="0.9878472622404707"></String>
          </TextLine>
          <TextLine ID="line_20"
                    TAGREFS="LT8"
                    BASELINE="206 1050 1000 1052" 
                    HPOS="206.0"
                    VPOS="1010.0"
                    WIDTH="794.0"
                    HEIGHT="59.0">
            <Shape><Polygon POINTS="206 1050 206 1067 261 1061 274 1067 276 1068 277 1068 278 1069 350 1069 350 1068 351 1068 352 1068 352 1067 363 1061 396 1066 397 1066 398 1066 411 1061 467 1061 478 1066 479 1066 480 1066 481 1066 500 1061 509 1067 509 1068 509 1068 510 1068 511 1069 594 1069 594 1068 598 1067 623 1062 630 1067 631 1067 632 1067 633 1067 634 1067 635 1067 641 1062 664 1067 665 1067 690 1062 697 1067 698 1069 699 1069 700 1069 701 1069 702 1069 707 1067 724 1062 998 1067 1000 1052 999 1022 960 1013 959 1013 921 1020 903 1012 902 1012 868 1012 867 1012 866 1012 841 1019 834 1021 829 1019 811 1012 810 1012 757 1012 756 1012 755 1012 754 1012 747 1018 741 1022 635 1022 627 1016 625 1014 624 1014 623 1014 622 1014 612 1016 599 1018 596 1015 590 1011 590 1011 589 1011 588 1011 569 1015 549 1020 528 1014 514 1011 513 1011 512 1011 511 1011 504 1014 487 1020 466 1013 464 1013 463 1013 462 1013 456 1013 410 1018 394 1012 390 1011 389 1011 388 1011 387 1011 383 1012 364 1021 310 1021 292 1011 291 1011 290 1011 288 1011 251 1015 206 1010 206 1050"/></Shape>
	    <String CONTENT="Hanc vanitatem parit is error doctorũ legis:"
                    HPOS="206.0"
                    VPOS="1010.0"
                    WIDTH="794.0"
                    HEIGHT="59.0"
                    WC="0.9873034437497457"></String>
          </TextLine>
          <TextLine ID="line_21"
                    TAGREFS="LT8"
                    BASELINE="204 1100 1001 1103" 
                    HPOS="203.0"
                    VPOS="1059.0"
                    WIDTH="798.0"
                    HEIGHT="60.0">
            <Shape><Polygon POINTS="204 1100 203 1115 315 1116 316 1116 317 1116 318 1116 330 1110 352 1116 353 1116 354 1116 355 1116 358 1116 402 1110 430 1115 431 1115 470 1110 539 1110 552 1117 553 1117 554 1117 555 1117 559 1117 589 1111 599 1116 600 1116 601 1116 602 1116 616 1111 626 1116 627 1116 628 1116 704 1111 731 1117 735 1118 736 1118 740 1117 763 1112 773 1118 774 1118 775 1118 776 1119 824 1119 824 1118 825 1118 826 1118 838 1112 908 1118 912 1118 912 1118 915 1118 969 1112 999 1118 1001 1103 1001 1071 980 1064 979 1064 978 1064 945 1070 899 1061 898 1061 860 1070 859 1070 848 1061 847 1061 846 1061 822 1061 821 1061 795 1062 794 1062 793 1062 784 1069 777 1064 777 1064 776 1064 775 1064 774 1064 773 1064 765 1070 764 1070 737 1060 736 1060 735 1060 734 1060 715 1067 696 1060 695 1060 636 1060 635 1060 634 1060 620 1067 583 1061 582 1061 581 1061 559 1069 557 1070 524 1070 523 1069 511 1061 510 1061 509 1061 431 1059 430 1059 429 1059 429 1059 416 1068 416 1069 375 1069 375 1068 345 1059 344 1059 343 1059 282 1068 277 1068 204 1068 204 1100"/></Shape>
	    <String CONTENT="igitur cauenda illorum doctrina. Eſt etiã vis"
                    HPOS="203.0"
                    VPOS="1059.0"
                    WIDTH="798.0"
                    HEIGHT="60.0"
                    WC="0.9966160084890283"></String>
          </TextLine>
          <TextLine ID="line_22"
                    TAGREFS="LT8"
                    BASELINE="204 1149 998 1152" 
                    HPOS="204.0"
                    VPOS="1109.0"
                    WIDTH="794.0"
                    HEIGHT="58.0">
            <Shape><Polygon POINTS="204 1149 204 1163 411 1158 430 1164 433 1165 434 1165 483 1166 484 1166 485 1166 486 1166 488 1165 497 1159 549 1165 563 1166 564 1166 570 1165 594 1159 649 1165 660 1166 661 1166 671 1165 730 1159 739 1165 740 1165 741 1165 742 1165 743 1165 744 1165 751 1160 811 1160 844 1166 854 1167 855 1167 862 1166 896 1160 909 1166 911 1167 912 1167 912 1167 913 1167 915 1166 928 1160 939 1166 941 1167 942 1167 943 1167 997 1166 998 1152 997 1117 946 1111 945 1111 944 1111 932 1117 928 1118 918 1117 895 1113 894 1113 859 1117 824 1121 814 1117 800 1111 799 1111 798 1111 797 1111 796 1111 787 1117 783 1120 742 1121 731 1117 727 1116 726 1116 725 1116 718 1117 703 1120 696 1117 678 1110 677 1110 595 1110 594 1110 593 1110 580 1118 575 1120 530 1120 527 1118 521 1113 520 1113 519 1113 518 1113 493 1118 480 1120 445 1118 316 1109 315 1109 314 1109 313 1109 299 1118 298 1119 295 1118 265 1110 264 1110 263 1110 262 1110 245 1118 243 1119 204 1119 204 1149"/></Shape>
	    <String CONTENT="in verbo ἐκτρέπειν, quod ſonat euertere vt igi"
                    HPOS="204.0"
                    VPOS="1109.0"
                    WIDTH="794.0"
                    HEIGHT="58.0"></String>
          </TextLine>
          <TextLine ID="line_23"
                    TAGREFS="LT8"
                    BASELINE="203 1197 999 1201" 
                    HPOS="202.0"
                    VPOS="1158.0"
                    WIDTH="797.0"
                    HEIGHT="60.0">
            <Shape><Polygon POINTS="203 1197 202 1210 290 1215 291 1215 321 1210 339 1208 344 1210 351 1215 352 1215 498 1216 499 1216 525 1210 533 1209 539 1210 560 1216 561 1216 562 1216 600 1211 619 1217 620 1217 621 1217 622 1217 623 1217 631 1210 633 1210 660 1210 664 1210 687 1217 688 1217 689 1217 741 1212 771 1217 772 1217 773 1217 795 1210 797 1210 799 1210 815 1218 816 1218 817 1218 847 1211 880 1217 881 1217 882 1217 883 1217 893 1211 998 1211 999 1201 998 1166 835 1170 828 1166 826 1164 825 1164 824 1164 823 1164 822 1164 817 1166 809 1169 788 1166 751 1160 750 1160 749 1160 748 1160 740 1166 735 1170 679 1170 648 1166 584 1159 583 1159 545 1166 535 1168 529 1166 511 1159 510 1159 451 1159 450 1159 449 1159 433 1166 429 1168 428 1166 418 1159 417 1159 416 1159 415 1159 386 1165 370 1158 369 1158 368 1158 367 1158 345 1166 343 1167 342 1166 334 1160 333 1160 332 1160 273 1158 272 1158 203 1166 203 1197"/></Shape>
	    <String CONTENT="tur à ſcopo legitimo aberrant, ſic euertuntur"
                    HPOS="202.0"
                    VPOS="1158.0"
                    WIDTH="797.0"
                    HEIGHT="60.0"
                    WC="0.9826300390388655"></String>
          </TextLine>
          <TextLine ID="line_24"
                    TAGREFS="LT8"
                    BASELINE="203 1245 997 1249" 
                    HPOS="202.0"
                    VPOS="1207.0"
                    WIDTH="795.0"
                    HEIGHT="61.0">
            <Shape><Polygon POINTS="203 1245 202 1256 215 1263 216 1263 217 1263 327 1258 334 1258 398 1258 399 1259 421 1265 422 1265 423 1265 424 1265 440 1261 486 1264 487 1264 488 1264 503 1260 509 1259 516 1261 541 1265 542 1265 574 1261 592 1259 608 1261 633 1266 634 1266 635 1266 645 1261 651 1260 687 1262 732 1266 733 1266 770 1263 800 1261 805 1264 812 1267 813 1267 814 1267 830 1264 846 1261 851 1264 854 1267 855 1267 856 1267 857 1268 888 1268 888 1267 889 1267 893 1265 903 1261 912 1265 915 1267 916 1267 917 1267 996 1266 997 1249 996 1222 973 1216 972 1216 971 1216 960 1221 959 1221 932 1210 931 1210 913 1210 912 1210 912 1210 911 1210 898 1220 895 1222 800 1222 716 1221 709 1216 706 1213 705 1213 704 1213 703 1213 702 1213 701 1213 698 1216 692 1221 671 1221 653 1215 635 1209 634 1209 633 1209 609 1214 597 1216 589 1213 574 1208 573 1208 572 1208 571 1208 560 1213 559 1213 554 1213 519 1208 518 1208 517 1208 516 1208 510 1212 499 1219 459 1212 458 1212 457 1212 456 1212 447 1219 433 1210 430 1208 429 1208 429 1208 375 1208 375 1208 374 1208 373 1208 371 1209 363 1215 354 1209 352 1208 351 1208 350 1208 304 1208 303 1208 302 1208 301 1208 301 1208 294 1213 287 1208 286 1208 285 1208 203 1207 203 1245"/></Shape>
	    <String CONTENT="à veritate, &amp; excidunt à via regia, incidunt"
                    HPOS="202.0"
                    VPOS="1207.0"
                    WIDTH="795.0"
                    HEIGHT="61.0"
                    WC="0.9770554368910582"></String>
          </TextLine>
          <TextLine ID="line_25"
                    TAGREFS="LT8"
                    BASELINE="202 1294 884 1297" 
                    HPOS="201.0"
                    VPOS="1258.0"
                    WIDTH="683.0"
                    HEIGHT="56.0">
            <Shape><Polygon POINTS="858 1265 848 1265 842 1265 835 1271 825 1271 817 1265 809 1265 800 1265 790 1265 780 1265 771 1265 761 1265 755 1265 746 1270 740 1265 732 1265 723 1265 713 1265 705 1265 702 1268 698 1265 694 1265 684 1265 681 1265 656 1270 618 1265 616 1265 607 1265 597 1265 588 1265 578 1265 568 1265 561 1265 553 1270 504 1270 493 1265 491 1265 482 1265 472 1265 466 1265 458 1270 442 1270 436 1265 433 1265 424 1265 414 1265 404 1265 400 1265 394 1269 303 1269 297 1265 289 1265 285 1259 251 1265 238 1259 237 1259 202 1258 202 1294 201 1305 234 1306 241 1313 241 1313 242 1313 243 1313 296 1307 311 1313 312 1313 313 1313 314 1313 337 1307 399 1313 400 1313 401 1313 423 1307 441 1313 442 1313 443 1314 487 1314 487 1313 488 1313 489 1313 496 1309 526 1313 527 1313 556 1308 568 1313 569 1313 570 1313 571 1313 572 1313 582 1308 633 1313 634 1313 635 1313 652 1308 814 1314 815 1314 816 1314 817 1314 827 1309 883 1309 884 1297 883 1266 858 1261 858 1265"/></Shape>
	    <String CONTENT="contrà in vanitatem illam culpabilem."
                    HPOS="201.0"
                    VPOS="1258.0"
                    WIDTH="683.0"
                    HEIGHT="56.0"
                    WC="0.9815596138176165"></String>
          </TextLine>
        </TextBlock>
        <TextBlock HPOS="253"
                   VPOS="1314"
                   WIDTH="638"
                   HEIGHT="60"
                   ID="block_3"
                   TAGREFS="BT1852">
          <Shape><Polygon POINTS="891 1314 891 1374 255 1370 253 1318"/></Shape>
          <TextLine ID="line_26"
                    TAGREFS="LT8"
                    BASELINE="266 1359 884 1353" 
                    HPOS="264"
                    VPOS="1314"
                    WIDTH="619"
                    HEIGHT="61">
            <Shape><Polygon POINTS="465 1316 412 1317 407 1320 264 1317 264 1358 266 1375 299 1365 367 1375 377 1364 442 1364 477 1375 511 1375 530 1364 620 1372 634 1362 727 1372 770 1361 791 1372 840 1372 883 1358 880 1314 870 1314"/></Shape>
	    <String CONTENT="7 Volentes eſſe legis doctores, &amp;c."
                    HPOS="264"
                    VPOS="1314"
                    WIDTH="619"
                    HEIGHT="61"
                    WC="0.9852991563933237"></String>
          </TextLine>
        </TextBlock>
        <TextBlock HPOS="201"
                   VPOS="1372"
                   WIDTH="797"
                   HEIGHT="199"
                   ID="block_6"
                   TAGREFS="BT1851">
          <Shape><Polygon POINTS="998 1372 998 1571 201 1571 201 1372"/></Shape>
          <TextLine ID="line_27"
                    TAGREFS="LT8"
                    BASELINE="269 1403 990 1402" 
                    HPOS="268.0"
                    VPOS="1367.0"
                    WIDTH="722.0"
                    HEIGHT="54.0">
            <Shape><Polygon POINTS="269 1403 269 1412 304 1412 306 1413 319 1420 320 1420 321 1420 321 1421 335 1421 335 1420 336 1420 337 1420 347 1413 355 1419 356 1419 357 1419 358 1419 466 1413 486 1412 488 1413 499 1420 500 1420 501 1420 502 1421 549 1421 549 1420 550 1420 563 1413 564 1413 565 1413 590 1420 590 1420 591 1420 592 1420 611 1413 615 1412 622 1413 658 1420 659 1420 697 1415 721 1420 722 1420 723 1420 746 1416 790 1420 791 1420 792 1420 805 1414 809 1412 813 1414 825 1418 826 1418 827 1418 828 1418 844 1414 849 1413 897 1414 905 1414 914 1420 915 1420 916 1420 917 1420 918 1420 943 1414 945 1414 948 1414 964 1418 965 1418 965 1418 989 1414 990 1402 987 1367 952 1375 935 1367 934 1367 933 1367 889 1367 888 1367 887 1367 886 1367 885 1368 875 1377 838 1370 837 1370 836 1370 820 1377 791 1371 790 1371 789 1371 788 1371 781 1377 710 1377 691 1371 685 1369 684 1369 683 1369 682 1369 678 1371 668 1377 660 1371 656 1368 655 1368 654 1368 653 1368 652 1368 644 1372 632 1378 604 1378 582 1373 556 1367 555 1367 554 1367 535 1373 532 1374 530 1373 515 1367 514 1367 513 1367 512 1367 511 1367 504 1374 503 1375 501 1374 497 1370 496 1370 495 1370 494 1370 493 1370 492 1370 486 1374 482 1377 478 1374 473 1370 472 1370 471 1370 442 1370 441 1370 418 1375 408 1377 402 1375 393 1371 392 1371 391 1371 370 1376 367 1376 365 1376 341 1367 340 1367 284 1367 283 1367 282 1367 281 1367 268 1374 269 1403"/></Shape>
	    <String CONTENT="Septimum argumeutum, quo vanitati"
                    HPOS="268.0"
                    VPOS="1367.0"
                    WIDTH="722.0"
                    HEIGHT="54.0"
                    WC="0.9953719485889782"></String>
          </TextLine>
          <TextLine ID="line_28"
                    TAGREFS="LT8"
                    BASELINE="202 1450 992 1453" 
                    HPOS="201.0"
                    VPOS="1411.0"
                    WIDTH="791.0"
                    HEIGHT="58.0">
            <Shape><Polygon POINTS="202 1450 201 1462 372 1467 373 1467 374 1467 383 1464 394 1460 502 1464 591 1468 592 1468 613 1465 641 1461 662 1465 674 1468 675 1468 676 1468 677 1468 680 1466 687 1461 727 1461 752 1466 769 1469 770 1469 785 1466 807 1462 830 1466 844 1469 845 1469 846 1469 851 1467 860 1462 898 1462 916 1467 923 1469 924 1469 925 1469 991 1467 992 1453 992 1427 946 1413 945 1413 944 1413 943 1413 909 1426 907 1427 861 1427 858 1425 855 1421 854 1421 853 1421 852 1421 813 1424 777 1426 771 1423 751 1414 751 1414 750 1414 749 1414 736 1417 728 1412 727 1412 726 1412 701 1412 700 1412 699 1412 681 1421 676 1423 670 1420 649 1412 648 1412 613 1412 612 1412 611 1412 590 1418 581 1422 571 1418 570 1418 569 1418 568 1418 566 1418 537 1425 531 1419 530 1419 529 1419 528 1419 527 1419 511 1425 498 1420 497 1420 496 1420 464 1425 379 1425 357 1418 356 1418 355 1418 314 1424 287 1412 283 1411 282 1411 202 1411 202 1450"/></Shape>
	    <String CONTENT="addit ignorantiam craſſam &amp; ſatis impuden"
                    HPOS="201.0"
                    VPOS="1411.0"
                    WIDTH="791.0"
                    HEIGHT="58.0"></String>
          </TextLine>
          <TextLine ID="line_29"
                    TAGREFS="LT8"
                    BASELINE="204 1498 992 1501" 
                    HPOS="203.0"
                    VPOS="1462.0"
                    WIDTH="789.0"
                    HEIGHT="61.0">
            <Shape><Polygon POINTS="204 1498 203 1512 255 1517 256 1517 275 1513 278 1512 279 1513 288 1520 289 1520 290 1520 291 1520 339 1513 346 1512 348 1513 357 1518 358 1518 359 1518 384 1513 389 1512 391 1513 404 1519 405 1519 406 1519 407 1519 420 1513 422 1512 474 1513 499 1513 512 1521 513 1521 514 1521 580 1515 597 1520 598 1520 599 1520 600 1520 622 1513 624 1513 668 1513 669 1513 681 1519 682 1519 683 1519 684 1519 704 1513 705 1513 707 1513 737 1522 738 1522 739 1523 808 1523 808 1522 809 1522 829 1516 846 1522 847 1522 848 1522 849 1522 867 1515 922 1522 923 1522 991 1513 992 1501 992 1469 985 1464 984 1464 983 1464 924 1464 923 1464 922 1464 921 1464 912 1470 905 1474 881 1474 873 1470 869 1467 868 1467 867 1467 866 1467 865 1467 858 1469 846 1474 763 1474 756 1469 751 1464 750 1464 749 1464 748 1464 747 1464 732 1469 725 1471 723 1469 715 1463 714 1463 713 1463 597 1463 596 1463 595 1463 577 1468 556 1472 525 1467 514 1466 513 1466 512 1466 509 1467 495 1472 487 1467 483 1464 482 1464 482 1464 481 1464 480 1464 470 1467 456 1472 409 1472 400 1467 393 1462 392 1462 391 1462 364 1462 363 1462 362 1462 361 1462 355 1466 348 1472 327 1472 317 1466 310 1462 309 1462 308 1462 307 1462 289 1466 268 1471 263 1466 262 1466 261 1466 204 1466 204 1498"/></Shape>
	    <String CONTENT="tem. Doctores Legis eſſe volunt, quo ſignifi¬"
                    HPOS="203.0"
                    VPOS="1462.0"
                    WIDTH="789.0"
                    HEIGHT="61.0"
                    WC="0.9961175481478374"></String>
          </TextLine>
          <TextLine ID="line_30"
                    TAGREFS="LT8"
                    BASELINE="203 1551 993 1550" 
                    HPOS="202.0"
                    VPOS="1514.0"
                    WIDTH="791.0"
                    HEIGHT="66.0">
            <Shape><Polygon POINTS="203 1551 203 1573 233 1568 240 1573 248 1579 249 1579 250 1579 251 1579 292 1574 315 1570 331 1574 359 1579 360 1579 399 1574 418 1579 419 1579 420 1580 543 1580 543 1579 544 1579 563 1574 582 1567 670 1567 679 1574 680 1574 681 1574 682 1574 686 1574 724 1570 729 1574 735 1578 736 1578 737 1578 738 1579 776 1579 776 1578 777 1578 777 1578 783 1574 787 1571 798 1574 807 1576 808 1576 809 1576 810 1576 811 1576 815 1574 826 1567 839 1572 840 1572 841 1572 904 1567 921 1574 923 1575 924 1575 925 1575 926 1575 927 1575 928 1574 940 1567 960 1567 992 1574 993 1550 990 1514 950 1524 831 1524 817 1515 817 1514 816 1514 815 1514 814 1514 813 1514 811 1515 789 1523 756 1517 755 1517 754 1517 753 1517 743 1524 721 1524 692 1515 686 1514 685 1514 684 1514 676 1516 654 1521 613 1516 609 1516 608 1516 607 1516 590 1524 553 1524 524 1517 518 1515 517 1515 516 1515 508 1517 476 1523 453 1517 446 1515 445 1515 405 1515 404 1515 403 1515 397 1517 378 1523 360 1518 359 1518 358 1518 304 1522 293 1518 290 1517 289 1517 288 1517 287 1517 286 1517 285 1518 275 1524 250 1518 238 1515 237 1515 236 1515 202 1518 203 1551"/></Shape>
	    <String CONTENT="cat eos titulum hunc venari paſsim apud"
                    HPOS="202.0"
                    VPOS="1514.0"
                    WIDTH="791.0"
                    HEIGHT="66.0"
                    WC="0.9995683722006969"></String>
          </TextLine>
        </TextBlock>
        <TextBlock HPOS="899"
                   VPOS="1565"
                   WIDTH="96"
                   HEIGHT="48"
                   ID="block_1"
                   TAGREFS="BT17">
          <Shape><Polygon POINTS="995 1565 995 1613 899 1613 899 1565"/></Shape>
          <TextLine ID="line_31"
                    TAGREFS="LT8"
                    BASELINE="893 1603 991 1600" 
                    HPOS="891.0"
                    VPOS="1565.0"
                    WIDTH="100.0"
                    HEIGHT="70.0">
            <Shape><Polygon POINTS="893 1603 893 1629 904 1633 905 1633 906 1633 935 1629 941 1628 943 1629 952 1635 953 1635 954 1635 955 1635 991 1629 991 1600 989 1571 939 1565 938 1565 938 1565 937 1565 929 1572 928 1573 925 1572 912 1567 911 1567 910 1567 909 1567 891 1572 893 1603"/></Shape>
	    <String CONTENT="fide¬"
                    HPOS="891.0"
                    VPOS="1565.0"
                    WIDTH="100.0"
                    HEIGHT="70.0"
                    WC="0.999859881401062"></String>
          </TextLine>
        </TextBlock>
      </PrintSpace>
    </Page>
  </Layout>
</alto>
