<?xml version="1.0" encoding="UTF-8"?>
<alto xmlns:xsi="http://www.w3.org/2001/XMLSchema-instance"
      xmlns="http://www.loc.gov/standards/alto/ns-v4#"
      xsi:schemaLocation="http://www.loc.gov/standards/alto/ns-v4# http://www.loc.gov/standards/alto/v4/alto-4-2.xsd">
  <Description>
    <MeasurementUnit>pixel</MeasurementUnit>
    <sourceImageInformation>
      <fileName>bsb10313792_00081.jpg</fileName>
    </sourceImageInformation>
  </Description>
  <Tags>
    <OtherTag ID="BT7" LABEL="CustomZone" DESCRIPTION="block type CustomZone"/><OtherTag ID="BT8" LABEL="DamageZone" DESCRIPTION="block type DamageZone"/><OtherTag ID="BT9" LABEL="DigitizationArtefactZone" DESCRIPTION="block type DigitizationArtefactZone"/><OtherTag ID="BT10" LABEL="DropCapitalZone" DESCRIPTION="block type DropCapitalZone"/><OtherTag ID="BT11" LABEL="GraphicZone" DESCRIPTION="block type GraphicZone"/><OtherTag ID="BT12" LABEL="MainZone" DESCRIPTION="block type MainZone"/><OtherTag ID="BT13" LABEL="MarginTextZone" DESCRIPTION="block type MarginTextZone"/><OtherTag ID="BT14" LABEL="MusicZone" DESCRIPTION="block type MusicZone"/><OtherTag ID="BT15" LABEL="NumberingZone" DESCRIPTION="block type NumberingZone"/><OtherTag ID="BT17" LABEL="QuireMarksZone" DESCRIPTION="block type QuireMarksZone"/><OtherTag ID="BT18" LABEL="RunningTitleZone" DESCRIPTION="block type RunningTitleZone"/><OtherTag ID="BT19" LABEL="SealZone" DESCRIPTION="block type SealZone"/><OtherTag ID="BT20" LABEL="StampZone" DESCRIPTION="block type StampZone"/><OtherTag ID="BT21" LABEL="TableZone" DESCRIPTION="block type TableZone"/><OtherTag ID="BT22" LABEL="TitlePageZone" DESCRIPTION="block type TitlePageZone"/><OtherTag ID="BT1851" LABEL="MainZone-P" DESCRIPTION="block type MainZone-P"/><OtherTag ID="BT1852" LABEL="MainZone-Head" DESCRIPTION="block type MainZone-Head"/><OtherTag ID="BT1853" LABEL="MainZone-P-Continued" DESCRIPTION="block type MainZone-P-Continued"/><OtherTag ID="BT1854" LABEL="MarginTextZone-ManuscriptAddendum" DESCRIPTION="block type MarginTextZone-ManuscriptAddendum"/><OtherTag ID="BT1855" LABEL="text" DESCRIPTION="block type text"/><OtherTag ID="BT1856" LABEL="MainZone-Entry" DESCRIPTION="block type MainZone-Entry"/><OtherTag ID="BT1857" LABEL="MainZone-Entry-Continued" DESCRIPTION="block type MainZone-Entry-Continued"/><OtherTag ID="BT1877" LABEL="GraphicZone-Decoration" DESCRIPTION="block type GraphicZone-Decoration"/><OtherTag ID="BT1894" LABEL="MainZone-Other" DESCRIPTION="block type MainZone-Other"/>
    <OtherTag ID="LT7" LABEL="CustomLine" DESCRIPTION="line type CustomLine"/><OtherTag ID="LT8" LABEL="DefaultLine" DESCRIPTION="line type DefaultLine"/><OtherTag ID="LT9" LABEL="DropCapitalLine" DESCRIPTION="line type DropCapitalLine"/><OtherTag ID="LT10" LABEL="HeadingLine" DESCRIPTION="line type HeadingLine"/><OtherTag ID="LT11" LABEL="InterlinearLine" DESCRIPTION="line type InterlinearLine"/><OtherTag ID="LT12" LABEL="MusicLine" DESCRIPTION="line type MusicLine"/><OtherTag ID="LT636" LABEL="default" DESCRIPTION="line type default"/>
  </Tags>
  <Layout>
    <Page WIDTH="1081"
          HEIGHT="1759"
          PHYSICAL_IMG_NR="65"
          ID="eSc_dummypage_">
      <PrintSpace HPOS="0"
                  VPOS="0"
                  WIDTH="1081"
                  HEIGHT="1759">
        <TextBlock HPOS="129"
                   VPOS="47"
                   WIDTH="652"
                   HEIGHT="49"
                   ID="block_0"
                   TAGREFS="BT18">
          <Shape><Polygon POINTS="781 47 781 96 129 96 129 47"/></Shape>
          <TextLine ID="line_0"
                    TAGREFS="LT8"
                    BASELINE="136 79 770 82" 
                    HPOS="133"
                    VPOS="46"
                    WIDTH="635"
                    HEIGHT="56">
            <Shape><Polygon POINTS="632 46 617 46 602 46 588 46 573 46 558 46 544 46 529 46 514 46 500 46 485 46 470 46 456 46 441 46 426 46 412 46 397 46 382 46 368 46 353 46 338 46 324 46 309 46 294 46 280 46 265 46 250 46 236 46 221 46 206 46 192 46 177 46 162 46 148 46 134 46 134 77 133 92 177 101 178 101 262 95 274 102 275 102 277 102 278 102 767 98 768 80 767 48 639 46 632 46"/></Shape>
	    <String CONTENT="IN I. EPIST. AD TIMOTH"
                    HPOS="133"
                    VPOS="46"
                    WIDTH="635"
                    HEIGHT="56"
                    WC="0.9995446069674059"></String>
          </TextLine>
        </TextBlock>
        <TextBlock HPOS="829"
                   VPOS="64"
                   WIDTH="53"
                   HEIGHT="41"
                   ID="block_4"
                   TAGREFS="BT15">
          <Shape><Polygon POINTS="882 64 882 105 829 105 829 64"/></Shape>
          <TextLine ID="line_1"
                    TAGREFS="LT8"
                    BASELINE="837 88 871 91" 
                    HPOS="834"
                    VPOS="64"
                    WIDTH="35"
                    HEIGHT="44">
            <Shape><Polygon POINTS="866 64 852 64 837 64 836 87 834 108 866 108 869 90 869 64 866 64"/></Shape>
	    <String CONTENT="73"
                    HPOS="834"
                    VPOS="64"
                    WIDTH="35"
                    HEIGHT="44"
                    WC="0.9999980926513672"></String>
          </TextLine>
        </TextBlock>
        <TextBlock HPOS="69"
                   VPOS="101"
                   WIDTH="811"
                   HEIGHT="199"
                   ID="block_3"
                   TAGREFS="BT1853">
          <Shape><Polygon POINTS="880 101 880 300 69 300 69 101"/></Shape>
          <TextLine ID="line_2"
                    TAGREFS="LT8"
                    BASELINE="67 136 475 136 875 143" 
                    HPOS="66"
                    VPOS="97"
                    WIDTH="809"
                    HEIGHT="66">
            <Shape><Polygon POINTS="436 99 435 99 418 102 402 104 389 101 381 99 380 99 371 99 366 101 353 106 302 106 290 99 282 99 272 99 262 99 254 99 245 104 231 99 223 99 217 99 209 105 176 105 154 99 145 99 135 99 126 99 116 99 106 99 96 99 86 99 77 99 67 97 67 136 66 155 105 150 132 156 133 156 174 152 225 157 226 157 227 157 247 148 271 148 351 158 352 158 353 158 354 158 362 153 388 158 389 158 412 150 448 150 462 159 463 159 464 159 465 160 474 160 495 160 495 159 496 159 497 159 510 150 524 150 612 150 640 161 641 161 642 161 643 161 644 161 645 161 655 156 719 160 720 160 721 160 736 153 757 162 758 162 759 162 760 163 874 163 875 143 875 110 815 110 813 108 803 102 802 102 801 102 800 102 758 107 751 108 748 107 734 101 733 101 732 101 673 106 647 108 543 104 494 102 493 102 492 102 489 103 480 106 472 103 467 101 466 101 465 101 464 101 459 102 448 106 442 102 438 99 437 99"/></Shape>
	    <String CONTENT="ſtudio &amp; bonorum operum exercitio bona"
                    HPOS="66"
                    VPOS="97"
                    WIDTH="809"
                    HEIGHT="66"
                    WC="0.999124067394357"></String>
          </TextLine>
          <TextLine ID="line_3"
                    TAGREFS="LT8"
                    BASELINE="72 184 876 192" 
                    HPOS="71.0"
                    VPOS="147.0"
                    WIDTH="805.0"
                    HEIGHT="64.0">
            <Shape><Polygon POINTS="72 184 71 196 89 204 90 204 91 204 153 198 184 198 229 198 232 198 248 204 249 204 250 204 251 204 267 199 272 198 278 199 301 206 302 206 302 206 351 201 372 199 382 201 400 207 401 207 402 207 442 203 468 200 475 203 484 208 485 208 486 208 518 204 545 201 551 205 555 208 556 208 557 208 585 209 586 209 629 206 671 204 691 208 704 210 705 210 752 209 853 206 873 211 876 192 875 162 788 162 784 160 751 153 702 153 701 153 700 153 699 153 691 159 691 160 690 159 674 152 673 152 672 152 671 152 648 159 647 160 575 160 571 158 548 151 547 151 499 151 498 151 497 151 496 151 488 157 487 158 480 157 446 151 445 151 444 151 429 157 427 157 426 156 418 150 417 150 416 150 415 150 414 150 413 150 404 156 373 149 372 149 347 154 295 149 294 149 293 149 281 155 264 155 182 155 179 154 172 147 171 147 170 147 169 147 72 152 72 184"/></Shape>
	    <String CONTENT="naſcitur: mala autem vitæ petulantia ac im"
                    HPOS="71.0"
                    VPOS="147.0"
                    WIDTH="805.0"
                    HEIGHT="64.0"
                    WC="0.9837414693264734"></String>
          </TextLine>
          <TextLine ID="line_4"
                    TAGREFS="LT8"
                    BASELINE="76 237 473 235 864 240" 
                    HPOS="75.0"
                    VPOS="198.0"
                    WIDTH="789.0"
                    HEIGHT="63.0">
            <Shape><Polygon POINTS="76 237 75 253 212 257 213 257 226 255 242 251 256 255 259 256 260 256 261 256 272 255 315 251 328 256 336 258 337 258 338 258 354 256 376 252 402 256 425 259 426 259 427 259 436 257 450 252 462 257 470 259 471 259 472 259 473 259 474 259 477 257 485 252 535 257 536 257 570 252 592 257 602 260 603 260 604 260 605 260 605 260 608 257 616 253 687 253 699 258 704 260 705 260 706 261 772 261 772 260 773 260 776 259 785 255 803 259 807 260 808 260 809 260 864 259 864 240 863 209 708 209 705 208 692 203 691 203 691 203 669 208 664 209 662 208 649 201 648 201 648 201 607 208 599 209 568 209 567 208 557 199 556 199 555 199 478 199 477 199 476 199 475 199 465 208 463 209 418 209 416 207 397 199 396 199 395 199 324 204 302 198 302 198 284 198 283 198 282 198 281 198 269 207 252 198 251 198 229 198 228 198 227 198 226 198 212 207 211 208 187 208 186 207 168 198 167 198 166 198 165 198 148 203 111 198 110 198 76 206 76 237"/></Shape>
	    <String CONTENT="probitate: rectè igitur fidei coniungit con"
                    HPOS="75.0"
                    VPOS="198.0"
                    WIDTH="789.0"
                    HEIGHT="63.0"
                    WC="0.994890646501021"></String>
          </TextLine>
          <TextLine ID="line_5"
                    TAGREFS="LT8"
                    BASELINE="75 285 456 285" 
                    HPOS="75.0"
                    VPOS="250.0"
                    WIDTH="381.0"
                    HEIGHT="53.0">
            <Shape><Polygon POINTS="75 285 75 302 455 303 456 285 456 256 432 251 432 251 399 255 379 257 371 254 365 252 364 252 363 252 362 252 356 254 348 257 344 254 341 251 340 251 339 251 338 251 337 251 327 254 314 257 309 253 305 250 304 250 303 250 302 250 302 250 291 253 276 257 267 253 262 250 261 250 260 250 233 252 172 257 161 251 159 250 158 250 157 250 156 250 155 250 155 251 148 257 125 257 118 251 118 250 117 250 116 250 75 250 75 285"/></Shape>
	    <String CONTENT="ſcientiæ puritatem."
                    HPOS="75.0"
                    VPOS="250.0"
                    WIDTH="381.0"
                    HEIGHT="53.0"
                    WC="0.9990571643176832"></String>
          </TextLine>
        </TextBlock>
        <TextBlock HPOS="105"
                   VPOS="301"
                   WIDTH="514"
                   HEIGHT="57"
                   ID="block_1"
                   TAGREFS="BT1852">
          <Shape><Polygon POINTS="619 301 619 358 105 348 105 303"/></Shape>
          <TextLine ID="line_6"
                    TAGREFS="LT8"
                    BASELINE="123 339 623 341" 
                    HPOS="122.0"
                    VPOS="296.0"
                    WIDTH="501.0"
                    HEIGHT="63.0">
            <Shape><Polygon POINTS="122 356 179 356 180 356 181 356 181 355 188 349 218 349 226 356 227 357 227 358 228 358 229 358 230 358 246 356 292 350 311 356 319 358 320 358 373 359 374 359 400 358 401 358 402 358 402 357 405 355 410 350 439 354 454 356 455 356 474 354 498 351 503 354 509 358 510 358 511 358 512 358 513 358 527 353 539 350 546 353 554 357 555 357 556 357 557 357 568 353 578 350 621 352 623 341 622 312 588 307 578 298 578 297 577 297 576 297 557 297 556 297 555 297 554 297 533 309 531 310 528 309 493 298 492 298 491 298 490 298 489 298 483 303 466 299 465 299 464 299 463 299 453 303 404 297 403 297 402 297 401 297 389 305 374 296 373 296 372 296 371 296 370 296 369 296 369 297 359 304 359 305 357 304 335 296 334 296 302 296 302 296 301 296 300 296 291 302 287 305 266 302 254 300 253 300 252 300 251 300 250 301 237 311 154 311 124 299 123 339 122 356"/></Shape>
	    <String CONTENT="10 Et hi probentur, &amp;c."
                    HPOS="122.0"
                    VPOS="296.0"
                    WIDTH="501.0"
                    HEIGHT="63.0"
                    WC="0.9950111612029697"></String>
          </TextLine>
        </TextBlock>
        <TextBlock HPOS="75"
                   VPOS="356"
                   WIDTH="811"
                   HEIGHT="442"
                   ID="block_7"
                   TAGREFS="BT1851">
          <Shape><Polygon POINTS="886 356 886 798 75 798 75 356"/></Shape>
          <TextLine ID="line_7"
                    TAGREFS="LT8"
                    BASELINE="139 391 539 389 865 394" 
                    HPOS="139.0"
                    VPOS="348.0"
                    WIDTH="726.0"
                    HEIGHT="61.0">
            <Shape><Polygon POINTS="139 391 139 406 184 400 190 405 191 405 192 405 193 405 259 401 284 407 287 407 288 407 292 407 339 401 412 401 427 407 428 407 429 407 432 407 545 401 573 401 581 408 582 408 583 408 584 408 591 408 650 402 682 408 684 408 685 408 689 408 735 403 753 408 754 408 755 409 864 409 865 394 865 359 848 351 847 351 846 351 810 358 809 358 807 358 765 349 721 349 720 349 719 349 718 349 705 357 702 359 644 359 640 356 628 350 627 350 602 350 601 350 600 350 578 356 568 358 562 355 546 348 545 348 524 348 523 348 522 348 521 348 512 355 509 357 500 355 483 350 482 350 481 350 480 350 479 350 475 354 471 358 454 358 449 354 442 348 441 348 440 348 403 348 402 348 401 348 387 353 377 358 324 358 318 353 313 348 312 348 311 348 296 348 295 348 294 348 293 348 288 352 281 357 259 357 254 352 250 348 249 348 248 348 247 348 246 348 238 352 227 357 205 351 198 350 197 350 196 350 193 351 185 355 139 351 139 391"/></Shape>
	    <String CONTENT="Virtutibus addit probationem, nam vir"
                    HPOS="139.0"
                    VPOS="348.0"
                    WIDTH="726.0"
                    HEIGHT="61.0"
                    WC="0.9911625610815512"></String>
          </TextLine>
          <TextLine ID="line_8"
                    TAGREFS="LT8"
                    BASELINE="73 439 874 441" 
                    HPOS="72.0"
                    VPOS="398.0"
                    WIDTH="802.0"
                    HEIGHT="61.0">
            <Shape><Polygon POINTS="72 449 130 457 131 457 188 451 224 457 225 458 264 458 264 457 265 457 266 457 274 451 291 457 292 457 293 457 333 451 438 457 439 457 440 457 460 451 485 458 486 458 487 459 524 459 524 458 525 458 538 452 597 458 598 458 624 452 644 457 645 457 646 457 746 452 831 458 832 458 873 451 874 441 873 409 840 409 839 408 817 400 816 400 815 400 814 400 790 407 787 408 785 407 770 400 769 400 768 400 767 400 755 405 731 400 730 400 729 400 712 406 710 407 708 406 693 400 692 400 691 400 691 400 677 406 676 406 669 406 618 401 617 401 616 401 608 405 602 408 595 405 583 400 582 400 546 400 545 400 544 400 543 400 538 404 535 407 479 408 438 408 429 403 422 399 421 399 378 399 377 399 376 399 370 402 359 407 332 401 319 399 318 399 317 399 316 399 313 401 302 408 100 408 74 398 73 439 72 449"/></Shape>
	    <String CONTENT="tutes cognoſci debent publice. Probari au¬"
                    HPOS="72.0"
                    VPOS="398.0"
                    WIDTH="802.0"
                    HEIGHT="61.0"
                    WC="0.9976659076554435"></String>
          </TextLine>
          <TextLine ID="line_9"
                    TAGREFS="LT8"
                    BASELINE="74 487 877 490" 
                    HPOS="73.0"
                    VPOS="448.0"
                    WIDTH="804.0"
                    HEIGHT="61.0">
            <Shape><Polygon POINTS="73 498 115 507 116 507 172 500 182 507 183 507 184 507 185 507 260 502 343 508 344 509 390 509 390 508 391 508 416 501 431 508 432 508 432 508 517 501 526 508 527 508 528 508 529 509 565 509 565 508 566 508 579 502 610 509 611 509 876 501 877 490 876 461 819 461 816 460 785 451 784 451 783 451 714 458 691 460 673 457 638 451 637 451 636 451 623 456 619 458 617 456 609 450 608 450 607 450 606 450 583 455 539 451 538 451 537 451 536 451 531 455 525 458 503 458 499 454 493 450 492 450 491 450 406 450 405 450 404 450 403 450 399 453 391 459 369 459 351 452 342 449 341 449 340 449 321 452 278 459 113 459 75 448 74 487 73 498"/></Shape>
	    <String CONTENT="tem accipio, pro examinari, rogantur de vo¬"
                    HPOS="73.0"
                    VPOS="448.0"
                    WIDTH="804.0"
                    HEIGHT="61.0"
                    WC="0.9869540943655857"></String>
          </TextLine>
          <TextLine ID="line_10"
                    TAGREFS="LT8"
                    BASELINE="79 536 874 541" 
                    HPOS="78.0"
                    VPOS="495.0"
                    WIDTH="796.0"
                    HEIGHT="64.0">
            <Shape><Polygon POINTS="79 536 78 547 122 556 123 556 197 548 202 548 237 548 239 548 256 555 257 555 258 555 386 549 395 549 396 549 415 557 416 557 417 557 458 550 473 557 474 557 475 557 539 550 540 550 541 550 575 558 576 558 577 558 710 551 712 551 730 557 731 557 732 557 733 557 747 552 774 558 775 558 837 559 838 559 839 559 840 559 852 552 873 552 874 541 873 510 828 501 827 501 826 501 817 506 760 500 759 500 727 507 725 507 715 499 714 499 713 499 659 499 658 499 657 499 641 505 633 508 605 504 591 503 590 503 576 504 544 507 535 503 523 498 522 498 453 498 452 498 451 498 438 501 417 507 355 507 339 499 333 497 332 497 331 497 330 497 325 499 309 506 280 498 274 497 273 497 272 497 265 498 231 505 192 498 191 498 190 498 189 498 179 506 119 506 108 497 107 497 106 497 79 495 79 536"/></Shape>
	    <String CONTENT="lutate &amp; facultate velintne &amp; poſsint Eccle¬"
                    HPOS="78.0"
                    VPOS="495.0"
                    WIDTH="796.0"
                    HEIGHT="64.0"></String>
          </TextLine>
          <TextLine ID="line_11"
                    TAGREFS="LT8"
                    BASELINE="83 588 875 591" 
                    HPOS="83.0"
                    VPOS="548.0"
                    WIDTH="792.0"
                    HEIGHT="58.0">
            <Shape><Polygon POINTS="83 588 83 603 334 599 586 605 621 606 622 606 648 606 828 600 873 606 875 591 874 558 762 559 752 557 730 550 729 550 679 550 678 550 677 550 663 556 655 559 617 557 614 556 602 549 601 549 600 549 599 549 598 549 589 555 575 549 574 549 516 549 515 549 514 549 513 549 504 555 496 558 479 555 459 549 458 549 457 549 413 551 412 551 406 554 396 558 333 558 326 553 320 548 319 548 318 548 303 548 302 548 302 548 301 548 295 553 287 557 227 557 219 552 215 548 214 548 213 548 212 548 193 552 161 558 133 558 124 551 121 548 120 548 119 548 118 548 83 550 83 588"/></Shape>
	    <String CONTENT="ſiæ vtiliter ſeruire. Facultas cognoſcetur ex"
                    HPOS="83.0"
                    VPOS="548.0"
                    WIDTH="792.0"
                    HEIGHT="58.0"
                    WC="0.9872173256344265"></String>
          </TextLine>
          <TextLine ID="line_12"
                    TAGREFS="LT8"
                    BASELINE="83 635 877 640" 
                    HPOS="82.0"
                    VPOS="595.0"
                    WIDTH="795.0"
                    HEIGHT="62.0">
            <Shape><Polygon POINTS="83 635 82 645 126 653 127 653 259 648 275 648 276 648 287 654 288 654 289 654 290 654 309 649 310 649 320 654 321 654 322 654 401 650 433 649 463 651 497 654 498 654 521 652 558 649 579 653 597 656 598 656 634 654 691 650 713 655 719 656 720 656 731 655 774 651 796 656 801 657 802 657 808 656 838 651 875 657 877 640 876 608 826 608 825 607 803 599 802 599 774 599 773 599 772 599 771 599 759 607 758 607 707 607 707 606 687 598 686 598 670 598 669 598 668 598 667 598 655 606 654 606 610 598 609 598 563 606 560 606 555 605 506 597 505 597 476 602 404 597 403 597 402 597 379 603 361 596 360 596 359 596 311 600 241 595 240 595 239 595 238 595 226 603 184 598 183 598 156 603 155 603 142 595 141 595 140 595 139 595 138 595 121 603 120 603 83 603 83 635"/></Shape>
	    <String CONTENT="articulis fidei, &amp; dexteritate concionandi, au"
                    HPOS="82.0"
                    VPOS="595.0"
                    WIDTH="795.0"
                    HEIGHT="62.0"
                    WC="0.9960484154846357"></String>
          </TextLine>
          <TextLine ID="line_13"
                    TAGREFS="LT8"
                    BASELINE="92 684 877 687" 
                    HPOS="91.0"
                    VPOS="644.0"
                    WIDTH="786.0"
                    HEIGHT="64.0">
            <Shape><Polygon POINTS="92 684 91 694 188 704 327 705 328 705 329 705 344 700 372 705 373 705 374 705 375 705 384 698 385 697 391 698 421 703 422 703 423 703 432 698 435 697 448 699 475 702 475 702 476 702 488 699 493 698 495 699 506 706 507 706 508 706 509 706 510 706 528 700 547 706 548 706 549 706 550 706 571 700 573 700 574 700 604 706 605 706 605 706 606 706 613 700 617 698 651 701 690 704 691 704 712 702 735 699 744 702 753 705 754 705 755 705 774 702 793 699 799 703 804 707 805 707 806 707 807 708 826 708 826 707 827 707 828 707 834 703 840 699 875 703 877 687 876 652 826 647 825 647 824 647 809 651 799 654 793 651 783 647 782 647 708 647 707 647 706 647 695 651 688 654 666 651 645 648 644 648 643 648 642 648 639 651 633 656 607 656 599 651 589 646 588 646 554 646 553 646 552 646 542 651 534 655 500 655 490 651 477 645 476 645 435 645 434 645 433 645 432 645 426 650 422 654 414 650 401 645 400 645 399 645 398 645 380 650 365 654 141 654 134 650 124 644 123 644 122 644 92 649 92 684"/></Shape>
	    <String CONTENT="diatur ergo quomodo verbum Dei interpre"
                    HPOS="91.0"
                    VPOS="644.0"
                    WIDTH="786.0"
                    HEIGHT="64.0"
                    WC="0.9991316459117792"></String>
          </TextLine>
          <TextLine ID="line_14"
                    TAGREFS="LT8"
                    BASELINE="93 733 869 739" 
                    HPOS="92.0"
                    VPOS="696.0"
                    WIDTH="777.0"
                    HEIGHT="62.0">
            <Shape><Polygon POINTS="93 733 92 742 172 754 265 755 266 755 267 755 295 747 298 745 343 745 346 748 350 751 351 751 352 751 353 751 407 749 480 746 508 751 539 757 611 758 612 758 633 754 637 753 647 754 666 756 667 756 668 756 673 754 691 748 723 755 735 758 736 758 737 758 744 756 764 749 826 749 867 758 869 739 869 709 852 701 851 701 850 701 802 709 796 710 795 709 783 700 782 700 781 700 780 700 745 704 735 699 734 699 649 699 648 699 648 699 647 699 634 708 632 709 628 708 606 700 605 700 605 700 604 700 603 700 594 707 592 708 587 707 562 703 561 703 540 707 532 708 529 707 514 698 513 698 512 698 511 698 495 706 492 708 479 706 423 697 374 697 373 697 372 697 357 703 331 696 330 696 329 696 328 696 327 696 314 705 312 706 308 705 285 696 284 696 283 696 282 696 259 704 252 706 93 703 93 733"/></Shape>
	    <String CONTENT="tetur, qualis ſit illius vox, qui geſtus, habitus,"
                    HPOS="92.0"
                    VPOS="696.0"
                    WIDTH="777.0"
                    HEIGHT="62.0"
                    WC="0.9986477267742156"></String>
          </TextLine>
          <TextLine ID="line_15"
                    TAGREFS="LT8"
                    BASELINE="87 783 680 785" 
                    HPOS="85"
                    VPOS="743"
                    WIDTH="594"
                    HEIGHT="60">
            <Shape><Polygon POINTS="86 782 85 795 676 803 679 784 677 750 357 743 356 743 354 743 353 743 341 750 340 751 330 750 287 744 286 744 250 750 243 751 240 750 221 743 220 743 218 743 217 743 215 743 215 744 208 750 206 753 178 753 176 751 165 743 164 743 162 743 161 743 159 743 136 751 134 751 132 751 111 743 110 743 108 743 107 743 86 750 86 782"/></Shape>
	    <String CONTENT="methodus in tractandis locis, &amp;c."
                    HPOS="85"
                    VPOS="743"
                    WIDTH="594"
                    HEIGHT="60"
                    WC="0.9995398683981462"></String>
          </TextLine>
        </TextBlock>
        <TextBlock HPOS="85"
                   VPOS="802"
                   WIDTH="801"
                   HEIGHT="347"
                   ID="block_6"
                   TAGREFS="BT1851">
          <Shape><Polygon POINTS="886 802 886 1149 85 1149 85 802"/></Shape>
          <TextLine ID="line_16"
                    TAGREFS="LT8"
                    BASELINE="131 836 876 836" 
                    HPOS="131.0"
                    VPOS="794.0"
                    WIDTH="745.0"
                    HEIGHT="59.0">
            <Shape><Polygon POINTS="131 836 131 845 189 852 190 852 191 852 213 846 242 852 243 852 280 847 288 852 289 852 290 852 291 852 292 852 293 852 301 846 389 846 396 852 397 852 398 852 399 852 501 846 702 852 703 852 774 846 782 852 783 852 784 852 785 853 860 853 860 852 861 852 876 845 876 836 876 794 833 794 832 794 831 794 830 794 821 803 796 794 795 794 794 794 772 799 755 795 754 795 753 795 752 795 734 804 672 804 659 797 658 797 657 797 656 797 655 797 648 804 562 804 551 794 550 794 549 794 548 794 521 799 419 794 418 794 376 803 353 794 352 794 351 794 350 794 349 794 338 804 216 804 205 794 204 794 203 794 202 794 171 801 131 794 131 836"/></Shape>
	    <String CONTENT="Poſt examen officii eſt inauguratio, mi¬"
                    HPOS="131.0"
                    VPOS="794.0"
                    WIDTH="745.0"
                    HEIGHT="59.0"
                    WC="0.9916063144803047"></String>
          </TextLine>
          <TextLine ID="line_17"
                    TAGREFS="LT8"
                    BASELINE="86 882 875 885" 
                    HPOS="85.0"
                    VPOS="842.0"
                    WIDTH="790.0"
                    HEIGHT="61.0">
            <Shape><Polygon POINTS="86 882 85 893 103 900 104 900 105 900 106 900 120 895 156 900 157 900 158 900 176 895 204 900 205 900 360 897 402 896 405 897 411 901 412 901 413 901 414 901 436 898 447 896 457 898 475 901 475 901 526 899 576 896 591 900 600 901 601 901 602 901 603 901 608 900 618 897 717 897 743 901 751 902 752 902 765 901 814 897 821 902 822 902 823 902 824 903 874 903 875 885 875 854 853 845 852 845 809 844 808 844 807 844 789 852 777 844 776 844 775 844 739 844 738 844 737 844 724 852 670 853 648 853 647 853 612 843 611 843 610 843 609 843 608 843 597 852 590 846 589 846 588 846 587 846 528 852 527 852 511 843 510 843 509 843 508 843 507 843 494 851 432 843 432 843 431 843 430 843 416 852 415 853 389 853 389 852 378 843 377 843 376 843 356 843 355 843 354 843 343 850 333 844 332 844 331 844 330 844 289 851 288 851 251 842 250 842 249 842 230 851 200 851 167 851 166 851 149 842 148 842 118 842 117 842 116 842 115 842 104 851 102 851 86 851 86 882"/></Shape>
	    <String CONTENT="niſtrorũ Eccleſiæ, ſcil. docendo, conſolando,"
                    HPOS="85.0"
                    VPOS="842.0"
                    WIDTH="790.0"
                    HEIGHT="61.0"
                    WC="0.9989860537259475"></String>
          </TextLine>
          <TextLine ID="line_18"
                    TAGREFS="LT8"
                    BASELINE="86 934 874 931" 
                    HPOS="86.0"
                    VPOS="891.0"
                    WIDTH="788.0"
                    HEIGHT="62.0">
            <Shape><Polygon POINTS="86 934 86 945 136 951 137 951 255 945 259 945 260 945 288 952 289 952 290 953 340 953 340 952 341 952 352 946 429 951 430 951 431 951 450 944 451 944 453 944 486 951 487 951 488 951 502 944 514 944 538 944 556 951 557 951 558 951 559 951 560 951 568 944 620 950 621 951 663 951 663 950 664 950 680 943 681 943 683 943 711 950 712 950 739 944 803 950 804 950 873 943 874 931 872 901 831 901 819 891 818 891 817 891 816 891 815 891 793 900 774 895 773 895 772 895 771 895 756 900 746 894 745 894 744 894 633 891 632 891 631 891 597 900 583 892 582 892 581 892 580 892 493 901 467 892 466 892 465 892 464 892 442 900 398 892 397 892 396 892 395 892 383 902 247 902 203 894 202 894 201 894 200 894 184 903 164 903 150 893 149 893 148 893 132 893 131 893 130 893 108 902 96 898 95 898 94 898 93 898 92 898 86 900 86 934"/></Shape>
	    <String CONTENT="viſitando ægrotos: hinc ſuo epiſcopo, &amp; a¬"
                    HPOS="86.0"
                    VPOS="891.0"
                    WIDTH="788.0"
                    HEIGHT="62.0"
                    WC="0.995474806853703"></String>
          </TextLine>
          <TextLine ID="line_19"
                    TAGREFS="LT8"
                    BASELINE="77 983 877 980" 
                    HPOS="76.0"
                    VPOS="939.0"
                    WIDTH="801.0"
                    HEIGHT="65.0">
            <Shape><Polygon POINTS="77 983 77 994 109 994 111 994 125 1004 126 1004 127 1004 128 1004 167 1003 168 1003 188 995 197 1002 198 1002 199 1002 200 1002 201 1002 216 995 237 1003 238 1003 239 1003 240 1003 256 995 283 999 284 999 336 994 344 993 347 993 384 1003 385 1003 386 1004 491 1004 491 1003 492 1003 508 998 532 1003 533 1003 534 1003 535 1003 551 993 552 993 588 993 589 993 607 1003 608 1003 609 1003 610 1003 611 1003 624 994 659 1002 660 1002 661 1002 662 1002 676 992 679 992 711 998 712 998 757 992 759 992 772 999 773 999 833 1002 834 1002 835 1002 836 1002 848 992 876 991 877 980 874 939 838 941 837 941 820 950 782 950 763 942 762 942 761 942 760 942 759 942 745 950 723 950 709 940 708 940 707 940 706 940 705 940 704 940 680 950 606 950 585 943 584 943 583 943 582 943 556 950 535 942 533 941 532 941 531 941 524 942 485 950 460 943 455 941 454 941 453 941 444 943 412 950 384 943 374 941 373 941 348 941 347 941 346 941 345 941 342 943 330 952 272 952 259 944 256 942 255 942 254 942 253 942 224 944 189 948 176 945 164 942 163 942 162 942 141 945 129 947 122 945 109 942 108 942 107 942 76 945 77 983"/></Shape>
	    <String CONTENT="liis fratribus. Tertiò, repetit virtutes in ge¬"
                    HPOS="76.0"
                    VPOS="939.0"
                    WIDTH="801.0"
                    HEIGHT="65.0"
                    WC="0.9937129306296507"></String>
          </TextLine>
          <TextLine ID="line_20"
                    TAGREFS="LT8"
                    BASELINE="78 1034 873 1029" 
                    HPOS="77.0"
                    VPOS="992.0"
                    WIDTH="796.0"
                    HEIGHT="59.0">
            <Shape><Polygon POINTS="78 1034 78 1045 195 1045 199 1046 216 1051 216 1051 217 1051 259 1046 277 1044 319 1046 374 1049 375 1049 376 1049 386 1046 397 1043 423 1046 444 1049 445 1049 460 1046 480 1043 523 1047 554 1049 555 1049 556 1049 560 1047 568 1042 590 1047 597 1048 598 1048 599 1048 604 1047 624 1042 650 1047 658 1048 659 1049 701 1049 701 1048 702 1048 704 1047 715 1042 723 1047 724 1047 725 1047 726 1048 872 1048 873 1029 871 999 844 995 843 995 826 998 818 1000 805 998 762 992 761 992 760 992 744 998 738 1000 733 998 715 992 714 992 713 992 682 998 666 1001 661 998 653 993 652 993 651 993 650 993 622 998 620 998 617 998 589 993 588 993 587 993 586 993 579 998 573 1001 565 998 557 994 556 994 555 994 539 998 521 1002 504 998 501 997 500 997 499 997 476 998 390 1001 364 997 347 995 346 995 345 995 342 997 334 1001 319 997 314 996 313 996 312 996 311 996 309 997 297 1004 141 1004 129 997 129 997 128 997 77 997 78 1034"/></Shape>
	    <String CONTENT="nere omnes, SI SIT IRREPREHENSIBILIS:"
                    HPOS="77.0"
                    VPOS="992.0"
                    WIDTH="796.0"
                    HEIGHT="59.0"></String>
          </TextLine>
          <TextLine ID="line_21"
                    TAGREFS="LT8"
                    BASELINE="93 1082 877 1080" 
                    HPOS="90"
                    VPOS="1043"
                    WIDTH="785"
                    HEIGHT="51">
            <Shape><Polygon POINTS="92 1081 92 1094 874 1092 875 1078 872 1043 90 1043 92 1081"/></Shape>
	    <String CONTENT="conditio eſt neceſſaria, non enimeruditio, &amp;"
                    HPOS="90"
                    VPOS="1043"
                    WIDTH="785"
                    HEIGHT="51"
                    WC="0.9820675904100592"></String>
          </TextLine>
          <TextLine ID="line_22"
                    TAGREFS="LT8"
                    BASELINE="81 1130 588 1126" 
                    HPOS="79"
                    VPOS="1086"
                    WIDTH="507"
                    HEIGHT="67">
            <Shape><Polygon POINTS="80 1128 80 1149 239 1153 300 1144 335 1153 343 1144 356 1150 369 1150 459 1143 476 1152 498 1144 516 1152 561 1144 583 1150 586 1125 583 1097 514 1086 494 1096 441 1086 401 1086 393 1096 352 1086 296 1087 281 1097 265 1087 258 1087 243 1099 139 1099 124 1087 120 1087 79 1093 80 1128"/></Shape>
	    <String CONTENT="eloquentia hîc rei ſatisfacit."
                    HPOS="79"
                    VPOS="1086"
                    WIDTH="507"
                    HEIGHT="67"></String>
          </TextLine>
        </TextBlock>
        <TextBlock HPOS="118"
                   VPOS="1150"
                   WIDTH="509"
                   HEIGHT="52"
                   ID="block_2"
                   TAGREFS="BT1852">
          <Shape><Polygon POINTS="627 1150 627 1202 118 1202 118 1150"/></Shape>
          <TextLine ID="line_23"
                    TAGREFS="LT8"
                    BASELINE="142 1188 582 1184 612 1182" 
                    HPOS="139"
                    VPOS="1150"
                    WIDTH="472"
                    HEIGHT="56">
            <Shape><Polygon POINTS="594 1150 139 1152 140 1196 281 1204 344 1196 359 1206 396 1206 440 1203 447 1194 522 1194 529 1203 533 1203 611 1193 607 1150 594 1150"/></Shape>
	    <String CONTENT="11 Vxores ſimiliter, &amp;c"
                    HPOS="139"
                    VPOS="1150"
                    WIDTH="472"
                    HEIGHT="56"></String>
          </TextLine>
        </TextBlock>
        <TextBlock HPOS="85"
                   VPOS="1202"
                   WIDTH="806"
                   HEIGHT="351"
                   ID="block_5"
                   TAGREFS="BT1851">
          <Shape><Polygon POINTS="891 1202 891 1553 85 1553 85 1202"/></Shape>
          <TextLine ID="line_24"
                    TAGREFS="LT8"
                    BASELINE="152 1241 391 1235 878 1233" 
                    HPOS="151.0"
                    VPOS="1188.0"
                    WIDTH="727.0"
                    HEIGHT="68.0">
            <Shape><Polygon POINTS="152 1241 152 1248 270 1256 271 1256 272 1256 273 1256 286 1247 287 1247 293 1247 331 1252 332 1252 362 1248 386 1255 387 1255 388 1255 389 1255 389 1255 400 1246 401 1246 409 1246 499 1254 500 1254 501 1254 527 1245 529 1245 533 1245 577 1253 578 1253 612 1245 613 1245 614 1245 697 1252 698 1252 699 1252 720 1246 799 1251 800 1251 877 1243 878 1233 876 1193 810 1188 809 1188 808 1188 796 1194 789 1197 765 1194 752 1193 751 1193 750 1193 749 1193 747 1195 740 1199 671 1199 663 1196 642 1189 641 1189 640 1189 639 1189 638 1189 626 1196 621 1199 610 1197 593 1193 592 1193 591 1193 582 1197 579 1199 576 1197 568 1192 567 1192 566 1192 565 1192 564 1192 546 1198 541 1199 537 1198 519 1190 518 1190 518 1190 368 1200 353 1201 352 1201 337 1192 336 1192 335 1192 334 1192 315 1201 296 1193 295 1193 294 1193 293 1193 280 1198 249 1193 248 1193 247 1193 246 1193 233 1201 168 1197 167 1197 166 1197 151 1202 152 1241"/></Shape>
	    <String CONTENT="Quartò, loquitur de vxoribus miniſtrõ¬"
                    HPOS="151.0"
                    VPOS="1188.0"
                    WIDTH="727.0"
                    HEIGHT="68.0"
                    WC="0.9987985208630562"></String>
          </TextLine>
          <TextLine ID="line_25"
                    TAGREFS="LT8"
                    BASELINE="86 1287 879 1285" 
                    HPOS="85.0"
                    VPOS="1244.0"
                    WIDTH="794.0"
                    HEIGHT="58.0">
            <Shape><Polygon POINTS="86 1287 86 1302 161 1301 162 1301 176 1295 326 1301 327 1301 363 1294 421 1299 422 1299 455 1294 463 1300 464 1300 465 1300 466 1300 585 1294 601 1300 602 1300 603 1300 604 1300 605 1300 615 1293 648 1298 649 1298 650 1298 651 1298 660 1293 741 1293 751 1299 752 1299 753 1299 754 1300 878 1300 879 1285 877 1246 814 1244 813 1244 812 1244 811 1244 807 1246 802 1251 753 1251 741 1247 731 1244 730 1244 729 1244 698 1248 688 1249 678 1248 648 1244 647 1244 646 1244 645 1244 637 1248 636 1249 633 1248 615 1244 614 1244 613 1244 587 1249 573 1252 568 1249 561 1244 560 1244 559 1244 506 1244 505 1244 476 1250 468 1252 465 1250 453 1244 452 1244 451 1244 392 1251 389 1251 389 1251 367 1244 366 1244 365 1244 364 1244 350 1252 346 1254 209 1254 209 1253 195 1247 194 1247 193 1247 158 1253 123 1245 122 1245 85 1254 86 1287"/></Shape>
	    <String CONTENT="rũ &amp; diaconorũ. Nã quòd alii de diaconiſsis"
                    HPOS="85.0"
                    VPOS="1244.0"
                    WIDTH="794.0"
                    HEIGHT="58.0"
                    WC="0.9973321861409127"></String>
          </TextLine>
          <TextLine ID="line_26"
                    TAGREFS="LT8"
                    BASELINE="83 1336 879 1333" 
                    HPOS="82.0"
                    VPOS="1295.0"
                    WIDTH="797.0"
                    HEIGHT="59.0">
            <Shape><Polygon POINTS="83 1336 83 1352 138 1347 146 1352 147 1353 148 1353 149 1353 150 1354 199 1354 199 1353 208 1351 225 1347 231 1351 234 1353 235 1353 236 1353 237 1354 278 1354 278 1353 279 1353 284 1350 291 1347 297 1350 301 1352 302 1352 302 1352 357 1351 358 1351 359 1351 360 1350 366 1346 413 1346 419 1349 423 1352 424 1352 425 1352 426 1352 427 1352 439 1349 452 1346 473 1349 499 1352 500 1352 501 1352 514 1348 521 1346 525 1348 533 1352 534 1352 535 1353 578 1353 578 1352 605 1347 618 1345 700 1345 703 1346 710 1351 711 1351 712 1351 713 1352 780 1352 780 1351 781 1351 792 1346 813 1351 814 1351 815 1351 878 1344 879 1333 877 1304 794 1304 792 1303 765 1295 764 1295 763 1295 762 1295 744 1303 743 1303 742 1302 734 1295 733 1295 732 1295 731 1295 665 1300 620 1295 619 1295 618 1295 597 1301 587 1304 576 1301 558 1296 557 1296 535 1296 534 1296 533 1296 532 1296 526 1301 523 1303 518 1301 504 1296 503 1296 502 1296 501 1296 484 1301 478 1302 476 1300 471 1296 470 1296 469 1296 425 1296 424 1296 423 1296 411 1300 398 1304 326 1299 301 1298 300 1298 299 1298 295 1299 276 1306 122 1306 108 1298 106 1297 105 1297 104 1297 82 1297 83 1336"/></Shape>
	    <String CONTENT="hoc accipiunt, non ſatis firmum eſt, minus"
                    HPOS="82.0"
                    VPOS="1295.0"
                    WIDTH="797.0"
                    HEIGHT="59.0"
                    WC="0.9978530179886591"></String>
          </TextLine>
          <TextLine ID="line_27"
                    TAGREFS="LT8"
                    BASELINE="84 1385 880 1381" 
                    HPOS="84.0"
                    VPOS="1340.0"
                    WIDTH="796.0"
                    HEIGHT="63.0">
            <Shape><Polygon POINTS="84 1364 84 1385 84 1394 240 1403 241 1403 278 1394 283 1393 387 1393 389 1393 423 1401 424 1401 479 1393 488 1392 491 1393 507 1400 508 1400 509 1400 510 1400 527 1393 528 1393 531 1393 603 1398 604 1398 605 1398 605 1398 612 1393 623 1401 624 1401 625 1401 626 1402 680 1402 680 1401 736 1394 746 1400 747 1400 748 1400 749 1401 810 1401 810 1400 811 1400 839 1392 879 1392 880 1381 877 1348 778 1349 775 1348 756 1340 755 1340 754 1340 753 1340 728 1348 725 1349 723 1348 693 1340 692 1340 691 1340 691 1340 690 1340 679 1349 676 1350 663 1349 588 1341 587 1341 586 1341 554 1350 551 1350 549 1350 529 1341 528 1341 527 1341 526 1341 508 1350 507 1350 503 1350 448 1342 447 1342 446 1342 415 1350 393 1342 392 1342 391 1342 390 1342 377 1347 348 1342 347 1342 346 1342 329 1349 319 1342 318 1342 317 1342 285 1342 284 1342 283 1342 282 1342 269 1351 268 1352 265 1351 235 1344 234 1344 233 1344 232 1344 222 1352 220 1353 174 1353 173 1352 164 1344 163 1344 162 1344 131 1343 130 1343 129 1343 129 1343 117 1352 116 1353 87 1353 84 1364"/></Shape>
	    <String CONTENT="etiam placet eorum ſententia, qui in genere"
                    HPOS="84.0"
                    VPOS="1340.0"
                    WIDTH="796.0"
                    HEIGHT="63.0"
                    WC="0.9931563804315966"></String>
          </TextLine>
          <TextLine ID="line_28"
                    TAGREFS="LT8"
                    BASELINE="83 1432 879 1430" 
                    HPOS="82.0"
                    VPOS="1390.0"
                    WIDTH="797.0"
                    HEIGHT="60.0">
            <Shape><Polygon POINTS="83 1432 83 1443 105 1449 106 1449 165 1444 178 1443 264 1443 271 1444 289 1449 290 1449 291 1450 350 1450 350 1449 351 1449 364 1445 371 1443 478 1445 592 1448 593 1448 594 1448 595 1448 597 1446 603 1442 621 1446 631 1448 632 1448 641 1446 659 1442 691 1447 703 1448 704 1448 712 1447 732 1442 752 1447 757 1448 758 1448 759 1448 760 1448 763 1447 777 1442 877 1447 879 1430 877 1396 839 1390 838 1390 796 1396 771 1399 714 1396 673 1394 672 1394 671 1394 670 1394 668 1396 663 1400 577 1400 572 1396 564 1390 563 1390 562 1390 562 1390 532 1396 523 1398 516 1397 484 1390 483 1390 482 1390 481 1390 472 1397 466 1401 444 1401 439 1397 432 1391 432 1391 431 1391 372 1391 371 1391 370 1391 369 1391 362 1396 355 1391 354 1391 353 1391 269 1391 268 1391 267 1391 246 1397 240 1399 237 1397 233 1394 232 1394 231 1394 230 1394 229 1394 228 1394 224 1397 219 1401 176 1401 172 1397 164 1391 163 1391 162 1391 146 1391 145 1391 144 1391 130 1398 126 1400 120 1398 103 1391 102 1391 101 1391 100 1391 82 1397 83 1432"/></Shape>
	    <String CONTENT="de ſexu muliebri hæc interpretantur. Priùs"
                    HPOS="82.0"
                    VPOS="1390.0"
                    WIDTH="797.0"
                    HEIGHT="60.0"
                    WC="0.9943598245465478"></String>
          </TextLine>
          <TextLine ID="line_29"
                    TAGREFS="LT8"
                    BASELINE="84 1482 882 1479" 
                    HPOS="83.0"
                    VPOS="1439.0"
                    WIDTH="799.0"
                    HEIGHT="61.0">
            <Shape><Polygon POINTS="83 1461 84 1482 84 1491 115 1498 116 1498 117 1498 118 1498 127 1492 172 1492 215 1499 216 1500 304 1500 304 1499 305 1499 327 1492 381 1498 382 1498 383 1498 384 1498 394 1491 406 1498 407 1498 408 1499 512 1499 512 1498 567 1491 610 1495 611 1495 612 1495 628 1490 641 1495 642 1495 643 1495 711 1490 741 1497 742 1497 743 1497 764 1490 793 1497 794 1497 833 1491 863 1496 864 1496 864 1496 882 1488 882 1479 880 1440 770 1439 769 1439 768 1439 762 1441 754 1444 740 1442 726 1439 725 1439 724 1439 723 1439 720 1442 713 1447 690 1442 681 1441 680 1441 671 1443 648 1448 632 1443 619 1439 618 1439 617 1439 590 1444 561 1450 484 1450 477 1446 467 1440 466 1440 465 1440 464 1440 441 1446 434 1440 433 1440 432 1440 380 1440 379 1440 378 1440 357 1447 348 1451 320 1451 315 1448 302 1441 302 1441 301 1441 300 1441 283 1449 279 1451 158 1451 158 1450 146 1442 145 1442 144 1442 143 1442 86 1451 83 1461"/></Shape>
	    <String CONTENT="enim cap.2.verſu 9. harum decorum deſcri¬"
                    HPOS="83.0"
                    VPOS="1439.0"
                    WIDTH="799.0"
                    HEIGHT="61.0"
                    WC="0.9945532897623574"></String>
          </TextLine>
          <TextLine ID="line_30"
                    TAGREFS="LT8"
                    BASELINE="81 1528 880 1531" 
                    HPOS="80.0"
                    VPOS="1486.0"
                    WIDTH="800.0"
                    HEIGHT="87.0">
            <Shape><Polygon POINTS="81 1528 80 1572 189 1573 190 1573 191 1573 195 1572 207 1567 220 1571 225 1573 226 1573 227 1573 228 1573 229 1573 231 1571 256 1553 270 1555 271 1555 272 1555 290 1548 334 1556 335 1556 350 1553 394 1568 395 1568 396 1568 435 1563 436 1563 437 1563 465 1544 489 1550 490 1550 491 1550 492 1550 505 1544 556 1550 557 1550 558 1550 570 1546 600 1554 601 1554 602 1554 676 1545 731 1558 732 1558 733 1558 734 1558 751 1546 759 1550 760 1550 761 1550 762 1550 773 1545 815 1560 816 1560 878 1566 880 1531 880 1488 748 1488 747 1488 746 1488 744 1489 723 1500 674 1500 660 1490 659 1490 658 1490 657 1490 656 1490 637 1499 620 1490 614 1487 613 1487 612 1487 611 1487 602 1490 576 1499 537 1499 526 1491 521 1487 520 1487 519 1487 518 1487 518 1487 509 1491 501 1494 496 1491 491 1487 490 1487 489 1487 488 1487 474 1489 473 1489 467 1491 448 1499 387 1499 377 1492 370 1487 369 1487 368 1487 346 1486 313 1486 312 1486 311 1486 290 1493 274 1497 221 1496 216 1493 204 1488 203 1488 202 1488 201 1488 200 1488 192 1494 186 1497 166 1494 130 1488 129 1488 81 1494 81 1528"/></Shape>
	    <String CONTENT="pſit, vt nonſit opus hîc repetere. Itaque"
                    HPOS="80.0"
                    VPOS="1486.0"
                    WIDTH="800.0"
                    HEIGHT="87.0"
                    WC="0.9970352763221377"></String>
          </TextLine>
        </TextBlock>
      </PrintSpace>
    </Page>
  </Layout>
</alto>
