<?xml version="1.0" encoding="UTF-8"?>
<alto xmlns:xsi="http://www.w3.org/2001/XMLSchema-instance"
      xmlns="http://www.loc.gov/standards/alto/ns-v4#"
      xsi:schemaLocation="http://www.loc.gov/standards/alto/ns-v4# http://www.loc.gov/standards/alto/v4/alto-4-2.xsd">
  <Description>
    <MeasurementUnit>pixel</MeasurementUnit>
    <sourceImageInformation>
      <fileName>bsb10313792_00074.jpg</fileName>
    </sourceImageInformation>
  </Description>
  <Tags>
    <OtherTag ID="BT7" LABEL="CustomZone" DESCRIPTION="block type CustomZone"/><OtherTag ID="BT8" LABEL="DamageZone" DESCRIPTION="block type DamageZone"/><OtherTag ID="BT9" LABEL="DigitizationArtefactZone" DESCRIPTION="block type DigitizationArtefactZone"/><OtherTag ID="BT10" LABEL="DropCapitalZone" DESCRIPTION="block type DropCapitalZone"/><OtherTag ID="BT11" LABEL="GraphicZone" DESCRIPTION="block type GraphicZone"/><OtherTag ID="BT12" LABEL="MainZone" DESCRIPTION="block type MainZone"/><OtherTag ID="BT13" LABEL="MarginTextZone" DESCRIPTION="block type MarginTextZone"/><OtherTag ID="BT14" LABEL="MusicZone" DESCRIPTION="block type MusicZone"/><OtherTag ID="BT15" LABEL="NumberingZone" DESCRIPTION="block type NumberingZone"/><OtherTag ID="BT17" LABEL="QuireMarksZone" DESCRIPTION="block type QuireMarksZone"/><OtherTag ID="BT18" LABEL="RunningTitleZone" DESCRIPTION="block type RunningTitleZone"/><OtherTag ID="BT19" LABEL="SealZone" DESCRIPTION="block type SealZone"/><OtherTag ID="BT20" LABEL="StampZone" DESCRIPTION="block type StampZone"/><OtherTag ID="BT21" LABEL="TableZone" DESCRIPTION="block type TableZone"/><OtherTag ID="BT22" LABEL="TitlePageZone" DESCRIPTION="block type TitlePageZone"/><OtherTag ID="BT1851" LABEL="MainZone-P" DESCRIPTION="block type MainZone-P"/><OtherTag ID="BT1852" LABEL="MainZone-Head" DESCRIPTION="block type MainZone-Head"/><OtherTag ID="BT1853" LABEL="MainZone-P-Continued" DESCRIPTION="block type MainZone-P-Continued"/><OtherTag ID="BT1854" LABEL="MarginTextZone-ManuscriptAddendum" DESCRIPTION="block type MarginTextZone-ManuscriptAddendum"/><OtherTag ID="BT1855" LABEL="text" DESCRIPTION="block type text"/><OtherTag ID="BT1856" LABEL="MainZone-Entry" DESCRIPTION="block type MainZone-Entry"/><OtherTag ID="BT1857" LABEL="MainZone-Entry-Continued" DESCRIPTION="block type MainZone-Entry-Continued"/><OtherTag ID="BT1877" LABEL="GraphicZone-Decoration" DESCRIPTION="block type GraphicZone-Decoration"/><OtherTag ID="BT1894" LABEL="MainZone-Other" DESCRIPTION="block type MainZone-Other"/>
    <OtherTag ID="LT7" LABEL="CustomLine" DESCRIPTION="line type CustomLine"/><OtherTag ID="LT8" LABEL="DefaultLine" DESCRIPTION="line type DefaultLine"/><OtherTag ID="LT9" LABEL="DropCapitalLine" DESCRIPTION="line type DropCapitalLine"/><OtherTag ID="LT10" LABEL="HeadingLine" DESCRIPTION="line type HeadingLine"/><OtherTag ID="LT11" LABEL="InterlinearLine" DESCRIPTION="line type InterlinearLine"/><OtherTag ID="LT12" LABEL="MusicLine" DESCRIPTION="line type MusicLine"/><OtherTag ID="LT636" LABEL="default" DESCRIPTION="line type default"/>
  </Tags>
  <Layout>
    <Page WIDTH="1078"
          HEIGHT="1773"
          PHYSICAL_IMG_NR="58"
          ID="eSc_dummypage_">
      <PrintSpace HPOS="0"
                  VPOS="0"
                  WIDTH="1078"
                  HEIGHT="1773">
        <TextBlock HPOS="202"
                   VPOS="88"
                   WIDTH="59"
                   HEIGHT="41"
                   ID="block_3"
                   TAGREFS="BT15">
          <Shape><Polygon POINTS="261 88 261 129 202 129 202 88"/></Shape>
          <TextLine ID="line_0"
                    TAGREFS="LT8"
                    BASELINE="204 117 265 117" 
                    HPOS="204.0"
                    VPOS="89.0"
                    WIDTH="61.0"
                    HEIGHT="41.0">
            <Shape><Polygon POINTS="204 117 204 124 230 130 231 130 265 124 265 117 265 89 204 89 204 117"/></Shape>
	    <String CONTENT="66"
                    HPOS="204.0"
                    VPOS="89.0"
                    WIDTH="61.0"
                    HEIGHT="41.0"
                    WC="0.9998776614665985"></String>
          </TextLine>
        </TextBlock>
        <TextBlock HPOS="388"
                   VPOS="81"
                   WIDTH="463"
                   HEIGHT="47"
                   ID="block_0"
                   TAGREFS="BT18">
          <Shape><Polygon POINTS="851 81 851 128 388 128 388 81"/></Shape>
          <TextLine ID="line_1"
                    TAGREFS="LT10"
                    BASELINE="391 114 846 114" 
                    HPOS="391"
                    VPOS="78"
                    WIDTH="455"
                    HEIGHT="52">
            <Shape><Polygon POINTS="824 80 814 80 805 80 795 80 785 80 775 80 765 80 755 80 745 80 736 80 726 80 716 80 706 80 696 80 686 80 676 80 667 80 657 80 647 80 637 80 627 80 617 80 607 80 598 80 588 80 578 80 568 80 558 80 548 80 539 80 529 80 519 80 509 80 499 80 489 80 479 80 470 80 460 80 450 80 440 80 430 80 420 80 410 80 401 80 391 80 391 114 391 122 406 129 407 129 408 130 460 130 460 129 461 129 472 123 473 123 478 123 510 128 511 128 512 128 520 124 522 123 523 124 533 129 534 129 535 130 602 130 602 129 603 129 604 129 608 125 611 123 616 125 624 129 625 129 626 129 657 126 685 123 723 127 747 129 748 129 749 129 750 129 752 127 758 123 819 123 845 128 846 114 846 79 834 78 834 80"/></Shape>
	    <String CONTENT="COMMENTARII"
                    HPOS="391"
                    VPOS="78"
                    WIDTH="455"
                    HEIGHT="52"
                    WC="0.9997647783973"></String>
          </TextLine>
        </TextBlock>
        <TextBlock HPOS="197"
                   VPOS="137"
                   WIDTH="812"
                   HEIGHT="296"
                   ID="block_4"
                   TAGREFS="BT1853">
          <Shape><Polygon POINTS="1009 137 1009 433 197 433 197 137"/></Shape>
          <TextLine ID="line_2"
                    TAGREFS="LT8"
                    BASELINE="202 176 418 171 997 171" 
                    HPOS="202"
                    VPOS="134"
                    WIDTH="795"
                    HEIGHT="57">
            <Shape><Polygon POINTS="891 134 881 134 872 134 862 134 852 134 842 134 832 134 824 134 817 139 810 134 803 134 793 134 783 134 773 134 763 134 753 134 748 134 741 140 723 140 715 134 714 134 704 134 694 134 684 134 674 134 665 134 662 134 654 140 596 140 571 134 566 134 556 134 546 134 537 134 536 134 532 135 516 134 507 134 497 134 487 134 477 134 468 134 462 134 454 141 360 141 345 134 339 134 335 134 321 141 297 141 288 134 280 134 270 134 261 134 251 134 248 134 236 140 210 135 209 135 208 135 207 135 202 139 202 176 203 191 229 184 262 190 263 190 264 190 285 183 351 183 365 190 366 190 367 190 408 189 409 189 410 189 419 183 437 190 438 190 439 190 503 183 513 190 514 190 515 190 516 190 540 190 583 189 584 189 612 182 664 187 665 187 701 182 724 188 725 188 726 188 727 188 748 182 785 187 786 187 908 182 928 188 929 188 930 189 996 189 997 171 996 139 905 134 901 134"/></Shape>
	    <String CONTENT="laſciuire, peccare, quemadmodum Nerote¬"
                    HPOS="202"
                    VPOS="134"
                    WIDTH="795"
                    HEIGHT="57"
                    WC="0.9920432154948895"></String>
          </TextLine>
          <TextLine ID="line_3"
                    TAGREFS="LT8"
                    BASELINE="202 223 601 219 995 222" 
                    HPOS="201.0"
                    VPOS="181.0"
                    WIDTH="794.0"
                    HEIGHT="54.0">
            <Shape><Polygon POINTS="202 223 202 231 993 235 995 222 994 191 958 184 957 184 897 191 893 191 892 191 879 181 878 181 877 181 858 181 857 181 856 181 837 191 820 181 819 181 818 181 789 181 788 181 787 181 764 191 751 182 750 182 749 182 646 181 645 181 644 181 643 181 636 186 596 181 595 181 594 181 559 191 530 186 529 186 528 186 527 186 520 192 476 192 464 183 463 183 462 183 461 183 460 183 450 188 439 181 438 181 437 181 406 181 405 181 404 181 404 181 389 190 374 186 373 186 372 186 321 191 267 181 266 181 265 181 264 181 249 192 201 192 202 223"/></Shape>
	    <String CONTENT="mulentus ſaltat inter ſcenicos, libidinatur,"
                    HPOS="201.0"
                    VPOS="181.0"
                    WIDTH="794.0"
                    HEIGHT="54.0"
                    WC="0.9911636832085523"></String>
          </TextLine>
          <TextLine ID="line_4"
                    TAGREFS="LT8"
                    BASELINE="202 268 999 271" 
                    HPOS="201.0"
                    VPOS="232.0"
                    WIDTH="798.0"
                    HEIGHT="56.0">
            <Shape><Polygon POINTS="202 268 201 279 245 285 246 286 425 286 425 285 426 285 427 285 432 281 436 279 471 281 529 285 530 285 531 285 544 282 552 280 621 280 629 282 641 286 642 286 643 286 682 283 712 280 724 283 741 287 741 287 742 287 764 283 777 281 803 281 807 283 811 287 812 287 813 287 814 288 854 288 854 287 855 287 856 287 861 284 867 281 997 284 999 271 999 242 972 234 971 234 867 234 866 234 865 234 864 234 853 242 852 242 849 242 785 237 784 237 672 241 670 241 657 236 656 236 655 236 579 241 574 241 573 241 563 233 562 233 561 233 560 233 559 233 533 240 516 233 515 233 470 233 469 233 468 233 453 239 428 232 427 232 426 232 393 240 392 240 202 240 202 268"/></Shape>
	    <String CONTENT="corrumpit puellas &amp; matronas, canit, &amp;c. Sic"
                    HPOS="201.0"
                    VPOS="232.0"
                    WIDTH="798.0"
                    HEIGHT="56.0"
                    WC="0.9814426749944687"></String>
          </TextLine>
          <TextLine ID="line_5"
                    TAGREFS="LT8"
                    BASELINE="203 320 997 318" 
                    HPOS="202.0"
                    VPOS="278.0"
                    WIDTH="795.0"
                    HEIGHT="57.0">
            <Shape><Polygon POINTS="203 320 203 329 403 335 404 335 441 330 456 329 477 331 531 335 532 335 571 331 600 328 629 331 657 334 658 334 659 334 665 331 672 328 742 328 750 332 755 334 756 334 757 334 769 332 783 329 797 332 808 334 809 334 844 332 890 329 897 332 901 334 902 334 903 334 996 332 997 318 995 288 943 288 943 287 926 280 925 280 924 280 923 280 910 287 909 288 838 288 836 287 811 278 810 278 670 278 669 278 668 278 644 286 639 287 633 286 600 278 599 278 598 278 578 285 570 288 558 285 530 279 529 279 528 279 527 279 518 285 512 289 403 289 385 284 359 279 358 279 357 279 342 284 331 289 291 289 283 284 276 279 275 279 274 279 273 279 202 283 203 320"/></Shape>
	    <String CONTENT="Alexander inter pocula occidit Clitum &amp; a¬"
                    HPOS="202.0"
                    VPOS="278.0"
                    WIDTH="795.0"
                    HEIGHT="57.0"
                    WC="0.9970491741384778"></String>
          </TextLine>
          <TextLine ID="line_6"
                    TAGREFS="LT8"
                    BASELINE="202 369 1001 367" 
                    HPOS="202.0"
                    VPOS="327.0"
                    WIDTH="799.0"
                    HEIGHT="56.0">
            <Shape><Polygon POINTS="202 369 202 382 1000 383 1001 367 998 328 964 336 943 328 941 328 940 328 939 328 938 328 936 328 921 333 903 328 897 327 896 327 841 327 840 327 839 327 838 327 836 328 824 337 805 337 782 328 777 327 776 327 775 327 774 327 770 328 749 337 673 337 659 328 657 327 656 327 655 327 633 327 632 327 631 327 625 328 600 336 580 328 578 328 577 328 537 328 536 328 535 328 534 328 534 328 520 338 417 338 404 328 404 328 403 328 402 328 401 328 355 328 354 328 353 328 344 335 334 328 334 328 333 328 332 328 313 328 312 328 311 328 310 328 310 328 292 338 244 338 224 328 223 328 222 328 221 328 202 328 202 369"/></Shape>
	    <String CONTENT="lia nefanda committit: vetat igitur hîc vini"
                    HPOS="202.0"
                    VPOS="327.0"
                    WIDTH="799.0"
                    HEIGHT="56.0"
                    WC="0.9959998210271199"></String>
          </TextLine>
          <TextLine ID="line_7"
                    TAGREFS="LT8"
                    BASELINE="207 418 976 415" 
                    HPOS="206.0"
                    VPOS="376.0"
                    WIDTH="770.0"
                    HEIGHT="59.0">
            <Shape><Polygon POINTS="207 418 207 428 232 433 233 433 261 428 264 428 272 434 273 434 274 434 275 434 336 428 338 428 352 435 353 435 354 435 386 429 413 435 414 435 415 435 437 428 437 427 560 427 572 433 573 433 574 433 598 428 718 434 719 434 720 434 721 434 728 428 754 433 755 433 756 433 757 433 766 426 767 426 771 426 828 433 829 433 830 433 846 428 923 433 924 433 925 433 926 433 936 426 943 431 943 431 944 431 945 431 975 425 976 415 974 379 938 376 937 376 936 376 935 376 931 379 921 387 849 387 831 380 828 379 827 379 826 379 825 379 824 379 823 380 814 386 794 382 793 382 677 387 659 382 642 377 641 377 640 377 639 377 638 377 632 382 625 388 598 388 572 383 539 377 465 377 464 377 463 377 451 383 398 378 397 378 396 378 382 385 381 385 377 385 329 378 328 378 290 386 277 388 271 386 253 378 252 378 251 378 250 378 249 378 238 386 235 388 206 387 207 418"/></Shape>
	    <String CONTENT="amorem, &amp; laſciuiam inde promanantem."
                    HPOS="206.0"
                    VPOS="376.0"
                    WIDTH="770.0"
                    HEIGHT="59.0"
                    WC="0.9814412352201101"></String>
          </TextLine>
        </TextBlock>
        <TextBlock HPOS="207"
                   VPOS="433"
                   WIDTH="798"
                   HEIGHT="99"
                   ID="block_2"
                   TAGREFS="BT1852">
          <Shape><Polygon POINTS="1005 433 1005 532 207 532 207 433"/></Shape>
          <TextLine ID="line_8"
                    TAGREFS="LT8"
                    BASELINE="254 466 995 464" 
                    HPOS="253.0"
                    VPOS="426.0"
                    WIDTH="742.0"
                    HEIGHT="59.0">
            <Shape><Polygon POINTS="944 426 943 426 943 426 936 432 932 435 890 435 876 432 835 426 834 426 833 426 818 433 814 435 770 435 767 433 752 427 751 427 750 427 749 427 738 433 736 435 677 435 676 434 661 426 660 426 657 426 647 426 637 426 627 426 626 426 625 426 624 426 608 434 606 436 574 436 572 434 558 427 557 427 556 427 511 432 449 427 448 427 409 435 382 427 381 427 380 427 379 427 366 434 253 436 254 466 254 476 273 482 274 482 275 482 276 482 277 482 286 477 288 476 435 476 438 478 442 481 443 481 444 481 445 481 446 481 447 481 450 478 454 476 468 478 505 484 506 485 563 485 563 484 564 484 565 484 570 479 571 479 573 479 608 484 609 484 668 483 669 483 670 483 673 480 680 475 711 480 729 483 730 484 770 484 770 483 771 483 779 481 797 475 807 481 809 483 810 483 811 483 812 483 813 483 821 481 845 475 864 481 869 483 870 483 871 483 880 482 904 477 915 482 918 483 919 483 920 483 994 482 995 464 993 432 945 426 944 426"/></Shape>
	    <String CONTENT="2. Πλήκτης dicitur pugnax, paratior manu"
                    HPOS="253.0"
                    VPOS="426.0"
                    WIDTH="742.0"
                    HEIGHT="59.0"></String>
          </TextLine>
          <TextLine ID="line_9"
                    TAGREFS="LT8"
                    BASELINE="206 514 775 516" 
                    HPOS="205.0"
                    VPOS="477.0"
                    WIDTH="570.0"
                    HEIGHT="58.0">
            <Shape><Polygon POINTS="206 514 205 529 279 533 280 533 302 529 322 525 352 528 392 533 393 533 394 533 403 528 406 526 415 528 423 530 424 530 425 530 426 530 431 528 439 525 457 528 494 534 495 534 496 534 497 534 507 527 509 526 514 527 538 534 539 534 539 534 540 534 567 527 571 526 573 527 587 534 588 534 589 535 622 535 622 534 623 534 624 534 624 533 631 527 648 532 649 532 650 532 651 532 668 526 670 526 774 526 775 516 774 489 738 489 738 488 717 479 716 479 715 479 688 483 682 478 681 478 680 478 667 478 666 478 665 478 664 478 664 479 655 488 644 483 643 483 642 483 620 487 608 478 607 478 606 478 606 478 605 478 575 488 574 488 573 488 558 478 557 478 556 478 555 478 422 486 413 478 413 477 412 477 411 477 377 477 376 477 375 477 347 487 346 487 327 480 326 480 325 480 291 487 289 487 275 477 274 477 273 477 249 477 248 477 247 477 229 487 228 487 206 487 206 514"/></Shape>
	    <String CONTENT="quàm ratione, Ein ſchlegler, boccher."
                    HPOS="205.0"
                    VPOS="477.0"
                    WIDTH="570.0"
                    HEIGHT="58.0"
                    WC="0.9955428587762933"></String>
          </TextLine>
        </TextBlock>
        <TextBlock HPOS="201"
                   VPOS="532"
                   WIDTH="820"
                   HEIGHT="578"
                   ID="block_7"
                   TAGREFS="BT1851">
          <Shape><Polygon POINTS="1021 532 1021 1110 201 1110 201 532"/></Shape>
          <TextLine ID="line_10"
                    TAGREFS="LT8"
                    BASELINE="258 565 1000 562" 
                    HPOS="257.0"
                    VPOS="524.0"
                    WIDTH="743.0"
                    HEIGHT="60.0">
            <Shape><Polygon POINTS="996 524 986 524 976 524 966 524 965 524 964 524 963 524 947 535 898 535 880 525 876 524 875 524 868 524 858 524 848 524 838 524 828 524 826 524 825 524 824 524 814 526 796 534 750 535 728 528 713 525 712 525 675 525 674 525 673 525 662 530 652 536 577 536 570 532 566 530 565 530 564 530 563 530 555 532 544 535 535 533 506 525 505 525 504 525 474 525 473 525 472 525 462 534 459 537 399 537 397 536 382 525 381 525 380 525 341 525 340 525 339 525 302 536 266 529 265 529 264 529 263 529 263 530 257 535 258 565 258 584 285 583 286 583 287 583 296 576 356 576 371 583 372 583 373 583 375 583 419 577 461 582 469 583 470 583 475 582 506 575 537 580 538 580 539 580 539 580 547 575 599 575 609 581 612 582 613 582 614 583 647 583 647 582 648 582 652 580 662 575 699 580 720 582 721 582 737 579 765 574 806 579 828 581 829 581 830 581 838 578 846 576 859 578 878 581 879 581 999 576 1000 562 998 524 996 524"/></Shape>
	    <String CONTENT="3. Αἰσχροκερδὴς, turpis lucri cupidus, vel"
                    HPOS="257.0"
                    VPOS="524.0"
                    WIDTH="743.0"
                    HEIGHT="60.0"></String>
          </TextLine>
          <TextLine ID="line_11"
                    TAGREFS="LT8"
                    BASELINE="204 610 1003 614" 
                    HPOS="203.0"
                    VPOS="571.0"
                    WIDTH="800.0"
                    HEIGHT="62.0">
            <Shape><Polygon POINTS="204 610 203 621 239 630 240 630 284 625 292 630 293 630 294 630 295 630 296 630 318 625 352 630 353 630 386 624 404 621 409 624 416 628 417 628 418 628 419 628 428 625 436 622 448 625 456 627 457 627 458 627 490 626 568 622 608 627 629 630 630 630 631 630 632 630 634 628 642 623 667 623 690 629 705 632 706 632 707 632 708 632 712 629 718 626 764 629 765 629 766 629 790 623 816 631 825 633 826 633 827 633 921 632 922 632 936 625 953 632 954 632 955 632 956 632 970 626 1001 633 1003 614 1002 578 959 573 958 573 957 573 948 577 937 583 926 578 925 578 924 578 923 578 922 578 911 585 811 585 802 576 801 576 800 576 799 576 798 576 797 576 788 582 777 576 772 572 771 572 770 572 769 572 751 575 741 577 726 575 702 572 701 572 700 572 691 575 665 584 626 584 613 574 611 572 610 572 609 572 549 571 548 571 547 571 546 571 543 573 532 583 518 583 497 573 492 571 491 571 490 571 479 573 438 582 419 572 416 571 415 571 414 571 413 571 410 572 393 581 314 574 313 574 253 581 238 571 237 571 236 571 204 571 204 610"/></Shape>
	    <String CONTENT="turpis quæſtus ſtudioſus: quod fieri poteſt,"
                    HPOS="203.0"
                    VPOS="571.0"
                    WIDTH="800.0"
                    HEIGHT="62.0"
                    WC="0.9973460070111535"></String>
          </TextLine>
          <TextLine ID="line_12"
                    TAGREFS="LT8"
                    BASELINE="204 661 1003 661" 
                    HPOS="204.0"
                    VPOS="623.0"
                    WIDTH="799.0"
                    HEIGHT="60.0">
            <Shape><Polygon POINTS="204 661 204 673 259 673 261 673 287 681 288 681 289 681 290 681 291 681 303 674 304 673 306 674 329 681 330 681 331 681 368 674 378 673 428 673 433 675 447 682 448 682 449 683 495 683 495 682 496 682 520 676 532 673 540 676 554 682 555 682 556 683 586 683 586 682 587 682 599 677 608 673 626 677 647 682 648 682 649 682 661 678 671 674 696 678 699 678 700 678 701 678 712 673 766 679 780 680 781 680 782 680 785 679 798 673 814 679 822 682 823 682 824 683 944 683 944 682 945 682 946 682 947 681 954 677 1002 681 1003 661 1002 633 860 633 857 633 825 623 824 623 791 623 790 623 789 623 788 623 772 633 770 634 751 634 749 633 734 623 733 623 732 623 731 623 698 628 666 623 665 623 664 623 640 633 639 633 638 633 607 626 606 626 606 626 599 630 588 623 587 623 586 623 529 623 528 623 527 623 503 633 489 623 488 623 487 623 486 623 485 623 464 633 464 634 423 634 423 633 404 623 403 623 382 623 381 623 380 623 361 633 360 634 315 634 315 633 295 623 294 623 258 623 257 623 204 633 204 661"/></Shape>
	    <String CONTENT="vel ſi ex rebus per ſe turpibus colligatur, vt"
                    HPOS="204.0"
                    VPOS="623.0"
                    WIDTH="799.0"
                    HEIGHT="60.0"
                    WC="0.97843504211177"></String>
          </TextLine>
          <TextLine ID="line_13"
                    TAGREFS="LT8"
                    BASELINE="205 711 1002 709" 
                    HPOS="204.0"
                    VPOS="671.0"
                    WIDTH="798.0"
                    HEIGHT="56.0">
            <Shape><Polygon POINTS="205 711 205 722 268 727 269 727 269 727 270 727 277 722 278 722 412 722 416 722 447 727 448 727 482 722 485 722 487 722 511 727 512 727 513 727 514 727 525 722 526 722 529 722 575 727 576 727 616 722 624 721 630 722 655 726 656 726 698 722 708 721 720 722 774 726 775 727 974 727 974 726 1001 721 1002 709 1000 681 938 675 937 675 936 675 925 681 848 681 819 671 818 671 773 671 772 671 771 671 743 681 719 681 707 673 706 673 705 673 704 673 703 673 680 681 638 681 612 671 611 671 610 671 609 671 590 682 557 682 529 672 528 672 527 672 455 681 433 672 432 672 364 672 363 672 362 672 334 681 319 672 318 672 317 672 316 672 272 679 252 672 251 672 250 672 204 682 205 711"/></Shape>
	    <String CONTENT="venalem habere linguam, vocationes mune¬"
                    HPOS="204.0"
                    VPOS="671.0"
                    WIDTH="798.0"
                    HEIGHT="56.0"
                    WC="0.9984477669000625"></String>
          </TextLine>
          <TextLine ID="line_14"
                    TAGREFS="LT8"
                    BASELINE="202 757 1000 759" 
                    HPOS="202.0"
                    VPOS="719.0"
                    WIDTH="798.0"
                    HEIGHT="57.0">
            <Shape><Polygon POINTS="1000 730 966 721 965 721 964 721 963 721 942 729 941 729 936 729 889 723 888 723 866 728 859 729 857 728 850 723 849 723 848 723 847 723 846 723 833 727 826 729 799 727 768 724 767 724 753 726 734 729 721 725 702 721 701 721 700 721 671 725 644 729 548 729 539 723 535 720 534 720 533 720 455 720 454 720 441 722 412 727 404 722 402 720 401 720 400 720 330 720 329 720 328 720 326 721 310 729 280 729 268 720 267 720 266 720 265 720 264 720 219 723 202 719 202 757 202 774 600 770 687 776 698 776 699 776 709 776 785 771 998 776 1000 759 1000 730"/></Shape>
	    <String CONTENT="ribus vendere, doctrinam ad opes comparan¬"
                    HPOS="202.0"
                    VPOS="719.0"
                    WIDTH="798.0"
                    HEIGHT="57.0"
                    WC="0.9893367191155752"></String>
          </TextLine>
          <TextLine ID="line_15"
                    TAGREFS="LT8"
                    BASELINE="202 806 1003 809" 
                    HPOS="202.0"
                    VPOS="766.0"
                    WIDTH="801.0"
                    HEIGHT="61.0">
            <Shape><Polygon POINTS="202 806 202 815 240 817 249 824 250 824 251 824 252 824 253 824 264 819 326 824 327 824 328 824 345 817 366 824 367 824 368 824 369 824 370 824 380 817 420 817 423 817 424 817 483 825 484 825 568 818 590 825 591 825 592 825 593 825 614 819 626 825 627 825 628 825 799 819 813 826 814 826 815 826 846 821 876 825 877 825 878 825 879 825 888 819 913 826 914 826 915 827 963 827 963 826 964 826 965 826 974 819 976 819 1001 819 1003 809 1002 778 971 770 970 770 969 770 958 775 926 771 925 771 924 771 923 771 915 777 914 778 868 778 867 777 856 768 855 768 854 768 853 768 852 768 840 774 833 768 832 768 831 768 753 768 752 768 751 768 730 776 700 769 699 769 698 769 678 776 652 767 651 767 593 767 592 767 591 767 570 775 533 767 532 767 531 767 530 767 517 776 516 777 497 777 495 776 470 766 469 766 468 766 467 766 433 776 431 776 314 776 314 775 303 770 302 770 301 770 252 775 246 775 245 775 233 767 232 767 231 767 230 767 229 767 202 774 202 806"/></Shape>
	    <String CONTENT="das accommodare: vel ſi per accidens turpis"
                    HPOS="202.0"
                    VPOS="766.0"
                    WIDTH="801.0"
                    HEIGHT="61.0"
                    WC="0.9990730216336805"></String>
          </TextLine>
          <TextLine ID="line_16"
                    TAGREFS="LT8"
                    BASELINE="202 857 1003 857" 
                    HPOS="202.0"
                    VPOS="818.0"
                    WIDTH="801.0"
                    HEIGHT="59.0">
            <Shape><Polygon POINTS="202 857 202 868 271 868 272 868 287 876 288 876 289 876 327 870 341 874 342 874 343 874 344 874 357 868 358 868 359 868 397 876 398 877 505 877 505 876 506 876 526 869 528 868 547 869 674 875 675 875 676 875 677 875 686 869 688 868 705 869 766 874 767 874 809 869 825 868 832 869 858 876 859 876 860 876 942 871 991 876 992 876 993 876 1003 870 1003 857 1002 825 918 827 909 824 902 821 901 821 900 821 881 823 870 825 867 823 860 818 859 818 858 818 782 818 781 818 780 818 767 822 759 825 742 822 718 818 717 818 716 818 708 822 697 827 644 821 636 821 635 821 632 821 605 827 594 821 592 820 591 820 590 820 584 821 565 825 549 821 548 821 547 821 546 821 545 821 537 828 410 828 394 819 391 818 390 818 320 818 319 818 318 818 316 819 291 828 248 828 235 818 234 818 233 818 202 818 202 857"/></Shape>
	    <String CONTENT="fiat quæſtus, qui extra miniſterium poterat"
                    HPOS="202.0"
                    VPOS="818.0"
                    WIDTH="801.0"
                    HEIGHT="59.0"
                    WC="0.9926032909127169"></String>
          </TextLine>
          <TextLine ID="line_17"
                    TAGREFS="LT8"
                    BASELINE="202 907 1000 904" 
                    HPOS="201.0"
                    VPOS="864.0"
                    WIDTH="799.0"
                    HEIGHT="61.0">
            <Shape><Polygon POINTS="202 907 202 919 219 919 221 919 231 925 232 925 233 925 234 925 279 919 284 919 297 919 450 925 451 925 452 925 469 918 471 918 472 918 489 923 490 923 491 923 527 918 531 918 532 918 547 924 548 924 549 924 636 918 639 918 640 918 662 924 663 924 664 924 700 918 732 923 733 923 819 919 839 923 840 923 841 923 886 919 893 923 894 923 895 923 896 924 955 924 955 923 999 916 1000 904 998 875 944 866 943 866 943 866 926 874 906 865 905 865 904 865 864 871 849 864 848 864 814 864 813 864 812 864 786 871 734 864 733 864 732 864 703 875 676 870 675 870 674 870 665 875 652 865 651 865 650 865 649 865 617 871 595 865 594 865 593 865 592 865 591 865 576 876 556 876 542 865 541 865 540 865 521 865 520 865 519 865 493 876 465 877 401 877 375 866 374 866 373 866 372 866 371 866 357 877 303 877 288 866 287 866 286 866 244 866 243 866 242 866 241 866 223 877 201 877 202 907"/></Shape>
	    <String CONTENT="eſſe honeſtus, vt ſi miniſter idem ſit merca¬"
                    HPOS="201.0"
                    VPOS="864.0"
                    WIDTH="799.0"
                    HEIGHT="61.0"
                    WC="0.9884553101327684"></String>
          </TextLine>
          <TextLine ID="line_18"
                    TAGREFS="LT8"
                    BASELINE="202 957 1000 955" 
                    HPOS="202.0"
                    VPOS="915.0"
                    WIDTH="798.0"
                    HEIGHT="62.0">
            <Shape><Polygon POINTS="202 957 202 969 276 969 285 970 318 976 319 976 342 971 350 969 361 971 393 976 394 977 502 977 502 976 503 976 504 976 510 972 513 970 529 972 558 976 559 976 585 972 602 970 606 973 608 975 609 975 610 975 611 976 669 976 669 975 670 975 673 973 684 968 747 968 768 974 773 975 774 975 775 975 776 975 777 975 778 974 788 968 866 968 874 974 875 974 875 974 998 975 1000 955 998 924 955 917 954 917 953 917 952 917 941 924 914 924 902 916 901 916 900 916 868 915 867 915 866 915 849 923 835 915 834 915 833 915 832 915 796 919 781 915 780 915 779 915 778 915 759 921 739 917 738 917 737 917 736 917 735 917 725 924 704 924 684 915 683 915 682 915 681 915 660 921 646 915 645 915 618 915 617 915 616 915 595 924 545 916 544 916 496 924 450 919 449 919 448 919 447 919 437 925 391 925 376 916 375 916 374 916 254 916 253 916 202 925 202 957"/></Shape>
	    <String CONTENT="tor, inſtitor, agricola, negotiator, &amp; ſimiles tra"
                    HPOS="202.0"
                    VPOS="915.0"
                    WIDTH="798.0"
                    HEIGHT="62.0"
                    WC="0.9819351816177369"></String>
          </TextLine>
          <TextLine ID="line_19"
                    TAGREFS="LT8"
                    BASELINE="202 1003 1000 1006" 
                    HPOS="202.0"
                    VPOS="964.0"
                    WIDTH="798.0"
                    HEIGHT="61.0">
            <Shape><Polygon POINTS="202 1003 202 1014 362 1023 469 1024 470 1024 495 1018 502 1017 551 1017 555 1019 561 1024 562 1024 563 1024 564 1024 628 1020 673 1017 686 1021 695 1023 696 1023 697 1023 709 1021 727 1017 739 1021 745 1024 746 1024 747 1024 748 1024 749 1024 753 1021 758 1018 793 1022 806 1023 807 1023 808 1023 810 1022 821 1018 835 1022 844 1025 845 1025 846 1025 860 1023 887 1018 998 1024 1000 1006 999 968 963 966 962 966 961 966 957 967 936 977 911 971 910 971 909 971 857 975 840 967 838 966 837 966 806 966 805 966 804 966 803 966 802 967 794 972 744 967 743 967 742 967 741 967 730 975 712 966 709 965 708 965 607 965 606 965 606 965 603 966 578 977 545 977 529 966 528 965 527 965 526 965 510 965 509 965 508 965 505 966 471 976 442 976 427 966 426 966 425 966 424 966 423 966 395 976 255 976 236 965 236 964 235 964 234 964 233 964 202 964 202 1003"/></Shape>
	    <String CONTENT="ctet artes, quæ idiotæ fortè concedi poterãt,"
                    HPOS="202.0"
                    VPOS="964.0"
                    WIDTH="798.0"
                    HEIGHT="61.0"
                    WC="0.9995694020961193"></String>
          </TextLine>
          <TextLine ID="line_20"
                    TAGREFS="LT8"
                    BASELINE="202 1054 997 1052" 
                    HPOS="201.0"
                    VPOS="1015.0"
                    WIDTH="796.0"
                    HEIGHT="59.0">
            <Shape><Polygon POINTS="202 1054 202 1072 219 1067 227 1072 228 1073 229 1073 230 1073 231 1073 232 1073 236 1072 249 1068 269 1072 278 1073 279 1073 280 1073 283 1071 295 1066 325 1071 327 1071 328 1071 330 1071 350 1066 356 1071 359 1073 360 1073 361 1073 362 1074 388 1074 388 1073 389 1073 390 1073 393 1070 399 1066 407 1070 412 1072 413 1072 414 1072 425 1070 447 1066 466 1070 484 1073 485 1073 486 1073 493 1069 500 1066 515 1069 525 1071 526 1071 527 1071 528 1071 531 1069 537 1065 603 1065 625 1068 653 1072 654 1072 746 1067 766 1066 768 1067 774 1072 775 1072 776 1072 777 1073 834 1073 834 1072 835 1072 848 1066 850 1065 852 1066 867 1071 868 1071 869 1071 932 1065 936 1065 938 1065 971 1072 972 1072 973 1072 997 1064 997 1052 995 1026 857 1026 855 1025 841 1015 840 1015 839 1015 742 1015 741 1015 741 1015 740 1015 728 1024 727 1025 720 1024 700 1020 699 1020 673 1023 660 1025 658 1023 646 1015 645 1015 644 1015 618 1015 617 1015 616 1015 602 1023 597 1026 580 1023 564 1020 563 1020 562 1020 555 1023 548 1026 540 1023 526 1016 525 1016 524 1016 523 1016 510 1022 506 1024 496 1022 463 1016 462 1016 429 1022 405 1026 372 1025 365 1022 353 1016 352 1016 351 1016 350 1016 338 1021 333 1024 328 1021 320 1016 319 1016 318 1016 269 1016 268 1016 267 1016 266 1016 260 1021 253 1026 201 1021 202 1054"/></Shape>
	    <String CONTENT="miniſtro autem minimè, auari hominis ar¬"
                    HPOS="201.0"
                    VPOS="1015.0"
                    WIDTH="796.0"
                    HEIGHT="59.0"
                    WC="0.9907286385210549"></String>
          </TextLine>
          <TextLine ID="line_21"
                    TAGREFS="LT8"
                    BASELINE="206 1103 475 1103" 
                    HPOS="205"
                    VPOS="1060"
                    WIDTH="269"
                    HEIGHT="65">
            <Shape><Polygon POINTS="205 1125 251 1118 309 1125 313 1125 314 1125 316 1125 317 1125 331 1116 473 1124 474 1102 473 1060 285 1069 275 1068 248 1060 246 1060 245 1060 205 1069 205 1102"/></Shape>
	    <String CONTENT="gumenta ſunt."
                    HPOS="205"
                    VPOS="1060"
                    WIDTH="269"
                    HEIGHT="65"></String>
          </TextLine>
        </TextBlock>
        <TextBlock HPOS="200"
                   VPOS="1115"
                   WIDTH="815"
                   HEIGHT="243"
                   ID="block_6"
                   TAGREFS="BT1851">
          <Shape><Polygon POINTS="1015 1115 1015 1358 200 1358 200 1115"/></Shape>
          <TextLine ID="line_22"
                    TAGREFS="LT8"
                    BASELINE="249 1150 1001 1150" 
                    HPOS="249.0"
                    VPOS="1111.0"
                    WIDTH="752.0"
                    HEIGHT="58.0">
            <Shape><Polygon POINTS="249 1150 249 1161 262 1168 263 1168 264 1168 300 1161 301 1161 447 1161 451 1162 460 1167 461 1167 462 1167 463 1167 464 1167 469 1163 471 1161 478 1163 493 1166 494 1166 546 1163 595 1161 605 1164 616 1168 617 1168 618 1168 650 1165 682 1161 720 1165 729 1166 730 1166 736 1166 758 1162 770 1166 776 1168 777 1168 778 1168 779 1168 784 1166 791 1163 802 1166 808 1168 808 1168 809 1169 1001 1169 1001 1150 1000 1116 976 1118 970 1116 963 1111 962 1111 961 1111 938 1111 937 1111 936 1111 935 1111 927 1116 920 1120 907 1116 892 1111 891 1111 890 1111 865 1116 863 1116 854 1111 853 1111 852 1111 851 1111 813 1116 786 1121 780 1117 772 1111 771 1111 770 1111 742 1111 741 1111 741 1111 726 1117 725 1118 724 1117 713 1111 712 1111 711 1111 684 1111 683 1111 646 1118 630 1121 622 1118 616 1116 615 1116 614 1116 603 1118 594 1120 590 1118 573 1111 572 1111 519 1111 518 1111 517 1111 491 1119 491 1120 425 1121 422 1120 401 1111 400 1111 399 1111 398 1111 368 1120 365 1122 249 1122 249 1150"/></Shape>
	    <String CONTENT="4. Επιεικὴς, moderationis dicitur ſtudio¬"
                    HPOS="249.0"
                    VPOS="1111.0"
                    WIDTH="752.0"
                    HEIGHT="58.0"></String>
          </TextLine>
          <TextLine ID="line_23"
                    TAGREFS="LT8"
                    BASELINE="200 1198 528 1194 1003 1200" 
                    HPOS="199.0"
                    VPOS="1156.0"
                    WIDTH="804.0"
                    HEIGHT="64.0">
            <Shape><Polygon POINTS="200 1198 199 1208 255 1216 256 1216 300 1210 306 1209 308 1210 326 1217 327 1217 328 1217 329 1217 354 1210 357 1210 445 1210 451 1211 472 1218 473 1218 474 1218 475 1218 494 1212 501 1210 546 1210 557 1212 582 1219 583 1219 584 1219 624 1213 642 1211 647 1213 657 1219 658 1219 659 1219 660 1219 674 1214 680 1212 693 1214 723 1219 898 1220 899 1220 900 1220 910 1216 918 1214 927 1217 939 1220 940 1220 941 1220 942 1220 947 1217 956 1212 1001 1217 1003 1200 1002 1165 964 1159 963 1159 962 1159 949 1164 938 1169 912 1164 891 1160 890 1160 889 1160 881 1164 871 1170 844 1170 834 1163 830 1160 829 1160 828 1160 827 1160 826 1160 816 1163 799 1169 792 1163 786 1158 785 1158 784 1158 783 1158 782 1158 781 1158 774 1163 764 1169 745 1169 737 1163 731 1158 730 1158 729 1158 671 1158 670 1158 669 1158 668 1158 663 1162 655 1168 640 1162 637 1161 636 1161 635 1161 625 1162 571 1168 520 1161 497 1158 496 1158 495 1158 494 1158 490 1161 480 1168 443 1168 432 1160 428 1157 427 1157 426 1157 387 1157 386 1157 385 1157 384 1157 380 1160 371 1167 354 1167 314 1160 313 1160 252 1166 236 1159 230 1156 229 1156 228 1156 200 1158 200 1198"/></Shape>
	    <String CONTENT="ſus, non auidus pœnarum, ſed qui commodè"
                    HPOS="199.0"
                    VPOS="1156.0"
                    WIDTH="804.0"
                    HEIGHT="64.0"
                    WC="0.9948372724579602"></String>
          </TextLine>
          <TextLine ID="line_24"
                    TAGREFS="LT8"
                    BASELINE="200 1246 415 1243 1001 1248" 
                    HPOS="200.0"
                    VPOS="1205.0"
                    WIDTH="801.0"
                    HEIGHT="66.0">
            <Shape><Polygon POINTS="200 1246 200 1257 293 1257 295 1257 332 1266 333 1266 334 1266 349 1258 510 1267 511 1268 583 1268 583 1267 584 1267 598 1260 619 1268 620 1268 621 1268 712 1260 727 1269 728 1269 729 1269 866 1270 867 1271 893 1271 893 1270 894 1270 895 1270 907 1262 962 1262 974 1270 975 1270 976 1270 977 1270 978 1270 1000 1261 1001 1248 1001 1220 972 1211 971 1211 970 1211 936 1219 925 1210 924 1210 923 1210 922 1210 921 1210 895 1219 894 1219 875 1219 861 1219 846 1211 845 1211 844 1211 813 1219 804 1219 741 1219 741 1218 722 1210 721 1210 720 1210 719 1210 691 1217 676 1209 675 1209 647 1208 646 1208 602 1216 528 1210 527 1210 485 1216 455 1206 454 1206 365 1206 364 1206 363 1206 335 1215 314 1207 313 1207 261 1207 260 1207 259 1207 243 1213 221 1205 220 1205 219 1205 218 1205 200 1213 200 1246"/></Shape>
	    <String CONTENT="fratrum delicta interpretetur in iure admi¬"
                    HPOS="200.0"
                    VPOS="1205.0"
                    WIDTH="801.0"
                    HEIGHT="66.0"
                    WC="0.9984067623005357"></String>
          </TextLine>
          <TextLine ID="line_25"
                    TAGREFS="LT8"
                    BASELINE="200 1293 530 1292 999 1300" 
                    HPOS="200.0"
                    VPOS="1254.0"
                    WIDTH="799.0"
                    HEIGHT="70.0">
            <Shape><Polygon POINTS="200 1293 200 1306 228 1306 230 1306 244 1315 245 1315 246 1315 247 1315 293 1308 300 1307 306 1308 345 1318 346 1318 347 1318 458 1312 478 1311 482 1313 494 1317 495 1317 496 1317 497 1317 508 1313 517 1309 522 1313 523 1314 524 1314 525 1314 526 1314 546 1313 572 1313 576 1314 584 1319 585 1319 586 1319 587 1319 588 1319 605 1315 618 1321 619 1321 620 1321 621 1321 633 1315 643 1311 694 1311 709 1317 715 1320 716 1320 717 1320 735 1318 787 1312 800 1320 805 1323 806 1323 807 1323 808 1323 824 1320 842 1317 862 1321 872 1323 997 1324 999 1300 998 1270 965 1270 964 1269 953 1261 952 1261 951 1261 950 1261 907 1262 906 1262 894 1268 893 1269 815 1269 814 1268 808 1262 807 1262 806 1262 805 1262 741 1266 712 1258 711 1258 710 1258 674 1266 673 1266 673 1266 608 1257 607 1257 576 1263 541 1259 540 1259 539 1259 539 1259 530 1265 527 1265 496 1260 495 1260 431 1264 424 1264 423 1264 409 1255 408 1255 407 1255 406 1255 374 1262 341 1255 340 1255 339 1255 338 1255 327 1263 303 1254 302 1254 301 1254 275 1259 234 1254 233 1254 200 1261 200 1293"/></Shape>
	    <String CONTENT="niſtrando &amp; exequendo, ne ſit nimiũ rigidus:"
                    HPOS="200.0"
                    VPOS="1254.0"
                    WIDTH="799.0"
                    HEIGHT="70.0"
                    WC="0.9949891421529982"></String>
          </TextLine>
          <TextLine ID="line_26"
                    TAGREFS="LT8"
                    BASELINE="210 1340 930 1348" 
                    HPOS="208"
                    VPOS="1297"
                    WIDTH="720"
                    HEIGHT="77">
            <Shape><Polygon POINTS="209 1338 208 1357 220 1366 348 1359 387 1368 393 1368 402 1360 409 1368 414 1368 533 1360 551 1369 592 1362 644 1371 683 1362 695 1372 760 1366 839 1374 844 1374 859 1365 872 1374 879 1374 891 1365 925 1365 928 1347 927 1316 811 1316 789 1304 720 1313 690 1303 618 1312 533 1312 524 1301 493 1310 482 1301 346 1309 326 1298 260 1307 209 1297 209 1338"/></Shape>
	    <String CONTENT="ſummũ ius enim ſumma ſolet eſſe imuria.."
                    HPOS="208"
                    VPOS="1297"
                    WIDTH="720"
                    HEIGHT="77"></String>
          </TextLine>
        </TextBlock>
        <TextBlock HPOS="201"
                   VPOS="1358"
                   WIDTH="811"
                   HEIGHT="204"
                   ID="block_5"
                   TAGREFS="BT1851">
          <Shape><Polygon POINTS="1012 1358 1012 1562 201 1562 201 1358"/></Shape>
          <TextLine ID="line_27"
                    TAGREFS="LT8"
                    BASELINE="247 1395 426 1391 993 1397" 
                    HPOS="246.0"
                    VPOS="1355.0"
                    WIDTH="747.0"
                    HEIGHT="62.0">
            <Shape><Polygon POINTS="247 1395 246 1410 272 1412 273 1412 274 1412 278 1410 297 1402 311 1410 312 1411 313 1411 314 1411 315 1411 324 1410 369 1403 386 1410 394 1413 395 1413 396 1413 411 1410 415 1409 442 1409 591 1414 592 1414 593 1414 594 1414 603 1409 609 1405 656 1405 661 1408 670 1415 671 1415 672 1415 756 1416 757 1416 758 1416 759 1416 769 1408 772 1406 858 1406 865 1407 905 1417 906 1417 907 1417 908 1417 921 1407 992 1406 993 1397 991 1369 876 1370 873 1368 856 1359 855 1359 854 1359 853 1359 835 1368 832 1370 793 1370 782 1368 726 1359 725 1359 724 1359 693 1368 691 1368 689 1368 670 1359 669 1359 668 1359 622 1365 599 1357 598 1357 597 1357 516 1367 513 1367 497 1357 496 1357 495 1357 460 1356 459 1356 413 1366 390 1361 389 1361 362 1366 335 1355 334 1355 301 1355 300 1355 299 1355 280 1363 260 1358 259 1358 258 1358 257 1358 256 1358 247 1363 247 1395"/></Shape>
	    <String CONTENT="5. Ἄμαχος, priùs dixerat μὴ πλήκτὴν, non"
                    HPOS="246.0"
                    VPOS="1355.0"
                    WIDTH="747.0"
                    HEIGHT="62.0"></String>
          </TextLine>
          <TextLine ID="line_28"
                    TAGREFS="LT8"
                    BASELINE="210 1446 290 1441 994 1446" 
                    HPOS="210.0"
                    VPOS="1404.0"
                    WIDTH="784.0"
                    HEIGHT="62.0">
            <Shape><Polygon POINTS="210 1446 210 1463 323 1463 323 1462 324 1462 326 1461 350 1451 380 1451 398 1461 403 1463 404 1463 404 1463 426 1460 438 1459 443 1460 457 1464 458 1464 459 1465 494 1465 494 1464 495 1464 496 1464 501 1460 503 1458 505 1459 514 1464 515 1464 516 1465 568 1465 568 1464 569 1464 570 1464 578 1459 589 1452 626 1455 630 1458 640 1465 641 1465 642 1465 643 1466 699 1466 699 1465 700 1465 715 1457 723 1453 810 1456 906 1460 907 1460 993 1454 994 1446 994 1418 860 1408 859 1408 777 1415 769 1415 760 1415 684 1407 653 1407 652 1407 651 1407 650 1407 641 1413 639 1414 630 1413 593 1407 592 1407 564 1412 558 1413 556 1412 549 1406 548 1406 547 1406 518 1406 517 1406 516 1406 515 1406 509 1411 506 1414 465 1414 461 1411 456 1406 455 1406 454 1406 453 1406 452 1406 441 1411 437 1413 336 1413 329 1409 321 1406 320 1406 319 1406 305 1409 298 1410 291 1409 272 1404 271 1404 242 1404 241 1404 240 1404 239 1404 234 1408 229 1411 210 1408 210 1446"/></Shape>
	    <String CONTENT="pugnacem, nunc alienum à pugnis: ſed latius"
                    HPOS="210.0"
                    VPOS="1404.0"
                    WIDTH="784.0"
                    HEIGHT="62.0"
                    WC="0.9965397905219685"></String>
          </TextLine>
          <TextLine ID="line_29"
                    TAGREFS="LT8"
                    BASELINE="200 1487 995 1494" 
                    HPOS="199.0"
                    VPOS="1453.0"
                    WIDTH="796.0"
                    HEIGHT="66.0">
            <Shape><Polygon POINTS="200 1487 199 1501 248 1512 343 1513 344 1513 345 1513 369 1505 374 1504 378 1506 402 1513 403 1513 404 1514 441 1514 441 1513 442 1513 459 1507 465 1505 469 1508 479 1514 480 1514 481 1514 482 1515 552 1515 552 1514 586 1512 587 1512 588 1512 591 1510 598 1506 631 1510 632 1510 633 1510 634 1510 635 1510 641 1507 647 1511 653 1516 654 1516 655 1516 656 1516 657 1516 675 1511 696 1507 750 1507 761 1513 766 1517 767 1517 768 1517 769 1518 807 1518 807 1517 808 1517 808 1517 811 1514 822 1508 880 1508 902 1513 903 1513 904 1513 928 1509 943 1517 943 1518 944 1518 945 1518 946 1519 994 1519 995 1494 994 1468 919 1468 917 1467 882 1457 881 1457 880 1457 879 1457 878 1457 870 1464 851 1457 850 1457 849 1457 807 1466 805 1466 802 1466 774 1460 773 1460 772 1460 752 1465 741 1456 741 1456 740 1456 739 1456 673 1465 669 1465 667 1465 641 1455 640 1455 578 1455 577 1455 576 1455 550 1464 548 1464 541 1458 541 1457 540 1457 539 1457 539 1457 476 1463 471 1463 469 1463 413 1453 412 1453 355 1462 351 1462 346 1462 283 1455 282 1455 200 1460 200 1487"/></Shape>
	    <String CONTENT="etiam patet ἄμαχον eſſe, hoc eſt, non debet e¬"
                    HPOS="199.0"
                    VPOS="1453.0"
                    WIDTH="796.0"
                    HEIGHT="66.0"></String>
          </TextLine>
          <TextLine ID="line_30"
                    TAGREFS="LT8"
                    BASELINE="201 1537 999 1544" 
                    HPOS="200.0"
                    VPOS="1503.0"
                    WIDTH="799.0"
                    HEIGHT="72.0">
            <Shape><Polygon POINTS="201 1537 200 1566 229 1561 277 1566 278 1566 305 1561 315 1568 318 1571 319 1571 320 1571 344 1572 345 1572 346 1572 347 1572 351 1569 356 1565 361 1569 366 1572 367 1572 368 1572 369 1573 405 1573 405 1572 406 1572 411 1569 425 1562 469 1562 478 1570 482 1573 483 1573 484 1573 557 1574 558 1574 559 1574 565 1571 577 1564 601 1564 627 1571 638 1574 639 1574 734 1575 735 1575 736 1575 737 1575 740 1572 750 1565 768 1565 779 1571 780 1571 781 1571 782 1571 783 1571 784 1571 792 1566 852 1566 865 1573 868 1575 869 1575 870 1575 871 1575 876 1573 894 1568 997 1574 999 1544 998 1516 950 1516 949 1515 940 1508 939 1508 938 1508 886 1508 885 1508 884 1508 883 1508 875 1513 822 1507 821 1507 820 1507 806 1513 804 1515 776 1515 773 1513 765 1508 764 1508 763 1508 762 1508 707 1512 694 1513 560 1513 554 1510 534 1505 533 1505 532 1505 496 1510 486 1511 476 1510 435 1504 434 1504 406 1510 404 1510 404 1510 391 1503 390 1503 351 1503 350 1503 349 1503 331 1509 324 1510 201 1508 201 1537"/></Shape>
	    <String CONTENT="tiam verbis eſſe pugnax, contentioſus diſpu¬"
                    HPOS="200.0"
                    VPOS="1503.0"
                    WIDTH="799.0"
                    HEIGHT="72.0"
                    WC="0.9854347624562003"></String>
          </TextLine>
        </TextBlock>
        <TextBlock HPOS="883"
                   VPOS="1563"
                   WIDTH="126"
                   HEIGHT="52"
                   ID="block_1"
                   TAGREFS="BT17">
          <Shape><Polygon POINTS="1009 1563 1009 1615 883 1615 883 1563"/></Shape>
          <TextLine ID="line_31"
                    TAGREFS="LT8"
                    BASELINE="883 1591 1001 1593" 
                    HPOS="882.0"
                    VPOS="1559.0"
                    WIDTH="119.0"
                    HEIGHT="71.0">
            <Shape><Polygon POINTS="883 1591 882 1628 914 1629 915 1629 916 1629 917 1629 918 1628 932 1616 960 1616 976 1626 982 1630 983 1630 984 1630 985 1630 986 1630 1000 1625 1001 1593 1001 1567 965 1567 964 1566 956 1560 955 1560 954 1560 953 1560 921 1565 893 1559 892 1559 891 1559 890 1559 883 1563 883 1591"/></Shape>
	    <String CONTENT="tator,"
                    HPOS="882.0"
                    VPOS="1559.0"
                    WIDTH="119.0"
                    HEIGHT="71.0"
                    WC="0.998247891664505"></String>
          </TextLine>
        </TextBlock>
      </PrintSpace>
    </Page>
  </Layout>
</alto>
